노드,Betweenness,소관위원회,Id,Label,Party,Reselection,District_Type,Gender,Role,Importance,Final_Importance
문진석,0.0044986519381121,행정안전위원회,문진석,문진석,더불어민주당,초선,지역구,남,Representative,0.2131284851715763,0.0009587908728840078
서영석,0.0005112703127147,행정안전위원회,서영석,서영석,더불어민주당,초선,지역구,남,Representative,0.1839691144889395,9.405794669460655e-05
송재호,0.0156294292715316,행정안전위원회,송재호,송재호,더불어민주당,초선,지역구,남,Representative,0.3758954363478019,0.005875031135889479
정성호,0.001972591227341,행정안전위원회,정성호,정성호,더불어민주당,4선,지역구,남,Representative,0.4625431982315658,0.0009124086550978358
이정문,0.0006057171299929,행정안전위원회,이정문,이정문,더불어민주당,초선,지역구,남,Representative,0.0848113999966772,5.1371717796667157e-05
허숙정,0.0,행정안전위원회,허숙정,허숙정,더불어민주당,초선,비례대표,여,Representative,1.1015877581031428,0.0
강병원,0.0044209885625826,행정안전위원회,강병원,강병원,더불어민주당,재선,지역구,남,Representative,0.2679228198118838,0.0011844837220432172
임호선,0.0214438391578819,행정안전위원회,임호선,임호선,더불어민주당,초선,지역구,남,Representative,0.1630095698549976,0.0034955509971660824
이동주,0.0050703518899499,행정안전위원회,이동주,이동주,더불어민주당,초선,비례대표,남,Representative,0.2481459493801818,0.001258187283423217
윤재옥,0.0096683205664239,행정안전위원회,윤재옥,윤재옥,국민의힘,3선,지역구,남,Representative,0.5807333195948687,0.0056147158974466935
이양수,0.0041956092884366,행정안전위원회,이양수,이양수,국민의힘,재선,지역구,남,Representative,0.4099103257016184,0.0017198235699397819
이인선,0.0010865455412817,행정안전위원회,이인선,이인선,국민의힘,초선,지역구,여,Representative,0.3231681290160744,0.0003511368896667648
권성동,0.006417251661445,행정안전위원회,권성동,권성동,국민의힘,4선,지역구,남,Representative,0.1650123478378992,0.0010589257633216989
정희용,0.0058644872653728,행정안전위원회,정희용,정희용,국민의힘,초선,지역구,남,Representative,0.1013462246233544,0.0005943436436972731
김웅,0.0004306342706026,행정안전위원회,김웅,김웅,국민의힘,초선,지역구,남,Representative,0.3699621682437175,0.00015931838847218967
전주혜,0.003201061180618,행정안전위원회,전주혜,전주혜,국민의힘,초선,비례대표,여,Representative,0.2622996745628045,0.0008396373059317281
조은희,0.004816060181345,행정안전위원회,조은희,조은희,국민의힘,초선,지역구,여,Representative,0.4971643551550483,0.002394373454446292
전봉민,0.0029709410706416,행정안전위원회,전봉민,전봉민,국민의힘,초선,지역구,남,Representative,0.0399499989170311,0.00011868909255469514
서범수,0.0136770891266104,행정안전위원회,서범수,서범수,국민의힘,초선,지역구,남,Representative,0.2022344335941221,0.00276597837273638
최혜영,0.0040905358288081,행정안전위원회,최혜영,최혜영,더불어민주당,초선,비례대표,여,Representative,0.4555600514410841,0.0018634847125934154
홍성국,0.0024452910579797,행정안전위원회,홍성국,홍성국,더불어민주당,초선,지역구,남,Representative,0.0821632285254589,0.0002009130080080473
주철현,0.0006800916819911,행정안전위원회,주철현,주철현,더불어민주당,초선,지역구,남,Representative,0.1808273551250511,0.00012297918009699795
이병훈,0.0058538427327276,행정안전위원회,이병훈,이병훈,더불어민주당,초선,지역구,남,Representative,0.1790578800414445,0.00104817666981822
박주민,0.0018544491113003,행정안전위원회,박주민,박주민,더불어민주당,재선,지역구,남,Representative,0.7084504412298533,0.0013137852911390068
문정복,0.0004584502701963,행정안전위원회,문정복,문정복,더불어민주당,초선,지역구,여,Representative,0.5768076262279168,0.0002644376120954749
유정주,0.0008911379300397,행정안전위원회,유정주,유정주,더불어민주당,초선,비례대표,여,Representative,0.3402755762534749,0.00030323247266558767
윤재갑,0.0133059931076046,행정안전위원회,윤재갑,윤재갑,더불어민주당,초선,지역구,남,Representative,0.6854440000858673,0.009120513140791476
신영대,0.0014931971078844,행정안전위원회,신영대,신영대,더불어민주당,초선,지역구,남,Representative,0.2397699657028943,0.00035802381934510355
임오경,0.001884243091017,행정안전위원회,임오경,임오경,더불어민주당,초선,지역구,여,Representative,0.0586732885421386,0.00011055473856277157
강준현,0.0035183730337729,행정안전위원회,강준현,강준현,더불어민주당,초선,지역구,남,Representative,0.2442135956139989,0.0008592345292890135
유동수,0.0016673661395896,행정안전위원회,유동수,유동수,더불어민주당,재선,지역구,남,Representative,0.4365284860540641,0.0007278528166128574
홍익표,0.0071072015248726,행정안전위원회,홍익표,홍익표,더불어민주당,3선,지역구,남,Representative,0.165353191622152,0.00117519845563951
이자스민,0.0,행정안전위원회,이자스민,이자스민,정의당,재선,비례대표,여,Representative,1.419097879000165,0.0
양경규,0.0,행정안전위원회,양경규,양경규,정의당,초선,비례대표,남,Representative,1.4186110796220983,0.0
강은미,0.0003185676310181,행정안전위원회,강은미,강은미,정의당,초선,비례대표,여,Representative,1.6918809491792466,0.000538978505944687
심상정,0.0012889769015313,행정안전위원회,심상정,심상정,정의당,4선,지역구,여,Representative,1.7478349658369334,0.002252918898652556
강민정,0.0041669442406043,행정안전위원회,강민정,강민정,열린민주당,초선,비례대표,여,Representative,1.3217456216851513,0.005507640305824891
김민석,0.0039141128304,행정안전위원회,김민석,김민석,더불어민주당,3선,지역구,남,Representative,0.5124972621164758,0.00200597210919497
배진교,0.0005079033061905,행정안전위원회,배진교,배진교,정의당,초선,비례대표,남,Representative,1.622416384309617,0.0008240306456084914
장혜영,0.0017037507664853,행정안전위원회,장혜영,장혜영,정의당,초선,비례대표,여,Representative,1.7094637667725767,0.0029125002029176256
인재근,0.0009710488058034,행정안전위원회,인재근,인재근,더불어민주당,3선,지역구,여,Representative,0.2910042957726254,0.00028257937389366725
도종환,0.0015300178818252,행정안전위원회,도종환,도종환,더불어민주당,3선,지역구,남,Representative,0.2721175456087874,0.00041634471073982916
김영주,0.002937950484652,행정안전위원회,김영주,김영주,더불어민주당,4선,지역구,여,Representative,0.3478961305037666,0.0010221016052220965
하태경,0.0087889116040038,행정안전위원회,하태경,하태경,국민의힘,3선,지역구,남,Representative,0.5914732693738115,0.005198406280657557
한정애,0.0010105817703504,행정안전위원회,한정애,한정애,더불어민주당,3선,지역구,여,Representative,0.200025913945713,0.0002021425422312154
김승수,0.0080178442427079,행정안전위원회,김승수,김승수,국민의힘,초선,지역구,남,Representative,0.1092543380607149,0.0008759842654109656
박대수,0.0019131320333935,행정안전위원회,박대수,박대수,국민의힘,초선,비례대표,남,Representative,0.2414175298978371,0.0004618636098702852
김석기,0.0019719993376496,행정안전위원회,김석기,김석기,국민의힘,재선,지역구,남,Representative,0.2160995399392338,0.00042614814962655236
지성호,0.0015238138496548,행정안전위원회,지성호,지성호,국민의힘,초선,비례대표,남,Representative,0.152368783397105,0.00023218166239556093
김예지,0.0233447644400487,행정안전위원회,김예지,김예지,국민의힘,초선,비례대표,여,Representative,0.5578154035188375,0.013022069196177974
황보승희,0.0027567063032513,행정안전위원회,황보승희,황보승희,국민의힘,초선,지역구,여,Representative,0.2043416232088162,0.0005633098407163457
성일종,0.0014581215506602,행정안전위원회,성일종,성일종,국민의힘,재선,지역구,남,Representative,0.2955294681309887,0.0004309178863369414
최영희,0.0007000548941502,행정안전위원회,최영희,최영희,국민의힘,초선,비례대표,여,Representative,0.1798744661352604,0.00012592200035064347
이주환,0.001823683839746,행정안전위원회,이주환,이주환,국민의힘,초선,지역구,남,Representative,0.0486042879937447,8.863885455655275e-05
정진석,0.000917556344253,행정안전위원회,정진석,정진석,국민의힘,5선,지역구,남,Representative,0.0704006718058257,6.459658305510867e-05
이명수,0.0246629694195126,행정안전위원회,이명수,이명수,국민의힘,4선,지역구,남,Representative,0.4078212172780129,0.010058082210356036
유상범,0.0008565104015751,행정안전위원회,유상범,유상범,국민의힘,초선,지역구,남,Representative,0.3489284768254078,0.000298860869806718
최형두,0.0193798718784747,행정안전위원회,최형두,최형두,국민의힘,초선,지역구,남,Representative,0.2907134521220806,0.005633989455475011
구자근,0.0056160091687077,행정안전위원회,구자근,구자근,국민의힘,초선,지역구,남,Representative,0.0584340346254918,0.0003281660742213451
정동만,0.0005025031510406,행정안전위원회,정동만,정동만,국민의힘,초선,지역구,남,Representative,0.0224883277952201,1.130045557873201e-05
김은희,0.0,행정안전위원회,김은희,김은희,국민의힘,초선,비례대표,여,Representative,0.273079356185924,0.0
태영호,0.003360453565955,행정안전위원회,태영호,태영호,국민의힘,초선,지역구,남,Representative,0.1778687283130429,0.0005977196023314461
주호영,0.0021938693362942,행정안전위원회,주호영,주호영,국민의힘,5선,지역구,남,Representative,0.2385724628270604,0.0005233968106804757
송언석,0.0003087050628295,행정안전위원회,송언석,송언석,국민의힘,재선,지역구,남,Representative,0.1978088158038737,6.106458291096383e-05
박형수,0.0002590075997445,행정안전위원회,박형수,박형수,국민의힘,초선,지역구,남,Representative,0.1289259726016864,3.339280670828796e-05
이헌승,0.001302213652219,행정안전위원회,이헌승,이헌승,국민의힘,3선,지역구,남,Representative,0.1758853015028908,0.0002290402408417194
김영식,0.0011888134229799,행정안전위원회,김영식,김영식,국민의힘,초선,지역구,남,Representative,0.2624749295735833,0.0003120337194727798
임이자,0.0007419431268008,행정안전위원회,임이자,임이자,국민의힘,재선,지역구,여,Representative,0.0338839582899253,2.5139969962015063e-05
정운천,0.005785207120866,행정안전위원회,정운천,정운천,국민의힘,재선,비례대표,남,Representative,0.2095429101918529,0.001212249136168892
김도읍,0.0022722692506659,행정안전위원회,김도읍,김도읍,국민의힘,3선,지역구,남,Representative,0.0057675742475114,1.310548161355267e-05
박진,0.0054909673373455,행정안전위원회,박진,박진,국민의힘,4선,지역구,남,Representative,0.2849925584102457,0.0015648848296171886
장동혁,0.0009595149896814,행정안전위원회,장동혁,장동혁,국민의힘,초선,지역구,남,Representative,0.2751477089855504,0.0002640083511481313
권명호,0.0018619659870727,행정안전위원회,권명호,권명호,국민의힘,초선,지역구,남,Representative,0.101862293500913,0.00018966412586391654
김미애,0.0027074449393695,행정안전위원회,김미애,김미애,국민의힘,초선,지역구,여,Representative,0.1300450243421692,0.0003520897430453894
김근태,0.0,행정안전위원회,김근태,김근태,국민의힘,초선,비례대표,남,Representative,0.6071716548713029,0.0
윤한홍,0.0001851599480798,행정안전위원회,윤한홍,윤한홍,국민의힘,재선,지역구,남,Representative,0.0633220910364272,1.172471508860923e-05
하영제,0.0014527189953989,행정안전위원회,하영제,하영제,국민의힘,초선,지역구,남,Representative,0.1478614433724366,0.00021480112747423742
권영세,0.0082294826091743,행정안전위원회,권영세,권영세,국민의힘,4선,지역구,남,Representative,0.3767193328116696,0.0031002051979133797
박정하,0.0001401137956558,행정안전위원회,박정하,박정하,국민의힘,초선,지역구,남,Representative,0.2937123128515209,4.11531469844704e-05
박성중,0.0003839063384389,행정안전위원회,박성중,박성중,국민의힘,재선,지역구,남,Representative,0.1136597690819902,4.3634705776077754e-05
이원욱,0.0020357106232548,행정안전위원회,이원욱,이원욱,더불어민주당,3선,지역구,남,Representative,0.2087926901604398,0.0004250414974175552
김철민,0.0019195059177419,행정안전위원회,김철민,김철민,더불어민주당,재선,지역구,남,Representative,0.1469147406376817,0.0002820037140575464
윤미향,0.0026034780295592,행정안전위원회,윤미향,윤미향,더불어민주당,초선,비례대표,여,Representative,1.0539381495296805,0.0027439048168148017
김종민,0.0017485422991322,행정안전위원회,김종민,김종민,더불어민주당,재선,지역구,남,Representative,0.6226025996525496,0.0010886469810421537
양향자,0.0124865408493158,행정안전위원회,양향자,양향자,더불어민주당,초선,지역구,여,Representative,0.9193887826618028,0.011479985591109328
조응천,0.0030414426286294,행정안전위원회,조응천,조응천,더불어민주당,재선,지역구,남,Representative,0.254488173419614,0.0007740111791204454
오영환,0.0321565075395614,행정안전위원회,오영환,오영환,더불어민주당,초선,지역구,남,Representative,0.2639159163033288,0.008486614152418248
양정숙,0.0176897711409409,행정안전위원회,양정숙,양정숙,국민의힘,초선,비례대표,여,Representative,0.754948281969812,0.013354862331292494
김교흥,0.0038626914955965,행정안전위원회,김교흥,김교흥,더불어민주당,재선,지역구,남,Representative,0.1927891344584833,0.0007446849501161936
이성만,0.0044447032163347,행정안전위원회,이성만,이성만,더불어민주당,초선,지역구,남,Representative,0.2194435071327558,0.0009753612619567263
정일영,0.0036545570028747,행정안전위원회,정일영,정일영,더불어민주당,초선,지역구,남,Representative,0.1776389564691861,0.0006491916923478181
허종식,0.0043492659866045,행정안전위원회,허종식,허종식,더불어민주당,초선,지역구,남,Representative,0.5071840623526072,0.00220587839133809
박찬대,0.0003607206807291,행정안전위원회,박찬대,박찬대,더불어민주당,재선,지역구,남,Representative,0.2786489795755955,0.00010051444959697789
신동근,0.0010581057578188,행정안전위원회,신동근,신동근,더불어민주당,재선,지역구,남,Representative,0.1433568328564554,0.0001516866902680828
윤상현,0.0056004597301661,행정안전위원회,윤상현,윤상현,국민의힘,4선,지역구,남,Representative,0.6145800382735443,0.0034419307553149254
이채익,0.0096509782772294,행정안전위원회,이채익,이채익,국민의힘,3선,지역구,남,Representative,0.305886901391201,0.0029521078406154924
최춘식,0.0054201538686091,행정안전위원회,최춘식,최춘식,국민의힘,초선,지역구,남,Representative,0.185261782253888,0.0010041473657888278
백종헌,0.0006839886415931,행정안전위원회,백종헌,백종헌,국민의힘,초선,지역구,남,Representative,0.1748090064444665,0.00011956737485619012
김성원,0.0092001178194354,행정안전위원회,김성원,김성원,국민의힘,재선,지역구,남,Representative,0.0969967354280285,0.0008923813940384661
송석준,0.0033306064785999,행정안전위원회,송석준,송석준,국민의힘,재선,지역구,남,Representative,0.2718885877183796,0.0009055538917122122
서병수,0.002880299699122,행정안전위원회,서병수,서병수,국민의힘,5선,지역구,남,Representative,0.3254004320021045,0.0009372507663898304
김희곤,0.0006225947818553,행정안전위원회,김희곤,김희곤,국민의힘,초선,지역구,남,Representative,0.172954273871935,0.00010768042841223917
박덕흠,0.0046767484597054,행정안전위원회,박덕흠,박덕흠,국민의힘,3선,지역구,남,Representative,0.2317213323874486,0.0010837023843238832
진선미,0.0006885905934898,행정안전위원회,진선미,진선미,더불어민주당,3선,지역구,여,Representative,0.0766752551488706,5.279785944894265e-05
이학영,0.0004702678303016,행정안전위원회,이학영,이학영,더불어민주당,3선,지역구,남,Representative,0.0560092720869861,2.633935886111892e-05
최기상,0.0013967399658124,행정안전위원회,최기상,최기상,더불어민주당,초선,지역구,남,Representative,0.2058827885501175,0.0002875647190408527
이해식,0.0121490725611957,행정안전위원회,이해식,이해식,더불어민주당,초선,지역구,남,Representative,0.2639597631121719,0.0032068663152858045
정태호,0.0006203309820515,행정안전위원회,정태호,정태호,더불어민주당,초선,지역구,남,Representative,0.2629825046404378,0.00016313619536596595
김주영,0.0026858291378611,행정안전위원회,김주영,김주영,더불어민주당,초선,지역구,남,Representative,0.3630556068353552,0.0009751053275022406
김용판,0.0206791744953548,행정안전위원회,김용판,김용판,국민의힘,초선,지역구,남,Representative,0.0784323016946945,0.0016219152528168998
조수진,0.0004980383423004,행정안전위원회,조수진,조수진,국민의힘,초선,비례대표,여,Representative,0.1152574433846105,5.740262604105361e-05
최재형,0.0,행정안전위원회,최재형,최재형,국민의힘,초선,지역구,남,Representative,0.291581396883635,0.0
박병석,8.83609346567663e-05,행정안전위원회,박병석,박병석,더불어민주당,6선,지역구,남,Representative,0.2274246766438502,2.0095456992263452e-05
김홍걸,0.0050362917275732,행정안전위원회,김홍걸,김홍걸,더불어민주당,초선,비례대표,남,Representative,0.5197862075653299,0.002617794977267917
홍정민,0.00288337105909,행정안전위원회,홍정민,홍정민,더불어민주당,초선,지역구,여,Representative,0.1978012226072815,0.0005703343207184541
김상희,0.0009710727298049,행정안전위원회,김상희,김상희,더불어민주당,4선,지역구,여,Representative,0.5592599599039866,0.0005430820959345431
김영배,0.0149464288717649,행정안전위원회,김영배,김영배,더불어민주당,초선,지역구,남,Representative,0.3173975912495803,0.004743960521681361
이원택,0.0023935999781879,행정안전위원회,이원택,이원택,더불어민주당,초선,지역구,남,Representative,0.2716912161873271,0.0006503200891398303
한병도,0.008281123589841,행정안전위원회,한병도,한병도,더불어민주당,재선,지역구,남,Representative,0.4404702338128733,0.0036475884438505663
송갑석,0.0022338125173876,행정안전위원회,송갑석,송갑석,더불어민주당,재선,지역구,남,Representative,0.0670810059002477,0.00014984639065892475
이형석,0.0050500568831321,행정안전위원회,이형석,이형석,더불어민주당,초선,지역구,남,Representative,0.1083558993299242,0.0005472034552390526
신정훈,0.0027767730904986,행정안전위원회,신정훈,신정훈,더불어민주당,재선,지역구,남,Representative,0.1277927153232575,0.00035485137307136953
조오섭,0.0029116576763281,행정안전위원회,조오섭,조오섭,더불어민주당,초선,지역구,남,Representative,0.3537241914215748,0.0010299237572555786
소병철,0.0031209620376967,행정안전위원회,소병철,소병철,더불어민주당,초선,지역구,남,Representative,0.1921494526414231,0.0005996911472580814
김회재,0.0044974178800866,행정안전위원회,김회재,김회재,더불어민주당,초선,지역구,남,Representative,0.2705052594012662,0.0012165751902887185
민형배,0.0052029067783422,행정안전위원회,민형배,민형배,더불어민주당,초선,지역구,남,Representative,0.5990186631316904,0.003116638262761355
강훈식,0.0024615542012619,행정안전위원회,강훈식,강훈식,더불어민주당,재선,지역구,남,Representative,0.2333552597959055,0.0005744166201371733
김승남,0.0063203664694323,행정안전위원회,김승남,김승남,더불어민주당,재선,지역구,남,Representative,0.2124111150114147,0.0013425160890528733
이개호,0.0013923428698556,행정안전위원회,이개호,이개호,더불어민주당,3선,지역구,남,Representative,0.1131561090092011,0.00015755210155956418
이용빈,0.0043268393886807,행정안전위원회,이용빈,이용빈,더불어민주당,초선,지역구,남,Representative,0.4600032901867735,0.0019903603549028498
서동용,0.0012734292288107,행정안전위원회,서동용,서동용,더불어민주당,초선,지역구,남,Representative,0.3156377014497687,0.0004019422747407609
윤영덕,0.0024618773926654,행정안전위원회,윤영덕,윤영덕,더불어민주당,초선,지역구,남,Representative,0.5936797322448536,0.001461566711297253
송기헌,0.0023564862525301,행정안전위원회,송기헌,송기헌,더불어민주당,재선,지역구,남,Representative,0.3097590421845094,0.0007299429245046878
정점식,0.00122734811818,행정안전위원회,정점식,정점식,국민의힘,재선,지역구,남,Representative,0.1256501314629642,0.00015421645240013872
윤창현,0.0017689279621631,행정안전위원회,윤창현,윤창현,국민의힘,초선,비례대표,남,Representative,0.1659560286241812,0.00029356425952285396
조정훈,0.012171298309261,행정안전위원회,조정훈,조정훈,시대전환,초선,비례대표,남,Representative,1.7768837528753738,0.021626982217125376
용혜인,0.0053082828122797,행정안전위원회,용혜인,용혜인,기본소득당,초선,비례대표,여,Representative,1.5260787063967094,0.008100857367351692
서삼석,0.005792195540373,행정안전위원회,서삼석,서삼석,더불어민주당,재선,지역구,남,Representative,0.2012082502190047,0.0011654375296047737
유경준,0.0039813842349981,행정안전위원회,유경준,유경준,국민의힘,초선,지역구,남,Representative,0.1969803900983735,0.0007842546197414401
김형동,0.0125246855295955,행정안전위원회,김형동,김형동,국민의힘,초선,지역구,남,Representative,0.2200235295412783,0.002755725516616176
전재수,0.0028315776488487,행정안전위원회,전재수,전재수,더불어민주당,재선,지역구,남,Representative,0.1512554413902672,0.00042829152710742517
이상헌,0.0074323745627434,행정안전위원회,이상헌,이상헌,더불어민주당,재선,지역구,남,Representative,0.6637862515737748,0.004933508051295715
고민정,0.0004391794566973,행정안전위원회,고민정,고민정,더불어민주당,초선,지역구,여,Representative,0.3526006355299543,0.000154854955543168
남인순,0.0181946435164857,행정안전위원회,남인순,남인순,더불어민주당,3선,지역구,여,Representative,0.5088905772697233,0.009259082642321236
이장섭,0.0033246708894632,행정안전위원회,이장섭,이장섭,더불어민주당,초선,지역구,남,Representative,0.2854497963072183,0.0009490266281858088
박성민,0.0066813617019378,행정안전위원회,박성민,박성민,국민의힘,초선,지역구,남,Representative,0.1920963982054519,0.0012834655180500995
김기현,0.007108328377738,행정안전위원회,김기현,김기현,국민의힘,4선,지역구,남,Representative,0.3033064478180708,0.0021560018301761026
김정재,0.0016429082903434,행정안전위원회,김정재,김정재,국민의힘,재선,지역구,여,Representative,0.2574250589731167,0.00042292576352907205
우신구,7.25418767584495e-06,행정안전위원회,우신구,우신구,국민의힘,초선,비례대표,남,Representative,-0.0,-0.0
정경희,0.0021264662545396,행정안전위원회,정경희,정경희,국민의힘,초선,비례대표,여,Representative,0.3356632617736524,0.000713776599050364
이용,0.0015730736290247,행정안전위원회,이용,이용,국민의힘,초선,비례대표,남,Representative,0.0598766122576743,9.419031973788456e-05
윤주경,0.0008181711239449,행정안전위원회,윤주경,윤주경,국민의힘,초선,비례대표,여,Representative,0.4248222909210703,0.0003475773312397394
이종성,0.0031887833021001,행정안전위원회,이종성,이종성,국민의힘,초선,비례대표,남,Representative,0.2162605302271925,0.0006896079676917854
최승재,0.0036413188859802,행정안전위원회,최승재,최승재,국민의힘,초선,비례대표,남,Representative,0.4362396164165481,0.0015884875540703347
이상민,0.002074395902193,행정안전위원회,이상민,이상민,더불어민주당,5선,지역구,남,Representative,0.6797803799490477,0.0014101336345575053
박대출,0.0018371518490412,행정안전위원회,박대출,박대출,국민의힘,3선,지역구,남,Representative,0.1127161477762168,0.00020707667930387785
신현영,0.0010042825833642,행정안전위원회,신현영,신현영,더불어민주당,초선,비례대표,여,Representative,0.3325126093005273,0.0003339366222695045
이소영,0.0012422964481261,행정안전위원회,이소영,이소영,더불어민주당,초선,지역구,여,Representative,0.3137302400903705,0.0003897459629340158
위성곤,0.0047581770145299,행정안전위원회,위성곤,위성곤,더불어민주당,재선,지역구,남,Representative,0.4979833092497824,0.0023694927356918494
이용선,0.0015793047073561,행정안전위원회,이용선,이용선,더불어민주당,초선,지역구,남,Representative,0.5128505108380027,0.0008099472259364383
안병길,0.0009544043586224,행정안전위원회,안병길,안병길,국민의힘,초선,지역구,남,Representative,0.0420092157277911,4.0093778592912504e-05
박수영,0.0029800235382174,행정안전위원회,박수영,박수영,국민의힘,초선,지역구,남,Representative,0.3130251150523512,0.0009328222109092163
장제원,0.0006096978342879,행정안전위원회,장제원,장제원,국민의힘,3선,지역구,남,Representative,0.0909064879091423,5.5425488800923225e-05
조경태,0.0032898899757329,행정안전위원회,조경태,조경태,국민의힘,5선,지역구,남,Representative,0.3722224896824415,0.001224571037548607
박재호,0.0058073553578791,행정안전위원회,박재호,박재호,더불어민주당,재선,지역구,남,Representative,0.2619622171748344,0.001521307685472163
최인호,0.0012261965729151,행정안전위원회,최인호,최인호,더불어민주당,재선,지역구,남,Representative,0.1711937203769239,0.00020991715323077
엄태영,0.0050942707122572,행정안전위원회,엄태영,엄태영,국민의힘,초선,지역구,남,Representative,0.2112428656135919,0.0010761283434686049
홍문표,0.00986055895816,행정안전위원회,홍문표,홍문표,국민의힘,4선,지역구,남,Representative,0.5476629473060372,0.0054002627811108525
한무경,0.0012106747664361,행정안전위원회,한무경,한무경,국민의힘,초선,비례대표,여,Representative,0.1040419536269268,0.00012596096790683516
노용호,0.0008126423122472,행정안전위원회,노용호,노용호,국민의힘,초선,비례대표,남,Representative,0.1923972318813689,0.00015635013138603633
김태호,0.0010391658445636,행정안전위원회,김태호,김태호,국민의힘,3선,지역구,남,Representative,0.2550454797747435,0.0002650345513922499
안철수,0.0005576664816695,행정안전위원회,안철수,안철수,국민의힘,3선,지역구,남,Representative,0.4836184997568817,0.00026969782722970217
서정숙,0.0005410603752743,행정안전위원회,서정숙,서정숙,국민의힘,초선,비례대표,여,Representative,0.3409787953353209,0.00018449011496470745
최종윤,0.0016203117517508,행정안전위원회,최종윤,최종윤,더불어민주당,초선,지역구,남,Representative,0.1716391861609539,0.0002781089903975369
허영,0.0503773325796304,행정안전위원회,허영,허영,더불어민주당,초선,지역구,남,Representative,0.2272084723983615,0.011446156778922032
박광온,0.0010102581608528,행정안전위원회,박광온,박광온,더불어민주당,3선,지역구,남,Representative,0.0636172526258988,6.42698486363485e-05
기동민,0.0008427463194407,행정안전위원회,기동민,기동민,더불어민주당,재선,지역구,남,Representative,0.4426922620576195,0.00037307727449393673
고영인,0.000702857993889,행정안전위원회,고영인,고영인,더불어민주당,초선,지역구,남,Representative,0.3272823183515555,0.00023003299371191535
안호영,0.0009118488325796,행정안전위원회,안호영,안호영,더불어민주당,재선,지역구,남,Representative,0.5118923685595783,0.00046676845867745783
윤준병,0.0066789385543144,행정안전위원회,윤준병,윤준병,더불어민주당,초선,지역구,남,Representative,0.4344183278979442,0.0029014533188983743
어기구,0.0008079802273466,행정안전위원회,어기구,어기구,더불어민주당,재선,지역구,남,Representative,0.1048322749382438,8.470240533786351e-05
김윤덕,0.0011823877129126,행정안전위원회,김윤덕,김윤덕,더불어민주당,재선,지역구,남,Representative,0.2869485044660441,0.00033928438591929687
김정호,0.0037487538568564,행정안전위원회,김정호,김정호,더불어민주당,재선,지역구,남,Representative,0.2475581055450652,0.0009280344029581269
이달곤,0.0002016483078834,행정안전위원회,이달곤,이달곤,국민의힘,재선,지역구,남,Representative,0.1697317502202084,3.4226120225992926e-05
강대식,0.0033842424539087,행정안전위원회,강대식,강대식,국민의힘,초선,지역구,남,Representative,0.1076879275224922,0.00036444205609506125
민병덕,0.0062187878311364,행정안전위원회,민병덕,민병덕,더불어민주당,초선,지역구,남,Representative,0.534492412029025,0.0033238949077608435
이은주,0.0058585725657617,행정안전위원회,이은주,이은주,정의당,초선,비례대표,여,Representative,1.7394356928672845,0.010190610230138968
강성희,8.59547013520223e-05,행정안전위원회,강성희,강성희,진보당,초선,지역구,남,Representative,1.777874656814911,0.0001528166851678548
강기윤,0.0028427883458581,행정안전위원회,강기윤,강기윤,국민의힘,재선,지역구,남,Representative,0.1051953896862757,0.000299048227838146
서일준,0.0061127158345608,행정안전위원회,서일준,서일준,국민의힘,초선,지역구,남,Representative,0.0727597785364597,0.0004447598503789542
박정,0.0021421610128399,행정안전위원회,박정,박정,더불어민주당,재선,지역구,남,Representative,0.1086038378087208,0.0002326469071986296
전혜숙,0.002832106063111,행정안전위원회,전혜숙,전혜숙,더불어민주당,3선,지역구,여,Representative,0.3487897833092866,0.0009878096600614025
한준호,0.0040417248672274,행정안전위원회,한준호,한준호,더불어민주당,초선,지역구,남,Representative,0.1454541395520071,0.0005878856128685116
노웅래,0.0046925783288986,행정안전위원회,노웅래,노웅래,더불어민주당,4선,지역구,남,Representative,0.2613156957741633,0.0012262443709908982
김병기,0.0019977522138221,행정안전위원회,김병기,김병기,더불어민주당,재선,지역구,남,Representative,0.1108729186430819,0.00022149661867213445
김영진,0.0006867518775553,행정안전위원회,김영진,김영진,더불어민주당,재선,지역구,남,Representative,0.0792247561405531,5.440775002838563e-05
양기대,0.0036689350957584,행정안전위원회,양기대,양기대,더불어민주당,초선,지역구,남,Representative,0.2301185334449006,0.000844289963540449
김경협,0.0014307661983611,행정안전위원회,김경협,김경협,더불어민주당,3선,지역구,남,Representative,0.3651315668203744,0.000522417903761219
윤후덕,0.00030430159239,행정안전위원회,윤후덕,윤후덕,더불어민주당,3선,지역구,남,Representative,0.1665258272005472,5.067407439118849e-05
천준호,0.0014453862827201,행정안전위원회,천준호,천준호,더불어민주당,초선,지역구,남,Representative,0.3993355059681581,0.0005771940625294664
김학용,0.0074798677689086,행정안전위원회,김학용,김학용,국민의힘,4선,지역구,남,Representative,0.2414249164893882,0.0018058264514604254
정우택,0.0106511275426812,행정안전위원회,정우택,정우택,국민의힘,5선,지역구,남,Representative,0.1586300083990965,0.0016895884515553668
강득구,0.0039257929959869,행정안전위원회,강득구,강득구,더불어민주당,초선,지역구,남,Representative,0.5445023530105706,0.0021376035237472843
김성주,0.0007249517207763,행정안전위원회,김성주,김성주,더불어민주당,재선,지역구,남,Representative,0.3218992730272499,0.00023336143189774485
김성환,0.0001460728107738,행정안전위원회,김성환,김성환,더불어민주당,재선,지역구,남,Representative,0.2337158540241251,3.413953171970309e-05
김한규,0.0002560327992486,행정안전위원회,김한규,김한규,더불어민주당,초선,지역구,남,Representative,0.4606560544107763,0.00011794305910160643
서영교,0.0187420849383559,행정안전위원회,서영교,서영교,더불어민주당,3선,지역구,여,Representative,0.4396629254011983,0.008240199892115291
안규백,0.0024708855117374,행정안전위원회,안규백,안규백,더불어민주당,4선,지역구,남,Representative,0.3809557196948137,0.0009412979684074093
황운하,0.0028807460579698,행정안전위원회,황운하,황운하,더불어민주당,초선,지역구,남,Representative,0.5488281734063343,0.0015810345970430633
강민국,0.0002005150347625,행정안전위원회,강민국,강민국,국민의힘,초선,지역구,남,Representative,0.153084768117913,3.0695797600772575e-05
홍석준,0.0003448677965467,행정안전위원회,홍석준,홍석준,국민의힘,초선,지역구,남,Representative,0.1047310895160982,3.6118380071351984e-05
김민기,0.0023222218685399,행정안전위원회,김민기,김민기,더불어민주당,3선,지역구,남,Representative,0.1116766109823257,0.0002593378682275799
정춘숙,0.0019909306648033,행정안전위원회,정춘숙,정춘숙,더불어민주당,재선,지역구,여,Representative,0.1638501850633351,0.0003262143578762895
백혜련,0.003292199071767,행정안전위원회,백혜련,백혜련,더불어민주당,재선,지역구,여,Representative,0.262002066035241,0.0008625629586022567
권인숙,0.0017356957291008,행정안전위원회,권인숙,권인숙,더불어민주당,초선,비례대표,여,Representative,0.7127107829573963,0.00123704906206324
이탄희,0.0020187841173646,행정안전위원회,이탄희,이탄희,더불어민주당,초선,지역구,남,Representative,0.6201423822658652,0.001251933591822975
권은희,0.0013883542154975,행정안전위원회,권은희,권은희,국민의당,3선,비례대표,여,Representative,1.4757029872866645,0.002048798463221694
류성걸,0.0005754788565895,행정안전위원회,류성걸,류성걸,국민의힘,재선,지역구,남,Representative,0.0750174025505985,4.317092904413266e-05
조명희,0.0021505154160514,행정안전위원회,조명희,조명희,국민의힘,초선,비례대표,여,Representative,0.2553086924045825,0.0005490452788679796
양경숙,0.0026838265647782,행정안전위원회,양경숙,양경숙,더불어민주당,초선,비례대표,여,Representative,0.3342609954913604,0.0008970985392689193
임병헌,0.0002007867377298,행정안전위원회,임병헌,임병헌,국민의힘,초선,지역구,남,Representative,0.2574402072023462,5.169057936464286e-05
한기호,0.0064972924741133,행정안전위원회,한기호,한기호,국민의힘,3선,지역구,남,Representative,0.3139152323587058,0.002039599076713747
우원식,0.0015596936615215,행정안전위원회,우원식,우원식,더불어민주당,4선,지역구,남,Representative,0.3474908272016026,0.0005419792406232024
이종배,0.0024359120714299,행정안전위원회,이종배,이종배,국민의힘,3선,지역구,남,Representative,0.121959560331773,0.00029708276523844905
설훈,0.0021573269254154,행정안전위원회,설훈,설훈,더불어민주당,5선,지역구,남,Representative,0.3265334931650108,0.0007044394968548232
권칠승,0.0013312004751122,행정안전위원회,권칠승,권칠승,더불어민주당,재선,지역구,남,Representative,0.1859285040914948,0.0002475081129834985
임종성,0.0029569343905374,행정안전위원회,임종성,임종성,더불어민주당,재선,지역구,남,Representative,0.2168072376798863,0.0006410847772130719
김영선,0.0007658639397879,행정안전위원회,김영선,김영선,국민의힘,5선,,여,Representative,0.2168412076010161,0.00016607086156168014
최연숙,0.0032867077096208,행정안전위원회,최연숙,최연숙,국민의당,초선,비례대표,여,Representative,1.4543314865112702,0.00477996250906087
이만희,0.0033040979081725,행정안전위원회,이만희,이만희,국민의힘,재선,지역구,남,Representative,0.1771920077790279,0.0005854597422475714
유의동,0.0005973473086991,행정안전위원회,유의동,유의동,국민의힘,3선,지역구,남,Representative,0.5050232279002433,0.00030167426601674264
이용호,0.0198007718376375,행정안전위원회,이용호,이용호,국민의힘,재선,지역구,남,Representative,1.225607615821687,0.0242679767633561
양금희,0.0120498002075768,행정안전위원회,양금희,양금희,국민의힘,초선,지역구,여,Representative,0.1636013212186727,0.001971363234380601
조해진,0.0008595794766754,행정안전위원회,조해진,조해진,국민의힘,3선,지역구,남,Representative,0.3349213368474088,0.000287891507454721
김상훈,0.0021057336531401,행정안전위원회,김상훈,김상훈,국민의힘,3선,지역구,남,Representative,0.1882659368916839,0.00039643791905276903
이태규,0.003285373258086,행정안전위원회,이태규,이태규,국민의당,재선,비례대표,남,Representative,0.7108411718546286,0.0023353785767577114
소병훈,0.0031047382729543,행정안전위원회,소병훈,소병훈,더불어민주당,재선,지역구,남,Representative,0.4495375269510719,0.001395696365054218
박상혁,0.0084989501076806,행정안전위원회,박상혁,박상혁,더불어민주당,초선,지역구,남,Representative,0.1910820455968065,0.001623996772000808
이인영,0.0005695896258238,행정안전위원회,이인영,이인영,더불어민주당,4선,지역구,남,Representative,0.2800294833760527,0.0001595018886557979
홍영표,0.0030778016642907,행정안전위원회,홍영표,홍영표,더불어민주당,4선,지역구,남,Representative,0.2094480075912773,0.0006446394263468045
박용진,0.0004560354666559,행정안전위원회,박용진,박용진,더불어민주당,재선,지역구,남,Representative,0.7438287273758981,0.0003392122808009319
전용기,0.0023165451609267,행정안전위원회,전용기,전용기,더불어민주당,초선,비례대표,남,Representative,0.1508910607377874,0.0003495459565792182
김경만,0.0035976889438468,행정안전위원회,김경만,김경만,더불어민주당,초선,비례대표,남,Representative,0.2607821776703825,0.000938213157357027
고용진,0.0,행정안전위원회,고용진,고용진,더불어민주당,재선,지역구,남,Representative,0.2115658202772826,0.0
김용민,0.0008804654715743,행정안전위원회,김용민,김용민,더불어민주당,초선,지역구,남,Representative,0.5183906276468344,0.0004564250484307674
배준영,0.0039141807745247,행정안전위원회,배준영,배준영,국민의힘,초선,지역구,남,Representative,0.4029858723602732,0.0015773595539976461
이용우,0.0006908246338535,행정안전위원회,이용우,이용우,더불어민주당,초선,지역구,남,Representative,0.231626157115504,0.0001600130551802113
김원이,0.0011208527648095,행정안전위원회,김원이,김원이,더불어민주당,초선,지역구,남,Representative,0.2360613447578642,0.0002645900109365006
송옥주,0.001344218581351,행정안전위원회,송옥주,송옥주,더불어민주당,재선,지역구,여,Representative,0.2621477343853833,0.0003523838556198987
윤영찬,0.0008745762273744,행정안전위원회,윤영찬,윤영찬,더불어민주당,초선,지역구,남,Representative,0.1950263668759664,0.00017056542418091833
장철민,0.0003849703111294,행정안전위원회,장철민,장철민,더불어민주당,초선,지역구,남,Representative,0.1714224222163959,6.59925432152013e-05
박영순,0.0021565869061169,행정안전위원회,박영순,박영순,더불어민주당,초선,지역구,남,Representative,0.3793634271542586,0.0008181301996605065
윤두현,0.0018025679010076,행정안전위원회,윤두현,윤두현,국민의힘,초선,지역구,남,Representative,0.2056082379737857,0.000370622809954278
윤영석,0.000674403021172,행정안전위원회,윤영석,윤영석,국민의힘,3선,지역구,남,Representative,0.194206349704839,0.00013097334897172936
장경태,0.0035147281493546,행정안전위원회,장경태,장경태,더불어민주당,초선,지역구,남,Representative,0.403738270388732,0.0014190302639070151
김희국,0.0,행정안전위원회,김희국,김희국,국민의힘,재선,지역구,남,Representative,0.0800803641309325,0.0
양이원영,0.0003930334259147,행정안전위원회,양이원영,양이원영,더불어민주당,초선,비례대표,여,Representative,0.538619431256871,0.00021169544033111524
김수흥,0.0013950454129158,행정안전위원회,김수흥,김수흥,더불어민주당,초선,지역구,남,Representative,0.5088102660790913,0.0007098134277381039
박홍근,0.0020291180738908,행정안전위원회,박홍근,박홍근,더불어민주당,3선,지역구,남,Representative,0.2914629024230286,0.0005914126431752379
진성준,0.000732836805519,행정안전위원회,진성준,진성준,더불어민주당,재선,지역구,남,Representative,0.137191834935949,0.0001005392260577508
정청래,0.0031105202729442,행정안전위원회,정청래,정청래,더불어민주당,3선,지역구,남,Representative,0.0751206976802892,0.0002336644530522519
강선우,0.0009601190504749,행정안전위원회,강선우,강선우,더불어민주당,초선,지역구,여,Representative,0.2216826678477753,0.00021284175256074865
변재일,0.001994003906562,행정안전위원회,변재일,변재일,더불어민주당,5선,지역구,남,Representative,0.3557301750687391,0.00070932735876905
유기홍,0.0025102194448718,행정안전위원회,유기홍,유기홍,더불어민주당,3선,지역구,남,Representative,0.533695852611625,0.0013396937068731354
정필모,0.0,행정안전위원회,정필모,정필모,더불어민주당,초선,비례대표,남,Representative,0.1873329443348586,0.0
조승래,0.0045050941510152,행정안전위원회,조승래,조승래,더불어민주당,재선,지역구,남,Representative,0.2359910708975734,0.0010631619931924712
김민철,0.0243210863637309,행정안전위원회,김민철,김민철,더불어민주당,초선,지역구,남,Representative,0.2612442298812484,0.006353743476968211
황희,9.71356412184938e-05,행정안전위원회,황희,황희,더불어민주당,재선,지역구,남,Representative,0.2589890766385589,2.5157070027872054e-05
전해철,0.0,행정안전위원회,전해철,전해철,더불어민주당,3선,지역구,남,Representative,0.111134388568907,0.0
김태년,0.0001717501405195,행정안전위원회,김태년,김태년,더불어민주당,4선,지역구,남,Representative,0.0302627005970719,5.197623080046655e-06
조정식,0.0004010599635641,행정안전위원회,조정식,조정식,더불어민주당,5선,지역구,남,Representative,0.0982721838798874,3.9413038486232176e-05
김두관,0.0130458578308257,행정안전위원회,김두관,김두관,더불어민주당,재선,지역구,남,Representative,0.7087657792985883,0.009246457592083767
김영호,0.0060832889270221,행정안전위원회,김영호,김영호,더불어민주당,재선,지역구,남,Representative,0.4161281665252168,0.0025314278676448598
민홍철,0.0016743195947378,행정안전위원회,민홍철,민홍철,더불어민주당,3선,지역구,남,Representative,0.2010526097454781,0.00033662632407002594
김의겸,0.001312580136146,행정안전위원회,김의겸,김의겸,열린민주당,초선,비례대표,남,Representative,0.8380800716465495,0.0011000472545430774
김병주,0.0006298368135468,행정안전위원회,김병주,김병주,더불어민주당,초선,비례대표,남,Representative,0.2434625119610639,0.00015334165275165615
박성준,0.0025440165215462,행정안전위원회,박성준,박성준,더불어민주당,초선,지역구,남,Representative,0.2002255367463627,0.0005093770735182025
박범계,0.0002074563805289,행정안전위원회,박범계,박범계,더불어민주당,3선,지역구,남,Representative,0.3504014522294029,7.269301701158218e-05
김남국,0.0014911266258913,행정안전위원회,김남국,김남국,더불어민주당,초선,지역구,남,Representative,0.4903679722415279,0.0007312007398936681
안민석,0.0006444117360954,행정안전위원회,안민석,안민석,더불어민주당,5선,지역구,남,Representative,0.3441477269487697,0.0002217728341963424
류호정,0.0020565644402942,행정안전위원회,류호정,류호정,정의당,초선,비례대표,여,Representative,1.9138526831392957,0.003935961372105918
윤건영,0.0018102219713327,행정안전위원회,윤건영,윤건영,더불어민주당,초선,지역구,남,Representative,0.2535746445358753,0.0004590263929117208
윤호중,0.0005409877382402,행정안전위원회,윤호중,윤호중,더불어민주당,4선,지역구,남,Representative,0.1128950186454341,6.10748207955786e-05
최강욱,0.0007141126474804,행정안전위원회,최강욱,최강욱,열린민주당,초선,비례대표,남,Representative,0.7842536920804917,0.0005600454803478782
맹성규,0.0021923559481003,행정안전위원회,맹성규,맹성규,더불어민주당,재선,지역구,남,Representative,0.3423921953477248,0.0007506455660537043
허은아,0.0005752778138063,행정안전위원회,허은아,허은아,국민의힘,초선,비례대표,여,Representative,0.290583414125627,0.0001671661912065614
우상호,7.708063703980314e-05,행정안전위원회,우상호,우상호,더불어민주당,4선,지역구,남,Representative,0.354889315495192,2.7355094516989075e-05
홍기원,0.0022944837698665,행정안전위원회,홍기원,홍기원,더불어민주당,초선,지역구,남,Representative,0.1984078664960204,0.0004552436294889581
이철규,0.0005549516862138,행정안전위원회,이철규,이철규,국민의힘,재선,지역구,남,Representative,0.1840560451181021,0.00010214221259613401
신원식,0.0006555789219297,행정안전위원회,신원식,신원식,국민의힘,초선,비례대표,남,Representative,0.188354618593185,0.00012348131779780006
윤관석,0.0006330384079907,행정안전위원회,윤관석,윤관석,더불어민주당,3선,지역구,남,Representative,0.0726470802193504,4.598839200723025e-05
이재명,3.4297773560912943e-06,행정안전위원회,이재명,이재명,더불어민주당,초선,지역구,남,Representative,0.2018808153311869,6.92406249052153e-07
박완주,0.0031752283097655,행정안전위원회,박완주,박완주,더불어민주당,3선,지역구,남,Representative,0.3781620068650885,0.0012007507098757645
김한정,0.0001812092148402,행정안전위원회,김한정,김한정,더불어민주당,재선,지역구,남,Representative,0.3115396476231169,5.64538549373776e-05
오기형,9.571458156154636e-05,행정안전위원회,오기형,오기형,더불어민주당,초선,지역구,남,Representative,0.3978628324702754,3.808127452878403e-05
이재정,0.0003352803684444,행정안전위원회,이재정,이재정,더불어민주당,재선,지역구,여,Representative,0.2573809498745986,8.629477970452506e-05
김선교,0.0014698455450641,행정안전위원회,김선교,김선교,국민의힘,초선,지역구,남,Representative,0.1700647696450778,0.00024996894403517
배현진,0.000247556185322,행정안전위원회,배현진,배현진,국민의힘,초선,지역구,여,Representative,0.0729943402727777,1.8070200428024883e-05
정찬민,0.0017778967372107,행정안전위원회,정찬민,정찬민,국민의힘,초선,지역구,남,Representative,0.4442721508323407,0.0007898700073983984
추경호,0.0023952928508811,행정안전위원회,추경호,추경호,국민의힘,재선,지역구,남,Representative,0.0731143995543978,0.00017513039854911335
김진표,0.0008250774192221,행정안전위원회,김진표,김진표,더불어민주당,5선,지역구,남,Representative,0.4172834774907449,0.00034429117469208706
이광재,0.0,행정안전위원회,이광재,이광재,더불어민주당,3선,지역구,남,Representative,0.2037976967403526,0.0
조태용,0.0002295288462772,행정안전위원회,조태용,조태용,국민의힘,초선,비례대표,남,Representative,0.1545407967786547,3.5471570787363846e-05
박완수,0.0043733975416209,행정안전위원회,박완수,박완수,국민의힘,재선,지역구,남,Representative,0.1899346266606008,0.000830659629306155
김태흠,0.0001815600019437,행정안전위원회,김태흠,김태흠,국민의힘,3선,지역구,남,Representative,0.0980118810479008,1.7795037313562564e-05
이영,0.001249445050097,행정안전위원회,이영,이영,국민의힘,초선,비례대표,여,Representative,0.2206417648191584,0.00027567976089796386
오영훈,0.0026254048036391,행정안전위원회,오영훈,오영훈,더불어민주당,재선,지역구,남,Representative,0.671756127451087,0.0017636317638840835
김은혜,0.0003417195523542,행정안전위원회,김은혜,김은혜,국민의힘,초선,지역구,여,Representative,0.162439713102269,5.5508826045852046e-05
송영길,0.0005704006029582,행정안전위원회,송영길,송영길,더불어민주당,5선,지역구,남,Representative,0.1847095725159723,0.00010535845153526197
홍준표,0.0,행정안전위원회,홍준표,홍준표,국민의힘,5선,지역구,남,Representative,0.1745452207856409,0.0
이규민,0.0004481261767828,행정안전위원회,이규민,이규민,더불어민주당,초선,지역구,남,Representative,0.3923416013378649,0.0001758185418003789
정정순,0.0002401871643954,행정안전위원회,정정순,정정순,더불어민주당,초선,지역구,남,Representative,0.1787183559051326,4.292585513026169e-05
곽상도,0.0004144627419331,행정안전위원회,곽상도,곽상도,국민의힘,재선,지역구,남,Representative,0.0416731213070125,1.7271956121815094e-05
윤희숙,0.0,행정안전위원회,윤희숙,윤희숙,국민의힘,초선,지역구,여,Representative,0.28306548324025,0.0
이낙연,0.0003114376852959,행정안전위원회,이낙연,이낙연,더불어민주당,5선,지역구,남,Representative,0.1016403584957575,3.165463798256418e-05
김진애,0.0001000280449779,행정안전위원회,김진애,김진애,열린민주당,재선,비례대표,여,Representative,1.0590950156918448,0.00010593920386549355
이상직,0.0,행정안전위원회,이상직,이상직,더불어민주당,재선,지역구,남,Representative,0.1875925759171187,0.0
김웅,0.009679636358483,법제사법위원회,김웅,김웅,국민의힘,초선,지역구,남,Representative,0.3699621682437175,0.003581099254995093
이용우,0.0044738080446386,법제사법위원회,이용우,이용우,더불어민주당,초선,지역구,남,Representative,0.231626157115504,0.001036250965052066
조응천,0.0052647193889933,법제사법위원회,조응천,조응천,더불어민주당,재선,지역구,남,Representative,0.254488173419614,0.0013398088208717313
유의동,0.0003934602383798,법제사법위원회,유의동,유의동,국민의힘,3선,지역구,남,Representative,0.5050232279002433,0.0001987065596369658
오영환,0.0078828016804671,법제사법위원회,오영환,오영환,더불어민주당,초선,지역구,남,Representative,0.2639159163033288,0.0020803968285378945
홍정민,0.003941856136477,법제사법위원회,홍정민,홍정민,더불어민주당,초선,지역구,여,Representative,0.1978012226072815,0.0007797039631371658
강병원,0.0041212059389491,법제사법위원회,강병원,강병원,더불어민주당,재선,지역구,남,Representative,0.2679228198118838,0.0011041651161887251
유경준,0.004345886398491,법제사법위원회,유경준,유경준,국민의힘,초선,지역구,남,Representative,0.1969803900983735,0.0008560543980979726
김희국,0.0,법제사법위원회,김희국,김희국,국민의힘,재선,지역구,남,Representative,0.0800803641309325,0.0
김영식,0.0020458756131638,법제사법위원회,김영식,김영식,국민의힘,초선,지역구,남,Representative,0.2624749295735833,0.00053699105748148
이탄희,0.0055511795234898,법제사법위원회,이탄희,이탄희,더불어민주당,초선,지역구,남,Representative,0.6201423822658652,0.0034425216940824547
용혜인,0.0050828326935865,법제사법위원회,용혜인,용혜인,기본소득당,초선,비례대표,여,Representative,1.5260787063967094,0.007756802741859387
박용진,0.004408514291062,법제사법위원회,박용진,박용진,더불어민주당,재선,지역구,남,Representative,0.7438287273758981,0.003279179574739107
장혜영,0.011858544563577,법제사법위원회,장혜영,장혜영,정의당,초선,비례대표,여,Representative,1.7094637667725767,0.0202717522580928
한준호,0.0029839423708063,법제사법위원회,한준호,한준호,더불어민주당,초선,지역구,남,Representative,0.1454541395520071,0.00043402677001840647
정필모,0.0004489701888365,법제사법위원회,정필모,정필모,더불어민주당,초선,비례대표,남,Representative,0.1873329443348586,8.410690739331901e-05
양이원영,0.0013699652804392,법제사법위원회,양이원영,양이원영,더불어민주당,초선,비례대표,여,Representative,0.538619431256871,0.0007378899201918216
황운하,0.0059744150083591,법제사법위원회,황운하,황운하,더불어민주당,초선,지역구,남,Representative,0.5488281734063343,0.0032789272762091142
강민정,0.0035896060411681,법제사법위원회,강민정,강민정,열린민주당,초선,비례대표,여,Representative,1.3217456216851513,0.004744546068488505
전용기,0.006495456575785,법제사법위원회,전용기,전용기,더불어민주당,초선,비례대표,남,Representative,0.1508910607377874,0.000980106332696435
강은미,0.0021274816702962,법제사법위원회,강은미,강은미,정의당,초선,비례대표,여,Representative,1.6918809491792466,0.003599445707702184
김홍걸,0.007813429461444,법제사법위원회,김홍걸,김홍걸,더불어민주당,초선,비례대표,남,Representative,0.5197862075653299,0.004061312867843194
윤미향,0.0027687074789436,법제사법위원회,윤미향,윤미향,더불어민주당,초선,비례대표,여,Representative,1.0539381495296805,0.002918046436946805
양경규,0.0,법제사법위원회,양경규,양경규,정의당,초선,비례대표,남,Representative,1.4186110796220983,0.0
배진교,0.0010138942344881,법제사법위원회,배진교,배진교,정의당,초선,비례대표,남,Representative,1.622416384309617,0.0016449586179905502
이자스민,2.993058304579936e-05,법제사법위원회,이자스민,이자스민,정의당,재선,비례대표,여,Representative,1.419097879000165,4.247442691753217e-05
심상정,0.0009772397271805,법제사법위원회,심상정,심상정,정의당,4선,지역구,여,Representative,1.7478349658369334,0.0017080537651710235
강성희,0.0001154322997019,법제사법위원회,강성희,강성희,진보당,초선,지역구,남,Representative,1.777874656814911,0.00020522416021787144
김민석,0.0049661660220075,법제사법위원회,김민석,김민석,더불어민주당,3선,지역구,남,Representative,0.5124972621164758,0.0025451464894947137
도종환,0.0011682667363796,법제사법위원회,도종환,도종환,더불어민주당,3선,지역구,남,Representative,0.2721175456087874,0.00031790587692000503
김영주,0.0020291996243944,법제사법위원회,김영주,김영주,더불어민주당,4선,지역구,여,Representative,0.3478961305037666,0.0007059506973465084
하태경,0.008018745302097,법제사법위원회,하태경,하태경,국민의힘,3선,지역구,남,Representative,0.5914732693738115,0.004742873500107204
한정애,0.0011125655490359,법제사법위원회,한정애,한정애,더불어민주당,3선,지역구,여,Representative,0.200025913945713,0.00022254194077041985
인재근,0.0121199781992901,법제사법위원회,인재근,인재근,더불어민주당,3선,지역구,여,Representative,0.2910042957726254,0.0035269657206639876
윤주경,0.0009425600904987,법제사법위원회,윤주경,윤주경,국민의힘,초선,비례대표,여,Representative,0.4248222909210703,0.0004004205369764291
서병수,0.000764039019917,법제사법위원회,서병수,서병수,국민의힘,5선,지역구,남,Representative,0.3254004320021045,0.00024861862714745635
조명희,0.0010523088042132,법제사법위원회,조명희,조명희,국민의힘,초선,비례대표,여,Representative,0.2553086924045825,0.0002686635848095019
조수진,0.0263905987634401,법제사법위원회,조수진,조수진,국민의힘,초선,비례대표,여,Representative,0.1152574433846105,0.0030417129428631693
서일준,0.0210891391560323,법제사법위원회,서일준,서일준,국민의힘,초선,지역구,남,Representative,0.0727597785364597,0.0015344410945174907
윤창현,0.0010327260601501,법제사법위원회,윤창현,윤창현,국민의힘,초선,비례대표,남,Representative,0.1659560286241812,0.0001713871155992079
배준영,0.0103339622656922,법제사법위원회,배준영,배준영,국민의힘,초선,지역구,남,Representative,0.4029858723602732,0.004164440798578117
이헌승,0.0042220567303274,법제사법위원회,이헌승,이헌승,국민의힘,3선,지역구,남,Representative,0.1758853015028908,0.0007425977209759441
강기윤,0.0032618120004353,법제사법위원회,강기윤,강기윤,국민의힘,재선,지역구,남,Representative,0.1051953896862757,0.00034312758446916185
허종식,0.0020038546792593,법제사법위원회,허종식,허종식,더불어민주당,초선,지역구,남,Representative,0.5071840623526072,0.0010163231565910125
최춘식,0.0005077383462199,법제사법위원회,최춘식,최춘식,국민의힘,초선,지역구,남,Representative,0.185261782253888,9.40645109393403e-05
이종성,0.0066607012981058,법제사법위원회,이종성,이종성,국민의힘,초선,비례대표,남,Representative,0.2162605302271925,0.0014404467944133096
윤상현,0.0148490230058967,법제사법위원회,윤상현,윤상현,국민의힘,4선,지역구,남,Representative,0.6145800382735443,0.009125913127288734
박찬대,0.0007850454312224,법제사법위원회,박찬대,박찬대,더불어민주당,재선,지역구,남,Representative,0.2786489795755955,0.00021875210833060507
강대식,0.0040978001189765,법제사법위원회,강대식,강대식,국민의힘,초선,지역구,남,Representative,0.1076879275224922,0.00044128360221400126
조경태,0.0114825427108606,법제사법위원회,조경태,조경태,국민의힘,5선,지역구,남,Representative,0.3722224896824415,0.004274060635721503
유동수,0.0048961237973849,법제사법위원회,유동수,유동수,더불어민주당,재선,지역구,남,Representative,0.4365284860540641,0.0021372975088057057
이성만,0.0114266813951883,법제사법위원회,이성만,이성만,더불어민주당,초선,지역구,남,Representative,0.2194435071327558,0.0025075110402487315
노용호,0.0001223975827706,법제사법위원회,노용호,노용호,국민의힘,초선,비례대표,남,Representative,0.1923972318813689,2.3548956114034173e-05
김두관,0.0048726783177938,법제사법위원회,김두관,김두관,더불어민주당,재선,지역구,남,Representative,0.7087657792985883,0.003453587645182457
이원택,0.0003394945397054,법제사법위원회,이원택,이원택,더불어민주당,초선,지역구,남,Representative,0.2716912161873271,9.223768438151694e-05
우상호,0.0,법제사법위원회,우상호,우상호,더불어민주당,4선,지역구,남,Representative,0.354889315495192,0.0
조정식,0.0004942369627447,법제사법위원회,조정식,조정식,더불어민주당,5선,지역구,남,Representative,0.0982721838798874,4.856974568308422e-05
고영인,0.0037999208798609,법제사법위원회,고영인,고영인,더불어민주당,초선,지역구,남,Representative,0.3272823183515555,0.001243646915113358
노웅래,0.0011237122376667,법제사법위원회,노웅래,노웅래,더불어민주당,4선,지역구,남,Representative,0.2613156957741633,0.00029364364523581563
박정,0.0025056933761308,법제사법위원회,박정,박정,더불어민주당,재선,지역구,남,Representative,0.1086038378087208,0.0002721279170196954
강득구,0.0028908196801503,법제사법위원회,강득구,강득구,더불어민주당,초선,지역구,남,Representative,0.5445023530105706,0.0015740581179711035
허숙정,0.0,법제사법위원회,허숙정,허숙정,더불어민주당,초선,비례대표,여,Representative,1.1015877581031428,0.0
박주민,0.011719348305981,법제사법위원회,박주민,박주민,더불어민주당,재선,지역구,남,Representative,0.7084504412298533,0.008302577478298575
강선우,0.0056265297260588,법제사법위원회,강선우,강선우,더불어민주당,초선,지역구,여,Representative,0.2216826678477753,0.001247304120397527
강준현,0.0041553478317374,법제사법위원회,강준현,강준현,더불어민주당,초선,지역구,남,Representative,0.2442135956139989,0.0010147924350154245
강훈식,0.0034384757620156,법제사법위원회,강훈식,강훈식,더불어민주당,재선,지역구,남,Representative,0.2333552597959055,0.0008023864047470744
고민정,0.0018185012300653,법제사법위원회,고민정,고민정,더불어민주당,초선,지역구,여,Representative,0.3526006355299543,0.0006412046894330284
고용진,0.0006177275189684,법제사법위원회,고용진,고용진,더불어민주당,재선,지역구,남,Representative,0.2115658202772826,0.0001306900292584002
권인숙,0.0056336667346825,법제사법위원회,권인숙,권인숙,더불어민주당,초선,비례대표,여,Representative,0.7127107829573963,0.0040151750293966025
권칠승,0.0053834847208707,법제사법위원회,권칠승,권칠승,더불어민주당,재선,지역구,남,Representative,0.1859285040914948,0.0010009432609509078
기동민,0.002783295191973,법제사법위원회,기동민,기동민,더불어민주당,재선,지역구,남,Representative,0.4426922620576195,0.0012321432445086236
김경만,0.0,법제사법위원회,김경만,김경만,더불어민주당,초선,비례대표,남,Representative,0.2607821776703825,0.0
김경협,0.0016785287854022,법제사법위원회,김경협,김경협,더불어민주당,3선,지역구,남,Representative,0.3651315668203744,0.0006128838453670053
김교흥,0.000887061458551,법제사법위원회,김교흥,김교흥,더불어민주당,재선,지역구,남,Representative,0.1927891344584833,0.00017101581080552705
김민기,0.0037783503559286,법제사법위원회,김민기,김민기,더불어민주당,3선,지역구,남,Representative,0.1116766109823257,0.00042195336285397015
김민철,0.0022315185486261,법제사법위원회,김민철,김민철,더불어민주당,초선,지역구,남,Representative,0.2612442298812484,0.0005829713447015467
김병기,0.0019425813343046,법제사법위원회,김병기,김병기,더불어민주당,재선,지역구,남,Representative,0.1108729186430819,0.00021537966223592338
김병주,0.0002098249671911,법제사법위원회,김병주,김병주,더불어민주당,초선,비례대표,남,Representative,0.2434625119610639,5.108451358449302e-05
김상희,0.0021096398133556,법제사법위원회,김상희,김상희,더불어민주당,4선,지역구,여,Representative,0.5592599599039866,0.0011798370774291065
김성주,0.0,법제사법위원회,김성주,김성주,더불어민주당,재선,지역구,남,Representative,0.3218992730272499,0.0
김성환,0.0,법제사법위원회,김성환,김성환,더불어민주당,재선,지역구,남,Representative,0.2337158540241251,0.0
김수흥,0.0,법제사법위원회,김수흥,김수흥,더불어민주당,초선,지역구,남,Representative,0.5088102660790913,0.0
김승남,0.0007989952764215,법제사법위원회,김승남,김승남,더불어민주당,재선,지역구,남,Representative,0.2124111150114147,0.00016971547755354431
김영배,0.0057057005863417,법제사법위원회,김영배,김영배,더불어민주당,초선,지역구,남,Representative,0.3173975912495803,0.0018109756224961736
김영진,0.0009375992352091,법제사법위원회,김영진,김영진,더불어민주당,재선,지역구,남,Representative,0.0792247561405531,7.428107076701004e-05
김영호,0.0057044991638739,법제사법위원회,김영호,김영호,더불어민주당,재선,지역구,남,Representative,0.4161281665252168,0.002373802778007478
김용민,0.0035891839401337,법제사법위원회,김용민,김용민,더불어민주당,초선,지역구,남,Representative,0.5183906276468344,0.001860599315465847
김원이,0.0006777467998391,법제사법위원회,김원이,김원이,더불어민주당,초선,지역구,남,Representative,0.2360613447578642,0.00015998982097535695
김윤덕,0.0,법제사법위원회,김윤덕,김윤덕,더불어민주당,재선,지역구,남,Representative,0.2869485044660441,0.0
김의겸,0.0006155783990197,법제사법위원회,김의겸,김의겸,열린민주당,초선,비례대표,남,Representative,0.8380800716465495,0.0005159039887544984
김정호,0.0022369634366752,법제사법위원회,김정호,김정호,더불어민주당,재선,지역구,남,Representative,0.2475581055450652,0.0005537784305568909
김주영,0.0015251413238933,법제사법위원회,김주영,김주영,더불어민주당,초선,지역구,남,Representative,0.3630556068353552,0.0005537111088557591
김철민,0.0018460685094827,법제사법위원회,김철민,김철민,더불어민주당,재선,지역구,남,Representative,0.1469147406376817,0.0002712146762700425
김태년,0.0001571202533506,법제사법위원회,김태년,김태년,더불어민주당,4선,지역구,남,Representative,0.0302627005970719,4.754883184885291e-06
김한규,0.0,법제사법위원회,김한규,김한규,더불어민주당,초선,지역구,남,Representative,0.4606560544107763,0.0
김한정,0.0,법제사법위원회,김한정,김한정,더불어민주당,재선,지역구,남,Representative,0.3115396476231169,0.0
김회재,0.0036372708349535,법제사법위원회,김회재,김회재,더불어민주당,초선,지역구,남,Representative,0.2705052594012662,0.0009839008907217566
남인순,0.0044990461716702,법제사법위원회,남인순,남인순,더불어민주당,3선,지역구,여,Representative,0.5088905772697233,0.002289522203464387
맹성규,0.0012137693176508,법제사법위원회,맹성규,맹성규,더불어민주당,재선,지역구,남,Representative,0.3423921953477248,0.0004155851413161673
문정복,0.0,법제사법위원회,문정복,문정복,더불어민주당,초선,지역구,여,Representative,0.5768076262279168,0.0
문진석,0.0053114531293776,법제사법위원회,문진석,문진석,더불어민주당,초선,지역구,남,Representative,0.2131284851715763,0.0011320219595240763
민병덕,0.0052954598202005,법제사법위원회,민병덕,민병덕,더불어민주당,초선,지역구,남,Representative,0.534492412029025,0.002830383092101752
민형배,0.0079682998865225,법제사법위원회,민형배,민형배,더불어민주당,초선,지역구,남,Representative,0.5990186631316904,0.004773160345457108
민홍철,0.0022835529524118,법제사법위원회,민홍철,민홍철,더불어민주당,3선,지역구,남,Representative,0.2010526097454781,0.0004591142805743839
박광온,0.0005053256327817,법제사법위원회,박광온,박광온,더불어민주당,3선,지역구,남,Representative,0.0636172526258988,3.214742843901558e-05
박범계,0.0008296998402094,법제사법위원회,박범계,박범계,더불어민주당,3선,지역구,남,Representative,0.3504014522294029,0.0002907280289238773
박병석,0.0,법제사법위원회,박병석,박병석,더불어민주당,6선,지역구,남,Representative,0.2274246766438502,0.0
박상혁,0.0212125332422104,법제사법위원회,박상혁,박상혁,더불어민주당,초선,지역구,남,Representative,0.1910820455968065,0.004053334244211821
박성준,0.0035006436091446,법제사법위원회,박성준,박성준,더불어민주당,초선,지역구,남,Representative,0.2002255367463627,0.0007009182455987019
박재호,0.0012259258074775,법제사법위원회,박재호,박재호,더불어민주당,재선,지역구,남,Representative,0.2619622171748344,0.00032114624261865506
박홍근,0.0055161480723952,법제사법위원회,박홍근,박홍근,더불어민주당,3선,지역구,남,Representative,0.2914629024230286,0.0016077525273754994
백혜련,0.0120443693431229,법제사법위원회,백혜련,백혜련,더불어민주당,재선,지역구,여,Representative,0.262002066035241,0.0031556496519897187
변재일,0.000244915382524,법제사법위원회,변재일,변재일,더불어민주당,5선,지역구,남,Representative,0.3557301750687391,8.712379190228973e-05
서동용,0.0011277150561188,법제사법위원회,서동용,서동용,더불어민주당,초선,지역구,남,Representative,0.3156377014497687,0.00035594938820363497
서삼석,0.0006434994396132,법제사법위원회,서삼석,서삼석,더불어민주당,재선,지역구,남,Representative,0.2012082502190047,0.00012947739626148206
서영교,0.0163901815044091,법제사법위원회,서영교,서영교,더불어민주당,3선,지역구,여,Representative,0.4396629254011983,0.0072061551480851185
서영석,0.0046040594822971,법제사법위원회,서영석,서영석,더불어민주당,초선,지역구,남,Representative,0.1839691144889395,0.0008470047460126025
소병철,0.003514820817216,법제사법위원회,소병철,소병철,더불어민주당,초선,지역구,남,Representative,0.1921494526414231,0.0006753708961607338
소병훈,0.0030414620080707,법제사법위원회,소병훈,소병훈,더불어민주당,재선,지역구,남,Representative,0.4495375269510719,0.0013672513094237435
송갑석,0.0020019123984676,법제사법위원회,송갑석,송갑석,더불어민주당,재선,지역구,남,Representative,0.0670810059002477,0.00013429029741338409
송기헌,0.001721059254932,법제사법위원회,송기헌,송기헌,더불어민주당,재선,지역구,남,Representative,0.3097590421845094,0.0005331136663505217
송옥주,0.0014788918808028,법제사법위원회,송옥주,송옥주,더불어민주당,재선,지역구,여,Representative,0.2621477343853833,0.00038768815595339236
송재호,0.0027261120370662,법제사법위원회,송재호,송재호,더불어민주당,초선,지역구,남,Representative,0.3758954363478019,0.0010247330737059945
신동근,0.0070000592282368,법제사법위원회,신동근,신동근,더불어민주당,재선,지역구,남,Representative,0.1433568328564554,0.0010035063207676311
신영대,0.0012764905329077,법제사법위원회,신영대,신영대,더불어민주당,초선,지역구,남,Representative,0.2397699657028943,0.0003060640912953485
신정훈,0.0062990756062678,법제사법위원회,신정훈,신정훈,더불어민주당,재선,지역구,남,Representative,0.1277927153232575,0.0008049759757514567
신현영,0.0011201675902564,법제사법위원회,신현영,신현영,더불어민주당,초선,비례대표,여,Representative,0.3325126093005273,0.00037246984829003945
안규백,0.02917679602203,법제사법위원회,안규백,안규백,더불어민주당,4선,지역구,남,Representative,0.3809557196948137,0.011115067326961216
안민석,0.0004471651164348,법제사법위원회,안민석,안민석,더불어민주당,5선,지역구,남,Representative,0.3441477269487697,0.00015389085839181838
안호영,0.0011507790146518,법제사법위원회,안호영,안호영,더불어민주당,재선,지역구,남,Representative,0.5118923685595783,0.0005890749954987676
양경숙,0.0025916822522036,법제사법위원회,양경숙,양경숙,더불어민주당,초선,비례대표,여,Representative,0.3342609954913604,0.0008662982896188664
양기대,0.001026566312972,법제사법위원회,양기대,양기대,더불어민주당,초선,지역구,남,Representative,0.2301185334449006,0.00023623193442505545
어기구,0.0002368318823626,법제사법위원회,어기구,어기구,더불어민주당,재선,지역구,남,Representative,0.1048322749382438,2.4827625005977895e-05
오기형,0.0005930327178319,법제사법위원회,오기형,오기형,더불어민주당,초선,지역구,남,Representative,0.3978628324702754,0.00023594567686414532
우원식,0.0013828722214538,법제사법위원회,우원식,우원식,더불어민주당,4선,지역구,남,Representative,0.3474908272016026,0.00048053541214709876
위성곤,0.0029306864237701,법제사법위원회,위성곤,위성곤,더불어민주당,재선,지역구,남,Representative,0.4979833092497824,0.0014594329236824444
유기홍,0.0002513059048007,법제사법위원회,유기홍,유기홍,더불어민주당,3선,지역구,남,Representative,0.533695852611625,0.00013412091912894545
유정주,0.0030234956213547,법제사법위원회,유정주,유정주,더불어민주당,초선,비례대표,여,Representative,0.3402755762534749,0.0010288217148563287
윤건영,0.00193904462944,법제사법위원회,윤건영,윤건영,더불어민주당,초선,지역구,남,Representative,0.2535746445358753,0.000491692552649446
윤영찬,0.0023836015248252,법제사법위원회,윤영찬,윤영찬,더불어민주당,초선,지역구,남,Representative,0.1950263668759664,0.0004648651454666724
윤재갑,0.0131489230101728,법제사법위원회,윤재갑,윤재갑,더불어민주당,초선,지역구,남,Representative,0.6854440000858673,0.009012850384913947
윤준병,0.0062614337454539,법제사법위원회,윤준병,윤준병,더불어민주당,초선,지역구,남,Representative,0.4344183278979442,0.002720081577943845
윤호중,0.0004541010029608,법제사법위원회,윤호중,윤호중,더불어민주당,4선,지역구,남,Representative,0.1128950186454341,5.126574119616984e-05
윤후덕,0.0016580709579029,법제사법위원회,윤후덕,윤후덕,더불어민주당,3선,지역구,남,Representative,0.1665258272005472,0.0002761116378219841
이개호,0.002691872324042,법제사법위원회,이개호,이개호,더불어민주당,3선,지역구,남,Representative,0.1131561090092011,0.00030460179813814807
이동주,0.0045923866751998,법제사법위원회,이동주,이동주,더불어민주당,초선,비례대표,남,Representative,0.2481459493801818,0.001139582151438351
이병훈,0.0087462361048246,법제사법위원회,이병훈,이병훈,더불어민주당,초선,지역구,남,Representative,0.1790578800414445,0.0015660824952718339
이소영,0.0034832491503494,법제사법위원회,이소영,이소영,더불어민주당,초선,지역구,여,Representative,0.3137302400903705,0.0010928005922336962
이용빈,0.0051755464784591,법제사법위원회,이용빈,이용빈,더불어민주당,초선,지역구,남,Representative,0.4600032901867735,0.0023807684086057553
이용선,0.0015735666113921,법제사법위원회,이용선,이용선,더불어민주당,초선,지역구,남,Representative,0.5128505108380027,0.0008070044404900633
이인영,0.000529350725525,법제사법위원회,이인영,이인영,더불어민주당,4선,지역구,남,Representative,0.2800294833760527,0.00014823381019350444
이장섭,0.0006834657893968,법제사법위원회,이장섭,이장섭,더불어민주당,초선,지역구,남,Representative,0.2854497963072183,0.0001950951703662687
이재명,0.0,법제사법위원회,이재명,이재명,더불어민주당,초선,지역구,남,Representative,0.2018808153311869,0.0
이재정,0.0043720827094974,법제사법위원회,이재정,이재정,더불어민주당,재선,지역구,여,Representative,0.2573809498745986,0.0011252908007007496
이정문,0.0007833258427125,법제사법위원회,이정문,이정문,더불어민주당,초선,지역구,남,Representative,0.0848113999966772,6.643496137402408e-05
이학영,0.003181423016004,법제사법위원회,이학영,이학영,더불어민주당,3선,지역구,남,Representative,0.0560092720869861,0.00017818918732716795
이해식,0.0013575103613035,법제사법위원회,이해식,이해식,더불어민주당,초선,지역구,남,Representative,0.2639597631121719,0.00035832811339199077
이형석,0.0108409780775968,법제사법위원회,이형석,이형석,더불어민주당,초선,지역구,남,Representative,0.1083558993299242,0.001174683929213994
임오경,0.0007538063833437,법제사법위원회,임오경,임오경,더불어민주당,초선,지역구,여,Representative,0.0586732885421386,4.422829943483085e-05
임호선,0.0046276449903917,법제사법위원회,임호선,임호선,더불어민주당,초선,지역구,남,Representative,0.1630095698549976,0.0007543504193253855
장경태,0.0014814851837346,법제사법위원회,장경태,장경태,더불어민주당,초선,지역구,남,Representative,0.403738270388732,0.0005981322656875402
장철민,0.0003982884798296,법제사법위원회,장철민,장철민,더불어민주당,초선,지역구,남,Representative,0.1714224222163959,6.827557595327617e-05
전재수,0.0001722864129741,법제사법위원회,전재수,전재수,더불어민주당,재선,지역구,남,Representative,0.1512554413902672,2.605925743994335e-05
전해철,0.0002386307475296,법제사법위원회,전해철,전해철,더불어민주당,3선,지역구,남,Representative,0.111134388568907,2.652008222044331e-05
전혜숙,0.0,법제사법위원회,전혜숙,전혜숙,더불어민주당,3선,지역구,여,Representative,0.3487897833092866,0.0
정성호,0.0114101052773881,법제사법위원회,정성호,정성호,더불어민주당,4선,지역구,남,Representative,0.4625431982315658,0.005277666587161959
정일영,0.0061104963053121,법제사법위원회,정일영,정일영,더불어민주당,초선,지역구,남,Representative,0.1776389564691861,0.0010854621871844586
정청래,0.0010216803238022,법제사법위원회,정청래,정청래,더불어민주당,3선,지역구,남,Representative,0.0751206976802892,7.674933873024505e-05
정춘숙,0.0058307004266936,법제사법위원회,정춘숙,정춘숙,더불어민주당,재선,지역구,여,Representative,0.1638501850633351,0.0009553613439626132
정태호,0.0019524933529392,법제사법위원회,정태호,정태호,더불어민주당,초선,지역구,남,Representative,0.2629825046404378,0.0005134715922497572
조승래,0.0005728515125255,법제사법위원회,조승래,조승래,더불어민주당,재선,지역구,남,Representative,0.2359910708975734,0.00013518784190618742
조오섭,0.0057696176016625,법제사법위원회,조오섭,조오섭,더불어민주당,초선,지역구,남,Representative,0.3537241914215748,0.002040853320959753
주철현,0.0,법제사법위원회,주철현,주철현,더불어민주당,초선,지역구,남,Representative,0.1808273551250511,0.0
진선미,0.000448942723402,법제사법위원회,진선미,진선미,더불어민주당,3선,지역구,여,Representative,0.0766752551488706,3.4422797864077185e-05
진성준,0.000565973223065,법제사법위원회,진성준,진성준,더불어민주당,재선,지역구,남,Representative,0.137191834935949,7.764690499690052e-05
천준호,0.0,법제사법위원회,천준호,천준호,더불어민주당,초선,지역구,남,Representative,0.3993355059681581,0.0
최기상,0.0049608795378171,법제사법위원회,최기상,최기상,더불어민주당,초선,지역구,남,Representative,0.2058827885501175,0.0010213597129070026
최인호,0.0,법제사법위원회,최인호,최인호,더불어민주당,재선,지역구,남,Representative,0.1711937203769239,0.0
최종윤,0.0011776738689743,법제사법위원회,최종윤,최종윤,더불어민주당,초선,지역구,남,Representative,0.1716391861609539,0.0002021349844337707
최혜영,0.0235112593964,법제사법위원회,최혜영,최혜영,더불어민주당,초선,비례대표,여,Representative,0.4555600514410841,0.010710790540068654
한병도,0.0095936701237626,법제사법위원회,한병도,한병도,더불어민주당,재선,지역구,남,Representative,0.4404702338128733,0.004225726122537289
허영,0.0008838703714602,법제사법위원회,허영,허영,더불어민주당,초선,지역구,남,Representative,0.2272084723983615,0.0002008228368976444
홍기원,0.0006148305660936,법제사법위원회,홍기원,홍기원,더불어민주당,초선,지역구,남,Representative,0.1984078664960204,0.00012198722087517164
홍성국,0.0025930412636341,법제사법위원회,홍성국,홍성국,더불어민주당,초선,지역구,남,Representative,0.0821632285254589,0.0002130526419199133
홍익표,0.0036231842820745,법제사법위원회,홍익표,홍익표,더불어민주당,3선,지역구,남,Representative,0.165353191622152,0.000599105084876234
황희,0.0,법제사법위원회,황희,황희,더불어민주당,재선,지역구,남,Representative,0.2589890766385589,0.0
김은희,0.0,법제사법위원회,김은희,김은희,국민의힘,초선,비례대표,여,Representative,0.273079356185924,0.0
김희곤,0.0017850446655637,법제사법위원회,김희곤,김희곤,국민의힘,초선,지역구,남,Representative,0.172954273871935,0.0003087311039615408
박덕흠,0.0111117096776255,법제사법위원회,박덕흠,박덕흠,국민의힘,3선,지역구,남,Representative,0.2317213323874486,0.002574820171601888
정경희,0.00053109484435,법제사법위원회,정경희,정경희,국민의힘,초선,비례대표,여,Representative,0.3356632617736524,0.00017826902776569125
황보승희,0.0019749640166709,법제사법위원회,황보승희,황보승희,국민의힘,초선,지역구,여,Representative,0.2043416232088162,0.00040356735294553523
송석준,0.0066986776388506,법제사법위원회,송석준,송석준,국민의힘,재선,지역구,남,Representative,0.2718885877183796,0.0018212940028077794
지성호,0.0008378805976953,법제사법위원회,지성호,지성호,국민의힘,초선,비례대표,남,Representative,0.152368783397105,0.00012766684730287204
정우택,0.0011702692077947,법제사법위원회,정우택,정우택,국민의힘,5선,지역구,남,Representative,0.1586300083990965,0.0001856398142616773
태영호,0.0165053198741108,법제사법위원회,태영호,태영호,국민의힘,초선,지역구,남,Representative,0.1778687283130429,0.002935780256408081
이인선,0.0,법제사법위원회,이인선,이인선,국민의힘,초선,지역구,여,Representative,0.3231681290160744,0.0
김미애,0.0101002266924756,법제사법위원회,김미애,김미애,국민의힘,초선,지역구,여,Representative,0.1300450243421692,0.0013134842260844163
김근태,0.0,법제사법위원회,김근태,김근태,국민의힘,초선,비례대표,남,Representative,0.6071716548713029,0.0
윤영석,0.0012324222705396,법제사법위원회,윤영석,윤영석,국민의힘,3선,지역구,남,Representative,0.194206349704839,0.00023934423045644525
김예지,0.0600575359347876,법제사법위원회,김예지,김예지,국민의힘,초선,비례대표,여,Representative,0.5578154035188375,0.033501018641810626
권명호,0.0015420451404625,법제사법위원회,권명호,권명호,국민의힘,초선,지역구,남,Representative,0.101862293500913,0.00015707625468944778
백종헌,0.0002768352848476,법제사법위원회,백종헌,백종헌,국민의힘,초선,지역구,남,Representative,0.1748090064444665,4.839330109297983e-05
윤한홍,0.0019495638522071,법제사법위원회,윤한홍,윤한홍,국민의힘,재선,지역구,남,Representative,0.0633220910364272,0.0001234504597307857
박진,0.0,법제사법위원회,박진,박진,국민의힘,4선,지역구,남,Representative,0.2849925584102457,0.0
이양수,0.0025910155031262,법제사법위원회,이양수,이양수,국민의힘,재선,지역구,남,Representative,0.4099103257016184,0.0010620840087844031
박성중,0.0,법제사법위원회,박성중,박성중,국민의힘,재선,지역구,남,Representative,0.1136597690819902,0.0
조정훈,0.0259322986576381,법제사법위원회,조정훈,조정훈,시대전환,초선,비례대표,남,Representative,1.7768837528753738,0.046078680159469004
임병헌,0.0001059090816354,법제사법위원회,임병헌,임병헌,국민의힘,초선,지역구,남,Representative,0.2574402072023462,2.7265255920827577e-05
이주환,0.0015332021036768,법제사법위원회,이주환,이주환,국민의힘,초선,지역구,남,Representative,0.0486042879937447,7.452019659972241e-05
김성원,0.008492684525906,법제사법위원회,김성원,김성원,국민의힘,재선,지역구,남,Representative,0.0969967354280285,0.0008237626740330159
김학용,0.000584008849095,법제사법위원회,김학용,김학용,국민의힘,4선,지역구,남,Representative,0.2414249164893882,0.00014099428762182412
김용판,0.0037090208737321,법제사법위원회,김용판,김용판,국민의힘,초선,지역구,남,Representative,0.0784323016946945,0.0002909070441604755
구자근,0.0034955779868765,법제사법위원회,구자근,구자근,국민의힘,초선,지역구,남,Representative,0.0584340346254918,0.0002042607251212483
정운천,0.0061594500101244,법제사법위원회,정운천,정운천,국민의힘,재선,비례대표,남,Representative,0.2095429101918529,0.0012906690803027045
정동만,0.0,법제사법위원회,정동만,정동만,국민의힘,초선,지역구,남,Representative,0.0224883277952201,0.0
김형동,0.0015062773405668,법제사법위원회,김형동,김형동,국민의힘,초선,지역구,남,Representative,0.2200235295412783,0.0003314164569395574
김도읍,0.001569709075104,법제사법위원회,김도읍,김도읍,국민의힘,3선,지역구,남,Representative,0.0057675742475114,9.053413637654769e-06
김석기,0.0065441760248976,법제사법위원회,김석기,김석기,국민의힘,재선,지역구,남,Representative,0.2160995399392338,0.0014141934282617353
권성동,0.0012957190794304,법제사법위원회,권성동,권성동,국민의힘,4선,지역구,남,Representative,0.1650123478378992,0.00021380964743517172
박형수,0.0004114828607169,법제사법위원회,박형수,박형수,국민의힘,초선,지역구,남,Representative,0.1289259726016864,5.3050828026850586e-05
유상범,0.0060587159763845,법제사법위원회,유상범,유상범,국민의힘,초선,지역구,남,Representative,0.3489284768254078,0.002114058537157607
장동혁,0.0010151727758892,법제사법위원회,장동혁,장동혁,국민의힘,초선,지역구,남,Representative,0.2751477089855504,0.000279322463510415
전주혜,0.0271372447096736,법제사법위원회,전주혜,전주혜,국민의힘,초선,비례대표,여,Representative,0.2622996745628045,0.007118090455878573
우신구,0.0,법제사법위원회,우신구,우신구,국민의힘,초선,비례대표,남,Representative,-0.0,-0.0
이명수,0.0111614636776896,법제사법위원회,이명수,이명수,국민의힘,4선,지역구,남,Representative,0.4078212172780129,0.004551881703639699
홍문표,0.0,법제사법위원회,홍문표,홍문표,국민의힘,4선,지역구,남,Representative,0.5476629473060372,0.0
이태규,0.0075856247140126,법제사법위원회,이태규,이태규,국민의당,재선,비례대표,남,Representative,0.7108411718546286,0.005392174360958148
박대수,0.0036056113428811,법제사법위원회,박대수,박대수,국민의힘,초선,비례대표,남,Representative,0.2414175298978371,0.0008704577841699786
정희용,0.0,법제사법위원회,정희용,정희용,국민의힘,초선,지역구,남,Representative,0.1013462246233544,0.0
양정숙,0.0233335563632511,법제사법위원회,양정숙,양정숙,국민의힘,초선,비례대표,여,Representative,0.754948281969812,0.017615628288682194
윤영덕,0.0022259117714825,법제사법위원회,윤영덕,윤영덕,더불어민주당,초선,지역구,남,Representative,0.5936797322448536,0.0013214787044943984
김남국,0.0060059688153043,법제사법위원회,김남국,김남국,더불어민주당,초선,지역구,남,Representative,0.4903679722415279,0.0029451347493066214
주호영,0.0016988197612587,법제사법위원회,주호영,주호영,국민의힘,5선,지역구,남,Representative,0.2385724628270604,0.0004052916143427668
임종성,0.0006193626693242,법제사법위원회,임종성,임종성,더불어민주당,재선,지역구,남,Representative,0.2168072376798863,0.00013428230945822066
류성걸,0.0004993217938531,법제사법위원회,류성걸,류성걸,국민의힘,재선,지역구,남,Representative,0.0750174025505985,3.7457824011764954e-05
안병길,0.0025930383166735,법제사법위원회,안병길,안병길,국민의힘,초선,지역구,남,Representative,0.0420092157277911,0.00010893150603556536
한무경,0.0014296963359318,법제사법위원회,한무경,한무경,국민의힘,초선,비례대표,여,Representative,0.1040419536269268,0.00014874839988360348
하영제,0.0014463704604689,법제사법위원회,하영제,하영제,국민의힘,초선,지역구,남,Representative,0.1478614433724366,0.00021386242393618728
이채익,0.0025847460981613,법제사법위원회,이채익,이채익,국민의힘,3선,지역구,남,Representative,0.305886901391201,0.0007906399748495571
최영희,0.0039268014468343,법제사법위원회,최영희,최영희,국민의힘,초선,비례대표,여,Representative,0.1798744661352604,0.0007063313138684879
류호정,0.0116272846805294,법제사법위원회,류호정,류호정,정의당,초선,비례대표,여,Representative,1.9138526831392957,0.02225290998345562
이은주,0.0038528504532941,법제사법위원회,이은주,이은주,정의당,초선,비례대표,여,Representative,1.7394356928672845,0.006701785597739654
박정하,0.0,법제사법위원회,박정하,박정하,국민의힘,초선,지역구,남,Representative,0.2937123128515209,0.0
성일종,0.0,법제사법위원회,성일종,성일종,국민의힘,재선,지역구,남,Representative,0.2955294681309887,0.0
설훈,0.0003956768806169,법제사법위원회,설훈,설훈,더불어민주당,5선,지역구,남,Representative,0.3265334931650108,0.0001292017539924713
이상민,0.0011864143502491,법제사법위원회,이상민,이상민,더불어민주당,5선,지역구,남,Representative,0.6797803799490477,0.0008065011977893357
이원욱,0.0115753796613197,법제사법위원회,이원욱,이원욱,더불어민주당,3선,지역구,남,Representative,0.2087926901604398,0.0024168546591153807
홍영표,0.0005322515378444,법제사법위원회,홍영표,홍영표,더불어민주당,4선,지역구,남,Representative,0.2094480075912773,0.0001114790241389029
이용호,0.0282758535594754,법제사법위원회,이용호,이용호,국민의힘,재선,지역구,남,Representative,1.225607615821687,0.03465510146635181
서범수,0.0064994473492406,법제사법위원회,서범수,서범수,국민의힘,초선,지역구,남,Representative,0.2022344335941221,0.001314412053348491
이달곤,0.0003904097083292,법제사법위원회,이달곤,이달곤,국민의힘,재선,지역구,남,Representative,0.1697317502202084,6.626492309767619e-05
최승재,0.0068780872362504,법제사법위원회,최승재,최승재,국민의힘,초선,비례대표,남,Representative,0.4362396164165481,0.00300049413762143
전봉민,0.0004372454336491,법제사법위원회,전봉민,전봉민,국민의힘,초선,지역구,남,Representative,0.0399499989170311,1.746795460075834e-05
김정재,0.0025599362295222,법제사법위원회,김정재,김정재,국민의힘,재선,지역구,여,Representative,0.2574250589731167,0.0006589917348521703
박성민,0.0035194333486348,법제사법위원회,박성민,박성민,국민의힘,초선,지역구,남,Representative,0.1920963982054519,0.0006760704699968976
이용,0.0,법제사법위원회,이용,이용,국민의힘,초선,비례대표,남,Representative,0.0598766122576743,0.0
박수영,0.0039159194294491,법제사법위원회,박수영,박수영,국민의힘,초선,지역구,남,Representative,0.3130251150523512,0.001225781129939042
정점식,0.0016491695385772,법제사법위원회,정점식,정점식,국민의힘,재선,지역구,남,Representative,0.1256501314629642,0.0002072183693269412
김상훈,0.0007844238216924,법제사법위원회,김상훈,김상훈,국민의힘,3선,지역구,남,Representative,0.1882659368916839,0.00014768028571107488
김태호,0.0076848397817453,법제사법위원회,김태호,김태호,국민의힘,3선,지역구,남,Representative,0.2550454797747435,0.001959983649127265
임이자,0.0021507138710994,법제사법위원회,임이자,임이자,국민의힘,재선,지역구,여,Representative,0.0338839582899253,7.287469910189585e-05
김종민,0.0071440246284595,법제사법위원회,김종민,김종민,더불어민주당,재선,지역구,남,Representative,0.6226025996525496,0.004447888305660725
박대출,0.0019388265038628,법제사법위원회,박대출,박대출,국민의힘,3선,지역구,남,Representative,0.1127161477762168,0.00021853705472184515
이종배,0.009832038626558,법제사법위원회,이종배,이종배,국민의힘,3선,지역구,남,Representative,0.121959560331773,0.001199111108060023
양금희,0.0059075563583222,법제사법위원회,양금희,양금희,국민의힘,초선,지역구,여,Representative,0.1636013212186727,0.0009664840253952825
이상헌,0.0029663633954323,법제사법위원회,이상헌,이상헌,더불어민주당,재선,지역구,남,Representative,0.6637862515737748,0.0019690312390596614
양향자,0.0282778354366356,법제사법위원회,양향자,양향자,더불어민주당,초선,지역구,여,Representative,0.9193887826618028,0.025998324698399192
권은희,0.003201334413759,법제사법위원회,권은희,권은희,국민의당,3선,비례대표,여,Representative,1.4757029872866645,0.0047242187576877585
최연숙,0.0148165285533147,법제사법위원회,최연숙,최연숙,국민의당,초선,비례대표,여,Representative,1.4543314865112702,0.021548143995878847
윤관석,0.0,법제사법위원회,윤관석,윤관석,더불어민주당,3선,지역구,남,Representative,0.0726470802193504,0.0
박영순,0.0051202304992379,법제사법위원회,박영순,박영순,더불어민주당,초선,지역구,남,Representative,0.3793634271542586,0.0019424281900106502
조은희,0.0020716979160045,법제사법위원회,조은희,조은희,국민의힘,초선,지역구,여,Representative,0.4971643551550483,0.0010299743584864347
최강욱,0.0019986533550179,법제사법위원회,최강욱,최강욱,열린민주당,초선,비례대표,남,Representative,0.7842536920804917,0.0015674512728618497
한기호,0.0005048824076436,법제사법위원회,한기호,한기호,국민의힘,3선,지역구,남,Representative,0.3139152323587058,0.0001584902783092635
김영선,0.0004536308259605,법제사법위원회,김영선,김영선,국민의힘,5선,,여,Representative,0.2168412076010161,9.836585610632118e-05
신원식,0.0,법제사법위원회,신원식,신원식,국민의힘,초선,비례대표,남,Representative,0.188354618593185,0.0
엄태영,0.002360159002571,법제사법위원회,엄태영,엄태영,국민의힘,초선,지역구,남,Representative,0.2112428656135919,0.0004985667510068149
안철수,0.0,법제사법위원회,안철수,안철수,국민의힘,3선,지역구,남,Representative,0.4836184997568817,0.0
강민국,0.0016903227234528,법제사법위원회,강민국,강민국,국민의힘,초선,지역구,남,Representative,0.153084768117913,0.00025876266216421105
김승수,0.0079449103312105,법제사법위원회,김승수,김승수,국민의힘,초선,지역구,남,Representative,0.1092543380607149,0.0008680159191881382
배현진,0.0,법제사법위원회,배현진,배현진,국민의힘,초선,지역구,여,Representative,0.0729943402727777,0.0
송언석,0.0015216465685358,법제사법위원회,송언석,송언석,국민의힘,재선,지역구,남,Representative,0.1978088158038737,0.00030099510579409454
윤두현,0.0,법제사법위원회,윤두현,윤두현,국민의힘,초선,지역구,남,Representative,0.2056082379737857,0.0
이만희,0.0001144896628084,법제사법위원회,이만희,이만희,국민의힘,재선,지역구,남,Representative,0.1771920077790279,2.0286653222964295e-05
정진석,0.0007057631390026,법제사법위원회,정진석,정진석,국민의힘,5선,지역구,남,Representative,0.0704006718058257,4.968619912157138e-05
서정숙,0.000772973197098,법제사법위원회,서정숙,서정숙,국민의힘,초선,비례대표,여,Representative,0.3409787953353209,0.00026356746957296757
박완주,0.0005052865174956,법제사법위원회,박완주,박완주,더불어민주당,3선,지역구,남,Representative,0.3781620068650885,0.00019108016349800771
홍석준,0.0028816264920916,법제사법위원회,홍석준,홍석준,국민의힘,초선,지역구,남,Representative,0.1047310895160982,0.0003017958820952054
최재형,8.967494159544995e-05,법제사법위원회,최재형,최재형,국민의힘,초선,지역구,남,Representative,0.291581396883635,2.614754473585968e-05
최형두,0.0023021617706048,법제사법위원회,최형두,최형두,국민의힘,초선,지역구,남,Representative,0.2907134521220806,0.0006692693956760028
조해진,5.107781886352555e-05,법제사법위원회,조해진,조해진,국민의힘,3선,지역구,남,Representative,0.3349213368474088,1.710705137702177e-05
김선교,0.0013710167294652,법제사법위원회,김선교,김선교,국민의힘,초선,지역구,남,Representative,0.1700647696450778,0.00023316164427604718
장제원,0.0002883749364893,법제사법위원회,장제원,장제원,국민의힘,3선,지역구,남,Representative,0.0909064879091423,2.621515267726423e-05
이철규,0.0008205888642142,법제사법위원회,이철규,이철규,국민의힘,재선,지역구,남,Representative,0.1840560451181021,0.00015103434101522098
김기현,0.0071817966393011,법제사법위원회,김기현,김기현,국민의힘,4선,지역구,남,Representative,0.3033064478180708,0.0021782852276181755
윤재옥,0.0002600763266319,법제사법위원회,윤재옥,윤재옥,국민의힘,3선,지역구,남,Representative,0.5807333195948687,0.00015103498851298266
,0.0,법제사법위원회,,,,,,,Co-Sponsor,0.0,0.0
허은아,0.0009435463544445,법제사법위원회,허은아,허은아,국민의힘,초선,비례대표,여,Representative,0.290583414125627,0.00027417892106027176
정찬민,0.0098701807797269,법제사법위원회,정찬민,정찬민,국민의힘,초선,지역구,남,Representative,0.4442721508323407,0.004385046444113299
조태용,0.0,법제사법위원회,조태용,조태용,국민의힘,초선,비례대표,남,Representative,0.1545407967786547,0.0
김진표,0.0009146210349146,법제사법위원회,김진표,김진표,더불어민주당,5선,지역구,남,Representative,0.4172834774907449,0.0003816562460353483
박완수,7.260108574587326e-05,법제사법위원회,박완수,박완수,국민의힘,재선,지역구,남,Representative,0.1899346266606008,1.3789460116296703e-05
송영길,0.0009337758941121,법제사법위원회,송영길,송영길,더불어민주당,5선,지역구,남,Representative,0.1847095725159723,0.00017247734622716582
추경호,0.0118035248312082,법제사법위원회,추경호,추경호,국민의힘,재선,지역구,남,Representative,0.0731143995543978,0.0008630076306592123
이광재,0.0,법제사법위원회,이광재,이광재,더불어민주당,3선,지역구,남,Representative,0.2037976967403526,0.0
오영훈,0.0004388885184444,법제사법위원회,오영훈,오영훈,더불어민주당,재선,지역구,남,Representative,0.671756127451087,0.00029482605153295513
김태흠,0.0,법제사법위원회,김태흠,김태흠,국민의힘,3선,지역구,남,Representative,0.0980118810479008,0.0
김은혜,0.0001276754342242,법제사법위원회,김은혜,김은혜,국민의힘,초선,지역구,여,Representative,0.162439713102269,2.0739560905586666e-05
홍준표,9.675178515620649e-05,법제사법위원회,홍준표,홍준표,국민의힘,5선,지역구,남,Representative,0.1745452207856409,1.6887561701494954e-05
권영세,0.0,법제사법위원회,권영세,권영세,국민의힘,4선,지역구,남,Representative,0.3767193328116696,0.0
이영,4.4390024347725496e-05,법제사법위원회,이영,이영,국민의힘,초선,비례대표,여,Representative,0.2206417648191584,9.794293312447564e-06
곽상도,0.0001054492532069,법제사법위원회,곽상도,곽상도,국민의힘,재선,지역구,남,Representative,0.0416731213070125,4.39439952062502e-06
이규민,0.0021823932375574,법제사법위원회,이규민,이규민,더불어민주당,초선,지역구,남,Representative,0.3923416013378649,0.0008562436575721977
이낙연,0.0,법제사법위원회,이낙연,이낙연,더불어민주당,5선,지역구,남,Representative,0.1016403584957575,0.0
정정순,0.0,법제사법위원회,정정순,정정순,더불어민주당,초선,지역구,남,Representative,0.1787183559051326,0.0
윤희숙,0.0,법제사법위원회,윤희숙,윤희숙,국민의힘,초선,지역구,여,Representative,0.28306548324025,0.0
이상직,0.0,법제사법위원회,이상직,이상직,더불어민주당,재선,지역구,남,Representative,0.1875925759171187,0.0
김진애,0.0002551686870733,법제사법위원회,김진애,김진애,열린민주당,재선,비례대표,여,Representative,1.0590950156918448,0.00027024788463996414
이원택,0.0010012611587944,국토교통위원회,이원택,이원택,더불어민주당,초선,지역구,남,Representative,0.2716912161873271,0.000272033861953983
한병도,0.0007429151732737,국토교통위원회,한병도,한병도,더불어민주당,재선,지역구,남,Representative,0.4404702338128733,0.0003272320200749979
윤준병,0.0067113232917898,국토교통위원회,윤준병,윤준병,더불어민주당,초선,지역구,남,Representative,0.4344183278979442,0.0029155218424018517
김윤덕,0.0092335961743989,국토교통위원회,김윤덕,김윤덕,더불어민주당,재선,지역구,남,Representative,0.2869485044660441,0.0026495666130871504
허영,0.011245095358693,국토교통위원회,허영,허영,더불어민주당,초선,지역구,남,Representative,0.2272084723983615,0.0025549809384225416
서삼석,0.000895682772261,국토교통위원회,서삼석,서삼석,더불어민주당,재선,지역구,남,Representative,0.2012082502190047,0.0001802187633579431
김민철,0.0109718539113461,국토교통위원회,김민철,김민철,더불어민주당,초선,지역구,남,Representative,0.2612442298812484,0.002866333525439175
신영대,0.0051025543726469,국토교통위원회,신영대,신영대,더불어민주당,초선,지역구,남,Representative,0.2397699657028943,0.0012234392869267005
허숙정,0.0,국토교통위원회,허숙정,허숙정,더불어민주당,초선,비례대표,여,Representative,1.1015877581031428,0.0
김승남,0.0029008415233059,국토교통위원회,김승남,김승남,더불어민주당,재선,지역구,남,Representative,0.2124111150114147,0.0006161709824368169
김성주,0.0005282313530313,국토교통위원회,김성주,김성주,더불어민주당,재선,지역구,남,Representative,0.3218992730272499,0.00017003728853097607
양정숙,0.0077764232024709,국토교통위원회,양정숙,양정숙,국민의힘,초선,비례대표,여,Representative,0.754948281969812,0.005870797336575589
양경숙,0.0038275050115775,국토교통위원회,양경숙,양경숙,더불어민주당,초선,비례대표,여,Representative,0.3342609954913604,0.001279385635418066
유정주,0.0013919007977421,국토교통위원회,유정주,유정주,더불어민주당,초선,비례대표,여,Representative,0.3402755762534749,0.0004736298460393645
서범수,0.0083135661275588,국토교통위원회,서범수,서범수,국민의힘,초선,지역구,남,Representative,0.2022344335941221,0.001681289336954133
최승재,0.0,국토교통위원회,최승재,최승재,국민의힘,초선,비례대표,남,Representative,0.4362396164165481,0.0
이헌승,0.0251854010399464,국토교통위원회,이헌승,이헌승,국민의힘,3선,지역구,남,Representative,0.1758853015028908,0.004429741855382192
이종성,0.0065956366397868,국토교통위원회,이종성,이종성,국민의힘,초선,비례대표,남,Representative,0.2162605302271925,0.0014263758769061917
박정하,0.0054764969676519,국토교통위원회,박정하,박정하,국민의힘,초선,지역구,남,Representative,0.2937123128515209,0.0016085145906933804
김희국,0.0047344086011359,국토교통위원회,김희국,김희국,국민의힘,재선,지역구,남,Representative,0.0800803641309325,0.0003791331647235816
엄태영,0.0152595023547475,국토교통위원회,엄태영,엄태영,국민의힘,초선,지역구,남,Representative,0.2112428656135919,0.0032234610052542154
김은희,0.0,국토교통위원회,김은희,김은희,국민의힘,초선,비례대표,여,Representative,0.273079356185924,0.0
박대수,0.0009382949465855,국토교통위원회,박대수,박대수,국민의힘,초선,비례대표,남,Representative,0.2414175298978371,0.0002265208483202944
이달곤,0.0004220649137633,국토교통위원회,이달곤,이달곤,국민의힘,재선,지역구,남,Representative,0.1697317502202084,7.163781651958623e-05
권영세,0.0020142919742119,국토교통위원회,권영세,권영세,국민의힘,4선,지역구,남,Representative,0.3767193328116696,0.0007588227286130077
정진석,0.0018458837568581,국토교통위원회,정진석,정진석,국민의힘,5선,지역구,남,Representative,0.0704006718058257,0.00012995145655827166
이명수,0.0024463639537415,국토교통위원회,이명수,이명수,국민의힘,4선,지역구,남,Representative,0.4078212172780129,0.0009976791255199109
유상범,0.0,국토교통위원회,유상범,유상범,국민의힘,초선,지역구,남,Representative,0.3489284768254078,0.0
지성호,0.0011828080073565,국토교통위원회,지성호,지성호,국민의힘,초선,비례대표,남,Representative,0.152368783397105,0.00018022301707326392
최형두,0.0049223206493217,국토교통위원회,최형두,최형두,국민의힘,초선,지역구,남,Representative,0.2907134521220806,0.0014309848284161126
구자근,0.0089413294536794,국토교통위원회,구자근,구자근,국민의힘,초선,지역구,남,Representative,0.0584340346254918,0.0005224779548942316
정동만,0.0046943957433753,국토교통위원회,정동만,정동만,국민의힘,초선,지역구,남,Representative,0.0224883277952201,0.00010556911027750969
태영호,0.0046232428450419,국토교통위원회,태영호,태영호,국민의힘,초선,지역구,남,Representative,0.1778687283130429,0.0008223303255299771
김정재,0.0025100904989811,국토교통위원회,김정재,김정재,국민의힘,재선,지역구,여,Representative,0.2574250589731167,0.0006461601947280695
서일준,0.0098520971790222,국토교통위원회,서일준,서일준,국민의힘,초선,지역구,남,Representative,0.0727597785364597,0.0007168364088653346
유경준,0.0139519984743697,국토교통위원회,유경준,유경준,국민의힘,초선,지역구,남,Representative,0.1969803900983735,0.0027482701021332556
강대식,0.0030475102440032,국토교통위원회,강대식,강대식,국민의힘,초선,지역구,남,Representative,0.1076879275224922,0.0003281800622802691
김예지,0.0152355022319817,국토교통위원회,김예지,김예지,국민의힘,초선,비례대표,여,Representative,0.5578154035188375,0.008498597825345022
김상훈,0.0065774561448008,국토교통위원회,김상훈,김상훈,국민의힘,3선,지역구,남,Representative,0.1882659368916839,0.0012383109434648857
강기윤,0.0053039787261716,국토교통위원회,강기윤,강기윤,국민의힘,재선,지역구,남,Representative,0.1051953896862757,0.0005579541089873378
윤한홍,0.0,국토교통위원회,윤한홍,윤한홍,국민의힘,재선,지역구,남,Representative,0.0633220910364272,0.0
우신구,0.0,국토교통위원회,우신구,우신구,국민의힘,초선,비례대표,남,Representative,-0.0,-0.0
김용판,0.0053415699735043,국토교통위원회,김용판,김용판,국민의힘,초선,지역구,남,Representative,0.0784323016946945,0.0004189516276852106
윤주경,0.0,국토교통위원회,윤주경,윤주경,국민의힘,초선,비례대표,여,Representative,0.4248222909210703,0.0
하영제,0.0147503324351649,국토교통위원회,하영제,하영제,국민의힘,초선,지역구,남,Representative,0.1478614433724366,0.0021810054440867498
김근태,0.0,국토교통위원회,김근태,김근태,국민의힘,초선,비례대표,남,Representative,0.6071716548713029,0.0
정운천,0.003457822242675,국토교통위원회,정운천,정운천,국민의힘,재선,비례대표,남,Representative,0.2095429101918529,0.000724562135656239
김희곤,0.0004641768034282,국토교통위원회,김희곤,김희곤,국민의힘,초선,지역구,남,Representative,0.172954273871935,8.028136198512024e-05
김영식,0.0018683795285511,국토교통위원회,김영식,김영식,국민의힘,초선,지역구,남,Representative,0.2624749295735833,0.0004904027851731748
백종헌,0.0028980245779133,국토교통위원회,백종헌,백종헌,국민의힘,초선,지역구,남,Representative,0.1748090064444665,0.0005066007971166684
김학용,0.0064305118716204,국토교통위원회,김학용,김학용,국민의힘,4선,지역구,남,Representative,0.2414249164893882,0.0015524857915899745
윤상현,0.0021660250001373,국토교통위원회,윤상현,윤상현,국민의힘,4선,지역구,남,Representative,0.6145800382735443,0.0013311957274858358
조수진,0.0005337701969089,국토교통위원회,조수진,조수진,국민의힘,초선,비례대표,여,Representative,0.1152574433846105,6.152098825061994e-05
이태규,0.0014860023318823,국토교통위원회,이태규,이태규,국민의당,재선,비례대표,남,Representative,0.7108411718546286,0.0010563116389739249
조명희,0.0014658082342389,국토교통위원회,조명희,조명희,국민의힘,초선,비례대표,여,Representative,0.2553086924045825,0.0003742335835994035
권성동,0.0,국토교통위원회,권성동,권성동,국민의힘,4선,지역구,남,Representative,0.1650123478378992,0.0
박성중,0.000741976569918,국토교통위원회,박성중,박성중,국민의힘,재선,지역구,남,Representative,0.1136597690819902,8.433288560112704e-05
안철수,0.0006175884102812,국토교통위원회,안철수,안철수,국민의힘,3선,지역구,남,Representative,0.4836184997568817,0.0002986771804474315
설훈,0.0026361958219783,국토교통위원회,설훈,설훈,더불어민주당,5선,지역구,남,Representative,0.3265334931650108,0.0008608062304175813
전주혜,0.0012266495596299,국토교통위원회,전주혜,전주혜,국민의힘,초선,비례대표,여,Representative,0.2622996745628045,0.00032174978029353023
홍문표,0.0063425552386526,국토교통위원회,홍문표,홍문표,국민의힘,4선,지역구,남,Representative,0.5476629473060372,0.0034735824954518287
윤창현,0.0102723445244234,국토교통위원회,윤창현,윤창현,국민의힘,초선,비례대표,남,Representative,0.1659560286241812,0.001704757501932661
박대출,0.0003063447693742,국토교통위원회,박대출,박대출,국민의힘,3선,지역구,남,Representative,0.1127161477762168,3.453000229525338e-05
배준영,0.005183289933933,국토교통위원회,배준영,배준영,국민의힘,초선,지역구,남,Representative,0.4029858723602732,0.002088792615722213
박덕흠,0.007824713053374,국토교통위원회,박덕흠,박덕흠,국민의힘,3선,지역구,남,Representative,0.2317213323874486,0.0018131529342772846
이용호,0.0093019720410728,국토교통위원회,이용호,이용호,국민의힘,재선,지역구,남,Representative,1.225607615821687,0.011400567775699227
김성원,0.006689409744496,국토교통위원회,김성원,김성원,국민의힘,재선,지역구,남,Representative,0.0969967354280285,0.0006488509071565543
허종식,0.0094231801290382,국토교통위원회,허종식,허종식,더불어민주당,초선,지역구,남,Representative,0.5071840623526072,0.004779286778125959
박찬대,0.0004483560782562,국토교통위원회,박찬대,박찬대,더불어민주당,재선,지역구,남,Representative,0.2786489795755955,0.00012493396369260594
김교흥,0.0064200115956738,국토교통위원회,김교흥,김교흥,더불어민주당,재선,지역구,남,Representative,0.1927891344584833,0.0012377084787433782
이성만,0.0,국토교통위원회,이성만,이성만,더불어민주당,초선,지역구,남,Representative,0.2194435071327558,0.0
서영석,0.0,국토교통위원회,서영석,서영석,더불어민주당,초선,지역구,남,Representative,0.1839691144889395,0.0
어기구,0.00166808636238,국토교통위원회,어기구,어기구,더불어민주당,재선,지역구,남,Representative,0.1048322749382438,0.00017486928816175514
김정호,0.0065400000427824,국토교통위원회,김정호,김정호,더불어민주당,재선,지역구,남,Representative,0.2475581055450652,0.0016190300208558561
배진교,0.0,국토교통위원회,배진교,배진교,정의당,초선,비례대표,남,Representative,1.622416384309617,0.0
이동주,0.0005148838784005,국토교통위원회,이동주,이동주,더불어민주당,초선,비례대표,남,Representative,0.2481459493801818,0.00012776634882624214
유동수,0.0061441888524706,국토교통위원회,유동수,유동수,더불어민주당,재선,지역구,남,Representative,0.4365284860540641,0.0026821134577992485
오기형,0.0002487571827857,국토교통위원회,오기형,오기형,더불어민주당,초선,지역구,남,Representative,0.3978628324702754,9.897123734044462e-05
이원욱,0.0028182737769143,국토교통위원회,이원욱,이원욱,더불어민주당,3선,지역구,남,Representative,0.2087926901604398,0.0005884349634905599
오영환,0.0117995415802962,국토교통위원회,오영환,오영환,더불어민주당,초선,지역구,남,Representative,0.2639159163033288,0.0031140868281231
고영인,0.0011936641511705,국토교통위원회,고영인,고영인,더불어민주당,초선,지역구,남,Representative,0.3272823183515555,0.0003906651707282229
김철민,0.0062734431833916,국토교통위원회,김철민,김철민,더불어민주당,재선,지역구,남,Representative,0.1469147406376817,0.0009216612781932091
김종민,0.0008295606288226,국토교통위원회,김종민,김종민,더불어민주당,재선,지역구,남,Representative,0.6226025996525496,0.0005164866040743546
양향자,0.0146099126931273,국토교통위원회,양향자,양향자,더불어민주당,초선,지역구,여,Representative,0.9193887826618028,0.013432189845729529
윤미향,0.0,국토교통위원회,윤미향,윤미향,더불어민주당,초선,비례대표,여,Representative,1.0539381495296805,0.0
한정애,0.0068182363197927,국토교통위원회,한정애,한정애,더불어민주당,3선,지역구,여,Representative,0.200025913945713,0.0013638239513643895
김영주,0.0005397176749341,국토교통위원회,김영주,김영주,더불어민주당,4선,지역구,여,Representative,0.3478961305037666,0.00018776569067406314
노용호,0.0,국토교통위원회,노용호,노용호,국민의힘,초선,비례대표,남,Representative,0.1923972318813689,0.0
박형수,0.0001100376975213,국토교통위원회,박형수,박형수,국민의힘,초선,지역구,남,Representative,0.1289259726016864,1.418671717578378e-05
홍석준,0.0003777024310357,국토교통위원회,홍석준,홍석준,국민의힘,초선,지역구,남,Representative,0.1047310895160982,3.955718711524781e-05
한무경,0.0015925109154449,국토교통위원회,한무경,한무경,국민의힘,초선,비례대표,여,Representative,0.1040419536269268,0.00016568794681509302
김태호,0.0023571757476437,국토교통위원회,김태호,김태호,국민의힘,3선,지역구,남,Representative,0.2550454797747435,0.0006011870194711772
장동혁,0.0001061869236798,국토교통위원회,장동혁,장동혁,국민의힘,초선,지역구,남,Representative,0.2751477089855504,2.921708877472046e-05
조오섭,0.0108544190050627,국토교통위원회,조오섭,조오섭,더불어민주당,초선,지역구,남,Representative,0.3537241914215748,0.0038394705859167784
민형배,0.0024539127714875,국토교통위원회,민형배,민형배,더불어민주당,초선,지역구,남,Representative,0.5990186631316904,0.0014699395478182235
이형석,0.0005451543652898,국토교통위원회,이형석,이형석,더불어민주당,초선,지역구,남,Representative,0.1083558993299242,5.9070691524610295e-05
송갑석,0.0016105805820366,국토교통위원회,송갑석,송갑석,더불어민주당,재선,지역구,남,Representative,0.0670810059002477,0.00010803936552642154
윤영덕,0.0,국토교통위원회,윤영덕,윤영덕,더불어민주당,초선,지역구,남,Representative,0.5936797322448536,0.0
이병훈,0.0112184391146283,국토교통위원회,이병훈,이병훈,더불어민주당,초선,지역구,남,Representative,0.1790578800414445,0.0020087499252393628
이용빈,0.0070848968067875,국토교통위원회,이용빈,이용빈,더불어민주당,초선,지역구,남,Representative,0.4600032901867735,0.0032590758417560153
김승수,0.0032016345336894,국토교통위원회,김승수,김승수,국민의힘,초선,지역구,남,Representative,0.1092543380607149,0.00034979246169056103
최영희,0.0001726831539309,국토교통위원회,최영희,최영희,국민의힘,초선,비례대표,여,Representative,0.1798744661352604,3.1061290123873635e-05
이인선,0.0,국토교통위원회,이인선,이인선,국민의힘,초선,지역구,여,Representative,0.3231681290160744,0.0
장철민,0.0069072677370891,국토교통위원회,장철민,장철민,더불어민주당,초선,지역구,남,Representative,0.1714224222163959,0.001184060566388977
김두관,0.0074617316968551,국토교통위원회,김두관,김두관,더불어민주당,재선,지역구,남,Representative,0.7087657792985883,0.005288620081038482
김병기,0.0014789764730772,국토교통위원회,김병기,김병기,더불어민주당,재선,지역구,남,Representative,0.1108729186430819,0.00016397843817452057
김주영,0.0037785341116086,국토교통위원회,김주영,김주영,더불어민주당,초선,지역구,남,Representative,0.3630556068353552,0.00137181799483815
박상혁,0.0205634249454104,국토교통위원회,박상혁,박상혁,더불어민주당,초선,지역구,남,Representative,0.1910820455968065,0.003929301303045418
이상헌,0.0040452388459646,국토교통위원회,이상헌,이상헌,더불어민주당,재선,지역구,남,Representative,0.6637862515737748,0.0026851739302834643
정일영,0.0094919054251269,국토교통위원회,정일영,정일영,더불어민주당,초선,지역구,남,Representative,0.1776389564691861,0.001686132174623749
김도읍,0.0012408261378987,국토교통위원회,김도읍,김도읍,국민의힘,3선,지역구,남,Representative,0.0057675742475114,7.156556878583572e-06
박성민,0.018989978145788,국토교통위원회,박성민,박성민,국민의힘,초선,지역구,남,Representative,0.1920963982054519,0.003647906403806121
이주환,0.0018441142023958,국토교통위원회,이주환,이주환,국민의힘,초선,지역구,남,Representative,0.0486042879937447,8.963185778660026e-05
전봉민,0.000348595268264,국토교통위원회,전봉민,전봉민,국민의힘,초선,지역구,남,Representative,0.0399499989170311,1.3926380589628963e-05
최인호,0.0042540996291834,국토교통위원회,최인호,최인호,더불어민주당,재선,지역구,남,Representative,0.1711937203769239,0.0007282751423739986
서영교,0.0049500039033845,국토교통위원회,서영교,서영교,더불어민주당,3선,지역구,여,Representative,0.4396629254011983,0.0021763331969093798
송옥주,0.0018247603174921,국토교통위원회,송옥주,송옥주,더불어민주당,재선,지역구,여,Representative,0.2621477343853833,0.00047835678302690675
신정훈,0.0091675359900837,국토교통위원회,신정훈,신정훈,더불어민주당,재선,지역구,남,Representative,0.1277927153232575,0.0011715443169964838
안규백,0.0066401662732749,국토교통위원회,안규백,안규백,더불어민주당,4선,지역구,남,Representative,0.3809557196948137,0.0025296093215286686
위성곤,0.0054012714345059,국토교통위원회,위성곤,위성곤,더불어민주당,재선,지역구,남,Representative,0.4979833092497824,0.0026897430231115674
조승래,0.0006410840084875,국토교통위원회,조승래,조승래,더불어민주당,재선,지역구,남,Representative,0.2359910708975734,0.00015129010169827415
한준호,0.0052119865505028,국토교통위원회,한준호,한준호,더불어민주당,초선,지역구,남,Representative,0.1454541395520071,0.0007581050190600182
하태경,0.0100727479373645,국토교통위원회,하태경,하태경,국민의힘,3선,지역구,남,Representative,0.5914732693738115,0.005957761154091298
맹성규,0.0174190051538928,국토교통위원회,맹성규,맹성규,더불어민주당,재선,지역구,남,Representative,0.3423921953477248,0.005964131415414688
홍정민,0.0031614470446927,국토교통위원회,홍정민,홍정민,더불어민주당,초선,지역구,여,Representative,0.1978012226072815,0.000625338090648393
강준현,0.0139470411254964,국토교통위원회,강준현,강준현,더불어민주당,초선,지역구,남,Representative,0.2442135956139989,0.00340605706143379
이학영,0.0018817752481813,국토교통위원회,이학영,이학영,더불어민주당,3선,지역구,남,Representative,0.0560092720869861,0.00010539686188194222
최혜영,0.0072177496573005,국토교통위원회,최혜영,최혜영,더불어민주당,초선,비례대표,여,Representative,0.4555600514410841,0.003288118405168683
전해철,7.281888632867641e-05,국토교통위원회,전해철,전해철,더불어민주당,3선,지역구,남,Representative,0.111134388568907,8.092682408406194e-06
이종배,0.0146111512593393,국토교통위원회,이종배,이종배,국민의힘,3선,지역구,남,Representative,0.121959560331773,0.0017819695835300524
권명호,0.0016928070219156,국토교통위원회,권명호,권명호,국민의힘,초선,지역구,남,Representative,0.101862293500913,0.0001724332057067733
김한규,0.0006075528529941,국토교통위원회,김한규,김한규,더불어민주당,초선,지역구,남,Representative,0.4606560544107763,0.00027987290010627247
홍성국,0.0026592749505423,국토교통위원회,홍성국,홍성국,더불어민주당,초선,지역구,남,Representative,0.0821632285254589,0.0002184946154734354
강훈식,0.0010301263058007,국토교통위원회,강훈식,강훈식,더불어민주당,재선,지역구,남,Representative,0.2333552597959055,0.00024038539171271874
민병덕,0.0044067389882308,국토교통위원회,민병덕,민병덕,더불어민주당,초선,지역구,남,Representative,0.534492412029025,0.0023553685510018254
박용진,0.0009480354086756,국토교통위원회,박용진,박용진,더불어민주당,재선,지역구,남,Representative,0.7438287273758981,0.000705175971542461
류성걸,0.0008765168111009,국토교통위원회,류성걸,류성걸,국민의힘,재선,지역구,남,Representative,0.0750174025505985,6.575401446072311e-05
성일종,0.0060770032657628,국토교통위원회,성일종,성일종,국민의힘,재선,지역구,남,Representative,0.2955294681309887,0.0017959335429611615
김형동,0.0049909162495026,국토교통위원회,김형동,김형동,국민의힘,초선,지역구,남,Representative,0.2200235295412783,0.0010981190088604812
이용,0.0011639171414363,국토교통위원회,이용,이용,국민의힘,초선,비례대표,남,Representative,0.0598766122576743,6.969141537784199e-05
심상정,0.0128730051453477,국토교통위원회,심상정,심상정,정의당,4선,지역구,여,Representative,1.7478349658369334,0.02249988850843747
윤영석,0.0040654692213228,국토교통위원회,윤영석,윤영석,국민의힘,3선,지역구,남,Representative,0.194206349704839,0.0007895399373104751
정우택,0.0009594243195785,국토교통위원회,정우택,정우택,국민의힘,5선,지역구,남,Representative,0.1586300083990965,0.0001521934878730349
장혜영,7.911052682205432e-05,국토교통위원회,장혜영,장혜영,정의당,초선,비례대표,여,Representative,1.7094637667725767,0.00013523657917259194
강민정,0.0018136761568407,국토교통위원회,강민정,강민정,열린민주당,초선,비례대표,여,Representative,1.3217456216851513,0.0023972185194589468
강은미,0.0,국토교통위원회,강은미,강은미,정의당,초선,비례대표,여,Representative,1.6918809491792466,0.0
정성호,0.0025269867463349,국토교통위원회,정성호,정성호,더불어민주당,4선,지역구,남,Representative,0.4625431982315658,0.001168840531538523
류호정,0.0,국토교통위원회,류호정,류호정,정의당,초선,비례대표,여,Representative,1.9138526831392957,0.0
이소영,0.0027010974675711,국토교통위원회,이소영,이소영,더불어민주당,초선,지역구,여,Representative,0.3137302400903705,0.0008474159570085729
이은주,0.0017508081286166,국토교통위원회,이은주,이은주,정의당,초선,비례대표,여,Representative,1.7394356928672845,0.0030454181502778893
박성준,0.0006703224411753,국토교통위원회,박성준,박성준,더불어민주당,초선,지역구,남,Representative,0.2002255367463627,0.00013421567057745657
주철현,0.0,국토교통위원회,주철현,주철현,더불어민주당,초선,지역구,남,Representative,0.1808273551250511,0.0
인재근,0.0007064744469126,국토교통위원회,인재근,인재근,더불어민주당,3선,지역구,여,Representative,0.2910042957726254,0.0002055870989051562
김민석,0.0006030871224088,국토교통위원회,김민석,김민석,더불어민주당,3선,지역구,남,Representative,0.5124972621164758,0.00030908049905221393
도종환,0.000234580320567,국토교통위원회,도종환,도종환,더불어민주당,3선,지역구,남,Representative,0.2721175456087874,6.38334210808146e-05
서동용,0.0011430310212032,국토교통위원회,서동용,서동용,더불어민주당,초선,지역구,남,Representative,0.3156377014497687,0.0003607836842183599
소병훈,0.0156355265030797,국토교통위원회,소병훈,소병훈,더불어민주당,재선,지역구,남,Representative,0.4495375269510719,0.00702875591677239
윤건영,0.0003338972116375,국토교통위원회,윤건영,윤건영,더불어민주당,초선,지역구,남,Representative,0.2535746445358753,8.466786675249899e-05
최종윤,0.0050657308989525,국토교통위원회,최종윤,최종윤,더불어민주당,초선,지역구,남,Representative,0.1716391861609539,0.0008694779288066044
최연숙,0.0013132513084632,국토교통위원회,최연숙,최연숙,국민의당,초선,비례대표,여,Representative,1.4543314865112702,0.0019099027276001561
김미애,0.0006605966778591,국토교통위원회,김미애,김미애,국민의힘,초선,지역구,여,Representative,0.1300450243421692,8.590731105254275e-05
이양수,0.0,국토교통위원회,이양수,이양수,국민의힘,재선,지역구,남,Representative,0.4099103257016184,0.0
임호선,0.0067875411518689,국토교통위원회,임호선,임호선,더불어민주당,초선,지역구,남,Representative,0.1630095698549976,0.0011064341635392443
안병길,0.0010326084294401,국토교통위원회,안병길,안병길,국민의힘,초선,지역구,남,Representative,0.0420092157277911,4.337907027468472e-05
조경태,0.0002679211694051,국토교통위원회,조경태,조경태,국민의힘,5선,지역구,남,Representative,0.3722224896824415,9.972628471459748e-05
주호영,0.0115148947392877,국토교통위원회,주호영,주호영,국민의힘,5선,지역구,남,Representative,0.2385724628270604,0.002747136797146228
고용진,0.0003652199815482,국토교통위원회,고용진,고용진,더불어민주당,재선,지역구,남,Representative,0.2115658202772826,7.726806497789895e-05
김용민,0.0014377634514763,국토교통위원회,김용민,김용민,더불어민주당,초선,지역구,남,Representative,0.5183906276468344,0.0007453230980184781
김홍걸,0.0008475455614574,국토교통위원회,김홍걸,김홍걸,더불어민주당,초선,비례대표,남,Representative,0.5197862075653299,0.00044054249312877017
전용기,0.0015651211517739,국토교통위원회,전용기,전용기,더불어민주당,초선,비례대표,남,Representative,0.1508910607377874,0.00023616279077431131
김경협,0.0037733423878108,국토교통위원회,김경협,김경협,더불어민주당,3선,지역구,남,Representative,0.3651315668203744,0.0013777664182110902
김경만,0.0032383959350383,국토교통위원회,김경만,김경만,더불어민주당,초선,비례대표,남,Representative,0.2607821776703825,0.0008445159440982024
기동민,0.0,국토교통위원회,기동민,기동민,더불어민주당,재선,지역구,남,Representative,0.4426922620576195,0.0
소병철,0.0004683957637442,국토교통위원회,소병철,소병철,더불어민주당,초선,지역구,남,Representative,0.1921494526414231,9.000198962300938e-05
김원이,0.0010250365983663,국토교통위원회,김원이,김원이,더불어민주당,초선,지역구,남,Representative,0.2360613447578642,0.00024197151783637554
김회재,0.0077129325637259,국토교통위원회,김회재,김회재,더불어민주당,초선,지역구,남,Representative,0.2705052594012662,0.0020863888238951476
윤재갑,0.0023207184809953,국토교통위원회,윤재갑,윤재갑,더불어민주당,초선,지역구,남,Representative,0.6854440000858673,0.001590722558686616
이개호,0.0003655686865357,국토교통위원회,이개호,이개호,더불어민주당,3선,지역구,남,Representative,0.1131561090092011,4.1366330143984135e-05
이용선,0.0032080592255545,국토교통위원회,이용선,이용선,더불어민주당,초선,지역구,남,Representative,0.5128505108380027,0.0016452548126241926
신동근,0.0032202761073085,국토교통위원회,신동근,신동근,더불어민주당,재선,지역구,남,Representative,0.1433568328564554,0.00046164858366706146
장경태,0.0069737139189637,국토교통위원회,장경태,장경태,더불어민주당,초선,지역구,남,Representative,0.403738270388732,0.00281555519582823
정태호,0.0019238956042645,국토교통위원회,정태호,정태호,더불어민주당,초선,지역구,남,Representative,0.2629825046404378,0.0005059508846762068
김영진,0.0008600493817647,국토교통위원회,김영진,김영진,더불어민주당,재선,지역구,남,Representative,0.0792247561405531,6.813720253914182e-05
유기홍,0.0002309941343501,국토교통위원회,유기홍,유기홍,더불어민주당,3선,지역구,남,Representative,0.533695852611625,0.00012328061148026087
전재수,0.0006020138860555,국토교통위원회,전재수,전재수,더불어민주당,재선,지역구,남,Representative,0.1512554413902672,9.105787605839467e-05
홍기원,0.0080330234120446,국토교통위원회,홍기원,홍기원,더불어민주당,초선,지역구,남,Representative,0.1984078664960204,0.0015938150366963514
윤두현,0.0003069559064656,국토교통위원회,윤두현,윤두현,국민의힘,초선,지역구,남,Representative,0.2056082379737857,6.311266306403818e-05
김영선,0.0003672706204324,국토교통위원회,김영선,김영선,국민의힘,5선,,여,Representative,0.2168412076010161,7.963940485093603e-05
조해진,0.0,국토교통위원회,조해진,조해진,국민의힘,3선,지역구,남,Representative,0.3349213368474088,0.0
양금희,0.0028214531833782,국토교통위원회,양금희,양금희,국민의힘,초선,지역구,여,Representative,0.1636013212186727,0.0004615934685573036
이채익,0.0020950155609892,국토교통위원회,이채익,이채익,국민의힘,3선,지역구,남,Representative,0.305886901391201,0.000640837818317335
황보승희,0.004800539275832,국토교통위원회,황보승희,황보승희,국민의힘,초선,지역구,여,Representative,0.2043416232088162,0.0009809499879011858
강민국,0.0,국토교통위원회,강민국,강민국,국민의힘,초선,지역구,남,Representative,0.153084768117913,0.0
서병수,0.0014897289152012,국토교통위원회,서병수,서병수,국민의힘,5선,지역구,남,Representative,0.3254004320021045,0.000484758432572497
박수영,0.000720482448538,국토교통위원회,박수영,박수영,국민의힘,초선,지역구,남,Representative,0.3130251150523512,0.00022552910134680714
장제원,0.0001094850929375,국토교통위원회,장제원,장제원,국민의힘,3선,지역구,남,Representative,0.0909064879091423,9.952905277354164e-06
김상희,0.001383261546762,국토교통위원회,김상희,김상희,더불어민주당,4선,지역구,여,Representative,0.5592599599039866,0.0007736027971788425
문정복,0.0103998073975071,국토교통위원회,문정복,문정복,더불어민주당,초선,지역구,여,Representative,0.5768076262279168,0.0059986882181836
박광온,0.0005077654633666,국토교통위원회,박광온,박광온,더불어민주당,3선,지역구,남,Representative,0.0636172526258988,3.2302643757699556e-05
송재호,0.0097089038447626,국토교통위원회,송재호,송재호,더불어민주당,초선,지역구,남,Representative,0.3758954363478019,0.003649532647185889
홍영표,0.0,국토교통위원회,홍영표,홍영표,더불어민주당,4선,지역구,남,Representative,0.2094480075912773,0.0
황운하,0.0,국토교통위원회,황운하,황운하,더불어민주당,초선,지역구,남,Representative,0.5488281734063343,0.0
박정,0.0015777391185599,국토교통위원회,박정,박정,더불어민주당,재선,지역구,남,Representative,0.1086038378087208,0.0001713485233365535
임이자,0.0007689744595337,국토교통위원회,임이자,임이자,국민의힘,재선,지역구,여,Representative,0.0338839582899253,2.6055898512857738e-05
조정훈,0.0037895490994096,국토교통위원회,조정훈,조정훈,시대전환,초선,비례대표,남,Representative,1.7768837528753738,0.006733588225464423
민홍철,0.0018033735342627,국토교통위원회,민홍철,민홍철,더불어민주당,3선,지역구,남,Representative,0.2010526097454781,0.0003625729554094422
박재호,0.001995990700016,국토교통위원회,박재호,박재호,더불어민주당,재선,지역구,남,Representative,0.2619622171748344,0.0005228741492365412
김민기,0.0009780649093797,국토교통위원회,김민기,김민기,더불어민주당,3선,지역구,남,Representative,0.1116766109823257,0.0001092269744002604
김성환,0.0022102149092474,국토교통위원회,김성환,김성환,더불어민주당,재선,지역구,남,Representative,0.2337158540241251,0.0005165622650916102
노웅래,0.0012634361294647,국토교통위원회,노웅래,노웅래,더불어민주당,4선,지역구,남,Representative,0.2613156957741633,0.00033015569123728394
우원식,0.0009886356273426,국토교통위원회,우원식,우원식,더불어민주당,4선,지역구,남,Representative,0.3474908272016026,0.00034354181194625545
강성희,0.0,국토교통위원회,강성희,강성희,진보당,초선,지역구,남,Representative,1.777874656814911,0.0
용혜인,0.0005629829948413,국토교통위원회,용혜인,용혜인,기본소득당,초선,비례대표,여,Representative,1.5260787063967094,0.0008591563604907564
양이원영,0.0024922179498214,국토교통위원회,양이원영,양이원영,더불어민주당,초선,비례대표,여,Representative,0.538619431256871,0.0013423570147009674
정점식,0.0003610027045781,국토교통위원회,정점식,정점식,국민의힘,재선,지역구,남,Representative,0.1256501314629642,4.5360037288723886e-05
최춘식,0.002147815382441,국토교통위원회,최춘식,최춘식,국민의힘,초선,지역구,남,Representative,0.185261782253888,0.0003979081057033357
박주민,0.0004275268093726,국토교통위원회,박주민,박주민,더불어민주당,재선,지역구,남,Representative,0.7084504412298533,0.00030288155673760986
안민석,0.0003147360156259,국토교통위원회,안민석,안민석,더불어민주당,5선,지역구,남,Representative,0.3441477269487697,0.00010831568436656596
이인영,0.0009573674362131,국토교통위원회,이인영,이인영,더불어민주당,4선,지역구,남,Representative,0.2800294833760527,0.0002680911085638105
박홍근,0.0048694448245711,국토교통위원회,박홍근,박홍근,더불어민주당,3선,지역구,남,Representative,0.2914629024230286,0.0014192625217582882
최기상,0.0006967399671995,국토교통위원회,최기상,최기상,더불어민주당,초선,지역구,남,Representative,0.2058827885501175,0.00014344676734135046
백혜련,0.0021414864158727,국토교통위원회,백혜련,백혜련,더불어민주당,재선,지역구,여,Representative,0.262002066035241,0.0005610738653450508
송석준,0.0273500579076871,국토교통위원회,송석준,송석준,국민의힘,재선,지역구,남,Representative,0.2718885877183796,0.0074361686185369456
남인순,0.0,국토교통위원회,남인순,남인순,더불어민주당,3선,지역구,여,Representative,0.5088905772697233,0.0
김영호,0.0017593439157701,국토교통위원회,김영호,김영호,더불어민주당,재선,지역구,남,Representative,0.4161281665252168,0.0007321125579567071
윤후덕,0.0006576838673228,국토교통위원회,윤후덕,윤후덕,더불어민주당,3선,지역구,남,Representative,0.1665258272005472,0.00010952135004238421
정청래,0.0015453983683918,국토교통위원회,정청래,정청래,더불어민주당,3선,지역구,남,Representative,0.0751206976802892,0.0001160914036275726
강선우,0.0018124254969319,국토교통위원회,강선우,강선우,더불어민주당,초선,지역구,여,Representative,0.2216826678477753,0.0004017833194351935
임오경,0.000433240223501,국토교통위원회,임오경,임오경,더불어민주당,초선,지역구,여,Representative,0.0586732885421386,2.541962864153479e-05
김진표,0.0014321065086526,국토교통위원회,김진표,김진표,더불어민주당,5선,지역구,남,Representative,0.4172834774907449,0.0005975943840676864
서정숙,0.0025498289070817,국토교통위원회,서정숙,서정숙,국민의힘,초선,비례대표,여,Representative,0.3409787953353209,0.000869437589047896
안호영,0.000469552493769,국토교통위원회,안호영,안호영,더불어민주당,재선,지역구,남,Representative,0.5118923685595783,0.00024036033819847005
양기대,0.0019386499581059,국토교통위원회,양기대,양기대,더불어민주당,초선,지역구,남,Representative,0.2301185334449006,0.00044611928522234767
윤영찬,0.0002224428299664,국토교통위원회,윤영찬,윤영찬,더불어민주당,초선,지역구,남,Representative,0.1950263668759664,4.338221696595533e-05
전혜숙,0.0140354969043505,국토교통위원회,전혜숙,전혜숙,더불어민주당,3선,지역구,여,Representative,0.3487897833092866,0.004895437923906574
황희,0.0034003856245112,국토교통위원회,황희,황희,더불어민주당,재선,지역구,남,Representative,0.2589890766385589,0.0008806627331071851
신현영,0.0,국토교통위원회,신현영,신현영,더불어민주당,초선,비례대표,여,Representative,0.3325126093005273,0.0
강득구,0.006010494851923,국토교통위원회,강득구,강득구,더불어민주당,초선,지역구,남,Representative,0.5445023530105706,0.0032727285896299945
김석기,0.0032679873444991,국토교통위원회,김석기,김석기,국민의힘,재선,지역구,남,Representative,0.2160995399392338,0.0007062105616734938
문진석,0.0216842568657935,국토교통위원회,문진석,문진석,더불어민주당,초선,지역구,남,Representative,0.2131284851715763,0.004621532817877921
김수흥,0.0065272177582085,국토교통위원회,김수흥,김수흥,더불어민주당,초선,지역구,남,Representative,0.5088102660790913,0.003321115404310237
김의겸,0.0,국토교통위원회,김의겸,김의겸,열린민주당,초선,비례대표,남,Representative,0.8380800716465495,0.0
박진,0.0060805750300408,국토교통위원회,박진,박진,국민의힘,4선,지역구,남,Representative,0.2849925584102457,0.001732918634416784
김태년,0.0002355884042425,국토교통위원회,김태년,김태년,더불어민주당,4선,지역구,남,Representative,0.0302627005970719,7.129541341732721e-06
정필모,0.0,국토교통위원회,정필모,정필모,더불어민주당,초선,비례대표,남,Representative,0.1873329443348586,0.0
강병원,0.0021703858468474,국토교통위원회,강병원,강병원,더불어민주당,재선,지역구,남,Representative,0.2679228198118838,0.0005814958961671587
고민정,0.0002963033918093,국토교통위원회,고민정,고민정,더불어민주당,초선,지역구,여,Representative,0.3526006355299543,0.00010447676426164023
이정문,0.0009063646286646,국토교통위원회,이정문,이정문,더불어민주당,초선,지역구,남,Representative,0.0848113999966772,7.687005306451318e-05
임종성,0.0076229392426725,국토교통위원회,임종성,임종성,더불어민주당,재선,지역구,남,Representative,0.2168072376798863,0.001652708400205429
김병주,0.0,국토교통위원회,김병주,김병주,더불어민주당,초선,비례대표,남,Representative,0.2434625119610639,0.0
이재정,0.0018072139182951,국토교통위원회,이재정,이재정,더불어민주당,재선,지역구,여,Representative,0.2573809498745986,0.000465142434917388
진성준,0.004433624106843,국토교통위원회,진성준,진성준,더불어민주당,재선,지역구,남,Representative,0.137191834935949,0.0006082570266340492
박영순,0.009939186299643,국토교통위원회,박영순,박영순,더불어민주당,초선,지역구,남,Representative,0.3793634271542586,0.0037705637777572226
변재일,0.0,국토교통위원회,변재일,변재일,더불어민주당,5선,지역구,남,Representative,0.3557301750687391,0.0
조정식,0.0003341630967836,국토교통위원회,조정식,조정식,더불어민주당,5선,지역구,남,Representative,0.0982721838798874,3.283893729299055e-05
진선미,0.0007274609313406,국토교통위원회,진선미,진선미,더불어민주당,3선,지역구,여,Representative,0.0766752551488706,5.5778252521375535e-05
김남국,0.000951791281762,국토교통위원회,김남국,김남국,더불어민주당,초선,지역구,남,Representative,0.4903679722415279,0.00046672796083479666
정춘숙,0.0,국토교통위원회,정춘숙,정춘숙,더불어민주당,재선,지역구,여,Representative,0.1638501850633351,0.0
이해식,0.0012142561903617,국토교통위원회,이해식,이해식,더불어민주당,초선,지역구,남,Representative,0.2639597631121719,0.00032051477636536266
김영배,0.0045669040260281,국토교통위원회,김영배,김영배,더불어민주당,초선,지역구,남,Representative,0.3173975912495803,0.0014495243373293294
이장섭,0.0016681767442806,국토교통위원회,이장섭,이장섭,더불어민주당,초선,지역구,남,Representative,0.2854497963072183,0.00047618071185933584
홍익표,0.0008467394907178,국토교통위원회,홍익표,홍익표,더불어민주당,3선,지역구,남,Representative,0.165353191622152,0.0001400110772627038
조은희,0.0010071789721561,국토교통위원회,조은희,조은희,국민의힘,초선,지역구,여,Representative,0.4971643551550483,0.0005007334842177119
윤호중,0.0002693289827173,국토교통위원회,윤호중,윤호중,더불어민주당,4선,지역구,남,Representative,0.1128950186454341,3.040590052562538e-05
우상호,6.392098729125073e-05,국토교통위원회,우상호,우상호,더불어민주당,4선,지역구,남,Representative,0.354889315495192,2.2684875425568836e-05
천준호,0.0075086239735123,국토교통위원회,천준호,천준호,더불어민주당,초선,지역구,남,Representative,0.3993355059681581,0.002998460153587176
임병헌,0.0,국토교통위원회,임병헌,임병헌,국민의힘,초선,지역구,남,Representative,0.2574402072023462,0.0
조응천,0.0066330217751951,국토교통위원회,조응천,조응천,더불어민주당,재선,지역구,남,Representative,0.254488173419614,0.0016880255958219264
신원식,0.0012224023622385,국토교통위원회,신원식,신원식,국민의힘,초선,비례대표,남,Representative,0.188354618593185,0.00023024513070684106
김웅,0.0,국토교통위원회,김웅,김웅,국민의힘,초선,지역구,남,Representative,0.3699621682437175,0.0
정희용,0.0026417578258207,국토교통위원회,정희용,정희용,국민의힘,초선,지역구,남,Representative,0.1013462246233544,0.00026773218201612897
박완주,0.0001395417851698,국토교통위원회,박완주,박완주,더불어민주당,3선,지역구,남,Representative,0.3781620068650885,5.276940152134861e-05
권칠승,0.0004436157334439,국토교통위원회,권칠승,권칠승,더불어민주당,재선,지역구,남,Representative,0.1859285040914948,8.248080971067562e-05
유의동,0.0014611800782024,국토교통위원회,유의동,유의동,국민의힘,3선,지역구,남,Representative,0.5050232279002433,0.000737929879637306
한기호,0.0001261909679857,국토교통위원회,한기호,한기호,국민의힘,3선,지역구,남,Representative,0.3139152323587058,3.961326703680101e-05
윤재옥,0.0638435454152263,국토교통위원회,윤재옥,윤재옥,국민의힘,3선,지역구,남,Representative,0.5807333195948687,0.03707607406369013
권은희,0.0,국토교통위원회,권은희,권은희,국민의당,3선,비례대표,여,Representative,1.4757029872866645,0.0
권인숙,0.0,국토교통위원회,권인숙,권인숙,더불어민주당,초선,비례대표,여,Representative,0.7127107829573963,0.0
김기현,0.000182102013377,국토교통위원회,김기현,김기현,국민의힘,4선,지역구,남,Representative,0.3033064478180708,5.5232714817896676e-05
김한정,9.938601217929528e-05,국토교통위원회,김한정,김한정,더불어민주당,재선,지역구,남,Representative,0.3115396476231169,3.096268321300446e-05
박범계,7.31952994934074e-05,국토교통위원회,박범계,박범계,더불어민주당,3선,지역구,남,Representative,0.3504014522294029,2.5647739238856032e-05
배현진,0.0004322663756093,국토교통위원회,배현진,배현진,국민의힘,초선,지역구,여,Representative,0.0729943402727777,3.1552998909705575e-05
송기헌,0.0030422695197355,국토교통위원회,송기헌,송기헌,더불어민주당,재선,지역구,남,Representative,0.3097590421845094,0.0009423704925003959
송언석,0.0222709547841346,국토교통위원회,송언석,송언석,국민의힘,재선,지역구,남,Representative,0.1978088158038737,0.004405391192671281
이만희,0.0001460384764379,국토교통위원회,이만희,이만희,국민의힘,재선,지역구,남,Representative,0.1771920077790279,2.5876850853021764e-05
이상민,0.0003823092768235,국토교통위원회,이상민,이상민,더불어민주당,5선,지역구,남,Representative,0.6797803799490477,0.00025988634545712447
이용우,0.0028140367162941,국토교통위원회,이용우,이용우,더불어민주당,초선,지역구,남,Representative,0.231626157115504,0.0006518045105771341
이재명,0.0,국토교통위원회,이재명,이재명,더불어민주당,초선,지역구,남,Representative,0.2018808153311869,0.0
이철규,0.0,국토교통위원회,이철규,이철규,국민의힘,재선,지역구,남,Representative,0.1840560451181021,0.0
이탄희,0.0,국토교통위원회,이탄희,이탄희,더불어민주당,초선,지역구,남,Representative,0.6201423822658652,0.0
정경희,0.0,국토교통위원회,정경희,정경희,국민의힘,초선,비례대표,여,Representative,0.3356632617736524,0.0
최강욱,0.0003391511039103,국토교통위원회,최강욱,최강욱,열린민주당,초선,비례대표,남,Representative,0.7842536920804917,0.00026598050541482726
최재형,0.0,국토교통위원회,최재형,최재형,국민의힘,초선,지역구,남,Representative,0.291581396883635,0.0
허은아,0.0,국토교통위원회,허은아,허은아,국민의힘,초선,비례대표,여,Representative,0.290583414125627,0.0
윤관석,0.0009122263368494,국토교통위원회,윤관석,윤관석,더불어민주당,3선,지역구,남,Representative,0.0726470802193504,6.627057987130252e-05
김선교,0.0023758151065638,국토교통위원회,김선교,김선교,국민의힘,초선,지역구,남,Representative,0.1700647696450778,0.00040404244881706865
정찬민,0.0030089566866719,국토교통위원회,정찬민,정찬민,국민의힘,초선,지역구,남,Representative,0.4442721508323407,0.0013367956589490785
송영길,0.0001792274774486,국토교통위원회,송영길,송영길,더불어민주당,5선,지역구,남,Representative,0.1847095725159723,3.3105030742646976e-05
이광재,0.0043481256078994,국토교통위원회,이광재,이광재,더불어민주당,3선,지역구,남,Representative,0.2037976967403526,0.0008861379840276432
박완수,0.0005282200247889,국토교통위원회,박완수,박완수,국민의힘,재선,지역구,남,Representative,0.1899346266606008,0.00010032727320293302
김태흠,0.0,국토교통위원회,김태흠,김태흠,국민의힘,3선,지역구,남,Representative,0.0980118810479008,0.0
추경호,0.0056043690329118,국토교통위원회,추경호,추경호,국민의힘,재선,지역구,남,Representative,0.0731143995543978,0.00040976007672260733
오영훈,0.0011859805889374,국토교통위원회,오영훈,오영훈,더불어민주당,재선,지역구,남,Representative,0.671756127451087,0.0007966897276567474
김은혜,0.0020076150893316,국토교통위원회,김은혜,김은혜,국민의힘,초선,지역구,여,Representative,0.162439713102269,0.0003261164191308113
,0.0,국토교통위원회,,,,,,,Co-Sponsor,0.0,0.0
이영,0.0,국토교통위원회,이영,이영,국민의힘,초선,비례대표,여,Representative,0.2206417648191584,0.0
조태용,0.0,국토교통위원회,조태용,조태용,국민의힘,초선,비례대표,남,Representative,0.1545407967786547,0.0
홍준표,0.0006477017116413,국토교통위원회,홍준표,홍준표,국민의힘,5선,지역구,남,Representative,0.1745452207856409,0.00011305323826166822
곽상도,0.0008867215816561,국토교통위원회,곽상도,곽상도,국민의힘,재선,지역구,남,Representative,0.0416731213070125,3.695245603790064e-05
정정순,0.0001330527902247,국토교통위원회,정정순,정정순,더불어민주당,초선,지역구,남,Representative,0.1787183559051326,2.3778975917548883e-05
이규민,0.0035619863840338,국토교통위원회,이규민,이규민,더불어민주당,초선,지역구,남,Representative,0.3923416013378649,0.001397515441855492
이낙연,6.140326393675202e-05,국토교통위원회,이낙연,이낙연,더불어민주당,5선,지역구,남,Representative,0.1016403584957575,6.241049759341093e-06
윤희숙,2.415662868308554e-05,국토교통위원회,윤희숙,윤희숙,국민의힘,초선,지역구,여,Representative,0.28306548324025,6.8379077716328926e-06
이상직,0.0,국토교통위원회,이상직,이상직,더불어민주당,재선,지역구,남,Representative,0.1875925759171187,0.0
김진애,6.350442677612142e-05,국토교통위원회,김진애,김진애,열린민주당,재선,비례대표,여,Representative,1.0590950156918448,6.725722187295792e-05
조명희,0.0237760373184238,보건복지위원회,조명희,조명희,국민의힘,초선,비례대표,여,Representative,0.2553086924045825,0.006070228998329336
태영호,0.002356380078199,보건복지위원회,태영호,태영호,국민의힘,초선,지역구,남,Representative,0.1778687283130429,0.0004191263279314447
김근태,0.0,보건복지위원회,김근태,김근태,국민의힘,초선,비례대표,남,Representative,0.6071716548713029,0.0
윤창현,0.0007363216769421,보건복지위원회,윤창현,윤창현,국민의힘,초선,비례대표,남,Representative,0.1659560286241812,0.00012219702129520827
박대수,0.003022885627303,보건복지위원회,박대수,박대수,국민의힘,초선,비례대표,남,Representative,0.2414175298978371,0.000729777581307164
지성호,0.0021454861487826,보건복지위원회,지성호,지성호,국민의힘,초선,비례대표,남,Representative,0.152368783397105,0.0003269051142853449
한무경,0.0020118794718093,보건복지위원회,한무경,한무경,국민의힘,초선,비례대표,여,Representative,0.1040419536269268,0.00020931987070894913
이용,0.0018509425063406,보건복지위원회,이용,이용,국민의힘,초선,비례대표,남,Representative,0.0598766122576743,0.00011082816676340397
강기윤,0.0153063990928724,보건복지위원회,강기윤,강기윤,국민의힘,재선,지역구,남,Representative,0.1051953896862757,0.001610162617268369
황보승희,0.001791506570334,보건복지위원회,황보승희,황보승희,국민의힘,초선,지역구,여,Representative,0.2043416232088162,0.0003660793605713088
김은희,0.0006210176345747,보건복지위원회,김은희,김은희,국민의힘,초선,비례대표,여,Representative,0.273079356185924,0.0001695870958297645
김승수,0.0034428386914743,보건복지위원회,김승수,김승수,국민의힘,초선,지역구,남,Representative,0.1092543380607149,0.0003761450622868425
우신구,0.0,보건복지위원회,우신구,우신구,국민의힘,초선,비례대표,남,Representative,-0.0,-0.0
정경희,0.0,보건복지위원회,정경희,정경희,국민의힘,초선,비례대표,여,Representative,0.3356632617736524,0.0
이자스민,0.0,보건복지위원회,이자스민,이자스민,정의당,재선,비례대표,여,Representative,1.419097879000165,0.0
박덕흠,0.0046430918132856,보건복지위원회,박덕흠,박덕흠,국민의힘,3선,지역구,남,Representative,0.2317213323874486,0.0010759034213717938
권명호,0.002029480475952,보건복지위원회,권명호,권명호,국민의힘,초선,지역구,남,Representative,0.101862293500913,0.00020672753589579524
노용호,0.0003121420397058,보건복지위원회,노용호,노용호,국민의힘,초선,비례대표,남,Representative,0.1923972318813689,6.0055264393200266e-05
김태호,0.0015019720586306,보건복지위원회,김태호,김태호,국민의힘,3선,지역구,남,Representative,0.2550454797747435,0.00038307118430170055
소병철,0.0017444278911964,보건복지위원회,소병철,소병철,더불어민주당,초선,지역구,남,Representative,0.1921494526414231,0.00033519086446582024
박용진,0.0011109714443455,보건복지위원회,박용진,박용진,더불어민주당,재선,지역구,남,Representative,0.7438287273758981,0.0008263724755984766
전해철,0.0002202694270761,보건복지위원회,전해철,전해철,더불어민주당,3선,지역구,남,Representative,0.111134388568907,2.4479508098525822e-05
민병덕,0.0045327463955338,보건복지위원회,민병덕,민병덕,더불어민주당,초선,지역구,남,Representative,0.534492412029025,0.0024227185540647298
한준호,0.00114536384772,보건복지위원회,한준호,한준호,더불어민주당,초선,지역구,남,Representative,0.1454541395520071,0.00016659791294408867
양경숙,0.0023999075520017,보건복지위원회,양경숙,양경숙,더불어민주당,초선,비례대표,여,Representative,0.3342609954913604,0.000802195487419322
백혜련,0.0014291143366407,보건복지위원회,백혜련,백혜련,더불어민주당,재선,지역구,여,Representative,0.262002066035241,0.00037443090880044633
허숙정,0.0,보건복지위원회,허숙정,허숙정,더불어민주당,초선,비례대표,여,Representative,1.1015877581031428,0.0
이달곤,0.0002251311000864,보건복지위원회,이달곤,이달곤,국민의힘,재선,지역구,남,Representative,0.1697317502202084,3.821189564666558e-05
김미애,0.0034681330609413,보건복지위원회,김미애,김미애,국민의힘,초선,지역구,여,Representative,0.1300450243421692,0.0004510134483319931
이종성,0.0386269515062297,보건복지위원회,이종성,이종성,국민의힘,초선,비례대표,남,Representative,0.2162605302271925,0.008353485013797285
이용호,0.0257937891081388,보건복지위원회,이용호,이용호,국민의힘,재선,지역구,남,Representative,1.225607615821687,0.031613064371833394
정운천,0.0010532229356355,보건복지위원회,정운천,정운천,국민의힘,재선,비례대표,남,Representative,0.2095429101918529,0.00022069539901386923
최영희,0.0119443919508791,보건복지위원회,최영희,최영희,국민의힘,초선,비례대표,여,Representative,0.1798744661352604,0.0021484911254746795
최재형,0.0011659434402413,보건복지위원회,최재형,최재형,국민의힘,초선,지역구,남,Representative,0.291581396883635,0.00033996741699286926
윤주경,0.0024591582083126,보건복지위원회,윤주경,윤주경,국민의힘,초선,비례대표,여,Representative,0.4248222909210703,0.0010447052237927135
백종헌,0.0174906780251059,보건복지위원회,백종헌,백종헌,국민의힘,초선,지역구,남,Representative,0.1748090064444665,0.003057528047608826
강은미,0.006883431790698,보건복지위원회,강은미,강은미,정의당,초선,비례대표,여,Representative,1.6918809491792466,0.011645947111656733
심상정,0.0001268268402459,보건복지위원회,심상정,심상정,정의당,4선,지역구,여,Representative,1.7478349658369334,0.00022167238598839886
배진교,0.0023428780050868,보건복지위원회,배진교,배진교,정의당,초선,비례대표,남,Representative,1.622416384309617,0.003801123661891455
장혜영,0.0018861908341044,보건복지위원회,장혜영,장혜영,정의당,초선,비례대표,여,Representative,1.7094637667725767,0.003224374888120016
윤미향,0.0017657089285375,보건복지위원회,윤미향,윤미향,더불어민주당,초선,비례대표,여,Representative,1.0539381495296805,0.0018609480007508476
이용빈,0.0116648872742076,보건복지위원회,이용빈,이용빈,더불어민주당,초선,지역구,남,Representative,0.4600032901867735,0.00536588652579332
조오섭,0.0039672700229679,보건복지위원회,조오섭,조오섭,더불어민주당,초선,지역구,남,Representative,0.3537241914215748,0.001403319381025373
강성희,0.0,보건복지위원회,강성희,강성희,진보당,초선,지역구,남,Representative,1.777874656814911,0.0
양향자,0.0107089513103051,보건복지위원회,양향자,양향자,더불어민주당,초선,지역구,여,Representative,0.9193887826618028,0.009845689708765924
양정숙,0.0258021734986053,보건복지위원회,양정숙,양정숙,국민의힘,초선,비례대표,여,Representative,0.754948281969812,0.019479306553859085
송갑석,0.0,보건복지위원회,송갑석,송갑석,더불어민주당,재선,지역구,남,Representative,0.0670810059002477,0.0
양경규,0.0,보건복지위원회,양경규,양경규,정의당,초선,비례대표,남,Representative,1.4186110796220983,0.0
강민정,0.0047456865344048,보건복지위원회,강민정,강민정,열린민주당,초선,비례대표,여,Representative,1.3217456216851513,0.006272590398739723
송언석,0.0003863665316472,보건복지위원회,송언석,송언석,국민의힘,재선,지역구,남,Representative,0.1978088158038737,7.642670609138252e-05
서정숙,0.018249736226586,보건복지위원회,서정숙,서정숙,국민의힘,초선,비례대표,여,Representative,0.3409787953353209,0.006222773073728659
이헌승,0.0014581131532655,보건복지위원회,이헌승,이헌승,국민의힘,3선,지역구,남,Representative,0.1758853015028908,0.0002564606715874333
장동혁,0.0009553321117263,보건복지위원회,장동혁,장동혁,국민의힘,초선,지역구,남,Representative,0.2751477089855504,0.00026285744186181934
정우택,0.0005159987423577,보건복지위원회,정우택,정우택,국민의힘,5선,지역구,남,Representative,0.1586300083990965,8.185288483412517e-05
성일종,0.0073852891890966,보건복지위원회,성일종,성일종,국민의힘,재선,지역구,남,Representative,0.2955294681309887,0.002182570586047259
최연숙,0.0585466370210755,보건복지위원회,최연숙,최연숙,국민의당,초선,비례대표,여,Representative,1.4543314865112702,0.0851462176490965
김원이,0.0228389969266259,보건복지위원회,김원이,김원이,더불어민주당,초선,지역구,남,Representative,0.2360613447578642,0.005391404327420038
윤두현,0.0013790038724917,보건복지위원회,윤두현,윤두현,국민의힘,초선,지역구,남,Representative,0.2056082379737857,0.00028353455638204547
정성호,0.0006376747038345,보건복지위원회,정성호,정성호,더불어민주당,4선,지역구,남,Representative,0.4625431982315658,0.0002949520969429761
서영석,0.0256103225654756,보건복지위원회,서영석,서영석,더불어민주당,초선,지역구,남,Representative,0.1839691144889395,0.004711508364146652
이탄희,0.001218279922924,보건복지위원회,이탄희,이탄희,더불어민주당,초선,지역구,남,Representative,0.6201423822658652,0.000755507013668764
양이원영,0.0004343469361074,보건복지위원회,양이원영,양이원영,더불어민주당,초선,비례대표,여,Representative,0.538619431256871,0.00023394769969433226
장경태,0.0030832332041658,보건복지위원회,장경태,장경태,더불어민주당,초선,지역구,남,Representative,0.403738270388732,0.0012448192410550083
윤영덕,0.0,보건복지위원회,윤영덕,윤영덕,더불어민주당,초선,지역구,남,Representative,0.5936797322448536,0.0
최기상,0.001039302739252,보건복지위원회,최기상,최기상,더불어민주당,초선,지역구,남,Representative,0.2058827885501175,0.00021397454610497742
유정주,0.0,보건복지위원회,유정주,유정주,더불어민주당,초선,비례대표,여,Representative,0.3402755762534749,0.0
최혜영,0.0468220145828728,보건복지위원회,최혜영,최혜영,더불어민주당,초선,비례대표,여,Representative,0.4555600514410841,0.021330239371948723
민형배,0.0056714175601576,보건복지위원회,민형배,민형배,더불어민주당,초선,지역구,남,Representative,0.5990186631316904,0.0033972849649471985
유의동,0.0038957138734027,보건복지위원회,유의동,유의동,국민의힘,3선,지역구,남,Representative,0.5050232279002433,0.0019674259953215913
박정하,0.0,보건복지위원회,박정하,박정하,국민의힘,초선,지역구,남,Representative,0.2937123128515209,0.0
서병수,0.0008473955953027,보건복지위원회,서병수,서병수,국민의힘,5선,지역구,남,Representative,0.3254004320021045,0.0002757428927881791
서범수,0.0006130205944021,보건복지위원회,서범수,서범수,국민의힘,초선,지역구,남,Representative,0.2022344335941221,0.00012397387269044073
임병헌,0.0004249145772947,보건복지위원회,임병헌,임병헌,국민의힘,초선,지역구,남,Representative,0.2574402072023462,0.00010939009682204492
이상민,0.0,보건복지위원회,이상민,이상민,더불어민주당,5선,지역구,남,Representative,0.6797803799490477,0.0
하태경,0.0,보건복지위원회,하태경,하태경,국민의힘,3선,지역구,남,Representative,0.5914732693738115,0.0
이태규,0.0007372430170336,보건복지위원회,이태규,이태규,국민의당,재선,비례대표,남,Representative,0.7108411718546286,0.0005240626901698061
임이자,0.0007775505746697,보건복지위원회,임이자,임이자,국민의힘,재선,지역구,여,Representative,0.0338839582899253,2.6346491240415558e-05
최형두,0.0016987020462761,보건복지위원회,최형두,최형두,국민의힘,초선,지역구,남,Representative,0.2907134521220806,0.0004938355359997673
윤영석,0.0012067187924471,보건복지위원회,윤영석,윤영석,국민의힘,3선,지역구,남,Representative,0.194206349704839,0.00023435245180138253
신현영,0.0055091777567075,보건복지위원회,신현영,신현영,더불어민주당,초선,비례대표,여,Representative,0.3325126093005273,0.0018318710709832363
이소영,0.0025683867795662,보건복지위원회,이소영,이소영,더불어민주당,초선,지역구,여,Representative,0.3137302400903705,0.0008057806009982374
이학영,0.0029599599289939,보건복지위원회,이학영,이학영,더불어민주당,3선,지역구,남,Representative,0.0560092720869861,0.0001657852010295954
정태호,0.0008461953928333,보건복지위원회,정태호,정태호,더불어민주당,초선,지역구,남,Representative,0.2629825046404378,0.00022253458382250042
강준현,0.0032332611581869,보건복지위원회,강준현,강준현,더불어민주당,초선,지역구,남,Representative,0.2442135956139989,0.0007896063329999054
서동용,0.0018494172456447,보건복지위원회,서동용,서동용,더불어민주당,초선,지역구,남,Representative,0.3156377014497687,0.0005837458084368554
정필모,0.0,보건복지위원회,정필모,정필모,더불어민주당,초선,비례대표,남,Representative,0.1873329443348586,0.0
최종윤,0.0108000313480201,보건복지위원회,최종윤,최종윤,더불어민주당,초선,지역구,남,Representative,0.1716391861609539,0.00185370859108696
이형석,0.0,보건복지위원회,이형석,이형석,더불어민주당,초선,지역구,남,Representative,0.1083558993299242,0.0
허종식,0.0146967889689552,보건복지위원회,허종식,허종식,더불어민주당,초선,지역구,남,Representative,0.5071840623526072,0.007453977132813683
안병길,0.0005786836659781,보건복지위원회,안병길,안병길,국민의힘,초선,지역구,남,Representative,0.0420092157277911,2.431004696222301e-05
박성중,0.0003601341967453,보건복지위원회,박성중,박성중,국민의힘,재선,지역구,남,Representative,0.1136597690819902,4.0932769640598825e-05
유경준,0.0015119482727852,보건복지위원회,유경준,유경준,국민의힘,초선,지역구,남,Representative,0.1969803900983735,0.00029782416058179073
송석준,0.0012227704801946,보건복지위원회,송석준,송석준,국민의힘,재선,지역구,남,Representative,0.2718885877183796,0.0003324573389638346
이인선,0.0,보건복지위원회,이인선,이인선,국민의힘,초선,지역구,여,Representative,0.3231681290160744,0.0
하영제,0.0034736661665981,보건복지위원회,하영제,하영제,국민의힘,초선,지역구,남,Representative,0.1478614433724366,0.0005136212931871938
배준영,0.0018858672065445,보건복지위원회,배준영,배준영,국민의힘,초선,지역구,남,Representative,0.4029858723602732,0.0007599778413849669
조정훈,0.0110605288106283,보건복지위원회,조정훈,조정훈,시대전환,초선,비례대표,남,Representative,1.7768837528753738,0.01965327394181541
김형동,0.0060969192200208,보건복지위원회,김형동,김형동,국민의힘,초선,지역구,남,Representative,0.2200235295412783,0.001341465686117034
엄태영,0.0069751007986692,보건복지위원회,엄태영,엄태영,국민의힘,초선,지역구,남,Representative,0.2112428656135919,0.0014734402806545353
권성동,0.0003358386226425,보건복지위원회,권성동,권성동,국민의힘,4선,지역구,남,Representative,0.1650123478378992,5.541751961688518e-05
김상훈,0.0012220015746114,보건복지위원회,김상훈,김상훈,국민의힘,3선,지역구,남,Representative,0.1882659368916839,0.0002300612713273282
홍문표,0.0022507989251197,보건복지위원회,홍문표,홍문표,국민의힘,4선,지역구,남,Representative,0.5476629473060372,0.0012326791731243154
윤한홍,0.0,보건복지위원회,윤한홍,윤한홍,국민의힘,재선,지역구,남,Representative,0.0633220910364272,0.0
유상범,0.0015187534398872,보건복지위원회,유상범,유상범,국민의힘,초선,지역구,남,Representative,0.3489284768254078,0.0005299363244531892
김희곤,0.0015244519306608,보건복지위원회,김희곤,김희곤,국민의힘,초선,지역구,남,Representative,0.172954273871935,0.00026366047672010803
김예지,0.0467754635531195,보건복지위원회,김예지,김예지,국민의힘,초선,비례대표,여,Representative,0.5578154035188375,0.02609207407666403
서일준,0.0091128000563171,보건복지위원회,서일준,서일준,국민의힘,초선,지역구,남,Representative,0.0727597785364597,0.0006630453139446695
전주혜,0.0005693853941881,보건복지위원회,전주혜,전주혜,국민의힘,초선,비례대표,여,Representative,0.2622996745628045,0.00014934960359635279
임호선,0.0057677870415774,보건복지위원회,임호선,임호선,더불어민주당,초선,지역구,남,Representative,0.1630095698549976,0.0009402044846627611
이주환,0.001944085056342,보건복지위원회,이주환,이주환,국민의힘,초선,지역구,남,Representative,0.0486042879937447,9.449086996278196e-05
전혜숙,0.0083555580313251,보건복지위원회,전혜숙,전혜숙,더불어민주당,3선,지역구,여,Representative,0.3487897833092866,0.002914333275174051
서영교,0.0043166263780692,보건복지위원회,서영교,서영교,더불어민주당,3선,지역구,여,Representative,0.4396629254011983,0.0018978605812458834
박찬대,0.0007954773458694,보건복지위원회,박찬대,박찬대,더불어민주당,재선,지역구,남,Representative,0.2786489795755955,0.00022165895070201135
신정훈,0.0013652891912182,보건복지위원회,신정훈,신정훈,더불어민주당,재선,지역구,남,Representative,0.1277927153232575,0.0001744740129472679
이병훈,0.0049252184250631,보건복지위원회,이병훈,이병훈,더불어민주당,초선,지역구,남,Representative,0.1790578800414445,0.0008818991699328607
허영,0.0063227244620672,보건복지위원회,허영,허영,더불어민주당,초선,지역구,남,Representative,0.2272084723983615,0.0014365765664220405
이인영,0.0001579685481314,보건복지위원회,이인영,이인영,더불어민주당,4선,지역구,남,Representative,0.2800294833760527,4.4235850922901056e-05
이상헌,0.0063064736612433,보건복지위원회,이상헌,이상헌,더불어민주당,재선,지역구,남,Representative,0.6637862515737748,0.00418615051224543
신영대,0.0012634185499059,보건복지위원회,신영대,신영대,더불어민주당,초선,지역구,남,Representative,0.2397699657028943,0.0003029298223793381
조수진,0.0042565017396369,보건복지위원회,조수진,조수진,국민의힘,초선,비례대표,여,Representative,0.1152574433846105,0.0004905935082726961
최춘식,0.0020274772802823,보건복지위원회,최춘식,최춘식,국민의힘,초선,지역구,남,Representative,0.185261782253888,0.00037561405442436456
김도읍,0.0017802270749409,보건복지위원회,김도읍,김도읍,국민의힘,3선,지역구,남,Representative,0.0057675742475114,1.0267591832151683e-05
박형수,0.0013164946696925,보건복지위원회,박형수,박형수,국민의힘,초선,지역구,남,Representative,0.1289259726016864,0.00016973035571504145
조경태,0.0062890321146806,보건복지위원회,조경태,조경태,국민의힘,5선,지역구,남,Representative,0.3722224896824415,0.0023409191914192428
추경호,0.000959416198249,보건복지위원회,추경호,추경호,국민의힘,재선,지역구,남,Representative,0.0731143995543978,7.014713925773873e-05
유동수,0.0010929409512587,보건복지위원회,유동수,유동수,더불어민주당,재선,지역구,남,Representative,0.4365284860540641,0.00047709985879944896
한병도,0.0027713398617448,보건복지위원회,한병도,한병도,더불어민주당,재선,지역구,남,Representative,0.4404702338128733,0.0012206927168776681
홍성국,0.0017499624794067,보건복지위원회,홍성국,홍성국,더불어민주당,초선,지역구,남,Representative,0.0821632285254589,0.00014378256710647136
김경협,0.0007826355100406,보건복지위원회,김경협,김경협,더불어민주당,3선,지역구,남,Representative,0.3651315668203744,0.0002857649300303871
이용우,0.0021024193632044,보건복지위원회,이용우,이용우,더불어민주당,초선,지역구,남,Representative,0.231626157115504,0.0004869753177442602
김주영,0.0010412032683352,보건복지위원회,김주영,김주영,더불어민주당,초선,지역구,남,Representative,0.3630556068353552,0.00037801468442439127
김용판,0.0027723860484554,보건복지위원회,김용판,김용판,국민의힘,초선,지역구,남,Representative,0.0784323016946945,0.00021744461896661585
이만희,0.0001326058910117,보건복지위원회,이만희,이만희,국민의힘,재선,지역구,남,Representative,0.1771920077790279,2.3496704071690073e-05
정동만,0.0014087673689603,보건복지위원회,정동만,정동만,국민의힘,초선,지역구,남,Representative,0.0224883277952201,3.168082238038901e-05
권영세,0.0,보건복지위원회,권영세,권영세,국민의힘,4선,지역구,남,Representative,0.3767193328116696,0.0
강훈식,0.0164961126112348,보건복지위원회,강훈식,강훈식,더불어민주당,재선,지역구,남,Representative,0.2333552597959055,0.0038494546440172093
김한규,0.001240575825579,보건복지위원회,김한규,김한규,더불어민주당,초선,지역구,남,Representative,0.4606560544107763,0.0005714787650086135
한정애,0.0081734758426714,보건복지위원회,한정애,한정애,더불어민주당,3선,지역구,여,Representative,0.200025913945713,0.0016349069755435535
기동민,0.0015161130920266,보건복지위원회,기동민,기동민,더불어민주당,재선,지역구,남,Representative,0.4426922620576195,0.0006711715342444275
서삼석,0.00053861817733,보건복지위원회,서삼석,서삼석,더불어민주당,재선,지역구,남,Representative,0.2012082502190047,0.0001083744209967189
오기형,0.0,보건복지위원회,오기형,오기형,더불어민주당,초선,지역구,남,Representative,0.3978628324702754,0.0
박재호,0.0017103834432101,보건복지위원회,박재호,박재호,더불어민주당,재선,지역구,남,Representative,0.2619622171748344,0.00044805583900244526
정춘숙,0.0102634676788301,보건복지위원회,정춘숙,정춘숙,더불어민주당,재선,지역구,여,Representative,0.1638501850633351,0.0016816710785678701
김성주,0.0073846398358513,보건복지위원회,김성주,김성주,더불어민주당,재선,지역구,남,Representative,0.3218992730272499,0.0023771101947286035
전용기,0.0073427867224649,보건복지위원회,전용기,전용기,더불어민주당,초선,비례대표,남,Representative,0.1508910607377874,0.0011079608773240702
김교흥,0.0001712455037781,보건복지위원회,김교흥,김교흥,더불어민주당,재선,지역구,남,Representative,0.1927891344584833,3.301427245328683e-05
김윤덕,0.0025647514099666,보건복지위원회,김윤덕,김윤덕,더불어민주당,재선,지역구,남,Representative,0.2869485044660441,0.0007359515814170937
문정복,0.0003016930037783,보건복지위원회,문정복,문정복,더불어민주당,초선,지역구,여,Representative,0.5768076262279168,0.00017401882535893117
김민석,0.0310925187234332,보건복지위원회,김민석,김민석,더불어민주당,3선,지역구,남,Representative,0.5124972621164758,0.015934830718064775
설훈,0.0010713924970935,보건복지위원회,설훈,설훈,더불어민주당,5선,지역구,남,Representative,0.3265334931650108,0.00034984553462672423
김회재,0.0014257714322935,보건복지위원회,김회재,김회재,더불어민주당,초선,지역구,남,Representative,0.2705052594012662,0.00038567867113946803
김홍걸,0.0145961936662176,보건복지위원회,김홍걸,김홍걸,더불어민주당,초선,비례대표,남,Representative,0.5197862075653299,0.007586900150652335
정일영,0.003365882168409,보건복지위원회,정일영,정일영,더불어민주당,초선,지역구,남,Representative,0.1776389564691861,0.000597911795994416
이명수,0.0207019070549762,보건복지위원회,이명수,이명수,국민의힘,4선,지역구,남,Representative,0.4078212172780129,0.008442676935136676
김학용,0.0004321693728054,보건복지위원회,김학용,김학용,국민의힘,4선,지역구,남,Representative,0.2414249164893882,0.00010433645473881497
김석기,0.0021003281146598,보건복지위원회,김석기,김석기,국민의힘,재선,지역구,남,Representative,0.2160995399392338,0.00045387993929942114
이채익,0.0014132280561709,보건복지위원회,이채익,이채익,국민의힘,3선,지역구,남,Representative,0.305886901391201,0.0004322879510612268
박대출,0.0010844337749439,보건복지위원회,박대출,박대출,국민의힘,3선,지역구,남,Representative,0.1127161477762168,0.00012223319763009726
류성걸,0.0010168103011418,보건복지위원회,류성걸,류성걸,국민의힘,재선,지역구,남,Representative,0.0750174025505985,7.627846767834969e-05
박성민,0.0036434988775761,보건복지위원회,박성민,박성민,국민의힘,초선,지역구,남,Representative,0.1920963982054519,0.0006999030112479756
김영주,0.0048009978561381,보건복지위원회,김영주,김영주,더불어민주당,4선,지역구,여,Representative,0.3478961305037666,0.001670248576707324
전재수,0.0008839201382986,보건복지위원회,전재수,전재수,더불어민주당,재선,지역구,남,Representative,0.1512554413902672,0.00013369773067210076
임오경,0.0006891536095887,보건복지위원회,임오경,임오경,더불어민주당,초선,지역구,여,Representative,0.0586732885421386,4.043490858525413e-05
이동주,0.0007451198805793,보건복지위원회,이동주,이동주,더불어민주당,초선,비례대표,남,Representative,0.2481459493801818,0.00018489848016839812
오영환,0.0055351124765933,보건복지위원회,오영환,오영환,더불어민주당,초선,지역구,남,Representative,0.2639159163033288,0.0014608042811021084
김영진,0.0003957084989284,보건복지위원회,김영진,김영진,더불어민주당,재선,지역구,남,Representative,0.0792247561405531,3.134990933034681e-05
김영식,0.0009067425780338,보건복지위원회,김영식,김영식,국민의힘,초선,지역구,남,Representative,0.2624749295735833,0.00023799719431079103
김영선,0.0002770275540595,보건복지위원회,김영선,김영선,국민의힘,5선,,여,Representative,0.2168412076010161,6.007098936101775e-05
김성원,0.0231054864000321,보건복지위원회,김성원,김성원,국민의힘,재선,지역구,남,Representative,0.0969967354280285,0.002241156751279824
구자근,0.0029069111574132,보건복지위원회,구자근,구자근,국민의힘,초선,지역구,남,Representative,0.0584340346254918,0.00016986254722551136
전봉민,0.0008675906750991,보건복지위원회,전봉민,전봉민,국민의힘,초선,지역구,남,Representative,0.0399499989170311,3.4660246530635326e-05
이원욱,0.0020749798762997,보건복지위원회,이원욱,이원욱,더불어민주당,3선,지역구,남,Representative,0.2087926901604398,0.000433240630401391
이성만,0.0052030092321085,보건복지위원회,이성만,이성만,더불어민주당,초선,지역구,남,Representative,0.2194435071327558,0.0011417665935379957
최인호,0.0,보건복지위원회,최인호,최인호,더불어민주당,재선,지역구,남,Representative,0.1711937203769239,0.0
박홍근,0.001335142350123,보건복지위원회,박홍근,박홍근,더불어민주당,3선,지역구,남,Representative,0.2914629024230286,0.000389144464514753
강대식,0.0012391757109153,보건복지위원회,강대식,강대식,국민의힘,초선,지역구,남,Representative,0.1076879275224922,0.00013344426414467958
소병훈,0.004189451037103,보건복지위원회,소병훈,소병훈,더불어민주당,재선,지역구,남,Representative,0.4495375269510719,0.001883315458501886
어기구,0.0006833222856498,보건복지위원회,어기구,어기구,더불어민주당,재선,지역구,남,Representative,0.1048322749382438,7.1634229720669e-05
주철현,0.0003339390885879,보건복지위원회,주철현,주철현,더불어민주당,초선,지역구,남,Representative,0.1808273551250511,6.038532216222009e-05
이개호,0.0,보건복지위원회,이개호,이개호,더불어민주당,3선,지역구,남,Representative,0.1131561090092011,0.0
김승남,0.0041130789620485,보건복지위원회,김승남,김승남,더불어민주당,재선,지역구,남,Representative,0.2124111150114147,0.0008736636884587141
김병기,0.0006577387202213,보건복지위원회,김병기,김병기,더불어민주당,재선,지역구,남,Representative,0.1108729186430819,7.2925411615501e-05
김민기,0.0013013298278621,보건복지위원회,김민기,김민기,더불어민주당,3선,지역구,남,Representative,0.1116766109823257,0.00014532810494585261
위성곤,0.0044217571921318,보건복지위원회,위성곤,위성곤,더불어민주당,재선,지역구,남,Representative,0.4979833092497824,0.0022019612792368195
고영인,0.0126732293235255,보건복지위원회,고영인,고영인,더불어민주당,초선,지역구,남,Representative,0.3272823183515555,0.004147723874004341
이용선,0.0007142721078321,보건복지위원회,이용선,이용선,더불어민주당,초선,지역구,남,Representative,0.5128505108380027,0.00036631481537902945
강민국,0.0005067926766547,보건복지위원회,강민국,강민국,국민의힘,초선,지역구,남,Representative,0.153084768117913,7.758223938954121e-05
김정재,0.0038644994831011,보건복지위원회,김정재,김정재,국민의힘,재선,지역구,여,Representative,0.2574250589731167,0.0009948190073388796
조은희,0.0057417854935568,보건복지위원회,조은희,조은희,국민의힘,초선,지역구,여,Representative,0.4971643551550483,0.002854611082342777
송옥주,0.0028164245868336,보건복지위원회,송옥주,송옥주,더불어민주당,재선,지역구,여,Representative,0.2621477343853833,0.0007383193245057175
윤재갑,0.0078223036602454,보건복지위원회,윤재갑,윤재갑,더불어민주당,초선,지역구,남,Representative,0.6854440000858673,0.005361751110764927
김웅,0.0,보건복지위원회,김웅,김웅,국민의힘,초선,지역구,남,Representative,0.3699621682437175,0.0
주호영,0.0003498143801394,보건복지위원회,주호영,주호영,국민의힘,5선,지역구,남,Representative,0.2385724628270604,8.345607820217818e-05
홍정민,0.0032085451651721,보건복지위원회,홍정민,홍정민,더불어민주당,초선,지역구,여,Representative,0.1978012226072815,0.0006346541564617234
김정호,0.0027788143838032,보건복지위원회,김정호,김정호,더불어민주당,재선,지역구,남,Representative,0.2475581055450652,0.0006879180245156978
김종민,0.0,보건복지위원회,김종민,김종민,더불어민주당,재선,지역구,남,Representative,0.6226025996525496,0.0
장철민,0.0065583095214881,보건복지위원회,장철민,장철민,더불어민주당,초선,지역구,남,Representative,0.1714224222163959,0.0011242413038183424
김두관,0.000275964255991,보건복지위원회,김두관,김두관,더불어민주당,재선,지역구,남,Representative,0.7087657792985883,0.00019559402095601624
맹성규,0.0026222894321662,보건복지위원회,맹성규,맹성규,더불어민주당,재선,지역구,남,Representative,0.3423921953477248,0.0008978514355165239
인재근,0.0113619693608617,보건복지위원회,인재근,인재근,더불어민주당,3선,지역구,여,Representative,0.2910042957726254,0.0033063818924477053
김상희,0.0139685306066257,보건복지위원회,김상희,김상희,더불어민주당,4선,지역구,여,Representative,0.5592599599039866,0.007812039866979098
노웅래,0.003114512751914,보건복지위원회,노웅래,노웅래,더불어민주당,4선,지역구,남,Representative,0.2613156957741633,0.000813871066763911
이해식,0.0093093429500854,보건복지위원회,이해식,이해식,더불어민주당,초선,지역구,남,Representative,0.2639597631121719,0.0024572919598345095
도종환,0.0007406165327238,보건복지위원회,도종환,도종환,더불어민주당,3선,지역구,남,Representative,0.2721175456087874,0.00020153475312209066
윤건영,0.0,보건복지위원회,윤건영,윤건영,더불어민주당,초선,지역구,남,Representative,0.2535746445358753,0.0
안철수,0.0001832618811887,보건복지위원회,안철수,안철수,국민의힘,3선,지역구,남,Representative,0.4836184997568817,8.862883604310299e-05
황희,0.000756823768878,보건복지위원회,황희,황희,더불어민주당,재선,지역구,남,Representative,0.2589890766385589,0.00019600908907982734
강선우,0.0171278373579888,보건복지위원회,강선우,강선우,더불어민주당,초선,지역구,여,Representative,0.2216826678477753,0.003796944679981749
박상혁,0.006611176940246,보건복지위원회,박상혁,박상혁,더불어민주당,초선,지역구,남,Representative,0.1910820455968065,0.0012632772135446418
박정,0.0009908473879673,보건복지위원회,박정,박정,더불어민주당,재선,지역구,남,Representative,0.1086038378087208,0.00010760982901599529
안규백,0.0128609238838032,보건복지위원회,안규백,안규백,더불어민주당,4선,지역구,남,Representative,0.3809557196948137,0.004899442514094466
김민철,0.0043270279731039,보건복지위원회,김민철,김민철,더불어민주당,초선,지역구,남,Representative,0.2612442298812484,0.0011304110905081476
용혜인,0.0,보건복지위원회,용혜인,용혜인,기본소득당,초선,비례대표,여,Representative,1.5260787063967094,0.0
김남국,0.001204333498625,보건복지위원회,김남국,김남국,더불어민주당,초선,지역구,남,Representative,0.4903679722415279,0.0005905665756232862
김영호,0.001520591584254,보건복지위원회,김영호,김영호,더불어민주당,재선,지역구,남,Representative,0.4161281665252168,0.0006327609879892917
김철민,0.0017206854110221,보건복지위원회,김철민,김철민,더불어민주당,재선,지역구,남,Representative,0.1469147406376817,0.0002527940508793546
박성준,0.0019387488008194,보건복지위원회,박성준,박성준,더불어민주당,초선,지역구,남,Representative,0.2002255367463627,0.00038818701926043143
권칠승,0.0029722022208988,보건복지위원회,권칠승,권칠승,더불어민주당,재선,지역구,남,Representative,0.1859285040914948,0.0005526171127891325
김성환,0.0,보건복지위원회,김성환,김성환,더불어민주당,재선,지역구,남,Representative,0.2337158540241251,0.0
조정식,0.0002360167094264,보건복지위원회,조정식,조정식,더불어민주당,5선,지역구,남,Representative,0.0982721838798874,2.3193877467477133e-05
진성준,0.0008816987515362,보건복지위원회,진성준,진성준,더불어민주당,재선,지역구,남,Representative,0.137191834935949,0.00012096186958398666
임종성,0.0008906591831818,보건복지위원회,임종성,임종성,더불어민주당,재선,지역구,남,Representative,0.2168072376798863,0.00019310135721986992
홍기원,0.0,보건복지위원회,홍기원,홍기원,더불어민주당,초선,지역구,남,Representative,0.1984078664960204,0.0
김희국,0.0,보건복지위원회,김희국,김희국,국민의힘,재선,지역구,남,Representative,0.0800803641309325,0.0
강병원,0.0066499016773185,보건복지위원회,강병원,강병원,더불어민주당,재선,지역구,남,Representative,0.2679228198118838,0.0017816604088589482
권인숙,0.0021938080874047,보건복지위원회,권인숙,권인숙,더불어민주당,초선,비례대표,여,Representative,0.7127107829573963,0.001563550679632472
홍석준,0.0031057578792277,보건복지위원회,홍석준,홍석준,국민의힘,초선,지역구,남,Representative,0.1047310895160982,0.0003252694064647236
류호정,0.0024860236472003,보건복지위원회,류호정,류호정,정의당,초선,비례대표,여,Representative,1.9138526831392957,0.004757883027542031
이은주,0.0043325725908753,보건복지위원회,이은주,이은주,정의당,초선,비례대표,여,Representative,1.7394356928672845,0.0075362314065069835
남인순,0.0187081116768325,보건복지위원회,남인순,남인순,더불어민주당,3선,지역구,여,Representative,0.5088905772697233,0.009520381750849741
박주민,0.0020422341156143,보건복지위원회,박주민,박주민,더불어민주당,재선,지역구,남,Representative,0.7084504412298533,0.00144682166030161
강득구,0.0046165823909103,보건복지위원회,강득구,강득구,더불어민주당,초선,지역구,남,Representative,0.5445023530105706,0.0025137399747178243
양기대,0.0006839997523692,보건복지위원회,양기대,양기대,더불어민주당,초선,지역구,남,Representative,0.2301185334449006,0.00015740101989187547
황운하,0.0025685603147931,보건복지위원회,황운하,황운하,더불어민주당,초선,지역구,남,Representative,0.5488281734063343,0.001409698265851896
윤후덕,0.0018045933608816,보건복지위원회,윤후덕,윤후덕,더불어민주당,3선,지역구,남,Representative,0.1665258272005472,0.000300511402181424
신동근,0.0015569531531706,보건복지위원회,신동근,신동근,더불어민주당,재선,지역구,남,Representative,0.1433568328564554,0.00022319987294440889
이양수,0.0,보건복지위원회,이양수,이양수,국민의힘,재선,지역구,남,Representative,0.4099103257016184,0.0
윤관석,0.0,보건복지위원회,윤관석,윤관석,더불어민주당,3선,지역구,남,Representative,0.0726470802193504,0.0
안호영,0.0005515322331314,보건복지위원회,안호영,안호영,더불어민주당,재선,지역구,남,Representative,0.5118923685595783,0.0002823251411545859
우원식,0.001658718787166,보건복지위원회,우원식,우원식,더불어민주당,4선,지역구,남,Representative,0.3474908272016026,0.0005763895634471524
김용민,0.0013985184640905,보건복지위원회,김용민,김용민,더불어민주당,초선,지역구,남,Representative,0.5183906276468344,0.0007249788643755612
김태년,0.0008341269936425,보건복지위원회,김태년,김태년,더불어민주당,4선,지역구,남,Representative,0.0302627005970719,2.5242935468538675e-05
이장섭,0.0004784703038336,보건복지위원회,이장섭,이장섭,더불어민주당,초선,지역구,남,Representative,0.2854497963072183,0.00013657925076835395
송재호,0.0053163135900649,보건복지위원회,송재호,송재호,더불어민주당,초선,지역구,남,Representative,0.3758954363478019,0.001998378016699195
윤준병,0.0026320305206854,보건복지위원회,윤준병,윤준병,더불어민주당,초선,지역구,남,Representative,0.4344183278979442,0.001143402297772507
윤영찬,0.0005501326965283,보건복지위원회,윤영찬,윤영찬,더불어민주당,초선,지역구,남,Representative,0.1950263668759664,0.00010729038110359292
이정문,0.0007556640385066,보건복지위원회,이정문,이정문,더불어민주당,초선,지역구,남,Representative,0.0848113999966772,6.408892503288773e-05
김영배,0.0027674347222074,보건복지위원회,김영배,김영배,더불어민주당,초선,지역구,남,Representative,0.3173975912495803,0.00087837711476908
박완주,0.0001276225222984,보건복지위원회,박완주,박완주,더불어민주당,3선,지역구,남,Representative,0.3781620068650885,4.826198915354745e-05
김경만,0.0012474284188015,보건복지위원회,김경만,김경만,더불어민주당,초선,비례대표,남,Representative,0.2607821776703825,0.00032530709954297705
김의겸,0.0,보건복지위원회,김의겸,김의겸,열린민주당,초선,비례대표,남,Representative,0.8380800716465495,0.0
문진석,0.001040522825406,보건복지위원회,문진석,문진석,더불어민주당,초선,지역구,남,Representative,0.2131284851715763,0.00022176505356522933
김병주,0.0002056339664061,보건복지위원회,김병주,김병주,더불어민주당,초선,비례대표,남,Representative,0.2434625119610639,5.0064162005746126e-05
이원택,0.0014401753654705,보건복지위원회,이원택,이원택,더불어민주당,초선,지역구,남,Representative,0.2716912161873271,0.0003912829965677084
이재정,0.0008585031319192,보건복지위원회,이재정,이재정,더불어민주당,재선,지역구,여,Representative,0.2573809498745986,0.00022096235156368152
진선미,0.0002394473636686,보건복지위원회,진선미,진선미,더불어민주당,3선,지역구,여,Representative,0.0766752551488706,1.835968770401431e-05
윤호중,0.003135325888788,보건복지위원회,윤호중,윤호중,더불어민주당,4선,지역구,남,Representative,0.1128950186454341,0.00035396267467423346
변재일,0.0003746888128098,보건복지위원회,변재일,변재일,더불어민주당,5선,지역구,남,Representative,0.3557301750687391,0.00013328811697712817
박수영,0.0012385613797427,보건복지위원회,박수영,박수영,국민의힘,초선,지역구,남,Representative,0.3130251150523512,0.0003877008183933575
홍영표,0.0,보건복지위원회,홍영표,홍영표,더불어민주당,4선,지역구,남,Representative,0.2094480075912773,0.0
조해진,0.0001076043892661,보건복지위원회,조해진,조해진,국민의힘,3선,지역구,남,Representative,0.3349213368474088,3.6039005903651176e-05
한기호,0.0005751962541274,보건복지위원회,한기호,한기호,국민의힘,3선,지역구,남,Representative,0.3139152323587058,0.00018056286576625995
정점식,0.0009987023115129,보건복지위원회,정점식,정점식,국민의힘,재선,지역구,남,Representative,0.1256501314629642,0.00012548707673396212
윤상현,0.000772158303468,보건복지위원회,윤상현,윤상현,국민의힘,4선,지역구,남,Representative,0.6145800382735443,0.0004745530796985985
고민정,0.0018216838413331,보건복지위원회,고민정,고민정,더불어민주당,초선,지역구,여,Representative,0.3526006355299543,0.0006423268801886994
양금희,0.0043227026630132,보건복지위원회,양금희,양금희,국민의힘,초선,지역구,여,Representative,0.1636013212186727,0.0007071998669044346
고용진,0.0,보건복지위원회,고용진,고용진,더불어민주당,재선,지역구,남,Representative,0.2115658202772826,0.0
김한정,0.0001445378786609,보건복지위원회,김한정,김한정,더불어민주당,재선,지역구,남,Representative,0.3115396476231169,4.502927978620962e-05
조승래,0.001374967077379,보건복지위원회,조승래,조승래,더불어민주당,재선,지역구,남,Representative,0.2359910708975734,0.0003244799530395769
권은희,0.0019358924779339,보건복지위원회,권은희,권은희,국민의당,3선,비례대표,여,Representative,1.4757029872866645,0.0028568023127528396
최승재,0.0118083268828359,보건복지위원회,최승재,최승재,국민의힘,초선,비례대표,남,Representative,0.4362396164165481,0.005151259989889547
홍익표,0.0004902683639555,보건복지위원회,홍익표,홍익표,더불어민주당,3선,지역구,남,Representative,0.165353191622152,8.106743873141276e-05
정희용,0.0078135879832803,보건복지위원회,정희용,정희용,국민의힘,초선,지역구,남,Representative,0.1013462246233544,0.0007918776428678678
최강욱,0.0003003310725191,보건복지위원회,최강욱,최강욱,열린민주당,초선,비례대표,남,Representative,0.7842536920804917,0.0002355357524695981
김수흥,0.0007426306212539,보건복지위원회,김수흥,김수흥,더불어민주당,초선,지역구,남,Representative,0.5088102660790913,0.0003778580839986777
박영순,0.0005433860242725,보건복지위원회,박영순,박영순,더불어민주당,초선,지역구,남,Representative,0.3793634271542586,0.00020614078443574274
안민석,0.0015025012694993,보건복지위원회,안민석,안민석,더불어민주당,5선,지역구,남,Representative,0.3441477269487697,0.000517082396635825
유기홍,0.0004787991535604,보건복지위원회,유기홍,유기홍,더불어민주당,3선,지역구,남,Representative,0.533695852611625,0.00025553312248914205
이철규,0.0004470782756854,보건복지위원회,이철규,이철규,국민의힘,재선,지역구,남,Representative,0.1840560451181021,8.228745928087529e-05
신원식,0.0027721644527948,보건복지위원회,신원식,신원식,국민의힘,초선,비례대표,남,Representative,0.188354618593185,0.00052214997818375
조응천,0.0001401085571436,보건복지위원회,조응천,조응천,더불어민주당,재선,지역구,남,Representative,0.254488173419614,3.565597078793238e-05
박범계,1.1398901951815124e-05,보건복지위원회,박범계,박범계,더불어민주당,3선,지역구,남,Representative,0.3504014522294029,3.994191797736595e-06
이종배,0.0057371961223403,보건복지위원회,이종배,이종배,국민의힘,3선,지역구,남,Representative,0.121959560331773,0.0006997059166177759
송기헌,0.0002880577108829,보건복지위원회,송기헌,송기헌,더불어민주당,재선,지역구,남,Representative,0.3097590421845094,8.922848061694943e-05
민홍철,0.001499987621317,보건복지위원회,민홍철,민홍철,더불어민주당,3선,지역구,남,Representative,0.2010526097454781,0.00030157642585169474
박광온,0.0012241691477644,보건복지위원회,박광온,박광온,더불어민주당,3선,지역구,남,Representative,0.0636172526258988,7.787827793015909e-05
우상호,1.999575829300918e-05,보건복지위원회,우상호,우상호,더불어민주당,4선,지역구,남,Representative,0.354889315495192,7.096280973413336e-06
허은아,0.0,보건복지위원회,허은아,허은아,국민의힘,초선,비례대표,여,Representative,0.290583414125627,0.0
정진석,0.0008389560597665,보건복지위원회,정진석,정진석,국민의힘,5선,지역구,남,Representative,0.0704006718058257,5.906307022313005e-05
배현진,0.0006717631536661,보건복지위원회,배현진,배현진,국민의힘,초선,지역구,여,Representative,0.0729943402727777,4.903490822141756e-05
김선교,0.0001607267007804,보건복지위원회,김선교,김선교,국민의힘,초선,지역구,남,Representative,0.1700647696450778,2.733394934403207e-05
김기현,0.0035774020513968,보건복지위원회,김기현,김기현,국민의힘,4선,지역구,남,Representative,0.3033064478180708,0.001085049108626243
윤재옥,0.0003498882316103,보건복지위원회,윤재옥,윤재옥,국민의힘,3선,지역구,남,Representative,0.5807333195948687,0.0002031917542302278
박병석,0.0,보건복지위원회,박병석,박병석,더불어민주당,6선,지역구,남,Representative,0.2274246766438502,0.0
박진,0.000491342901942,보건복지위원회,박진,박진,국민의힘,4선,지역구,남,Representative,0.2849925584102457,0.00014002907068116506
김진표,0.0004670282460893,보건복지위원회,김진표,김진표,더불어민주당,5선,지역구,남,Representative,0.4172834774907449,0.0001948831706145465
정찬민,0.0026821245609941,보건복지위원회,정찬민,정찬민,국민의힘,초선,지역구,남,Representative,0.4442721508323407,0.0011915932475130963
천준호,0.0002920086690271,보건복지위원회,천준호,천준호,더불어민주당,초선,지역구,남,Representative,0.3993355059681581,0.0001166094295930254
조태용,0.0011749564950931,보건복지위원회,조태용,조태용,국민의힘,초선,비례대표,남,Representative,0.1545407967786547,0.00018157871293194316
송영길,0.0,보건복지위원회,송영길,송영길,더불어민주당,5선,지역구,남,Representative,0.1847095725159723,0.0
김태흠,0.0001511773722575,보건복지위원회,김태흠,김태흠,국민의힘,3선,지역구,남,Representative,0.0980118810479008,1.481717862683631e-05
정청래,0.0007738004257712,보건복지위원회,정청래,정청래,더불어민주당,3선,지역구,남,Representative,0.0751206976802892,5.812842784923738e-05
박완수,0.0001402450496623,보건복지위원회,박완수,박완수,국민의힘,재선,지역구,남,Representative,0.1899346266606008,2.663739114860637e-05
장제원,0.0005061331012031,보건복지위원회,장제원,장제원,국민의힘,3선,지역구,남,Representative,0.0909064879091423,4.601078264493631e-05
김은혜,0.0,보건복지위원회,김은혜,김은혜,국민의힘,초선,지역구,여,Representative,0.162439713102269,0.0
이영,0.0005684754494395,보건복지위원회,이영,이영,국민의힘,초선,비례대표,여,Representative,0.2206417648191584,0.00012542942642069553
홍준표,0.001593496366279,보건복지위원회,홍준표,홍준표,국민의힘,5선,지역구,남,Representative,0.1745452207856409,0.0002781371750732845
이광재,0.0,보건복지위원회,이광재,이광재,더불어민주당,3선,지역구,남,Representative,0.2037976967403526,0.0
,0.0,보건복지위원회,,,,,,,Co-Sponsor,0.0,0.0
이규민,0.001387101666447,보건복지위원회,이규민,이규민,더불어민주당,초선,지역구,남,Representative,0.3923416013378649,0.0005442176890322369
오영훈,0.0023016675812074,보건복지위원회,오영훈,오영훈,더불어민주당,재선,지역구,남,Representative,0.671756127451087,0.0015461593010315936
이낙연,4.561731757785339e-05,보건복지위원회,이낙연,이낙연,더불어민주당,5선,지역구,남,Representative,0.1016403584957575,4.636560512227839e-06
곽상도,0.000226962542102,보건복지위원회,곽상도,곽상도,국민의힘,재선,지역구,남,Representative,0.0416731213070125,9.458237549164577e-06
윤희숙,0.0,보건복지위원회,윤희숙,윤희숙,국민의힘,초선,지역구,여,Representative,0.28306548324025,0.0
정정순,5.680422412423207e-05,보건복지위원회,정정순,정정순,더불어민주당,초선,지역구,남,Representative,0.1787183559051326,1.0151957543949427e-05
김진애,0.0,보건복지위원회,김진애,김진애,열린민주당,재선,비례대표,여,Representative,1.0590950156918448,0.0
이상직,0.0,보건복지위원회,이상직,이상직,더불어민주당,재선,지역구,남,Representative,0.1875925759171187,0.0
장혜영,0.0112896562846772,기획재정위원회,장혜영,장혜영,정의당,초선,비례대표,여,Representative,1.7094637667725767,0.01929925835797198
배진교,0.0,기획재정위원회,배진교,배진교,정의당,초선,비례대표,남,Representative,1.622416384309617,0.0
심상정,0.0012989195222682,기획재정위원회,심상정,심상정,정의당,4선,지역구,여,Representative,1.7478349658369334,0.0022702969588285654
강은미,0.0002739533878073,기획재정위원회,강은미,강은미,정의당,초선,비례대표,여,Representative,1.6918809491792466,0.00046349651779428497
용혜인,0.0023673820490883,기획재정위원회,용혜인,용혜인,기본소득당,초선,비례대표,여,Representative,1.5260787063967094,0.0036128113350194645
윤미향,0.0020552103688685,기획재정위원회,윤미향,윤미향,더불어민주당,초선,비례대표,여,Representative,1.0539381495296805,0.0021660646130594787
허숙정,0.0,기획재정위원회,허숙정,허숙정,더불어민주당,초선,비례대표,여,Representative,1.1015877581031428,0.0
이자스민,0.0,기획재정위원회,이자스민,이자스민,정의당,재선,비례대표,여,Representative,1.419097879000165,0.0
강성희,6.476168897801517e-05,기획재정위원회,강성희,강성희,진보당,초선,지역구,남,Representative,1.777874656814911,0.00011513816556654273
양경규,0.0,기획재정위원회,양경규,양경규,정의당,초선,비례대표,남,Representative,1.4186110796220983,0.0
송기헌,0.0047486126116429,기획재정위원회,송기헌,송기헌,더불어민주당,재선,지역구,남,Representative,0.3097590421845094,0.0014709256942877862
오영환,0.0045324822478605,기획재정위원회,오영환,오영환,더불어민주당,초선,지역구,남,Representative,0.2639159163033288,0.0011961942055726752
이형석,0.0018462821768429,기획재정위원회,이형석,이형석,더불어민주당,초선,지역구,남,Representative,0.1083558993299242,0.00020005556568862258
조정훈,0.0159495853699971,기획재정위원회,조정훈,조정훈,시대전환,초선,비례대표,남,Representative,1.7768837528753738,0.028340559109046606
서영석,0.0011952823182038,기획재정위원회,서영석,서영석,더불어민주당,초선,지역구,남,Representative,0.1839691144889395,0.0002198950296442399
박성준,0.0100634106894477,기획재정위원회,박성준,박성준,더불어민주당,초선,지역구,남,Representative,0.2002255367463627,0.00201495180679375
소병훈,0.0036999783667849,기획재정위원회,소병훈,소병훈,더불어민주당,재선,지역구,남,Representative,0.4495375269510719,0.00166327912477695
김영배,0.0054218101019475,기획재정위원회,김영배,김영배,더불어민주당,초선,지역구,남,Representative,0.3173975912495803,0.0017208694665707778
조오섭,0.0027279611429927,기획재정위원회,조오섭,조오섭,더불어민주당,초선,지역구,남,Representative,0.3537241914215748,0.0009649458495345677
최종윤,0.0017069927048589,기획재정위원회,최종윤,최종윤,더불어민주당,초선,지역구,남,Representative,0.1716391861609539,0.00029298683864466697
김홍걸,0.0036317054774535,기획재정위원회,김홍걸,김홍걸,더불어민주당,초선,비례대표,남,Representative,0.5197862075653299,0.0018877104171197907
박정하,0.0,기획재정위원회,박정하,박정하,국민의힘,초선,지역구,남,Representative,0.2937123128515209,0.0
배준영,0.0278575015243054,기획재정위원회,배준영,배준영,국민의힘,초선,지역구,남,Representative,0.4029858723602732,0.011226179553549853
이양수,0.000674265199411,기획재정위원회,이양수,이양수,국민의힘,재선,지역구,남,Representative,0.4099103257016184,0.0002763882674998297
김형동,0.0047723542339081,기획재정위원회,김형동,김형동,국민의힘,초선,지역구,남,Representative,0.2200235295412783,0.0010500302227657234
강대식,0.0038822511661683,기획재정위원회,강대식,강대식,국민의힘,초선,지역구,남,Representative,0.1076879275224922,0.0004180715822064427
김성원,0.0022812688652491,기획재정위원회,김성원,김성원,국민의힘,재선,지역구,남,Representative,0.0969967354280285,0.00022127563256276578
김상훈,0.0045002686297166,기획재정위원회,김상훈,김상훈,국민의힘,3선,지역구,남,Representative,0.1882659368916839,0.0008472472898378502
김태호,0.0009734125948771,기획재정위원회,김태호,김태호,국민의힘,3선,지역구,남,Representative,0.2550454797747435,0.00024826448227920805
엄태영,0.0114477516498288,기획재정위원회,엄태영,엄태영,국민의힘,초선,지역구,남,Representative,0.2112428656135919,0.00241825586334256
윤영석,0.0095402456919652,기획재정위원회,윤영석,윤영석,국민의힘,3선,지역구,남,Representative,0.194206349704839,0.0018527762911238772
유상범,0.0011272200555126,기획재정위원회,유상범,유상범,국민의힘,초선,지역구,남,Representative,0.3489284768254078,0.0003933191770170631
최춘식,0.002177235190525,기획재정위원회,최춘식,최춘식,국민의힘,초선,지역구,남,Representative,0.185261782253888,0.00040335847178254487
박진,0.0066024464416998,기획재정위원회,박진,박진,국민의힘,4선,지역구,남,Representative,0.2849925584102457,0.001881648103186649
김기현,0.0037058901045944,기획재정위원회,김기현,김기현,국민의힘,4선,지역구,남,Representative,0.3033064478180708,0.0011240203636286663
김석기,0.0052224572580764,기획재정위원회,김석기,김석기,국민의힘,재선,지역구,남,Representative,0.2160995399392338,0.0011285706108226225
구자근,0.0121666373716534,기획재정위원회,구자근,구자근,국민의힘,초선,지역구,남,Representative,0.0584340346254918,0.0007109457094509973
최재형,8.332791887949411e-05,기획재정위원회,최재형,최재형,국민의힘,초선,지역구,남,Representative,0.291581396883635,2.4296870986289113e-05
지성호,0.0011147119387185,기획재정위원회,지성호,지성호,국민의힘,초선,비례대표,남,Representative,0.152368783397105,0.0001698473019407661
김정재,0.0032554537875801,기획재정위원회,김정재,김정재,국민의힘,재선,지역구,여,Representative,0.2574250589731167,0.0008380353832520632
태영호,0.0070217734800313,기획재정위원회,태영호,태영호,국민의힘,초선,지역구,남,Representative,0.1778687283130429,0.001248953919395417
김예지,0.0246591727052643,기획재정위원회,김예지,김예지,국민의힘,초선,비례대표,여,Representative,0.5578154035188375,0.013755266373027708
이용호,0.0380592651633994,기획재정위원회,이용호,이용호,국민의힘,재선,지역구,남,Representative,1.225607615821687,0.04664572523683933
고용진,0.0158540022596766,기획재정위원회,고용진,고용진,더불어민주당,재선,지역구,남,Representative,0.2115658202772826,0.0033541649927463714
진선미,0.0006429193596001,기획재정위원회,진선미,진선미,더불어민주당,3선,지역구,여,Representative,0.0766752551488706,4.929600593748615e-05
강준현,0.0035761401852516,기획재정위원회,강준현,강준현,더불어민주당,초선,지역구,남,Representative,0.2442135956139989,0.0008733420530600053
정태호,0.0070624225175429,기획재정위원회,정태호,정태호,더불어민주당,초선,지역구,남,Representative,0.2629825046404378,0.001857293562492458
백혜련,0.0002760874443212,기획재정위원회,백혜련,백혜련,더불어민주당,재선,지역구,여,Representative,0.262002066035241,7.233548081854397e-05
정일영,0.0077760618939527,기획재정위원회,정일영,정일영,더불어민주당,초선,지역구,남,Representative,0.1776389564691861,0.0013813315202815604
오기형,4.878639148632329e-05,기획재정위원회,오기형,오기형,더불어민주당,초선,지역구,남,Representative,0.3978628324702754,1.941029190275231e-05
이원욱,0.0046674950147038,기획재정위원회,이원욱,이원욱,더불어민주당,3선,지역구,남,Representative,0.2087926901604398,0.0009745388404304478
맹성규,0.0010942362368629,기획재정위원회,맹성규,맹성규,더불어민주당,재선,지역구,남,Representative,0.3423921953477248,0.0003746579473685213
유동수,0.0069757654610673,기획재정위원회,유동수,유동수,더불어민주당,재선,지역구,남,Representative,0.4365284860540641,0.003045120335787939
김주영,0.0127425304106754,기획재정위원회,김주영,김주영,더불어민주당,초선,지역구,남,Representative,0.3630556068353552,0.0046262471108657255
윤영덕,0.0006436823436504,기획재정위원회,윤영덕,윤영덕,더불어민주당,초선,지역구,남,Representative,0.5936797322448536,0.00038214116142910935
김경협,0.0049242591367402,기획재정위원회,김경협,김경협,더불어민주당,3선,지역구,남,Representative,0.3651315668203744,0.0017980024540274935
강병원,0.005011138077865,기획재정위원회,강병원,강병원,더불어민주당,재선,지역구,남,Representative,0.2679228198118838,0.0013425982442882942
홍성국,0.0099327257665718,기획재정위원회,홍성국,홍성국,더불어민주당,초선,지역구,남,Representative,0.0821632285254589,0.0008161048170395529
최혜영,0.0111443031808779,기획재정위원회,최혜영,최혜영,더불어민주당,초선,비례대표,여,Representative,0.4555600514410841,0.005076899330355773
양경숙,0.0109777139073666,기획재정위원회,양경숙,양경숙,더불어민주당,초선,비례대표,여,Representative,0.3342609954913604,0.0036694215788957117
김태년,0.0005547248379037,기획재정위원회,김태년,김태년,더불어민주당,4선,지역구,남,Representative,0.0302627005970719,1.6787471683238915e-05
윤상현,0.0029392771008119,기획재정위원회,윤상현,윤상현,국민의힘,4선,지역구,남,Representative,0.6145800382735443,0.00180642103311353
이헌승,0.0043005908529795,기획재정위원회,이헌승,이헌승,국민의힘,3선,지역구,남,Representative,0.1758853015028908,0.0007564107188168738
윤두현,0.0044940537044423,기획재정위원회,윤두현,윤두현,국민의힘,초선,지역구,남,Representative,0.2056082379737857,0.0009240144635299456
정동만,0.000607759748735,기획재정위원회,정동만,정동만,국민의힘,초선,지역구,남,Representative,0.0224883277952201,1.3667500450293285e-05
김학용,0.0008923101997451,기획재정위원회,김학용,김학용,국민의힘,4선,지역구,남,Representative,0.2414249164893882,0.00021542591545609008
이상민,0.0028289399354829,기획재정위원회,이상민,이상민,더불어민주당,5선,지역구,남,Representative,0.6797803799490477,0.0019230578641956002
이명수,0.0089417277140699,기획재정위원회,이명수,이명수,국민의힘,4선,지역구,남,Representative,0.4078212172780129,0.0036466262809205304
성일종,0.0105148916200753,기획재정위원회,성일종,성일종,국민의힘,재선,지역구,남,Representative,0.2955294681309887,0.0031074603279358432
박대출,0.0091248298260814,기획재정위원회,박대출,박대출,국민의힘,3선,지역구,남,Representative,0.1127161477762168,0.0010285156671094218
윤한홍,0.0007203591611149,기획재정위원회,윤한홍,윤한홍,국민의힘,재선,지역구,남,Representative,0.0633220910364272,4.561464837904203e-05
김용판,0.0105532679717818,기획재정위원회,김용판,김용판,국민의힘,초선,지역구,남,Representative,0.0784323016946945,0.000827717097427747
박성민,0.0034399699736698,기획재정위원회,박성민,박성민,국민의힘,초선,지역구,남,Representative,0.1920963982054519,0.0006608058418768718
송석준,0.0006076655060392,기획재정위원회,송석준,송석준,국민의힘,재선,지역구,남,Representative,0.2718885877183796,0.00016521731624217256
정희용,0.0011546476718908,기획재정위원회,정희용,정희용,국민의힘,초선,지역구,남,Representative,0.1013462246233544,0.00011701918231627822
권명호,0.0023189730135455,기획재정위원회,권명호,권명호,국민의힘,초선,지역구,남,Representative,0.101862293500913,0.0002362159097264684
김은희,0.0,기획재정위원회,김은희,김은희,국민의힘,초선,비례대표,여,Representative,0.273079356185924,0.0
김근태,0.0,기획재정위원회,김근태,김근태,국민의힘,초선,비례대표,남,Representative,0.6071716548713029,0.0
권성동,0.0015139098298196,기획재정위원회,권성동,권성동,국민의힘,4선,지역구,남,Representative,0.1650123478378992,0.00024981381543340666
류성걸,0.0095598832917637,기획재정위원회,류성걸,류성걸,국민의힘,재선,지역구,남,Representative,0.0750174025505985,0.0007171576132349782
김미애,0.0005229727417078,기획재정위원회,김미애,김미애,국민의힘,초선,지역구,여,Representative,0.1300450243421692,6.801000292568181e-05
이인선,0.0016595790438016,기획재정위원회,이인선,이인선,국민의힘,초선,지역구,여,Representative,0.3231681290160744,0.0005363230545396488
양금희,0.004041630394516,기획재정위원회,양금희,양금희,국민의힘,초선,지역구,여,Representative,0.1636013212186727,0.000661216072420363
유경준,0.0040150410618087,기획재정위원회,유경준,유경준,국민의힘,초선,지역구,남,Representative,0.1969803900983735,0.0007908843546160655
임이자,0.0010896348254079,기획재정위원회,임이자,임이자,국민의힘,재선,지역구,여,Representative,0.0338839582899253,3.692114097537132e-05
변재일,0.0041301367110422,기획재정위원회,변재일,변재일,더불어민주당,5선,지역구,남,Representative,0.3557301750687391,0.0014692142552768684
김병기,0.0002640877293723,기획재정위원회,김병기,김병기,더불어민주당,재선,지역구,남,Representative,0.1108729186430819,2.9280177333331248e-05
조승래,0.0024626831199956,기획재정위원회,조승래,조승래,더불어민주당,재선,지역구,남,Representative,0.2359910708975734,0.000581171226769139
김영진,0.0022224542324887,기획재정위원회,김영진,김영진,더불어민주당,재선,지역구,남,Representative,0.0792247561405531,0.00017607339460245738
이원택,0.0030808296993912,기획재정위원회,이원택,이원택,더불어민주당,초선,지역구,남,Representative,0.2716912161873271,0.0008370343678936325
김정호,0.0055727731446668,기획재정위원회,김정호,김정호,더불어민주당,재선,지역구,남,Representative,0.2475581055450652,0.0013795851623261285
진성준,0.0008237734439957,기획재정위원회,진성준,진성준,더불어민주당,재선,지역구,남,Representative,0.137191834935949,0.0001130149903532763
윤창현,0.0040168782503129,기획재정위원회,윤창현,윤창현,국민의힘,초선,비례대표,남,Representative,0.1659560286241812,0.0006666251618887786
김영선,0.0003174870575581,기획재정위원회,김영선,김영선,국민의힘,5선,,여,Representative,0.2168412076010161,6.88442769585917e-05
주호영,0.0010541496662712,기획재정위원회,주호영,주호영,국민의힘,5선,지역구,남,Representative,0.2385724628270604,0.000251491082070644
박대수,0.0,기획재정위원회,박대수,박대수,국민의힘,초선,비례대표,남,Representative,0.2414175298978371,0.0
이용,0.0097853637210064,기획재정위원회,이용,이용,국민의힘,초선,비례대표,남,Representative,0.0598766122576743,0.0005859144293230132
박덕흠,0.0051563817912563,기획재정위원회,박덕흠,박덕흠,국민의힘,3선,지역구,남,Representative,0.2317213323874486,0.0011948436589682887
서병수,0.005522337810759,기획재정위원회,서병수,서병수,국민의힘,5선,지역구,남,Representative,0.3254004320021045,0.0017969711092825347
전주혜,0.0015754362987644,기획재정위원회,전주혜,전주혜,국민의힘,초선,비례대표,여,Representative,0.2622996745628045,0.0004132364284603314
한무경,0.003238271660758,기획재정위원회,한무경,한무경,국민의힘,초선,비례대표,여,Representative,0.1040419536269268,0.00033691610995997503
최연숙,0.0011656490829591,기획재정위원회,최연숙,최연숙,국민의당,초선,비례대표,여,Representative,1.4543314865112702,0.0016952401635704068
홍석준,0.001086978185055,기획재정위원회,홍석준,홍석준,국민의힘,초선,지역구,남,Representative,0.1047310895160982,0.00011384040960104116
김도읍,0.0023124717413446,기획재정위원회,김도읍,김도읍,국민의힘,3선,지역구,남,Representative,0.0057675742475114,1.3337352463476958e-05
황보승희,0.0006604128272328,기획재정위원회,황보승희,황보승희,국민의힘,초선,지역구,여,Representative,0.2043416232088162,0.00013494982910467384
박형수,0.0023051334544522,기획재정위원회,박형수,박형수,국민의힘,초선,지역구,남,Representative,0.1289259726016864,0.00029719157259193506
조수진,0.0012040319596644,기획재정위원회,조수진,조수진,국민의힘,초선,비례대표,여,Representative,0.1152574433846105,0.0001387736454242812
서범수,0.0027858381112155,기획재정위원회,서범수,서범수,국민의힘,초선,지역구,남,Representative,0.2022344335941221,0.0005633923925065856
권영세,0.0004660482312439,기획재정위원회,권영세,권영세,국민의힘,4선,지역구,남,Representative,0.3767193328116696,0.0001755693787322607
장동혁,0.0045711333859689,기획재정위원회,장동혁,장동혁,국민의힘,초선,지역구,남,Representative,0.2751477089855504,0.0012577368786167045
전봉민,0.0005068147970957,기획재정위원회,전봉민,전봉민,국민의힘,초선,지역구,남,Representative,0.0399499989170311,2.024725059510855e-05
이주환,0.0027564500315546,기획재정위원회,이주환,이주환,국민의힘,초선,지역구,남,Representative,0.0486042879937447,0.00013397529117404645
홍문표,0.0081067794899006,기획재정위원회,홍문표,홍문표,국민의힘,4선,지역구,남,Representative,0.5476629473060372,0.004439782748599096
노용호,0.0002630982424932,기획재정위원회,노용호,노용호,국민의힘,초선,비례대표,남,Representative,0.1923972318813689,5.061937356854483e-05
우신구,0.0,기획재정위원회,우신구,우신구,국민의힘,초선,비례대표,남,Representative,-0.0,-0.0
김교흥,0.0005600512017714,기획재정위원회,김교흥,김교흥,더불어민주당,재선,지역구,남,Representative,0.1927891344584833,0.00010797178644194161
김성주,0.0103174549985154,기획재정위원회,김성주,김성주,더불어민주당,재선,지역구,남,Representative,0.3218992730272499,0.0033211812635134735
전재수,0.0017669190473859,기획재정위원회,전재수,전재수,더불어민주당,재선,지역구,남,Representative,0.1512554413902672,0.00026725612041322475
문정복,0.0005347165428912,기획재정위원회,문정복,문정복,더불어민주당,초선,지역구,여,Representative,0.5768076262279168,0.0003084285798098711
송재호,0.008038091064318,기획재정위원회,송재호,송재호,더불어민주당,초선,지역구,남,Representative,0.3758954363478019,0.003021481748025182
장경태,0.0022917014238095,기획재정위원회,장경태,장경태,더불어민주당,초선,지역구,남,Representative,0.403738270388732,0.000925247569096242
정운천,0.0047911688611945,기획재정위원회,정운천,정운천,국민의힘,재선,비례대표,남,Representative,0.2095429101918529,0.0010039554663952813
안철수,0.0,기획재정위원회,안철수,안철수,국민의힘,3선,지역구,남,Representative,0.4836184997568817,0.0
유정주,0.0029743387175502,기획재정위원회,유정주,유정주,더불어민주당,초선,비례대표,여,Representative,0.3402755762534749,0.0010120948210874158
이상헌,0.0069769736382321,기획재정위원회,이상헌,이상헌,더불어민주당,재선,지역구,남,Representative,0.6637862515737748,0.0046312191786511275
임종성,0.0,기획재정위원회,임종성,임종성,더불어민주당,재선,지역구,남,Representative,0.2168072376798863,0.0
박정,0.0060962123497041,기획재정위원회,박정,박정,더불어민주당,재선,지역구,남,Representative,0.1086038378087208,0.0006620720572747847
민병덕,0.001354919519261,기획재정위원회,민병덕,민병덕,더불어민주당,초선,지역구,남,Representative,0.534492412029025,0.000724194201955019
윤재갑,0.0313083100019053,기획재정위원회,윤재갑,윤재갑,더불어민주당,초선,지역구,남,Representative,0.6854440000858673,0.021460093243634334
이용빈,0.0077980045991759,기획재정위원회,이용빈,이용빈,더불어민주당,초선,지역구,남,Representative,0.4600032901867735,0.0035871077725125058
김의겸,0.0,기획재정위원회,김의겸,김의겸,열린민주당,초선,비례대표,남,Representative,0.8380800716465495,0.0
김희곤,0.0013070479944993,기획재정위원회,김희곤,김희곤,국민의힘,초선,지역구,남,Representative,0.172954273871935,0.0002260595368043953
이종성,0.0016377594008205,기획재정위원회,이종성,이종성,국민의힘,초선,비례대표,남,Representative,0.2162605302271925,0.0003541827164060104
박성중,0.0012453104511598,기획재정위원회,박성중,박성중,국민의힘,재선,지역구,남,Representative,0.1136597690819902,0.0001415416983142119
백종헌,0.0018508512511065,기획재정위원회,백종헌,백종헌,국민의힘,초선,지역구,남,Representative,0.1748090064444665,0.00032354546828242505
이종배,0.0100929478922192,기획재정위원회,이종배,이종배,국민의힘,3선,지역구,남,Representative,0.121959560331773,0.0012309314873865487
양향자,0.0491806463620256,기획재정위원회,양향자,양향자,더불어민주당,초선,지역구,여,Representative,0.9193887826618028,0.04521613458930333
정우택,0.0018430229198574,기획재정위원회,정우택,정우택,국민의힘,5선,지역구,남,Representative,0.1586300083990965,0.0002923587412567067
박용진,0.0014576606530672,기획재정위원회,박용진,박용진,더불어민주당,재선,지역구,남,Representative,0.7438287273758981,0.001084249868516896
양이원영,0.00192175209438,기획재정위원회,양이원영,양이원영,더불어민주당,초선,비례대표,여,Representative,0.538619431256871,0.0010350930200916562
박주민,0.0002874149896487,기획재정위원회,박주민,박주민,더불어민주당,재선,지역구,남,Representative,0.7084504412298533,0.00020361927623269526
김한규,0.0,기획재정위원회,김한규,김한규,더불어민주당,초선,지역구,남,Representative,0.4606560544107763,0.0
권칠승,0.0009494720857978,기획재정위원회,권칠승,권칠승,더불어민주당,재선,지역구,남,Representative,0.1859285040914948,0.00017653392458901636
윤건영,0.00045239435607,기획재정위원회,윤건영,윤건영,더불어민주당,초선,지역구,남,Representative,0.2535746445358753,0.00011471573803048644
이탄희,0.0,기획재정위원회,이탄희,이탄희,더불어민주당,초선,지역구,남,Representative,0.6201423822658652,0.0
소병철,0.0005792637456138,기획재정위원회,소병철,소병철,더불어민주당,초선,지역구,남,Representative,0.1921494526414231,0.00011130521165471222
이은주,0.0006879939975174,기획재정위원회,이은주,이은주,정의당,초선,비례대표,여,Representative,1.7394356928672845,0.0011967213157602114
박범계,0.0005478398597325,기획재정위원회,박범계,박범계,더불어민주당,3선,지역구,남,Representative,0.3504014522294029,0.00019196388243942038
강훈식,0.005575417170666,기획재정위원회,강훈식,강훈식,더불어민주당,재선,지역구,남,Representative,0.2333552597959055,0.0013010529223313166
기동민,0.003444728837928,기획재정위원회,기동민,기동민,더불어민주당,재선,지역구,남,Representative,0.4426922620576195,0.0015249548014374613
신영대,0.0103422085060485,기획재정위원회,신영대,신영대,더불어민주당,초선,지역구,남,Representative,0.2397699657028943,0.0024797509787874306
최인호,0.003475641538643,기획재정위원회,최인호,최인호,더불어민주당,재선,지역구,남,Representative,0.1711937203769239,0.0005950080056968713
한준호,0.0014747447151532,기획재정위원회,한준호,한준호,더불어민주당,초선,지역구,남,Representative,0.1454541395520071,0.0002145077236014785
최영희,0.0,기획재정위원회,최영희,최영희,국민의힘,초선,비례대표,여,Representative,0.1798744661352604,0.0
김영식,0.0017880755371983,기획재정위원회,김영식,김영식,국민의힘,초선,지역구,남,Representative,0.2624749295735833,0.000469325000698371
박수영,0.0007490229294055,기획재정위원회,박수영,박수영,국민의힘,초선,지역구,남,Representative,0.3130251150523512,0.00023446298865400575
정경희,0.0001174408111216,기획재정위원회,정경희,정경희,국민의힘,초선,비례대표,여,Representative,0.3356632617736524,3.942056572641969e-05
이채익,0.0019816246709958,기획재정위원회,이채익,이채익,국민의힘,3선,지역구,남,Representative,0.305886901391201,0.0006061530303312634
조명희,0.0054322868524904,기획재정위원회,조명희,조명희,국민의힘,초선,비례대표,여,Representative,0.2553086924045825,0.0013869100530759292
김승수,0.0009184320533259,기획재정위원회,김승수,김승수,국민의힘,초선,지역구,남,Representative,0.1092543380607149,0.00010034268603986441
배현진,0.0004684208360029,기획재정위원회,배현진,배현진,국민의힘,초선,지역구,여,Representative,0.0729943402727777,3.4192069894054676e-05
유의동,0.0329440142031199,기획재정위원회,유의동,유의동,국민의힘,3선,지역구,남,Representative,0.5050232279002433,0.01663749239285107
하영제,0.0038417670047901,기획재정위원회,하영제,하영제,국민의힘,초선,지역구,남,Representative,0.1478614433724366,0.0005680492144288667
하태경,0.0033549481545347,기획재정위원회,하태경,하태경,국민의힘,3선,지역구,남,Representative,0.5914732693738115,0.0019843621535422743
고민정,0.0015681290544711,기획재정위원회,고민정,고민정,더불어민주당,초선,지역구,여,Representative,0.3526006355299543,0.0005529233011994962
류호정,0.0013081406082059,기획재정위원회,류호정,류호정,정의당,초선,비례대표,여,Representative,1.9138526831392957,0.002503588412938332
양정숙,0.0088867641145309,기획재정위원회,양정숙,양정숙,국민의힘,초선,비례대표,여,Representative,0.754948281969812,0.006709047300536081
황희,0.0005077926032666,기획재정위원회,황희,황희,더불어민주당,재선,지역구,남,Representative,0.2589890766385589,0.00013151273744390683
강선우,0.0028901761438925,기획재정위원회,강선우,강선우,더불어민주당,초선,지역구,여,Representative,0.2216826678477753,0.000640701958128085
김종민,0.0003252704853529,기획재정위원회,김종민,김종민,더불어민주당,재선,지역구,남,Representative,0.6226025996525496,0.00020251424977096212
박상혁,0.0054874814373529,기획재정위원회,박상혁,박상혁,더불어민주당,초선,지역구,남,Representative,0.1910820455968065,0.001048559178223896
안규백,0.002386476444469,기획재정위원회,안규백,안규백,더불어민주당,4선,지역구,남,Representative,0.3809557196948137,0.0009091418514374079
어기구,0.0053798668996202,기획재정위원회,어기구,어기구,더불어민주당,재선,지역구,남,Representative,0.1048322749382438,0.0005639836859521421
이용선,0.0025169477571773,기획재정위원회,이용선,이용선,더불어민주당,초선,지역구,남,Representative,0.5128505108380027,0.0012908179430209433
전해철,0.0001553472704983,기획재정위원회,전해철,전해철,더불어민주당,3선,지역구,남,Representative,0.111134388568907,1.7264423922677174e-05
강기윤,0.0009497159161176,기획재정위원회,강기윤,강기윤,국민의힘,재선,지역구,남,Representative,0.1051953896862757,9.990573588724926e-05
최형두,0.0036817723283566,기획재정위원회,최형두,최형두,국민의힘,초선,지역구,남,Representative,0.2907134521220806,0.0010703407435040976
이만희,0.0002127106538398,기획재정위원회,이만희,이만희,국민의힘,재선,지역구,남,Representative,0.1771920077790279,3.769062782986396e-05
안병길,0.0018701760731531,기획재정위원회,안병길,안병길,국민의힘,초선,지역구,남,Representative,0.0420092157277911,7.856463010604181e-05
김경만,0.0137288504198595,기획재정위원회,김경만,김경만,더불어민주당,초선,비례대표,남,Representative,0.2607821776703825,0.0035802395094019055
허종식,0.0,기획재정위원회,허종식,허종식,더불어민주당,초선,지역구,남,Representative,0.5071840623526072,0.0
김윤덕,0.0020624685804165,기획재정위원회,김윤덕,김윤덕,더불어민주당,재선,지역구,남,Representative,0.2869485044660441,0.0005918222746587197
장철민,0.0025806361218241,기획재정위원회,장철민,장철민,더불어민주당,초선,지역구,남,Representative,0.1714224222163959,0.00044237889486221335
김남국,0.0015540322157132,기획재정위원회,김남국,김남국,더불어민주당,초선,지역구,남,Representative,0.4903679722415279,0.0007620476264172905
허영,0.0154538520043382,기획재정위원회,허영,허영,더불어민주당,초선,지역구,남,Representative,0.2272084723983615,0.0035112461065760396
홍기원,0.0019478480563277,기획재정위원회,홍기원,홍기원,더불어민주당,초선,지역구,남,Representative,0.1984078664960204,0.0003864683771143991
민형배,0.0069155633318592,기획재정위원회,민형배,민형배,더불어민주당,초선,지역구,남,Representative,0.5990186631316904,0.004142551501852837
김민기,0.0010023441330411,기획재정위원회,김민기,김민기,더불어민주당,3선,지역구,남,Representative,0.1116766109823257,0.00011193839581604743
김희국,0.0,기획재정위원회,김희국,김희국,국민의힘,재선,지역구,남,Representative,0.0800803641309325,0.0
이태규,0.0017883108682276,기획재정위원회,이태규,이태규,국민의당,재선,비례대표,남,Representative,0.7108411718546286,0.0012712049932112755
조해진,0.0027083780615668,기획재정위원회,조해진,조해진,국민의힘,3선,지역구,남,Representative,0.3349213368474088,0.0009070936010681463
서삼석,0.0045553566706482,기획재정위원회,서삼석,서삼석,더불어민주당,재선,지역구,남,Representative,0.2012082502190047,0.0009165753448245953
김상희,0.0,기획재정위원회,김상희,김상희,더불어민주당,4선,지역구,여,Representative,0.5592599599039866,0.0
남인순,0.002079332321981,기획재정위원회,남인순,남인순,더불어민주당,3선,지역구,여,Representative,0.5088905772697233,0.0010581526256685054
고영인,0.0019809323184589,기획재정위원회,고영인,고영인,더불어민주당,초선,지역구,남,Representative,0.3272823183515555,0.0006483241216827506
김철민,0.0021140018018344,기획재정위원회,김철민,김철민,더불어민주당,재선,지역구,남,Representative,0.1469147406376817,0.00031057802642409267
송옥주,0.0024939072530929,기획재정위원회,송옥주,송옥주,더불어민주당,재선,지역구,여,Representative,0.2621477343853833,0.0006537721361655784
신현영,0.0011540701646625,기획재정위원회,신현영,신현영,더불어민주당,초선,비례대표,여,Representative,0.3325126093005273,0.0003837428817678171
위성곤,0.007303466797929,기획재정위원회,위성곤,위성곤,더불어민주당,재선,지역구,남,Representative,0.4979833092497824,0.0036370045650285956
이병훈,0.0110745163727835,기획재정위원회,이병훈,이병훈,더불어민주당,초선,지역구,남,Representative,0.1790578800414445,0.0019829794241948808
강민정,0.0036470637327017,기획재정위원회,강민정,강민정,열린민주당,초선,비례대표,여,Representative,1.3217456216851513,0.004820490520705177
김용민,0.0007779484276143,기획재정위원회,김용민,김용민,더불어민주당,초선,지역구,남,Representative,0.5183906276468344,0.0004032811736678449
신정훈,0.0123781406374185,기획재정위원회,신정훈,신정훈,더불어민주당,재선,지역구,남,Representative,0.1277927153232575,0.0015818362027088674
윤준병,0.0056714679621463,기획재정위원회,윤준병,윤준병,더불어민주당,초선,지역구,남,Representative,0.4344183278979442,0.0024637896288423567
윤주경,0.0015212318919116,기획재정위원회,윤주경,윤주경,국민의힘,초선,비례대표,여,Representative,0.4248222909210703,0.00064625321734408
강민국,0.0,기획재정위원회,강민국,강민국,국민의힘,초선,지역구,남,Representative,0.153084768117913,0.0
이달곤,0.0009593914899366,기획재정위원회,이달곤,이달곤,국민의힘,재선,지역구,남,Representative,0.1697317502202084,0.00016283919673331255
한기호,0.0108706295223534,기획재정위원회,한기호,한기호,국민의힘,3선,지역구,남,Representative,0.3139152323587058,0.0034124561923949744
정진석,0.0012047811947315,기획재정위원회,정진석,정진석,국민의힘,5선,지역구,남,Representative,0.0704006718058257,8.481740548812291e-05
조은희,0.0,기획재정위원회,조은희,조은희,국민의힘,초선,지역구,여,Representative,0.4971643551550483,0.0
박영순,0.002465995047038,기획재정위원회,박영순,박영순,더불어민주당,초선,지역구,남,Representative,0.3793634271542586,0.0009355083323897628
박홍근,0.0051126807680529,기획재정위원회,박홍근,박홍근,더불어민주당,3선,지역구,남,Representative,0.2914629024230286,0.0014901567758190972
우원식,0.0023933777730151,기획재정위원회,우원식,우원식,더불어민주당,4선,지역구,남,Representative,0.3474908272016026,0.0008316768221509467
도종환,0.0019062315593276,기획재정위원회,도종환,도종환,더불어민주당,3선,지역구,남,Representative,0.2721175456087874,0.0005187190532862382
박완주,0.000963050132913,기획재정위원회,박완주,박완주,더불어민주당,3선,지역구,남,Representative,0.3781620068650885,0.0003641889709740703
이소영,0.0008470937439385,기획재정위원회,이소영,이소영,더불어민주당,초선,지역구,여,Representative,0.3137302400903705,0.0002657589236648764
김민석,0.0055831700351678,기획재정위원회,김민석,김민석,더불어민주당,3선,지역구,남,Representative,0.5124972621164758,0.0028613593569542456
김성환,0.0017547927028799,기획재정위원회,김성환,김성환,더불어민주당,재선,지역구,남,Representative,0.2337158540241251,0.00041012287518887863
김수흥,0.0159191863375785,기획재정위원회,김수흥,김수흥,더불어민주당,초선,지역구,남,Representative,0.5088102660790913,0.008099845436185952
김한정,0.000352232123996,기획재정위원회,김한정,김한정,더불어민주당,재선,지역구,남,Representative,0.3115396476231169,0.00010973427179125587
박찬대,0.0003528033508826,기획재정위원회,박찬대,박찬대,더불어민주당,재선,지역구,남,Representative,0.2786489795755955,9.830829371428725e-05
안호영,0.001087165659903,기획재정위원회,안호영,안호영,더불어민주당,재선,지역구,남,Representative,0.5118923685595783,0.0005565118046643837
윤후덕,0.0030161451588821,기획재정위원회,윤후덕,윤후덕,더불어민주당,3선,지역구,남,Representative,0.1665258272005472,0.0005022660675397676
이개호,0.0007290154917499,기획재정위원회,이개호,이개호,더불어민주당,3선,지역구,남,Representative,0.1131561090092011,8.249255645384803e-05
이동주,0.0012446272325105,기획재정위원회,이동주,이동주,더불어민주당,초선,비례대표,남,Representative,0.2481459493801818,0.00030884920623574635
이재명,2.889185601973508e-06,기획재정위원회,이재명,이재명,더불어민주당,초선,지역구,남,Representative,0.2018808153311869,5.832711449695379e-07
인재근,0.0,기획재정위원회,인재근,인재근,더불어민주당,3선,지역구,여,Representative,0.2910042957726254,0.0
임호선,0.0075565351479199,기획재정위원회,임호선,임호선,더불어민주당,초선,지역구,남,Representative,0.1630095698549976,0.0012317875440565934
전용기,0.007304190815996,기획재정위원회,전용기,전용기,더불어민주당,초선,비례대표,남,Representative,0.1508910607377874,0.0011021371000568415
정성호,0.0130057111211659,기획재정위원회,정성호,정성호,더불어민주당,4선,지역구,남,Representative,0.4625431982315658,0.006015703217259919
정춘숙,0.0008760843722136,기획재정위원회,정춘숙,정춘숙,더불어민주당,재선,지역구,여,Representative,0.1638501850633351,0.0001435465865182941
조정식,0.0015738193777603,기획재정위원회,조정식,조정식,더불어민주당,5선,지역구,남,Representative,0.0982721838798874,0.00015466266728499017
주철현,0.0004176966816759,기획재정위원회,주철현,주철현,더불어민주당,초선,지역구,남,Representative,0.1808273551250511,7.55309861919634e-05
천준호,0.0003559722574406,기획재정위원회,천준호,천준호,더불어민주당,초선,지역구,남,Representative,0.3993355059681581,0.00014215236153566942
최기상,0.0,기획재정위원회,최기상,최기상,더불어민주당,초선,지역구,남,Representative,0.2058827885501175,0.0
한병도,0.0096301980044402,기획재정위원회,한병도,한병도,더불어민주당,재선,지역구,남,Representative,0.4404702338128733,0.004241815566680041
홍익표,0.0023146556239914,기획재정위원회,홍익표,홍익표,더불어민주당,3선,지역구,남,Representative,0.165353191622152,0.0003827356949331418
황운하,0.0013465899094319,기획재정위원회,황운하,황운하,더불어민주당,초선,지역구,남,Representative,0.5488281734063343,0.0007390464803209108
김원이,0.0029084153026868,기획재정위원회,김원이,김원이,더불어민주당,초선,지역구,남,Representative,0.2360613447578642,0.0006865644274665966
서정숙,0.0018673800522868,기획재정위원회,서정숙,서정숙,국민의힘,초선,비례대표,여,Representative,0.3409787953353209,0.0006367370006619615
홍영표,0.006603462232301,기획재정위원회,홍영표,홍영표,더불어민주당,4선,지역구,남,Representative,0.2094480075912773,0.0013830820077596927
임오경,0.0011796665231471,기획재정위원회,임오경,임오경,더불어민주당,초선,지역구,여,Representative,0.0586732885421386,6.921491429611122e-05
김민철,0.0078933885513096,기획재정위원회,김민철,김민철,더불어민주당,초선,지역구,남,Representative,0.2612442298812484,0.0020621022132403396
서영교,0.0209301404801441,기획재정위원회,서영교,서영교,더불어민주당,3선,지역구,여,Representative,0.4396629254011983,0.009202206792558197
윤관석,0.0003726221007919,기획재정위원회,윤관석,윤관석,더불어민주당,3선,지역구,남,Representative,0.0726470802193504,2.7069907647732033e-05
이학영,0.0034916665277014,기획재정위원회,이학영,이학영,더불어민주당,3선,지역구,남,Representative,0.0560092720869861,0.0001955657005870497
조경태,0.0023633901102253,기획재정위원회,조경태,조경태,국민의힘,5선,지역구,남,Representative,0.3722224896824415,0.000879706950918921
김영호,0.0,기획재정위원회,김영호,김영호,더불어민주당,재선,지역구,남,Representative,0.4161281665252168,0.0
박광온,0.001903911889469,기획재정위원회,박광온,박광온,더불어민주당,3선,지역구,남,Representative,0.0636172526258988,0.0001211216436498017
양기대,0.0013061369689305,기획재정위원회,양기대,양기대,더불어민주당,초선,지역구,남,Representative,0.2301185334449006,0.00030056632376845437
윤영찬,0.0004223881128958,기획재정위원회,윤영찬,윤영찬,더불어민주당,초선,지역구,남,Representative,0.1950263668759664,8.237681906966341e-05
서일준,0.0043095360690709,기획재정위원회,서일준,서일준,국민의힘,초선,지역구,남,Representative,0.0727597785364597,0.00031356088998048373
임병헌,0.000156504967182,기획재정위원회,임병헌,임병헌,국민의힘,초선,지역구,남,Representative,0.2574402072023462,4.029067117953048e-05
김승남,0.0033696201191878,기획재정위원회,김승남,김승남,더불어민주당,재선,지역구,남,Representative,0.2124111150114147,0.0007157447666815767
이철규,0.0125750192656735,기획재정위원회,이철규,이철규,국민의힘,재선,지역구,남,Representative,0.1840560451181021,0.002314508313323805
노웅래,0.0019947034525535,기획재정위원회,노웅래,노웅래,더불어민주당,4선,지역구,남,Representative,0.2613156957741633,0.0005212473205671435
설훈,0.0,기획재정위원회,설훈,설훈,더불어민주당,5선,지역구,남,Representative,0.3265334931650108,0.0
신동근,0.0056255729481276,기획재정위원회,신동근,신동근,더불어민주당,재선,지역구,남,Representative,0.1433568328564554,0.0008064643208465255
이성만,0.0043551736367445,기획재정위원회,이성만,이성만,더불어민주당,초선,지역구,남,Representative,0.2194435071327558,0.0009557145770193317
이해식,0.0037293780868744,기획재정위원회,이해식,이해식,더불어민주당,초선,지역구,남,Representative,0.2639597631121719,0.0009844057563670914
윤호중,0.0031362795811156,기획재정위원회,윤호중,윤호중,더불어민주당,4선,지역구,남,Representative,0.1128950186454341,0.0003540703417873399
이장섭,0.0019821647259599,기획재정위원회,이장섭,이장섭,더불어민주당,초선,지역구,남,Representative,0.2854497963072183,0.0005658085172726066
박재호,0.0007493522802138,기획재정위원회,박재호,박재호,더불어민주당,재선,지역구,남,Representative,0.2619622171748344,0.00019630198476982484
유기홍,0.0015365195090524,기획재정위원회,유기홍,유기홍,더불어민주당,3선,지역구,남,Representative,0.533695852611625,0.0008200340894381161
이정문,0.0016551590177844,기획재정위원회,이정문,이정문,더불어민주당,초선,지역구,남,Representative,0.0848113999966772,0.0001403763535154201
문진석,0.0030966571859365,기획재정위원회,문진석,문진석,더불어민주당,초선,지역구,남,Representative,0.2131284851715763,0.0006599858551343225
안민석,0.0010427800585799,기획재정위원회,안민석,안민석,더불어민주당,5선,지역구,남,Representative,0.3441477269487697,0.00035887038686777746
송갑석,0.0049011954447727,기획재정위원회,송갑석,송갑석,더불어민주당,재선,지역구,남,Representative,0.0670810059002477,0.00032877712054906464
홍정민,0.0062853767449937,기획재정위원회,홍정민,홍정민,더불어민주당,초선,지역구,여,Representative,0.1978012226072815,0.0012432552047071293
한정애,0.000615331409563,기획재정위원회,한정애,한정애,더불어민주당,3선,지역구,여,Representative,0.200025913945713,0.00012308222757734293
정필모,0.0,기획재정위원회,정필모,정필모,더불어민주당,초선,비례대표,남,Representative,0.1873329443348586,0.0
권인숙,0.0013432129350176,기획재정위원회,권인숙,권인숙,더불어민주당,초선,비례대표,여,Representative,0.7127107829573963,0.000957322342594896
강득구,0.0,기획재정위원회,강득구,강득구,더불어민주당,초선,지역구,남,Representative,0.5445023530105706,0.0
김영주,0.0017496104497625,기획재정위원회,김영주,김영주,더불어민주당,4선,지역구,여,Representative,0.3478961305037666,0.0006086827053613285
정청래,0.0003020840037416,기획재정위원회,정청래,정청래,더불어민주당,3선,지역구,남,Representative,0.0751206976802892,2.2692761119124085e-05
조응천,0.0002337938966965,기획재정위원회,조응천,조응천,더불어민주당,재선,지역구,남,Representative,0.254488173419614,5.949778172694621e-05
이재정,0.0,기획재정위원회,이재정,이재정,더불어민주당,재선,지역구,여,Representative,0.2573809498745986,0.0
전혜숙,0.0008823414291197,기획재정위원회,전혜숙,전혜숙,더불어민주당,3선,지역구,여,Representative,0.3487897833092866,0.0003077516758674664
서동용,0.0011862803339409,기획재정위원회,서동용,서동용,더불어민주당,초선,지역구,남,Representative,0.3156377014497687,0.0003744347978801697
이인영,0.0001752778365035,기획재정위원회,이인영,이인영,더불어민주당,4선,지역구,남,Representative,0.2800294833760527,4.908296200334734e-05
김두관,0.0131782144522638,기획재정위원회,김두관,김두관,더불어민주당,재선,지역구,남,Representative,0.7087657792985883,0.00934026743602267
송언석,0.0066928580375864,기획재정위원회,송언석,송언석,국민의힘,재선,지역구,남,Representative,0.1978088158038737,0.0013239063227584037
김회재,0.0066540275600808,기획재정위원회,김회재,김회재,더불어민주당,초선,지역구,남,Representative,0.2705052594012662,0.001799949451202831
최강욱,0.0,기획재정위원회,최강욱,최강욱,열린민주당,초선,비례대표,남,Representative,0.7842536920804917,0.0
신원식,0.0,기획재정위원회,신원식,신원식,국민의힘,초선,비례대표,남,Representative,0.188354618593185,0.0
최승재,0.0088435313081298,기획재정위원회,최승재,최승재,국민의힘,초선,비례대표,남,Representative,0.4362396164165481,0.0038578987056262777
정점식,0.0023038147706132,기획재정위원회,정점식,정점식,국민의힘,재선,지역구,남,Representative,0.1256501314629642,0.00028947462879386725
김병주,0.000405934463085,기획재정위원회,김병주,김병주,더불어민주당,초선,비례대표,남,Representative,0.2434625119610639,9.882982407423985e-05
윤재옥,0.0006383696164261,기획재정위원회,윤재옥,윤재옥,국민의힘,3선,지역구,남,Representative,0.5807333195948687,0.0003707225064756321
이용우,0.0032460319303729,기획재정위원회,이용우,이용우,더불어민주당,초선,지역구,남,Representative,0.231626157115504,0.0007518659019064961
민홍철,0.0006490561690449,기획재정위원회,민홍철,민홍철,더불어민주당,3선,지역구,남,Representative,0.2010526097454781,0.00013049443665787933
김선교,0.0024601651058424,기획재정위원회,김선교,김선교,국민의힘,초선,지역구,남,Representative,0.1700647696450778,0.00041838741201394617
박병석,0.0,기획재정위원회,박병석,박병석,더불어민주당,6선,지역구,남,Representative,0.2274246766438502,0.0
권은희,0.0025402202436119,기획재정위원회,권은희,권은희,국민의당,3선,비례대표,여,Representative,1.4757029872866645,0.003748610601864139
김웅,0.0,기획재정위원회,김웅,김웅,국민의힘,초선,지역구,남,Representative,0.3699621682437175,0.0
허은아,0.0,기획재정위원회,허은아,허은아,국민의힘,초선,비례대표,여,Representative,0.290583414125627,0.0
정찬민,0.0047356996103907,기획재정위원회,정찬민,정찬민,국민의힘,초선,지역구,남,Representative,0.4442721508323407,0.0021039394516041542
김진표,0.0019382440756369,기획재정위원회,김진표,김진표,더불어민주당,5선,지역구,남,Representative,0.4172834774907449,0.0008087972281076
추경호,0.0085163167617713,기획재정위원회,추경호,추경호,국민의힘,재선,지역구,남,Representative,0.0731143995543978,0.0006226653864519621
조태용,0.0,기획재정위원회,조태용,조태용,국민의힘,초선,비례대표,남,Representative,0.1545407967786547,0.0
우상호,0.0,기획재정위원회,우상호,우상호,더불어민주당,4선,지역구,남,Representative,0.354889315495192,0.0
박완수,9.022264981930898e-05,기획재정위원회,박완수,박완수,국민의힘,재선,지역구,남,Representative,0.1899346266606008,1.7136405309760573e-05
이영,0.0073878821713384,기획재정위원회,이영,이영,국민의힘,초선,비례대표,여,Representative,0.2206417648191584,0.0016300753605601006
이광재,0.0088337630641701,기획재정위원회,이광재,이광재,더불어민주당,3선,지역구,남,Representative,0.2037976967403526,0.001800300566027866
송영길,0.0004563222099564,기획재정위원회,송영길,송영길,더불어민주당,5선,지역구,남,Representative,0.1847095725159723,8.42870803305904e-05
김태흠,0.000301270831219,기획재정위원회,김태흠,김태흠,국민의힘,3선,지역구,남,Representative,0.0980118810479008,2.952812087263883e-05
김은혜,0.0002894177363171,기획재정위원회,김은혜,김은혜,국민의힘,초선,지역구,여,Representative,0.162439713102269,4.7012934054057864e-05
오영훈,0.0,기획재정위원회,오영훈,오영훈,더불어민주당,재선,지역구,남,Representative,0.671756127451087,0.0
,0.0,기획재정위원회,,,,,,,Co-Sponsor,0.0,0.0
이낙연,0.0001701119981338,기획재정위원회,이낙연,이낙연,더불어민주당,5선,지역구,남,Representative,0.1016403584957575,1.7290244474749065e-05
이규민,0.0007883082642482,기획재정위원회,이규민,이규민,더불어민주당,초선,지역구,남,Representative,0.3923416013378649,0.0003092861267430115
곽상도,0.0,기획재정위원회,곽상도,곽상도,국민의힘,재선,지역구,남,Representative,0.0416731213070125,0.0
정정순,0.0004160049789222,기획재정위원회,정정순,정정순,더불어민주당,초선,지역구,남,Representative,0.1787183559051326,7.434772588132494e-05
윤희숙,0.0001620977694177,기획재정위원회,윤희숙,윤희숙,국민의힘,초선,지역구,여,Representative,0.28306548324025,4.588428343238787e-05
홍준표,0.0,기획재정위원회,홍준표,홍준표,국민의힘,5선,지역구,남,Representative,0.1745452207856409,0.0
장제원,8.726069978242258e-05,기획재정위원회,장제원,장제원,국민의힘,3선,지역구,남,Representative,0.0909064879091423,7.932563749714094e-06
이상직,0.0032532612490358,기획재정위원회,이상직,이상직,더불어민주당,재선,지역구,남,Representative,0.1875925759171187,0.0006102876578379687
김진애,8.439525018420367e-05,기획재정위원회,김진애,김진애,열린민주당,재선,비례대표,여,Representative,1.0590950156918448,8.938258881815636e-05
양경규,0.0,정무위원회,양경규,양경규,정의당,초선,비례대표,남,Representative,1.4186110796220983,0.0
윤미향,0.0011766115431723,정무위원회,윤미향,윤미향,더불어민주당,초선,비례대표,여,Representative,1.0539381495296805,0.0012400757925262757
강성희,0.0002345311304231,정무위원회,강성희,강성희,진보당,초선,지역구,남,Representative,1.777874656814911,0.0004169669530133821
박용진,0.0066876065794574,정무위원회,박용진,박용진,더불어민주당,재선,지역구,남,Representative,0.7438287273758981,0.004974433891188481
장혜영,0.0024914527482402,정무위원회,장혜영,장혜영,정의당,초선,비례대표,여,Representative,1.7094637667725767,0.004259048199742581
강은미,0.0006784493907091,정무위원회,강은미,강은미,정의당,초선,비례대표,여,Representative,1.6918809491792466,0.0011478555991229935
배진교,0.0065209425540869,정무위원회,배진교,배진교,정의당,초선,비례대표,남,Representative,1.622416384309617,0.010579684040892387
이자스민,0.0,정무위원회,이자스민,이자스민,정의당,재선,비례대표,여,Representative,1.419097879000165,0.0
심상정,0.0040295836096801,정무위원회,심상정,심상정,정의당,4선,지역구,여,Representative,1.7478349658369334,0.007043047130762284
김주영,0.0011668778456556,정무위원회,김주영,김주영,더불어민주당,초선,지역구,남,Representative,0.3630556068353552,0.0004236415443572258
최승재,0.0309194221344064,정무위원회,최승재,최승재,국민의힘,초선,비례대표,남,Representative,0.4362396164165481,0.013488276851734777
최재형,0.0,정무위원회,최재형,최재형,국민의힘,초선,지역구,남,Representative,0.291581396883635,0.0
김근태,0.0,정무위원회,김근태,김근태,국민의힘,초선,비례대표,남,Representative,0.6071716548713029,0.0
김희곤,0.0384225802622548,정무위원회,김희곤,김희곤,국민의힘,초선,지역구,남,Representative,0.172954273871935,0.00664534946954442
김종민,0.011817310647434,정무위원회,김종민,김종민,더불어민주당,재선,지역구,남,Representative,0.6226025996525496,0.007357488329994162
윤주경,0.0357576352285104,정무위원회,윤주경,윤주경,국민의힘,초선,비례대표,여,Representative,0.4248222909210703,0.015190640515695759
양정숙,0.0606129965647115,정무위원회,양정숙,양정숙,국민의힘,초선,비례대표,여,Representative,0.754948281969812,0.045759677621571064
최영희,0.0002517818385592,정무위원회,최영희,최영희,국민의힘,초선,비례대표,여,Representative,0.1798744661352604,4.528912379339042e-05
김예지,0.0093691362041146,정무위원회,김예지,김예지,국민의힘,초선,비례대표,여,Representative,0.5578154035188375,0.005226248492321135
강기윤,0.0021897275389501,정무위원회,강기윤,강기윤,국민의힘,재선,지역구,남,Representative,0.1051953896862757,0.00023034924176662525
박덕흠,0.0068507782504475,정무위원회,박덕흠,박덕흠,국민의힘,3선,지역구,남,Representative,0.2317213323874486,0.0015874714640846488
서일준,0.0040581520285486,정무위원회,서일준,서일준,국민의힘,초선,지역구,남,Representative,0.0727597785364597,0.0002952702428644808
백종헌,0.0,정무위원회,백종헌,백종헌,국민의힘,초선,지역구,남,Representative,0.1748090064444665,0.0
조명희,0.0023276649369632,정무위원회,조명희,조명희,국민의힘,초선,비례대표,여,Representative,0.2553086924045825,0.0005942730914120695
이용호,0.0213856830658299,정무위원회,이용호,이용호,국민의힘,재선,지역구,남,Representative,1.225607615821687,0.02621045603503001
이종성,0.0012865552704492,정무위원회,이종성,이종성,국민의힘,초선,비례대표,남,Representative,0.2162605302271925,0.00027823112495393304
김태호,0.0034042328767586,정무위원회,김태호,김태호,국민의힘,3선,지역구,남,Representative,0.2550454797747435,0.0008682342073178524
이종배,0.0048141388189762,정무위원회,이종배,이종배,국민의힘,3선,지역구,남,Representative,0.121959560331773,0.0005871302537384584
송석준,0.0253608281218543,정무위원회,송석준,송석준,국민의힘,재선,지역구,남,Representative,0.2718885877183796,0.00689531974141953
김성원,0.0083287655674832,정무위원회,김성원,김성원,국민의힘,재선,지역구,남,Representative,0.0969967354280285,0.0008078630701912415
윤창현,0.0053026522793449,정무위원회,윤창현,윤창현,국민의힘,초선,비례대표,남,Representative,0.1659560286241812,0.000880007113455042
정운천,0.0003715981103348,정무위원회,정운천,정운천,국민의힘,재선,비례대표,남,Representative,0.2095429101918529,7.786574946134724e-05
박대수,0.0038530446754006,정무위원회,박대수,박대수,국민의힘,초선,비례대표,남,Representative,0.2414175298978371,0.0009301925281212264
홍문표,0.0054071187176942,정무위원회,홍문표,홍문표,국민의힘,4선,지역구,남,Representative,0.5476629473060372,0.002961278573366046
성일종,0.0277168135390888,정무위원회,성일종,성일종,국민의힘,재선,지역구,남,Representative,0.2955294681309887,0.008191135163492699
우신구,0.0025334563337916,정무위원회,우신구,우신구,국민의힘,초선,비례대표,남,Representative,-0.0,-0.0
강대식,0.0011900841266166,정무위원회,강대식,강대식,국민의힘,초선,지역구,남,Representative,0.1076879275224922,0.00012815769317275685
이양수,0.0,정무위원회,이양수,이양수,국민의힘,재선,지역구,남,Representative,0.4099103257016184,0.0
임병헌,0.0008777342176077,정무위원회,임병헌,임병헌,국민의힘,초선,지역구,남,Representative,0.2574402072023462,0.00022596407884951553
최형두,0.0026596884733188,정무위원회,최형두,최형두,국민의힘,초선,지역구,남,Representative,0.2907134521220806,0.0007732072176478146
이채익,0.0074841760207548,정무위원회,이채익,이채익,국민의힘,3선,지역구,남,Representative,0.305886901391201,0.0022893114124550146
김은희,0.0,정무위원회,김은희,김은희,국민의힘,초선,비례대표,여,Representative,0.273079356185924,0.0
권명호,0.0024825163662378,정무위원회,권명호,권명호,국민의힘,초선,지역구,남,Representative,0.101862293500913,0.0002528748107185348
이용,0.0010921272850563,정무위원회,이용,이용,국민의힘,초선,비례대표,남,Representative,0.0598766122576743,6.53928819833426e-05
김승수,0.002139783674129,정무위원회,김승수,김승수,국민의힘,초선,지역구,남,Representative,0.1092543380607149,0.0002337806489100884
윤한홍,0.0037405114180403,정무위원회,윤한홍,윤한홍,국민의힘,재선,지역구,남,Representative,0.0633220910364272,0.0002368570045359433
김도읍,0.0037396814414915,정무위원회,김도읍,김도읍,국민의힘,3선,지역구,남,Representative,0.0057675742475114,2.1568890375842687e-05
유경준,0.0,정무위원회,유경준,유경준,국민의힘,초선,지역구,남,Representative,0.1969803900983735,0.0
황보승희,0.0018266839287312,정무위원회,황보승희,황보승희,국민의힘,초선,지역구,여,Representative,0.2043416232088162,0.0003732675590863909
권성동,0.0012466054992692,정무위원회,권성동,권성동,국민의힘,4선,지역구,남,Representative,0.1650123478378992,0.00020570530026204722
박형수,0.0,정무위원회,박형수,박형수,국민의힘,초선,지역구,남,Representative,0.1289259726016864,0.0
전주혜,0.0,정무위원회,전주혜,전주혜,국민의힘,초선,비례대표,여,Representative,0.2622996745628045,0.0
조수진,0.0007942744658383,정무위원회,조수진,조수진,국민의힘,초선,비례대표,여,Representative,0.1152574433846105,9.15460442781996e-05
김형동,0.0,정무위원회,김형동,김형동,국민의힘,초선,지역구,남,Representative,0.2200235295412783,0.0
이달곤,0.0004874718046944,정무위원회,이달곤,이달곤,국민의힘,재선,지역구,남,Representative,0.1697317502202084,8.273944259378411e-05
엄태영,0.000677467188273,정무위원회,엄태영,엄태영,국민의힘,초선,지역구,남,Representative,0.2112428656135919,0.0001431101102099713
이인선,0.0020653713520159,정무위원회,이인선,이인선,국민의힘,초선,지역구,여,Representative,0.3231681290160744,0.0006674621955543783
강민국,0.0075738340145702,정무위원회,강민국,강민국,국민의힘,초선,지역구,남,Representative,0.153084768117913,0.001159438623884041
권영세,0.0,정무위원회,권영세,권영세,국민의힘,4선,지역구,남,Representative,0.3767193328116696,0.0
장동혁,0.0001445596598604,정무위원회,장동혁,장동혁,국민의힘,초선,지역구,남,Representative,0.2751477089855504,3.977525922231949e-05
김석기,0.0016492796716905,정무위원회,김석기,김석기,국민의힘,재선,지역구,남,Representative,0.2160995399392338,0.0003564085782834476
김미애,0.0008726543891347,정무위원회,김미애,김미애,국민의힘,초선,지역구,여,Representative,0.1300450243421692,0.00011348436127732285
지성호,0.001633829582218,정무위원회,지성호,지성호,국민의힘,초선,비례대표,남,Representative,0.152368783397105,0.00024894462572075697
유상범,0.0,정무위원회,유상범,유상범,국민의힘,초선,지역구,남,Representative,0.3489284768254078,0.0
이헌승,0.0009842915993019,정무위원회,이헌승,이헌승,국민의힘,3선,지역구,남,Representative,0.1758853015028908,0.00017312242470997726
김상훈,0.0009084239408624,정무위원회,김상훈,김상훈,국민의힘,3선,지역구,남,Representative,0.1882659368916839,0.00017102528432129537
김학용,0.0,정무위원회,김학용,김학용,국민의힘,4선,지역구,남,Representative,0.2414249164893882,0.0
최춘식,0.0006242831400145,정무위원회,최춘식,최춘식,국민의힘,초선,지역구,남,Representative,0.185261782253888,0.00011565580715013978
태영호,0.00288210177665,정무위원회,태영호,태영호,국민의힘,초선,지역구,남,Representative,0.1778687283130429,0.0005126357778814972
김용판,0.0020440848482756,정무위원회,김용판,김용판,국민의힘,초선,지역구,남,Representative,0.0784323016946945,0.00016032227950950572
하영제,0.0004810059200497,정무위원회,하영제,하영제,국민의힘,초선,지역구,남,Representative,0.1478614433724366,7.112222960923548e-05
박정하,0.0007918944886375,정무위원회,박정하,박정하,국민의힘,초선,지역구,남,Representative,0.2937123128515209,0.00023258916179209253
이명수,0.0147574224827991,정무위원회,이명수,이명수,국민의힘,4선,지역구,남,Representative,0.4078212172780129,0.006018390000821045
박성민,0.0048193946016777,정무위원회,박성민,박성민,국민의힘,초선,지역구,남,Representative,0.1920963982054519,0.0009257883445130848
오기형,0.0029781741644716,정무위원회,오기형,오기형,더불어민주당,초선,지역구,남,Representative,0.3978628324702754,0.0011849048086664666
강민정,0.0016769519746007,정무위원회,강민정,강민정,열린민주당,초선,비례대표,여,Representative,1.3217456216851513,0.0022165039302047443
김영배,0.0015859898257362,정무위원회,김영배,김영배,더불어민주당,초선,지역구,남,Representative,0.3173975912495803,0.0005033893504350114
윤건영,0.0011704993066667,정무위원회,윤건영,윤건영,더불어민주당,초선,지역구,남,Representative,0.2535746445358753,0.000296808945617497
윤영덕,0.0050789204065501,정무위원회,윤영덕,윤영덕,더불어민주당,초선,지역구,남,Representative,0.5936797322448536,0.0030152521070535864
이동주,0.0043569854834578,정무위원회,이동주,이동주,더불어민주당,초선,비례대표,남,Representative,0.2481459493801818,0.0010811682992283062
이용우,0.0222739178692966,정무위원회,이용우,이용우,더불어민주당,초선,지역구,남,Representative,0.231626157115504,0.005159221999971526
홍성국,0.022440069069656,정무위원회,홍성국,홍성국,더불어민주당,초선,지역구,남,Representative,0.0821632285254589,0.001843748523097228
홍정민,0.001755440494561,정무위원회,홍정민,홍정민,더불어민주당,초선,지역구,여,Representative,0.1978012226072815,0.0003472282760384967
허숙정,2.3534494437912585e-05,정무위원회,허숙정,허숙정,더불어민주당,초선,비례대표,여,Representative,1.1015877581031428,2.5925310965951008e-05
박상혁,0.0,정무위원회,박상혁,박상혁,더불어민주당,초선,지역구,남,Representative,0.1910820455968065,0.0
민병덕,0.0194595385867332,정무위원회,민병덕,민병덕,더불어민주당,초선,지역구,남,Representative,0.534492412029025,0.01040097571619491
송기헌,0.0046752278464446,정무위원회,송기헌,송기헌,더불어민주당,재선,지역구,남,Representative,0.3097590421845094,0.0014481940997090258
권칠승,0.001403629995247,정무위원회,권칠승,권칠승,더불어민주당,재선,지역구,남,Representative,0.1859285040914948,0.0002609748253142267
황운하,0.011918258284952,정무위원회,황운하,황운하,더불어민주당,초선,지역구,남,Representative,0.5488281734063343,0.0065410759247151165
정일영,0.0,정무위원회,정일영,정일영,더불어민주당,초선,지역구,남,Representative,0.1776389564691861,0.0
위성곤,0.0,정무위원회,위성곤,위성곤,더불어민주당,재선,지역구,남,Representative,0.4979833092497824,0.0
정우택,0.0044021383539246,정무위원회,정우택,정우택,국민의힘,5선,지역구,남,Representative,0.1586300083990965,0.0006983112440570441
조정훈,0.0,정무위원회,조정훈,조정훈,시대전환,초선,비례대표,남,Representative,1.7768837528753738,0.0
민형배,0.0306061516772476,정무위원회,민형배,민형배,더불어민주당,초선,지역구,남,Representative,0.5990186631316904,0.0183336560613106
김철민,0.003872019267733,정무위원회,김철민,김철민,더불어민주당,재선,지역구,남,Representative,0.1469147406376817,0.0005688567064630999
김홍걸,0.006059184472977,정무위원회,김홍걸,김홍걸,더불어민주당,초선,비례대표,남,Representative,0.5197862075653299,0.003149480518147447
이정문,0.029363817614742,정무위원회,이정문,이정문,더불어민주당,초선,지역구,남,Representative,0.0848113999966772,0.0024903864811533596
전용기,0.0037118832648681,정무위원회,전용기,전용기,더불어민주당,초선,비례대표,남,Representative,0.1508910607377874,0.0005600900031707891
조오섭,0.0017755532325324,정무위원회,조오섭,조오섭,더불어민주당,초선,지역구,남,Representative,0.3537241914215748,0.0006280561315034866
안규백,0.0051403569428708,정무위원회,안규백,안규백,더불어민주당,4선,지역구,남,Representative,0.3809557196948137,0.0019582483786595778
박성준,0.0063272482219859,정무위원회,박성준,박성준,더불어민주당,초선,지역구,남,Representative,0.2002255367463627,0.0012668766713745958
이상민,0.0,정무위원회,이상민,이상민,더불어민주당,5선,지역구,남,Representative,0.6797803799490477,0.0
박찬대,0.0,정무위원회,박찬대,박찬대,더불어민주당,재선,지역구,남,Representative,0.2786489795755955,0.0
진성준,0.0006887988994707,정무위원회,진성준,진성준,더불어민주당,재선,지역구,남,Representative,0.137191834935949,9.44975849202476e-05
설훈,0.00533543626222,정무위원회,설훈,설훈,더불어민주당,5선,지역구,남,Representative,0.3265334931650108,0.0017421986402619651
최인호,0.0022976442928035,정무위원회,최인호,최인호,더불어민주당,재선,지역구,남,Representative,0.1711937203769239,0.0003933422745878374
강훈식,0.0008362308525352,정무위원회,강훈식,강훈식,더불어민주당,재선,지역구,남,Representative,0.2333552597959055,0.0001951388678427031
인재근,0.0005378025719621,정무위원회,인재근,인재근,더불어민주당,3선,지역구,여,Representative,0.2910042957726254,0.0001565028587185376
김한규,0.0095519874486625,정무위원회,김한규,김한규,더불어민주당,초선,지역구,남,Representative,0.4606560544107763,0.004400180849882124
김성주,0.0092072039830723,정무위원회,김성주,김성주,더불어민주당,재선,지역구,남,Representative,0.3218992730272499,0.002963792268764573
김태년,0.0,정무위원회,김태년,김태년,더불어민주당,4선,지역구,남,Representative,0.0302627005970719,0.0
박재호,0.006685905409509,정무위원회,박재호,박재호,더불어민주당,재선,지역구,남,Representative,0.2619622171748344,0.001751454604896197
서영석,0.001387543294614,정무위원회,서영석,서영석,더불어민주당,초선,지역구,남,Representative,0.1839691144889395,0.00025526511122520327
신정훈,0.0072446164895083,정무위원회,신정훈,신정훈,더불어민주당,재선,지역구,남,Representative,0.1277927153232575,0.0009258092126699113
양경숙,0.0037295950046892,정무위원회,양경숙,양경숙,더불어민주당,초선,비례대표,여,Representative,0.3342609954913604,0.001246658139047017
이용빈,0.0229607545676296,정무위원회,이용빈,이용빈,더불어민주당,초선,지역구,남,Representative,0.4600032901867735,0.010562022646280604
김민석,0.0005876039818249,정무위원회,김민석,김민석,더불어민주당,3선,지역구,남,Representative,0.5124972621164758,0.0003011454318940007
김성환,0.0025056902128339,정무위원회,김성환,김성환,더불어민주당,재선,지역구,남,Representative,0.2337158540241251,0.0005856195280123667
우원식,0.0038004425574168,정무위원회,우원식,우원식,더불어민주당,4선,지역구,남,Representative,0.3474908272016026,0.001320618928008938
류성걸,0.0013831660943453,정무위원회,류성걸,류성걸,국민의힘,재선,지역구,남,Representative,0.0750174025505985,0.00010376152769384046
유의동,0.0226396917960744,정무위원회,유의동,유의동,국민의힘,3선,지역구,남,Representative,0.5050232279002433,0.011433570229520152
윤상현,0.029822704262444,정무위원회,윤상현,윤상현,국민의힘,4선,지역구,남,Representative,0.6145800382735443,0.018328438727033425
이주환,0.0031165024912439,정무위원회,이주환,이주환,국민의힘,초선,지역구,남,Representative,0.0486042879937447,0.00015147538461764132
정희용,0.0022324810115924,정무위원회,정희용,정희용,국민의힘,초선,지역구,남,Representative,0.1013462246233544,0.0002262535220682168
조은희,0.0,정무위원회,조은희,조은희,국민의힘,초선,지역구,여,Representative,0.4971643551550483,0.0
황희,0.004300407467526,정무위원회,황희,황희,더불어민주당,재선,지역구,남,Representative,0.2589890766385589,0.0011137585591841222
강선우,0.0009834713729193,정무위원회,강선우,강선우,더불어민주당,초선,지역구,여,Representative,0.2216826678477753,0.0002180185577006647
박정,0.0023038652845807,정무위원회,박정,박정,더불어민주당,재선,지역구,남,Representative,0.1086038378087208,0.00025020861169974476
신영대,0.0006619756291512,정무위원회,신영대,신영대,더불어민주당,초선,지역구,남,Representative,0.2397699657028943,0.0001587218738977351
어기구,0.0,정무위원회,어기구,어기구,더불어민주당,재선,지역구,남,Representative,0.1048322749382438,0.0
이용선,0.0007544760566152,정무위원회,이용선,이용선,더불어민주당,초선,지역구,남,Representative,0.5128505108380027,0.00038693343105014713
전해철,0.0027566268454244,정무위원회,전해철,전해철,더불어민주당,3선,지역구,남,Representative,0.111134388568907,0.0003063560389788756
임호선,0.0045745506081533,정무위원회,임호선,임호선,더불어민주당,초선,지역구,남,Representative,0.1630095698549976,0.0007456955269149871
오영환,0.0036681171498109,정무위원회,오영환,오영환,더불어민주당,초선,지역구,남,Representative,0.2639159163033288,0.0009680744987002984
최혜영,0.0,정무위원회,최혜영,최혜영,더불어민주당,초선,비례대표,여,Representative,0.4555600514410841,0.0
진선미,0.0011349147010449,정무위원회,진선미,진선미,더불어민주당,3선,지역구,여,Representative,0.0766752551488706,8.701987427482189e-05
김영진,0.0,정무위원회,김영진,김영진,더불어민주당,재선,지역구,남,Representative,0.0792247561405531,0.0
장철민,0.0014952956678226,정무위원회,장철민,장철민,더불어민주당,초선,지역구,남,Representative,0.1714224222163959,0.0002563272053078334
허영,0.0062633525031321,정무위원회,허영,허영,더불어민주당,초선,지역구,남,Representative,0.2272084723983615,0.0014230867543290982
강준현,0.0,정무위원회,강준현,강준현,더불어민주당,초선,지역구,남,Representative,0.2442135956139989,0.0
김영선,0.0002960360284234,정무위원회,김영선,김영선,국민의힘,5선,,여,Representative,0.2168412076010161,6.419280989673878e-05
이원욱,0.0049560170144084,정무위원회,이원욱,이원욱,더불어민주당,3선,지역구,남,Representative,0.2087926901604398,0.0010347801249192409
기동민,0.0009698533520416,정무위원회,기동민,기동민,더불어민주당,재선,지역구,남,Representative,0.4426922620576195,0.00042934657427946073
송갑석,0.0036954363555811,정무위원회,송갑석,송갑석,더불어민주당,재선,지역구,남,Representative,0.0670810059002477,0.00024789358797272564
정춘숙,0.0,정무위원회,정춘숙,정춘숙,더불어민주당,재선,지역구,여,Representative,0.1638501850633351,0.0
구자근,0.0077914652808314,정무위원회,구자근,구자근,국민의힘,초선,지역구,남,Representative,0.0584340346254918,0.00045528675200341923
안병길,0.00107173440758,정무위원회,안병길,안병길,국민의힘,초선,지역구,남,Representative,0.0420092157277911,4.502272193092462e-05
김웅,0.0,정무위원회,김웅,김웅,국민의힘,초선,지역구,남,Representative,0.3699621682437175,0.0
한기호,0.0030377269492538,정무위원회,한기호,한기호,국민의힘,3선,지역구,남,Representative,0.3139152323587058,0.000953588761117309
배준영,0.0006890962189934,정무위원회,배준영,배준영,국민의힘,초선,지역구,남,Representative,0.4029858723602732,0.00027769604095122117
서범수,0.0022450023952515,정무위원회,서범수,서범수,국민의힘,초선,지역구,남,Representative,0.2022344335941221,0.00045401678782113457
박진,0.0002603897247727,정무위원회,박진,박진,국민의힘,4선,지역구,남,Representative,0.2849925584102457,7.42091338467115e-05
조경태,0.005239004437902,정무위원회,조경태,조경태,국민의힘,5선,지역구,남,Representative,0.3722224896824415,0.0019500752753332422
강병원,0.0040927531616646,정무위원회,강병원,강병원,더불어민주당,재선,지역구,남,Representative,0.2679228198118838,0.0010965419678671826
송재호,0.0063370026483772,정무위원회,송재호,송재호,더불어민주당,초선,지역구,남,Representative,0.3758954363478019,0.002382050375648924
김민철,0.0009047103555447,정무위원회,김민철,김민철,더불어민주당,초선,지역구,남,Representative,0.2612442298812484,0.0002363503600998656
김정호,0.0039464546799899,정무위원회,김정호,김정호,더불어민주당,재선,지역구,남,Representative,0.2475581055450652,0.000976976844197756
전봉민,0.0010548818757368,정무위원회,전봉민,전봉민,국민의힘,초선,지역구,남,Representative,0.0399499989170311,4.214252979328089e-05
김정재,0.0009007133491196,정무위원회,김정재,김정재,국민의힘,재선,지역구,여,Representative,0.2574250589731167,0.00023186618701498648
윤영석,0.0019523531943086,정무위원회,윤영석,윤영석,국민의힘,3선,지역구,남,Representative,0.194206349704839,0.00037915938720125544
김두관,0.0064113637596864,정무위원회,김두관,김두관,더불어민주당,재선,지역구,남,Representative,0.7087657792985883,0.004544155231500859
류호정,0.0025757104459361,정무위원회,류호정,류호정,정의당,초선,비례대표,여,Representative,1.9138526831392957,0.004929530347944716
이은주,0.0069366876003853,정무위원회,이은주,이은주,정의당,초선,비례대표,여,Representative,1.7394356928672845,0.012065922002380106
박주민,0.0040369593824838,정무위원회,박주민,박주민,더불어민주당,재선,지역구,남,Representative,0.7084504412298533,0.0028599856557476448
박홍근,0.0022991299784385,정무위원회,박홍근,박홍근,더불어민주당,3선,지역구,남,Representative,0.2914629024230286,0.0006701110965634803
안민석,0.0022011657225202,정무위원회,안민석,안민석,더불어민주당,5선,지역구,남,Representative,0.3441477269487697,0.0007575261800428732
이학영,0.0085259548537395,정무위원회,이학영,이학영,더불어민주당,3선,지역구,남,Representative,0.0560092720869861,0.0004775325252044554
이해식,0.0002965314724439,정무위원회,이해식,이해식,더불어민주당,초선,지역구,남,Representative,0.2639597631121719,7.827237722159538e-05
권은희,0.007440027141362,정무위원회,권은희,권은희,국민의당,3선,비례대표,여,Representative,1.4757029872866645,0.010979270278001767
고영인,0.0043284579348082,정무위원회,고영인,고영인,더불어민주당,초선,지역구,남,Representative,0.3272823183515555,0.001416627747791214
윤후덕,0.0,정무위원회,윤후덕,윤후덕,더불어민주당,3선,지역구,남,Representative,0.1665258272005472,0.0
맹성규,0.0004002525684109,정무위원회,맹성규,맹성규,더불어민주당,재선,지역구,남,Representative,0.3423921953477248,0.00013704335559177344
전재수,0.0019490556126637,정무위원회,전재수,전재수,더불어민주당,재선,지역구,남,Representative,0.1512554413902672,0.0002948052669876256
정성호,0.0012728667461391,정무위원회,정성호,정성호,더불어민주당,4선,지역구,남,Representative,0.4625431982315658,0.0005887558556817859
주철현,0.0,정무위원회,주철현,주철현,더불어민주당,초선,지역구,남,Representative,0.1808273551250511,0.0
김병기,0.0019347565995124,정무위원회,김병기,김병기,더불어민주당,재선,지역구,남,Representative,0.1108729186430819,0.0002145121110519041
박범계,0.0003191063327047,정무위원회,박범계,박범계,더불어민주당,3선,지역구,남,Representative,0.3504014522294029,0.00011181532239532588
박완주,0.0002433413583079,정무위원회,박완주,박완주,더불어민주당,3선,지역구,남,Representative,0.3781620068650885,9.202245641099204e-05
장경태,0.0029584900076009,정무위원회,장경태,장경태,더불어민주당,초선,지역구,남,Representative,0.403738270388732,0.001194455638631134
정필모,0.0004198279138217,정무위원회,정필모,정필모,더불어민주당,초선,비례대표,남,Representative,0.1873329443348586,7.864759921018033e-05
조승래,0.0,정무위원회,조승래,조승래,더불어민주당,재선,지역구,남,Representative,0.2359910708975734,0.0
홍기원,0.0,정무위원회,홍기원,홍기원,더불어민주당,초선,지역구,남,Representative,0.1984078664960204,0.0
최연숙,0.0,정무위원회,최연숙,최연숙,국민의당,초선,비례대표,여,Representative,1.4543314865112702,0.0
유기홍,0.0002624402335014,정무위원회,유기홍,유기홍,더불어민주당,3선,지역구,남,Representative,0.533695852611625,0.0001400632641781236
김경만,0.008120191066182,정무위원회,김경만,김경만,더불어민주당,초선,비례대표,남,Representative,0.2607821776703825,0.0021176011093385267
김수흥,0.0,정무위원회,김수흥,김수흥,더불어민주당,초선,지역구,남,Representative,0.5088102660790913,0.0
김윤덕,0.0,정무위원회,김윤덕,김윤덕,더불어민주당,재선,지역구,남,Representative,0.2869485044660441,0.0
김한정,0.0006162360417233,정무위원회,김한정,김한정,더불어민주당,재선,지역구,남,Representative,0.3115396476231169,0.00019198195929114126
도종환,0.0017003662351872,정무위원회,도종환,도종환,더불어민주당,3선,지역구,남,Representative,0.2721175456087874,0.00046269948655519507
문정복,0.0,정무위원회,문정복,문정복,더불어민주당,초선,지역구,여,Representative,0.5768076262279168,0.0
안호영,0.0,정무위원회,안호영,안호영,더불어민주당,재선,지역구,남,Representative,0.5118923685595783,0.0
용혜인,0.0052803489164295,정무위원회,용혜인,용혜인,기본소득당,초선,비례대표,여,Representative,1.5260787063967094,0.008058228043707998
윤재갑,0.0093844719580446,정무위원회,윤재갑,윤재갑,더불어민주당,초선,지역구,남,Representative,0.6854440000858673,0.006432529997615742
이개호,0.0074595554391379,정무위원회,이개호,이개호,더불어민주당,3선,지역구,남,Representative,0.1131561090092011,0.0008440942684312672
이상헌,0.0035092992505365,정무위원회,이상헌,이상헌,더불어민주당,재선,지역구,남,Representative,0.6637862515737748,0.0023294245951642804
이원택,0.000315187316151,정무위원회,이원택,이원택,더불어민주당,초선,지역구,남,Representative,0.2716912161873271,8.563362525188476e-05
이재명,3.969606591640291e-05,정무위원회,이재명,이재명,더불어민주당,초선,지역구,남,Representative,0.2018808153311869,8.013874152643958e-06
정태호,0.001139085316146,정무위원회,정태호,정태호,더불어민주당,초선,지역구,남,Representative,0.2629825046404378,0.00029955950943922
조정식,0.0003532449244187,정무위원회,조정식,조정식,더불어민주당,5선,지역구,남,Representative,0.0982721838798874,3.471415016711141e-05
천준호,0.0,정무위원회,천준호,천준호,더불어민주당,초선,지역구,남,Representative,0.3993355059681581,0.0
최기상,0.0007402321406365,정무위원회,최기상,최기상,더불어민주당,초선,지역구,남,Representative,0.2058827885501175,0.00015240105728866535
최종윤,0.0026357499498582,정무위원회,최종윤,최종윤,더불어민주당,초선,지역구,남,Representative,0.1716391861609539,0.00045239797631743645
한병도,0.0027332076277646,정무위원회,한병도,한병도,더불어민주당,재선,지역구,남,Representative,0.4404702338128733,0.0012038966028606022
홍익표,0.0010365206521159,정무위원회,홍익표,홍익표,더불어민주당,3선,지역구,남,Representative,0.165353191622152,0.00017139199800963838
권인숙,0.0,정무위원회,권인숙,권인숙,더불어민주당,초선,비례대표,여,Representative,0.7127107829573963,0.0
김상희,0.0010526698572204,정무위원회,김상희,김상희,더불어민주당,4선,지역구,여,Representative,0.5592599599039866,0.0005887161021412161
한무경,0.0007866503135802,정무위원회,한무경,한무경,국민의힘,초선,비례대표,여,Representative,0.1040419536269268,8.184463544611859e-05
홍석준,0.0019617897094014,정무위원회,홍석준,홍석준,국민의힘,초선,지역구,남,Representative,0.1047310895160982,0.0002054603736670783
이만희,0.0004362711046778,정무위원회,이만희,이만희,국민의힘,재선,지역구,남,Representative,0.1771920077790279,7.730375297383384e-05
이철규,0.0029625741908364,정무위원회,이철규,이철규,국민의힘,재선,지역구,남,Representative,0.1840560451181021,0.0005452796889343093
이태규,0.0045126716611028,정무위원회,이태규,이태규,국민의당,재선,비례대표,남,Representative,0.7108411718546286,0.003207792811773488
윤준병,0.003384194134672,정무위원회,윤준병,윤준병,더불어민주당,초선,지역구,남,Representative,0.4344183278979442,0.0014701559572662406
김의겸,0.000491340945613,정무위원회,김의겸,김의겸,열린민주당,초선,비례대표,남,Representative,0.8380800716465495,0.0004117830549022264
서영교,0.0031182340632845,정무위원회,서영교,서영교,더불어민주당,3선,지역구,여,Representative,0.4396629254011983,0.0013709719103493286
이소영,0.0003930815514386,정무위원회,이소영,이소영,더불어민주당,초선,지역구,여,Representative,0.3137302400903705,0.0001233215695079273
이병훈,0.0016716129204737,정무위원회,이병훈,이병훈,더불어민주당,초선,지역구,남,Representative,0.1790578800414445,0.00029931546578990846
이성만,0.0047561575029408,정무위원회,이성만,이성만,더불어민주당,초선,지역구,남,Representative,0.2194435071327558,0.0010437078829210994
노용호,0.0,정무위원회,노용호,노용호,국민의힘,초선,비례대표,남,Representative,0.1923972318813689,0.0
김남국,0.0044718783649468,정무위원회,김남국,김남국,더불어민주당,초선,지역구,남,Representative,0.4903679722415279,0.0021928659259297214
유정주,0.0,정무위원회,유정주,유정주,더불어민주당,초선,비례대표,여,Representative,0.3402755762534749,0.0
한준호,0.0020429743870496,정무위원회,한준호,한준호,더불어민주당,초선,지역구,남,Representative,0.1454541395520071,0.00029715908159508867
서동용,0.0009014233230204,정무위원회,서동용,서동용,더불어민주당,초선,지역구,남,Representative,0.3156377014497687,0.0002845231857113714
임종성,0.0035709323406967,정무위원회,임종성,임종성,더불어민주당,재선,지역구,남,Representative,0.2168072376798863,0.0007742039767282222
김민기,0.0003141895228425,정무위원회,김민기,김민기,더불어민주당,3선,지역구,남,Representative,0.1116766109823257,3.5087621117204406e-05
김원이,0.0019297206681197,정무위원회,김원이,김원이,더불어민주당,초선,지역구,남,Representative,0.2360613447578642,0.0004555324559233805
노웅래,0.0008985665914138,정무위원회,노웅래,노웅래,더불어민주당,4선,지역구,남,Representative,0.2613156957741633,0.00023480955403471548
임오경,0.0009121883080907,정무위원회,임오경,임오경,더불어민주당,초선,지역구,여,Representative,0.0586732885421386,5.352108780537086e-05
소병철,0.0011686906203112,정무위원회,소병철,소병철,더불어민주당,초선,지역구,남,Representative,0.1921494526414231,0.00022456326299996233
김승남,0.0,정무위원회,김승남,김승남,더불어민주당,재선,지역구,남,Representative,0.2124111150114147,0.0
김영호,0.0035541444796425,정무위원회,김영호,김영호,더불어민주당,재선,지역구,남,Representative,0.4161281665252168,0.0014789796258793543
김경협,0.0024423125730364,정무위원회,김경협,김경협,더불어민주당,3선,지역구,남,Representative,0.3651315668203744,0.0008917654164578808
문진석,0.001614325199773,정무위원회,문진석,문진석,더불어민주당,초선,지역구,남,Representative,0.2131284851715763,0.00034405868440192175
변재일,0.0,정무위원회,변재일,변재일,더불어민주당,5선,지역구,남,Representative,0.3557301750687391,0.0
허종식,0.0,정무위원회,허종식,허종식,더불어민주당,초선,지역구,남,Representative,0.5071840623526072,0.0
김영주,0.0027299625429079,정무위원회,김영주,김영주,더불어민주당,4선,지역구,여,Representative,0.3478961305037666,0.0009497434050978813
송옥주,0.0029626127188144,정무위원회,송옥주,송옥주,더불어민주당,재선,지역구,여,Representative,0.2621477343853833,0.0007766422120985155
고용진,0.0021807987878894,정무위원회,고용진,고용진,더불어민주당,재선,지역구,남,Representative,0.2115658202772826,0.0004613824844195245
박영순,0.0015852291782029,정무위원회,박영순,박영순,더불어민주당,초선,지역구,남,Representative,0.3793634271542586,0.000601377973867981
백혜련,0.0032423793948693,정무위원회,백혜련,백혜련,더불어민주당,재선,지역구,여,Representative,0.262002066035241,0.0008495101003258512
김용민,0.0022747625237042,정무위원회,김용민,김용민,더불어민주당,초선,지역구,남,Representative,0.5183906276468344,0.0011792155724105172
윤호중,0.0002258556463638,정무위원회,윤호중,윤호중,더불어민주당,4선,지역구,남,Representative,0.1128950186454341,2.549797740741777e-05
남인순,0.0007384506478735,정무위원회,남인순,남인순,더불어민주당,3선,지역구,여,Representative,0.5088905772697233,0.0003757905764815466
윤관석,0.001837873005626,정무위원회,윤관석,윤관석,더불어민주당,3선,지역구,남,Representative,0.0726470802193504,0.00013351610767269064
전혜숙,0.0,정무위원회,전혜숙,전혜숙,더불어민주당,3선,지역구,여,Representative,0.3487897833092866,0.0
양금희,0.0020245092353339,정무위원회,양금희,양금희,국민의힘,초선,지역구,여,Representative,0.1636013212186727,0.0003312123857200308
이인영,0.0007637176171915,정무위원회,이인영,이인영,더불어민주당,4선,지역구,남,Representative,0.2800294833760527,0.00021386344978732572
이형석,0.0019312281460492,정무위원회,이형석,이형석,더불어민주당,초선,지역구,남,Representative,0.1083558993299242,0.00020925996257642327
김영식,0.003737905234451,정무위원회,김영식,김영식,국민의힘,초선,지역구,남,Representative,0.2624749295735833,0.0009811064131652546
서병수,0.0044314508651519,정무위원회,서병수,서병수,국민의힘,5선,지역구,남,Representative,0.3254004320021045,0.001441996025916528
송언석,0.0051234465984854,정무위원회,송언석,송언석,국민의힘,재선,지역구,남,Representative,0.1978088158038737,0.0010134629044807819
안철수,4.913845441314597e-05,정무위원회,안철수,안철수,국민의힘,3선,지역구,남,Representative,0.4836184997568817,2.3764265603657576e-05
장제원,0.0003293925328741,정무위원회,장제원,장제원,국민의힘,3선,지역구,남,Representative,0.0909064879091423,2.9943918307081128e-05
정진석,0.0050819915208518,정무위원회,정진석,정진석,국민의힘,5선,지역구,남,Representative,0.0704006718058257,0.0003577756171794766
김회재,0.0020426900644466,정무위원회,김회재,김회재,더불어민주당,초선,지역구,남,Representative,0.2705052594012662,0.0005525584057595167
민홍철,0.0013637373950006,정무위원회,민홍철,민홍철,더불어민주당,3선,지역구,남,Representative,0.2010526097454781,0.00027418296227237055
소병훈,0.0017595064700199,정무위원회,소병훈,소병훈,더불어민주당,재선,지역구,남,Representative,0.4495375269510719,0.0007909641871871562
최강욱,0.0,정무위원회,최강욱,최강욱,열린민주당,초선,비례대표,남,Representative,0.7842536920804917,0.0
양기대,0.0006823836286236,정무위원회,양기대,양기대,더불어민주당,초선,지역구,남,Representative,0.2301185334449006,0.00015702911986567253
조응천,0.0004232005167551,정무위원회,조응천,조응천,더불어민주당,재선,지역구,남,Representative,0.254488173419614,0.00010769952649924215
김교흥,0.0036464954278099,정무위원회,김교흥,김교흥,더불어민주당,재선,지역구,남,Representative,0.1927891344584833,0.0007030046973342874
서정숙,0.0,정무위원회,서정숙,서정숙,국민의힘,초선,비례대표,여,Representative,0.3409787953353209,0.0
조해진,0.0005912049999515,정무위원회,조해진,조해진,국민의힘,3선,지역구,남,Representative,0.3349213368474088,0.00019800716893462865
하태경,0.0117220960058959,정무위원회,하태경,하태경,국민의힘,3선,지역구,남,Representative,0.5914732693738115,0.006933306448520945
이장섭,0.001351747991577,정무위원회,이장섭,이장섭,더불어민주당,초선,지역구,남,Representative,0.2854497963072183,0.000385856188854346
한정애,0.0122630976466588,정무위원회,한정애,한정애,더불어민주당,3선,지역구,여,Representative,0.200025913945713,0.002452937314578449
윤영찬,0.0001026951344272,정무위원회,윤영찬,윤영찬,더불어민주당,초선,지역구,남,Representative,0.1950263668759664,2.0028258963175792e-05
신현영,0.0002921030952763,정무위원회,신현영,신현영,더불어민주당,초선,비례대표,여,Representative,0.3325126093005273,9.712796239508305e-05
고민정,0.0018170894727356,정무위원회,고민정,고민정,더불어민주당,초선,지역구,여,Representative,0.3526006355299543,0.0006407069029013622
윤두현,0.0163358245145514,정무위원회,윤두현,윤두현,국민의힘,초선,지역구,남,Representative,0.2056082379737857,0.0033587800942858864
정동만,0.0,정무위원회,정동만,정동만,국민의힘,초선,지역구,남,Representative,0.0224883277952201,0.0
홍영표,0.0,정무위원회,홍영표,홍영표,더불어민주당,4선,지역구,남,Representative,0.2094480075912773,0.0
김희국,0.0,정무위원회,김희국,김희국,국민의힘,재선,지역구,남,Representative,0.0800803641309325,0.0
윤재옥,0.0048659828746715,정무위원회,윤재옥,윤재옥,국민의힘,3선,지역구,남,Representative,0.5807333195948687,0.002825838387899762
강득구,0.0,정무위원회,강득구,강득구,더불어민주당,초선,지역구,남,Representative,0.5445023530105706,0.0
이탄희,0.0006515362370928,정무위원회,이탄희,이탄희,더불어민주당,초선,지역구,남,Representative,0.6201423822658652,0.00040404523420326655
신동근,0.0020950830923853,정무위원회,신동근,신동근,더불어민주당,재선,지역구,남,Representative,0.1433568328564554,0.0003003444766954652
서삼석,0.0012873986578454,정무위원회,서삼석,서삼석,더불어민주당,재선,지역구,남,Representative,0.2012082502190047,0.00025903523127936807
박성중,0.0006423500126973,정무위원회,박성중,박성중,국민의힘,재선,지역구,남,Representative,0.1136597690819902,7.300935411298858e-05
임이자,0.0,정무위원회,임이자,임이자,국민의힘,재선,지역구,여,Representative,0.0338839582899253,0.0
유동수,0.0439193403972339,정무위원회,유동수,유동수,더불어민주당,재선,지역구,남,Representative,0.4365284860540641,0.01917204317209761
양향자,0.0,정무위원회,양향자,양향자,더불어민주당,초선,지역구,여,Representative,0.9193887826618028,0.0
양이원영,0.0012468912231028,정무위원회,양이원영,양이원영,더불어민주당,초선,비례대표,여,Representative,0.538619431256871,0.0006715998414268143
박수영,0.0021473492875082,정무위원회,박수영,박수영,국민의힘,초선,지역구,남,Representative,0.3130251150523512,0.0006721742577798387
박대출,0.0006513379387253,정무위원회,박대출,박대출,국민의힘,3선,지역구,남,Representative,0.1127161477762168,7.341630335361735e-05
주호영,0.0004382740362473,정무위원회,주호영,주호영,국민의힘,5선,지역구,남,Representative,0.2385724628270604,0.0001045601162206747
김선교,0.0036163587391317,정무위원회,김선교,김선교,국민의힘,초선,지역구,남,Representative,0.1700647696450778,0.0006150152159243965
신원식,0.0022630856783801,정무위원회,신원식,신원식,국민의힘,초선,비례대표,남,Representative,0.188354618593185,0.0004262626397949831
정경희,0.000266317235193,정무위원회,정경희,정경희,국민의힘,초선,비례대표,여,Representative,0.3356632617736524,8.939291183142333e-05
박광온,0.000657729236903,정무위원회,박광온,박광온,더불어민주당,3선,지역구,남,Representative,0.0636172526258988,4.184292702349779e-05
정찬민,0.0,정무위원회,정찬민,정찬민,국민의힘,초선,지역구,남,Representative,0.4442721508323407,0.0
김기현,0.0002777692851953,정무위원회,김기현,김기현,국민의힘,4선,지역구,남,Representative,0.3033064478180708,8.424921520555109e-05
김병주,0.0008305058652749,정무위원회,김병주,김병주,더불어민주당,초선,비례대표,남,Representative,0.2434625119610639,0.00020219704415822405
우상호,0.0,정무위원회,우상호,우상호,더불어민주당,4선,지역구,남,Representative,0.354889315495192,0.0
정점식,0.0001642008413095,정무위원회,정점식,정점식,국민의힘,재선,지역구,남,Representative,0.1256501314629642,2.0631857296867996e-05
허은아,0.0001241991405841,정무위원회,허은아,허은아,국민의힘,초선,비례대표,여,Representative,0.290583414125627,3.60902103023965e-05
이재정,0.0,정무위원회,이재정,이재정,더불어민주당,재선,지역구,여,Representative,0.2573809498745986,0.0
,0.0,정무위원회,,,,,,,Co-Sponsor,0.0,0.0
배현진,0.0,정무위원회,배현진,배현진,국민의힘,초선,지역구,여,Representative,0.0729943402727777,0.0
추경호,0.0029415421664797,정무위원회,추경호,추경호,국민의힘,재선,지역구,남,Representative,0.0731143995543978,0.0002150690892661057
김진표,0.0,정무위원회,김진표,김진표,더불어민주당,5선,지역구,남,Representative,0.4172834774907449,0.0
송영길,0.001929394786293,정무위원회,송영길,송영길,더불어민주당,5선,지역구,남,Representative,0.1847095725159723,0.0003563776861907258
박완수,0.0001839594721626,정무위원회,박완수,박완수,국민의힘,재선,지역구,남,Representative,0.1899346266606008,3.494027366588462e-05
이광재,0.0003915916597711,정무위원회,이광재,이광재,더불어민주당,3선,지역구,남,Representative,0.2037976967403526,7.980547832408197e-05
김태흠,0.0031681306630145,정무위원회,김태흠,김태흠,국민의힘,3선,지역구,남,Representative,0.0980118810479008,0.0003105144456875843
오영훈,0.0001913011570953,정무위원회,오영훈,오영훈,더불어민주당,재선,지역구,남,Representative,0.671756127451087,0.00012850772446725077
이영,0.0006436871285846,정무위원회,이영,이영,국민의힘,초선,비례대표,여,Representative,0.2206417648191584,0.00014202426404228267
김은혜,0.000599360111309,정무위원회,김은혜,김은혜,국민의힘,초선,지역구,여,Representative,0.162439713102269,9.735988452597798e-05
조태용,0.0,정무위원회,조태용,조태용,국민의힘,초선,비례대표,남,Representative,0.1545407967786547,0.0
정청래,0.0014887904344328,정무위원회,정청래,정청래,더불어민주당,3선,지역구,남,Representative,0.0751206976802892,0.0001118389761343328
홍준표,0.0,정무위원회,홍준표,홍준표,국민의힘,5선,지역구,남,Representative,0.1745452207856409,0.0
이규민,0.0,정무위원회,이규민,이규민,더불어민주당,초선,지역구,남,Representative,0.3923416013378649,0.0
곽상도,0.0,정무위원회,곽상도,곽상도,국민의힘,재선,지역구,남,Representative,0.0416731213070125,0.0
정정순,4.419700176394355e-05,정무위원회,정정순,정정순,더불어민주당,초선,지역구,남,Representative,0.1787183559051326,7.898815491188237e-06
윤희숙,0.0,정무위원회,윤희숙,윤희숙,국민의힘,초선,지역구,여,Representative,0.28306548324025,0.0
이상직,0.0,정무위원회,이상직,이상직,더불어민주당,재선,지역구,남,Representative,0.1875925759171187,0.0
김진애,0.0,정무위원회,김진애,김진애,열린민주당,재선,비례대표,여,Representative,1.0590950156918448,0.0
이낙연,0.0,정무위원회,이낙연,이낙연,더불어민주당,5선,지역구,남,Representative,0.1016403584957575,0.0
이원욱,0.0061093468445069,산업통상자원중소벤처기업위원회,이원욱,이원욱,더불어민주당,3선,지역구,남,Representative,0.2087926901604398,0.0012755869627877898
김철민,0.0018663080877911,산업통상자원중소벤처기업위원회,김철민,김철민,더불어민주당,재선,지역구,남,Representative,0.1469147406376817,0.00027418816866783715
김종민,0.002649361028541,산업통상자원중소벤처기업위원회,김종민,김종민,더불어민주당,재선,지역구,남,Representative,0.6226025996525496,0.0016494990637877793
윤미향,0.0041445255470753,산업통상자원중소벤처기업위원회,윤미향,윤미향,더불어민주당,초선,비례대표,여,Representative,1.0539381495296805,0.004368073585763028
홍성국,0.0048320335801357,산업통상자원중소벤처기업위원회,홍성국,홍성국,더불어민주당,초선,지역구,남,Representative,0.0821632285254589,0.00039701547928738085
조응천,0.0,산업통상자원중소벤처기업위원회,조응천,조응천,더불어민주당,재선,지역구,남,Representative,0.254488173419614,0.0
오영환,0.0029246480112109,산업통상자원중소벤처기업위원회,오영환,오영환,더불어민주당,초선,지역구,남,Representative,0.2639159163033288,0.0007718611597434329
양정숙,0.0026927770161221,산업통상자원중소벤처기업위원회,양정숙,양정숙,국민의힘,초선,비례대표,여,Representative,0.754948281969812,0.002032907382049176
김영주,0.0001984607040734,산업통상자원중소벤처기업위원회,김영주,김영주,더불어민주당,4선,지역구,여,Representative,0.3478961305037666,6.904371100418897e-05
고용진,0.0023359356971879,산업통상자원중소벤처기업위원회,고용진,고용진,더불어민주당,재선,지역구,남,Representative,0.2115658202772826,0.0004942041518905441
윤상현,0.0007490379925465,산업통상자원중소벤처기업위원회,윤상현,윤상현,국민의힘,4선,지역구,남,Representative,0.6145800382735443,0.0004603437981275668
박진,0.0033421870282517,산업통상자원중소벤처기업위원회,박진,박진,국민의힘,4선,지역구,남,Representative,0.2849925584102457,0.000952498431866988
이헌승,0.0,산업통상자원중소벤처기업위원회,이헌승,이헌승,국민의힘,3선,지역구,남,Representative,0.1758853015028908,0.0
김용판,0.0029806004806125,산업통상자원중소벤처기업위원회,김용판,김용판,국민의힘,초선,지역구,남,Representative,0.0784323016946945,0.00023377535612675103
김예지,0.0053141573195895,산업통상자원중소벤처기업위원회,김예지,김예지,국민의힘,초선,비례대표,여,Representative,0.5578154035188375,0.002964318809589401
태영호,0.0022199099014577,산업통상자원중소벤처기업위원회,태영호,태영호,국민의힘,초선,지역구,남,Representative,0.1778687283130429,0.0003948525511418135
김희곤,0.0,산업통상자원중소벤처기업위원회,김희곤,김희곤,국민의힘,초선,지역구,남,Representative,0.172954273871935,0.0
하영제,0.0043266117387022,산업통상자원중소벤처기업위원회,하영제,하영제,국민의힘,초선,지역구,남,Representative,0.1478614433724366,0.0006397390565966348
정경희,0.0,산업통상자원중소벤처기업위원회,정경희,정경희,국민의힘,초선,비례대표,여,Representative,0.3356632617736524,0.0
최승재,0.049535308013583,산업통상자원중소벤처기업위원회,최승재,최승재,국민의힘,초선,비례대표,남,Representative,0.4362396164165481,0.021609263766921013
정운천,0.0052156891923167,산업통상자원중소벤처기업위원회,정운천,정운천,국민의힘,재선,비례대표,남,Representative,0.2095429101918529,0.001092910692014236
이주환,0.0043464190488039,산업통상자원중소벤처기업위원회,이주환,이주환,국민의힘,초선,지역구,남,Representative,0.0486042879937447,0.00021125460318956266
김학용,0.0,산업통상자원중소벤처기업위원회,김학용,김학용,국민의힘,4선,지역구,남,Representative,0.2414249164893882,0.0
김성원,0.0070116506872764,산업통상자원중소벤처기업위원회,김성원,김성원,국민의힘,재선,지역구,남,Representative,0.0969967354280285,0.0006801072266275032
이종배,0.0245197197522783,산업통상자원중소벤처기업위원회,이종배,이종배,국민의힘,3선,지역구,남,Representative,0.121959560331773,0.0029904142404461515
구자근,0.0183933268892908,산업통상자원중소벤처기업위원회,구자근,구자근,국민의힘,초선,지역구,남,Representative,0.0584340346254918,0.001074796300326808
최춘식,0.0019286948724576,산업통상자원중소벤처기업위원회,최춘식,최춘식,국민의힘,초선,지역구,남,Representative,0.185261782253888,0.0003573134494954302
송갑석,0.0103704121206613,산업통상자원중소벤처기업위원회,송갑석,송갑석,더불어민주당,재선,지역구,남,Representative,0.0670810059002477,0.0006956576766540809
조오섭,0.0,산업통상자원중소벤처기업위원회,조오섭,조오섭,더불어민주당,초선,지역구,남,Representative,0.3537241914215748,0.0
민형배,0.0080764881302876,산업통상자원중소벤처기업위원회,민형배,민형배,더불어민주당,초선,지역구,남,Representative,0.5990186631316904,0.004837967122603844
이병훈,0.0040510030698678,산업통상자원중소벤처기업위원회,이병훈,이병훈,더불어민주당,초선,지역구,남,Representative,0.1790578800414445,0.0007253640217319119
이용빈,0.0114858790276169,산업통상자원중소벤처기업위원회,이용빈,이용빈,더불어민주당,초선,지역구,남,Representative,0.4600032901867735,0.005283542143391032
윤영덕,0.0,산업통상자원중소벤처기업위원회,윤영덕,윤영덕,더불어민주당,초선,지역구,남,Representative,0.5936797322448536,0.0
이성만,0.0133786246997924,산업통상자원중소벤처기업위원회,이성만,이성만,더불어민주당,초선,지역구,남,Representative,0.2194435071327558,0.0029358523247353563
이개호,0.0014425280923273,산업통상자원중소벤처기업위원회,이개호,이개호,더불어민주당,3선,지역구,남,Representative,0.1131561090092011,0.00016323086606422288
강훈식,0.0058933847556733,산업통상자원중소벤처기업위원회,강훈식,강훈식,더불어민주당,재선,지역구,남,Representative,0.2333552597959055,0.001375252330737372
윤후덕,0.0,산업통상자원중소벤처기업위원회,윤후덕,윤후덕,더불어민주당,3선,지역구,남,Representative,0.1665258272005472,0.0
김도읍,0.0021088015508416,산업통상자원중소벤처기업위원회,김도읍,김도읍,국민의힘,3선,지역구,남,Representative,0.0057675742475114,1.2162669517746116e-05
유경준,0.0018595729396293,산업통상자원중소벤처기업위원회,유경준,유경준,국민의힘,초선,지역구,남,Representative,0.1969803900983735,0.00036629940306455867
권명호,0.0070769639442809,산업통상자원중소벤처기업위원회,권명호,권명호,국민의힘,초선,지역구,남,Representative,0.101862293500913,0.00072087577838772
김석기,0.0009910173911514,산업통상자원중소벤처기업위원회,김석기,김석기,국민의힘,재선,지역구,남,Representative,0.2160995399392338,0.00021415840229959725
윤한홍,0.0020662649584932,산업통상자원중소벤처기업위원회,윤한홍,윤한홍,국민의힘,재선,지역구,남,Representative,0.0633220910364272,0.0001308402178070859
김미애,0.0003225965009724,산업통상자원중소벤처기업위원회,김미애,김미애,국민의힘,초선,지역구,여,Representative,0.1300450243421692,4.1952069821654366e-05
권성동,0.0,산업통상자원중소벤처기업위원회,권성동,권성동,국민의힘,4선,지역구,남,Representative,0.1650123478378992,0.0
지성호,0.0,산업통상자원중소벤처기업위원회,지성호,지성호,국민의힘,초선,비례대표,남,Representative,0.152368783397105,0.0
장동혁,0.0034572174563991,산업통상자원중소벤처기업위원회,장동혁,장동혁,국민의힘,초선,지역구,남,Representative,0.2751477089855504,0.0009512454625930644
박형수,0.0,산업통상자원중소벤처기업위원회,박형수,박형수,국민의힘,초선,지역구,남,Representative,0.1289259726016864,0.0
최혜영,0.0032986172636165,산업통상자원중소벤처기업위원회,최혜영,최혜영,더불어민주당,초선,비례대표,여,Representative,0.4555600514410841,0.0015027182502975807
강민정,0.0,산업통상자원중소벤처기업위원회,강민정,강민정,열린민주당,초선,비례대표,여,Representative,1.3217456216851513,0.0
권인숙,0.0007248167634654,산업통상자원중소벤처기업위원회,권인숙,권인숙,더불어민주당,초선,비례대표,여,Representative,0.7127107829573963,0.0005165847229900712
권칠승,0.0030361785398814,산업통상자원중소벤처기업위원회,권칠승,권칠승,더불어민주당,재선,지역구,남,Representative,0.1859285040914948,0.0005645121340748477
김상희,0.0,산업통상자원중소벤처기업위원회,김상희,김상희,더불어민주당,4선,지역구,여,Representative,0.5592599599039866,0.0
유정주,0.0,산업통상자원중소벤처기업위원회,유정주,유정주,더불어민주당,초선,비례대표,여,Representative,0.3402755762534749,0.0
이탄희,0.0,산업통상자원중소벤처기업위원회,이탄희,이탄희,더불어민주당,초선,지역구,남,Representative,0.6201423822658652,0.0
전용기,0.0093746360324324,산업통상자원중소벤처기업위원회,전용기,전용기,더불어민주당,초선,비례대표,남,Representative,0.1508910607377874,0.0014145487749644076
정춘숙,0.0,산업통상자원중소벤처기업위원회,정춘숙,정춘숙,더불어민주당,재선,지역구,여,Representative,0.1638501850633351,0.0
홍기원,0.0007612855058366,산업통상자원중소벤처기업위원회,홍기원,홍기원,더불어민주당,초선,지역구,남,Representative,0.1984078664960204,0.00015104503300738352
최형두,0.0160794432677499,산업통상자원중소벤처기업위원회,최형두,최형두,국민의힘,초선,지역구,남,Representative,0.2907134521220806,0.004674510460568722
강기윤,0.0015515341205439,산업통상자원중소벤처기업위원회,강기윤,강기윤,국민의힘,재선,지역구,남,Representative,0.1051953896862757,0.0001632142364221686
어기구,0.0085212257581235,산업통상자원중소벤처기업위원회,어기구,어기구,더불어민주당,재선,지역구,남,Representative,0.1048322749382438,0.0008932994814864478
최인호,0.0067412989259377,산업통상자원중소벤처기업위원회,최인호,최인호,더불어민주당,재선,지역구,남,Representative,0.1711937203769239,0.0011540680433042361
황보승희,0.0027401749279224,산업통상자원중소벤처기업위원회,황보승희,황보승희,국민의힘,초선,지역구,여,Representative,0.2043416232088162,0.0005599317926477641
위성곤,0.0064104960999659,산업통상자원중소벤처기업위원회,위성곤,위성곤,더불어민주당,재선,지역구,남,Representative,0.4979833092497824,0.003192320061793843
류성걸,0.0004971710206587,산업통상자원중소벤처기업위원회,류성걸,류성걸,국민의힘,재선,지역구,남,Representative,0.0750174025505985,3.7296478593245624e-05
박대수,0.0010504535119982,산업통상자원중소벤처기업위원회,박대수,박대수,국민의힘,초선,비례대표,남,Representative,0.2414175298978371,0.00025359789213911344
양금희,0.0091275429617512,산업통상자원중소벤처기업위원회,양금희,양금희,국민의힘,초선,지역구,여,Representative,0.1636013212186727,0.0014932780880226933
이인선,0.0031886468682386,산업통상자원중소벤처기업위원회,이인선,이인선,국민의힘,초선,지역구,여,Representative,0.3231681290160744,0.0010304690425016335
이종성,0.0009206069637543,산업통상자원중소벤처기업위원회,이종성,이종성,국민의힘,초선,비례대표,남,Representative,0.2162605302271925,0.0001990909501123507
최영희,0.0,산업통상자원중소벤처기업위원회,최영희,최영희,국민의힘,초선,비례대표,여,Representative,0.1798744661352604,0.0
노용호,0.0024733702523025,산업통상자원중소벤처기업위원회,노용호,노용호,국민의힘,초선,비례대표,남,Representative,0.1923972318813689,0.00047586958996072396
엄태영,0.0045190201505097,산업통상자원중소벤처기업위원회,엄태영,엄태영,국민의힘,초선,지역구,남,Representative,0.2112428656135919,0.0009546107663592344
강대식,0.0,산업통상자원중소벤처기업위원회,강대식,강대식,국민의힘,초선,지역구,남,Representative,0.1076879275224922,0.0
한무경,0.022435236192381,산업통상자원중소벤처기업위원회,한무경,한무경,국민의힘,초선,비례대표,여,Representative,0.1040419536269268,0.0023342058035368536
박정,0.0063228680331738,산업통상자원중소벤처기업위원회,박정,박정,더불어민주당,재선,지역구,남,Representative,0.1086038378087208,0.0006866877343607528
허숙정,0.0,산업통상자원중소벤처기업위원회,허숙정,허숙정,더불어민주당,초선,비례대표,여,Representative,1.1015877581031428,0.0
허영,0.0151887708635075,산업통상자원중소벤처기업위원회,허영,허영,더불어민주당,초선,지역구,남,Representative,0.2272084723983615,0.0034510174255062815
이학영,0.0025872858618016,산업통상자원중소벤처기업위원회,이학영,이학영,더불어민주당,3선,지역구,남,Representative,0.0560092720869861,0.00014491199780045813
서동용,0.0007902450445171,산업통상자원중소벤처기업위원회,서동용,서동용,더불어민주당,초선,지역구,남,Representative,0.3156377014497687,0.0002494311294334476
고영인,0.0,산업통상자원중소벤처기업위원회,고영인,고영인,더불어민주당,초선,지역구,남,Representative,0.3272823183515555,0.0
성일종,0.0021002557546838,산업통상자원중소벤처기업위원회,성일종,성일종,국민의힘,재선,지역구,남,Representative,0.2955294681309887,0.0006206874661207517
송석준,0.0048653756327588,산업통상자원중소벤처기업위원회,송석준,송석준,국민의힘,재선,지역구,남,Representative,0.2718885877183796,0.0013228401095102076
안철수,0.0009374528562577,산업통상자원중소벤처기업위원회,안철수,안철수,국민의힘,3선,지역구,남,Representative,0.4836184997568817,0.00045336954393615254
양향자,0.0601458122743635,산업통상자원중소벤처기업위원회,양향자,양향자,더불어민주당,초선,지역구,여,Representative,0.9193887826618028,0.05529738512913237
정우택,0.0016696948971366,산업통상자원중소벤처기업위원회,정우택,정우택,국민의힘,5선,지역구,남,Representative,0.1586300083990965,0.0002648637155567074
홍문표,0.0148609803015952,산업통상자원중소벤처기업위원회,홍문표,홍문표,국민의힘,4선,지역구,남,Representative,0.5476629473060372,0.008138808271828588
김회재,0.0084415645522371,산업통상자원중소벤처기업위원회,김회재,김회재,더불어민주당,초선,지역구,남,Representative,0.2705052594012662,0.00228348760895543
김경만,0.0279992646221165,산업통상자원중소벤처기업위원회,김경만,김경만,더불어민주당,초선,비례대표,남,Representative,0.2607821776703825,0.00730170920132484
김승남,0.0014490315138702,산업통상자원중소벤처기업위원회,김승남,김승남,더불어민주당,재선,지역구,남,Representative,0.2124111150114147,0.0003077903995478474
박영순,0.0080751053594001,산업통상자원중소벤처기업위원회,박영순,박영순,더불어민주당,초선,지역구,남,Representative,0.3793634271542586,0.003063399643773743
소병철,0.0006502585414614,산업통상자원중소벤처기업위원회,소병철,소병철,더불어민주당,초선,지역구,남,Representative,0.1921494526414231,0.00012494682281721816
신정훈,0.0275667384600464,산업통상자원중소벤처기업위원회,신정훈,신정훈,더불어민주당,재선,지역구,남,Representative,0.1277927153232575,0.0035228283604154037
이동주,0.0166320879979071,산업통상자원중소벤처기업위원회,이동주,이동주,더불어민주당,초선,비례대표,남,Representative,0.2481459493801818,0.004127185266415385
이상헌,0.0011783358296217,산업통상자원중소벤처기업위원회,이상헌,이상헌,더불어민주당,재선,지역구,남,Representative,0.6637862515737748,0.0007821631234396625
김형동,0.0012313702321602,산업통상자원중소벤처기업위원회,김형동,김형동,국민의힘,초선,지역구,남,Representative,0.2200235295412783,0.0002709304246519505
서범수,0.0023074155335445,산업통상자원중소벤처기업위원회,서범수,서범수,국민의힘,초선,지역구,남,Representative,0.2022344335941221,0.000466638873492651
임병헌,0.0006449562590224,산업통상자원중소벤처기업위원회,임병헌,임병헌,국민의힘,초선,지역구,남,Representative,0.2574402072023462,0.00016603767295917676
임이자,0.0,산업통상자원중소벤처기업위원회,임이자,임이자,국민의힘,재선,지역구,여,Representative,0.0338839582899253,0.0
김승수,0.0030256214424735,산업통상자원중소벤처기업위원회,김승수,김승수,국민의힘,초선,지역구,남,Representative,0.1092543380607149,0.00033056226791974765
배준영,0.0058667788044831,산업통상자원중소벤처기업위원회,배준영,배준영,국민의힘,초선,지역구,남,Representative,0.4029858723602732,0.002364228974469383
이재정,0.0009883077138487,산업통상자원중소벤처기업위원회,이재정,이재정,더불어민주당,재선,지역구,여,Representative,0.2573809498745986,0.0002543715781587714
김영진,0.0003457328979684,산업통상자원중소벤처기업위원회,김영진,김영진,더불어민주당,재선,지역구,남,Representative,0.0792247561405531,2.739060453131322e-05
도종환,0.0002711342564572,산업통상자원중소벤처기업위원회,도종환,도종환,더불어민주당,3선,지역구,남,Representative,0.2721175456087874,7.378038839759679e-05
문정복,0.0,산업통상자원중소벤처기업위원회,문정복,문정복,더불어민주당,초선,지역구,여,Representative,0.5768076262279168,0.0
민병덕,0.0095056713061915,산업통상자원중소벤처기업위원회,민병덕,민병덕,더불어민주당,초선,지역구,남,Representative,0.534492412029025,0.005080709184401387
소병훈,0.0004501610891205,산업통상자원중소벤처기업위원회,소병훈,소병훈,더불어민주당,재선,지역구,남,Representative,0.4495375269510719,0.00020236430273283065
인재근,0.0,산업통상자원중소벤처기업위원회,인재근,인재근,더불어민주당,3선,지역구,여,Representative,0.2910042957726254,0.0
권영세,0.0002003811345876,산업통상자원중소벤처기업위원회,권영세,권영세,국민의힘,4선,지역구,남,Representative,0.3767193328116696,7.548744732988604e-05
김영식,0.0048537341626859,산업통상자원중소벤처기업위원회,김영식,김영식,국민의힘,초선,지역구,남,Representative,0.2624749295735833,0.001273983532519877
윤창현,0.0022830446150681,산업통상자원중소벤처기업위원회,윤창현,윤창현,국민의힘,초선,비례대표,남,Representative,0.1659560286241812,0.0003788850174885244
이만희,0.0003210236069613,산업통상자원중소벤처기업위원회,이만희,이만희,국민의힘,재선,지역구,남,Representative,0.1771920077790279,5.6882817461938264e-05
이명수,0.003220779689034,산업통상자원중소벤처기업위원회,이명수,이명수,국민의힘,4선,지역구,남,Representative,0.4078212172780129,0.0013135022933661456
권은희,0.0,산업통상자원중소벤처기업위원회,권은희,권은희,국민의당,3선,비례대표,여,Representative,1.4757029872866645,0.0
조명희,0.0126681565830248,산업통상자원중소벤처기업위원회,조명희,조명희,국민의힘,초선,비례대표,여,Representative,0.2553086924045825,0.003234290492388565
안병길,0.0017672544293692,산업통상자원중소벤처기업위원회,안병길,안병길,국민의힘,초선,지역구,남,Representative,0.0420092157277911,7.424097256926508e-05
이태규,0.0002785286345302,산업통상자원중소벤처기업위원회,이태규,이태규,국민의당,재선,비례대표,남,Representative,0.7108411718546286,0.00019798962096451693
김성환,0.0119935508873293,산업통상자원중소벤처기업위원회,김성환,김성환,더불어민주당,재선,지역구,남,Representative,0.2337158540241251,0.0028030829884139706
김교흥,0.0,산업통상자원중소벤처기업위원회,김교흥,김교흥,더불어민주당,재선,지역구,남,Representative,0.1927891344584833,0.0
김성주,0.0,산업통상자원중소벤처기업위원회,김성주,김성주,더불어민주당,재선,지역구,남,Representative,0.3218992730272499,0.0
김정호,0.0196700213224533,산업통상자원중소벤처기업위원회,김정호,김정호,더불어민주당,재선,지역구,남,Representative,0.2475581055450652,0.004869473214617576
안호영,0.0008919127114814,산업통상자원중소벤처기업위원회,안호영,안호영,더불어민주당,재선,지역구,남,Representative,0.5118923685595783,0.00045656331042860963
윤준병,0.0041948020060075,산업통상자원중소벤처기업위원회,윤준병,윤준병,더불어민주당,초선,지역구,남,Representative,0.4344183278979442,0.0018222988733127203
이소영,0.0026856264009003,산업통상자원중소벤처기업위원회,이소영,이소영,더불어민주당,초선,지역구,여,Representative,0.3137302400903705,0.0008425622155474886
이용선,0.0054777789025865,산업통상자원중소벤처기업위원회,이용선,이용선,더불어민주당,초선,지역구,남,Representative,0.5128505108380027,0.0028092817084491204
이해식,0.0,산업통상자원중소벤처기업위원회,이해식,이해식,더불어민주당,초선,지역구,남,Representative,0.2639597631121719,0.0
박수영,0.0064366573135393,산업통상자원중소벤처기업위원회,박수영,박수영,국민의힘,초선,지역구,남,Representative,0.3130251150523512,0.002014835396123197
박광온,0.0004165159852351,산업통상자원중소벤처기업위원회,박광온,박광온,더불어민주당,3선,지역구,남,Representative,0.0636172526258988,2.6497602655426492e-05
송옥주,0.0005937892373021,산업통상자원중소벤처기업위원회,송옥주,송옥주,더불어민주당,재선,지역구,여,Representative,0.2621477343853833,0.00015566050326117024
윤영찬,0.0,산업통상자원중소벤처기업위원회,윤영찬,윤영찬,더불어민주당,초선,지역구,남,Representative,0.1950263668759664,0.0
전해철,0.0031011856068329,산업통상자원중소벤처기업위원회,전해철,전해철,더불어민주당,3선,지역구,남,Representative,0.111134388568907,0.0003446483662540692
한정애,0.0003254895150443,산업통상자원중소벤처기업위원회,한정애,한정애,더불어민주당,3선,지역구,여,Representative,0.200025913945713,6.5106337726483e-05
홍정민,0.0231930811360009,산업통상자원중소벤처기업위원회,홍정민,홍정민,더불어민주당,초선,지역구,여,Representative,0.1978012226072815,0.004587619804730855
황희,0.0002432830282142,산업통상자원중소벤처기업위원회,황희,황희,더불어민주당,재선,지역구,남,Representative,0.2589890766385589,6.300764683902813e-05
김정재,0.002755995867714,산업통상자원중소벤처기업위원회,김정재,김정재,국민의힘,재선,지역구,여,Representative,0.2574250589731167,0.0007094623987759423
이양수,0.0,산업통상자원중소벤처기업위원회,이양수,이양수,국민의힘,재선,지역구,남,Representative,0.4099103257016184,0.0
이정문,0.0,산업통상자원중소벤처기업위원회,이정문,이정문,더불어민주당,초선,지역구,남,Representative,0.0848113999966772,0.0
정태호,0.0233495619316056,산업통상자원중소벤처기업위원회,정태호,정태호,더불어민주당,초선,지역구,남,Representative,0.2629825046404378,0.00614052627903066
양이원영,0.0049938572335265,산업통상자원중소벤처기업위원회,양이원영,양이원영,더불어민주당,초선,비례대표,여,Representative,0.538619431256871,0.0026897885429000546
김용민,0.0009949443056061,산업통상자원중소벤처기업위원회,김용민,김용민,더불어민주당,초선,지역구,남,Representative,0.5183906276468344,0.00051576980305679
이원택,0.0008480023293127,산업통상자원중소벤처기업위원회,이원택,이원택,더불어민주당,초선,지역구,남,Representative,0.2716912161873271,0.00023039478418065374
정일영,0.0130204791688822,산업통상자원중소벤처기업위원회,정일영,정일영,더불어민주당,초선,지역구,남,Representative,0.1776389564691861,0.002312944332289009
박성민,0.0017502523502876,산업통상자원중소벤처기업위원회,박성민,박성민,국민의힘,초선,지역구,남,Representative,0.1920963982054519,0.00033621717244087493
김웅,0.0,산업통상자원중소벤처기업위원회,김웅,김웅,국민의힘,초선,지역구,남,Representative,0.3699621682437175,0.0
서병수,0.0010245203067701,산업통상자원중소벤처기업위원회,서병수,서병수,국민의힘,5선,지역구,남,Representative,0.3254004320021045,0.00033337935041791915
전봉민,0.0001618006938076,산업통상자원중소벤처기업위원회,전봉민,전봉민,국민의힘,초선,지역구,남,Representative,0.0399499989170311,6.4639375423885e-06
조경태,0.0,산업통상자원중소벤처기업위원회,조경태,조경태,국민의힘,5선,지역구,남,Representative,0.3722224896824415,0.0
정청래,0.0003729582532457,산업통상자원중소벤처기업위원회,정청래,정청래,더불어민주당,3선,지역구,남,Representative,0.0751206976802892,2.801688418943897e-05
강선우,0.0,산업통상자원중소벤처기업위원회,강선우,강선우,더불어민주당,초선,지역구,여,Representative,0.2216826678477753,0.0
김병기,0.0,산업통상자원중소벤처기업위원회,김병기,김병기,더불어민주당,재선,지역구,남,Representative,0.1108729186430819,0.0
서영교,0.0022996358098301,산업통상자원중소벤처기업위원회,서영교,서영교,더불어민주당,3선,지역구,여,Representative,0.4396629254011983,0.0010110646075072555
신영대,0.0066081170052501,산업통상자원중소벤처기업위원회,신영대,신영대,더불어민주당,초선,지역구,남,Representative,0.2397699657028943,0.001584427987709529
임오경,0.000251890259211,산업통상자원중소벤처기업위원회,임오경,임오경,더불어민주당,초선,지역구,여,Representative,0.0586732885421386,1.4779229859641089e-05
김진표,0.0015433721365149,산업통상자원중소벤처기업위원회,김진표,김진표,더불어민주당,5선,지역구,남,Representative,0.4172834774907449,0.0006440236921872581
박성준,0.0,산업통상자원중소벤처기업위원회,박성준,박성준,더불어민주당,초선,지역구,남,Representative,0.2002255367463627,0.0
백혜련,0.0007539464017124,산업통상자원중소벤처기업위원회,백혜련,백혜련,더불어민주당,재선,지역구,여,Representative,0.262002066035241,0.00019753551492848458
서정숙,0.0,산업통상자원중소벤처기업위원회,서정숙,서정숙,국민의힘,초선,비례대표,여,Representative,0.3409787953353209,0.0
양기대,0.0025192776108079,산업통상자원중소벤처기업위원회,양기대,양기대,더불어민주당,초선,지역구,남,Representative,0.2301185334449006,0.000579732469139687
전혜숙,0.0,산업통상자원중소벤처기업위원회,전혜숙,전혜숙,더불어민주당,3선,지역구,여,Representative,0.3487897833092866,0.0
김민철,0.0,산업통상자원중소벤처기업위원회,김민철,김민철,더불어민주당,초선,지역구,남,Representative,0.2612442298812484,0.0
송재호,0.0074600758002438,산업통상자원중소벤처기업위원회,송재호,송재호,더불어민주당,초선,지역구,남,Representative,0.3758954363478019,0.0028042084481203207
진성준,0.0,산업통상자원중소벤처기업위원회,진성준,진성준,더불어민주당,재선,지역구,남,Representative,0.137191834935949,0.0
강득구,0.0036234972186096,산업통상자원중소벤처기업위원회,강득구,강득구,더불어민주당,초선,지역구,남,Representative,0.5445023530105706,0.001973002761660185
김홍걸,0.0020539715414187,산업통상자원중소벤처기업위원회,김홍걸,김홍걸,더불어민주당,초선,비례대표,남,Representative,0.5197862075653299,0.0010676260779611411
김영선,0.0001422390573652,산업통상자원중소벤처기업위원회,김영선,김영선,국민의힘,5선,,여,Representative,0.2168412076010161,3.084328896710017e-05
조은희,0.0,산업통상자원중소벤처기업위원회,조은희,조은희,국민의힘,초선,지역구,여,Representative,0.4971643551550483,0.0
강준현,0.0,산업통상자원중소벤처기업위원회,강준현,강준현,더불어민주당,초선,지역구,남,Representative,0.2442135956139989,0.0
김한정,0.0020131429617073,산업통상자원중소벤처기업위원회,김한정,김한정,더불어민주당,재선,지역구,남,Representative,0.3115396476231169,0.0006271738489052502
박홍근,0.0036824041922794,산업통상자원중소벤처기업위원회,박홍근,박홍근,더불어민주당,3선,지역구,남,Representative,0.2914629024230286,0.001073284213776482
조정식,0.0013151606152707,산업통상자원중소벤처기업위원회,조정식,조정식,더불어민주당,5선,지역구,남,Representative,0.0982721838798874,0.00012924370581546808
한병도,0.0141313607649075,산업통상자원중소벤처기업위원회,한병도,한병도,더불어민주당,재선,지역구,남,Representative,0.4404702338128733,0.0062244437802128705
이철규,0.0340348588967876,산업통상자원중소벤처기업위원회,이철규,이철규,국민의힘,재선,지역구,남,Representative,0.1840560451181021,0.006264321524695377
유상범,0.0003810988406102,산업통상자원중소벤처기업위원회,유상범,유상범,국민의힘,초선,지역구,남,Representative,0.3489284768254078,0.00013297623797404594
윤두현,0.0,산업통상자원중소벤처기업위원회,윤두현,윤두현,국민의힘,초선,지역구,남,Representative,0.2056082379737857,0.0
정희용,0.0,산업통상자원중소벤처기업위원회,정희용,정희용,국민의힘,초선,지역구,남,Representative,0.1013462246233544,0.0
한기호,0.0,산업통상자원중소벤처기업위원회,한기호,한기호,국민의힘,3선,지역구,남,Representative,0.3139152323587058,0.0
조해진,0.000456041881799,산업통상자원중소벤처기업위원회,조해진,조해진,국민의힘,3선,지역구,남,Representative,0.3349213368474088,0.00015273815671052908
김상훈,0.0083872804272877,산업통상자원중소벤처기업위원회,김상훈,김상훈,국민의힘,3선,지역구,남,Representative,0.1882659368916839,0.0015790392076166016
박덕흠,0.0,산업통상자원중소벤처기업위원회,박덕흠,박덕흠,국민의힘,3선,지역구,남,Representative,0.2317213323874486,0.0
이용,0.0,산업통상자원중소벤처기업위원회,이용,이용,국민의힘,초선,비례대표,남,Representative,0.0598766122576743,0.0
김한규,0.0001197346544397,산업통상자원중소벤처기업위원회,김한규,김한규,더불어민주당,초선,지역구,남,Representative,0.4606560544107763,5.5156493490429936e-05
안규백,0.0,산업통상자원중소벤처기업위원회,안규백,안규백,더불어민주당,4선,지역구,남,Representative,0.3809557196948137,0.0
이형석,0.0,산업통상자원중소벤처기업위원회,이형석,이형석,더불어민주당,초선,지역구,남,Representative,0.1083558993299242,0.0
김태호,0.000608212804882,산업통상자원중소벤처기업위원회,김태호,김태호,국민의힘,3선,지역구,남,Representative,0.2550454797747435,0.00015512192662627217
김의겸,0.0,산업통상자원중소벤처기업위원회,김의겸,김의겸,열린민주당,초선,비례대표,남,Representative,0.8380800716465495,0.0
우원식,0.0006156566258409,산업통상자원중소벤처기업위원회,우원식,우원식,더불어민주당,4선,지역구,남,Representative,0.3474908272016026,0.00021393503018560188
한준호,0.0,산업통상자원중소벤처기업위원회,한준호,한준호,더불어민주당,초선,지역구,남,Representative,0.1454541395520071,0.0
김윤덕,0.0006534124914971,산업통상자원중소벤처기업위원회,김윤덕,김윤덕,더불어민주당,재선,지역구,남,Representative,0.2869485044660441,0.0001874957372345246
임종성,0.010755379798803,산업통상자원중소벤처기업위원회,임종성,임종성,더불어민주당,재선,지역구,남,Representative,0.2168072376798863,0.0023318441843765297
황운하,0.0126433428425102,산업통상자원중소벤처기업위원회,황운하,황운하,더불어민주당,초선,지역구,남,Representative,0.5488281734063343,0.006939022758004924
설훈,0.0,산업통상자원중소벤처기업위원회,설훈,설훈,더불어민주당,5선,지역구,남,Representative,0.3265334931650108,0.0
박주민,1.6895436567458135e-05,산업통상자원중소벤처기업위원회,박주민,박주민,더불어민주당,재선,지역구,남,Representative,0.7084504412298533,1.1969579490986714e-05
주철현,0.0008438303043762,산업통상자원중소벤처기업위원회,주철현,주철현,더불어민주당,초선,지역구,남,Representative,0.1808273551250511,0.00015258760211471508
김경협,0.0027368051846352,산업통상자원중소벤처기업위원회,김경협,김경협,더불어민주당,3선,지역구,남,Representative,0.3651315668203744,0.0009992939651479746
김민석,0.0,산업통상자원중소벤처기업위원회,김민석,김민석,더불어민주당,3선,지역구,남,Representative,0.5124972621164758,0.0
김주영,0.0018255072379398,산업통상자원중소벤처기업위원회,김주영,김주영,더불어민주당,초선,지역구,남,Representative,0.3630556068353552,0.0006627606380525672
이장섭,0.0048883214125532,산업통상자원중소벤처기업위원회,이장섭,이장섭,더불어민주당,초선,지역구,남,Representative,0.2854497963072183,0.0013953703514975246
임호선,0.002573480582456,산업통상자원중소벤처기업위원회,임호선,임호선,더불어민주당,초선,지역구,남,Representative,0.1630095698549976,0.00041950196277634126
진선미,9.97775125511135e-05,산업통상자원중소벤처기업위원회,진선미,진선미,더불어민주당,3선,지역구,여,Representative,0.0766752551488706,7.650466232976266e-06
홍영표,0.0002462124785178,산업통상자원중소벤처기업위원회,홍영표,홍영표,더불어민주당,4선,지역구,남,Representative,0.2094480075912773,5.1568713069663366e-05
유기홍,0.0,산업통상자원중소벤처기업위원회,유기홍,유기홍,더불어민주당,3선,지역구,남,Representative,0.533695852611625,0.0
강병원,0.0007965698836253,산업통상자원중소벤처기업위원회,강병원,강병원,더불어민주당,재선,지역구,남,Representative,0.2679228198118838,0.0002134192493981145
김남국,0.0011039271253232,산업통상자원중소벤처기업위원회,김남국,김남국,더불어민주당,초선,지역구,남,Representative,0.4903679722415279,0.0005413305059471566
김원이,0.0039501744310799,산업통상자원중소벤처기업위원회,김원이,김원이,더불어민주당,초선,지역구,남,Representative,0.2360613447578642,0.0009324834882288523
박상혁,0.0009710852371043,산업통상자원중소벤처기업위원회,박상혁,박상혁,더불어민주당,초선,지역구,남,Representative,0.1910820455968065,0.0001855569535547495
허종식,0.0027155266669849,산업통상자원중소벤처기업위원회,허종식,허종식,더불어민주당,초선,지역구,남,Representative,0.5071840623526072,0.0013772718463882368
최기상,0.0006107525864242,산업통상자원중소벤처기업위원회,최기상,최기상,더불어민주당,초선,지역구,남,Representative,0.2058827885501175,0.00012574344560721093
변재일,0.0002905183503809,산업통상자원중소벤처기업위원회,변재일,변재일,더불어민주당,5선,지역구,남,Representative,0.3557301750687391,0.00010334614364167884
서영석,0.0018607287655868,산업통상자원중소벤처기업위원회,서영석,서영석,더불어민주당,초선,지역구,남,Representative,0.1839691144889395,0.00034231662330910106
기동민,0.0005476991047585,산업통상자원중소벤처기업위원회,기동민,기동민,더불어민주당,재선,지역구,남,Representative,0.4426922620576195,0.00024246215561247347
안민석,0.0003037027340677,산업통상자원중소벤처기업위원회,안민석,안민석,더불어민주당,5선,지역구,남,Representative,0.3441477269487697,0.00010451860559752565
박범계,0.0046135580120448,산업통상자원중소벤처기업위원회,박범계,박범계,더불어민주당,3선,지역구,남,Representative,0.3504014522294029,0.0016165974273650951
조승래,0.0,산업통상자원중소벤처기업위원회,조승래,조승래,더불어민주당,재선,지역구,남,Representative,0.2359910708975734,0.0
장경태,0.0030913756607324,산업통상자원중소벤처기업위원회,장경태,장경태,더불어민주당,초선,지역구,남,Representative,0.403738270388732,0.0012481066623859227
최종윤,0.0005441283224689,산업통상자원중소벤처기업위원회,최종윤,최종윤,더불어민주당,초선,지역구,남,Representative,0.1716391861609539,9.339374243568707e-05
김병주,0.0,산업통상자원중소벤처기업위원회,김병주,김병주,더불어민주당,초선,비례대표,남,Representative,0.2434625119610639,0.0
박용진,0.0,산업통상자원중소벤처기업위원회,박용진,박용진,더불어민주당,재선,지역구,남,Representative,0.7438287273758981,0.0
최연숙,0.0,산업통상자원중소벤처기업위원회,최연숙,최연숙,국민의당,초선,비례대표,여,Representative,1.4543314865112702,0.0
박정하,0.0,산업통상자원중소벤처기업위원회,박정하,박정하,국민의힘,초선,지역구,남,Representative,0.2937123128515209,0.0
백종헌,0.0,산업통상자원중소벤처기업위원회,백종헌,백종헌,국민의힘,초선,지역구,남,Representative,0.1748090064444665,0.0
조정훈,0.0192365464644957,산업통상자원중소벤처기업위원회,조정훈,조정훈,시대전환,초선,비례대표,남,Representative,1.7768837528753738,0.03418110687419462
홍석준,0.0016273913074137,산업통상자원중소벤처기업위원회,홍석준,홍석준,국민의힘,초선,지역구,남,Representative,0.1047310895160982,0.0001704384646944643
김희국,0.0,산업통상자원중소벤처기업위원회,김희국,김희국,국민의힘,재선,지역구,남,Representative,0.0800803641309325,0.0
이달곤,0.0002244511231034,산업통상자원중소벤처기업위원회,이달곤,이달곤,국민의힘,재선,지역구,남,Representative,0.1697317502202084,3.8096481963231534e-05
박재호,0.0005826085137239,산업통상자원중소벤처기업위원회,박재호,박재호,더불어민주당,재선,지역구,남,Representative,0.2619622171748344,0.0001526214180000478
김영배,0.0,산업통상자원중소벤처기업위원회,김영배,김영배,더불어민주당,초선,지역구,남,Representative,0.3173975912495803,0.0
전재수,0.0004671692138486,산업통상자원중소벤처기업위원회,전재수,전재수,더불어민주당,재선,지역구,남,Representative,0.1512554413902672,7.066188564461412e-05
서삼석,0.0060963779589836,산업통상자원중소벤처기업위원회,서삼석,서삼석,더불어민주당,재선,지역구,남,Representative,0.2012082502190047,0.0012266415418007975
민홍철,0.0008954162906667,산업통상자원중소벤처기업위원회,민홍철,민홍철,더불어민주당,3선,지역구,남,Representative,0.2010526097454781,0.0001800257820471556
김두관,0.0,산업통상자원중소벤처기업위원회,김두관,김두관,더불어민주당,재선,지역구,남,Representative,0.7087657792985883,0.0
정필모,0.0002254984807361,산업통상자원중소벤처기업위원회,정필모,정필모,더불어민주당,초선,비례대표,남,Representative,0.1873329443348586,4.2243294339331e-05
신현영,0.0,산업통상자원중소벤처기업위원회,신현영,신현영,더불어민주당,초선,비례대표,여,Representative,0.3325126093005273,0.0
윤재갑,0.0182841129908777,산업통상자원중소벤처기업위원회,윤재갑,윤재갑,더불어민주당,초선,지역구,남,Representative,0.6854440000858673,0.012532735546489182
윤주경,0.0,산업통상자원중소벤처기업위원회,윤주경,윤주경,국민의힘,초선,비례대표,여,Representative,0.4248222909210703,0.0
이용우,0.0002899947293288,산업통상자원중소벤처기업위원회,이용우,이용우,더불어민주당,초선,지역구,남,Representative,0.231626157115504,6.717036473818068e-05
노웅래,0.0080657972954077,산업통상자원중소벤처기업위원회,노웅래,노웅래,더불어민주당,4선,지역구,남,Representative,0.2613156957741633,0.0021077194322228275
신동근,0.0,산업통상자원중소벤처기업위원회,신동근,신동근,더불어민주당,재선,지역구,남,Representative,0.1433568328564554,0.0
정성호,0.0,산업통상자원중소벤처기업위원회,정성호,정성호,더불어민주당,4선,지역구,남,Representative,0.4625431982315658,0.0
강성희,0.0,산업통상자원중소벤처기업위원회,강성희,강성희,진보당,초선,지역구,남,Representative,1.777874656814911,0.0
최강욱,0.000229503045925,산업통상자원중소벤처기업위원회,최강욱,최강욱,열린민주당,초선,비례대표,남,Representative,0.7842536920804917,0.0001799886111103999
문진석,0.0011226100296379,산업통상자원중소벤처기업위원회,문진석,문진석,더불어민주당,초선,지역구,남,Representative,0.2131284851715763,0.00023926017505514397
이인영,0.0001300157547878,산업통상자원중소벤처기업위원회,이인영,이인영,더불어민주당,4선,지역구,남,Representative,0.2800294833760527,3.6408244643975184e-05
홍익표,0.0038676079658792,산업통상자원중소벤처기업위원회,홍익표,홍익표,더불어민주당,3선,지역구,남,Representative,0.165353191622152,0.0006395213211013848
강민국,0.0004918614426928,산업통상자원중소벤처기업위원회,강민국,강민국,국민의힘,초선,지역구,남,Representative,0.153084768117913,7.529649490076943e-05
윤관석,0.0022372510692967,산업통상자원중소벤처기업위원회,윤관석,윤관석,더불어민주당,3선,지역구,남,Representative,0.0726470802193504,0.00016252975790202482
장철민,0.0,산업통상자원중소벤처기업위원회,장철민,장철민,더불어민주당,초선,지역구,남,Representative,0.1714224222163959,0.0
류호정,0.0089189535144356,산업통상자원중소벤처기업위원회,류호정,류호정,정의당,초선,비례대표,여,Representative,1.9138526831392957,0.017069563114397224
강은미,0.0007038447934779,산업통상자원중소벤처기업위원회,강은미,강은미,정의당,초선,비례대표,여,Representative,1.6918809491792466,0.0011908215972642603
배진교,0.0,산업통상자원중소벤처기업위원회,배진교,배진교,정의당,초선,비례대표,남,Representative,1.622416384309617,0.0
심상정,0.0005070443347887,산업통상자원중소벤처기업위원회,심상정,심상정,정의당,4선,지역구,여,Representative,1.7478349658369334,0.0008862298175732181
용혜인,0.0001247085387364,산업통상자원중소벤처기업위원회,용혜인,용혜인,기본소득당,초선,비례대표,여,Representative,1.5260787063967094,0.00019031504547146926
이은주,0.0,산업통상자원중소벤처기업위원회,이은주,이은주,정의당,초선,비례대표,여,Representative,1.7394356928672845,0.0
장혜영,0.0009115666557198,산업통상자원중소벤처기업위원회,장혜영,장혜영,정의당,초선,비례대표,여,Representative,1.7094637667725767,0.00155829016895105
서일준,0.0041534925604498,산업통상자원중소벤처기업위원회,서일준,서일준,국민의힘,초선,지역구,남,Representative,0.0727597785364597,0.0003022071988511604
유의동,0.0016899784081325,산업통상자원중소벤처기업위원회,유의동,유의동,국민의힘,3선,지역구,남,Representative,0.5050232279002433,0.00085347835075679
주호영,0.0003742492767628,산업통상자원중소벤처기업위원회,주호영,주호영,국민의힘,5선,지역구,남,Representative,0.2385724628270604,8.928557166854735e-05
박성중,0.0001910972818155,산업통상자원중소벤처기업위원회,박성중,박성중,국민의힘,재선,지역구,남,Representative,0.1136597690819902,2.1720072923345733e-05
윤호중,0.0,산업통상자원중소벤처기업위원회,윤호중,윤호중,더불어민주당,4선,지역구,남,Representative,0.1128950186454341,0.0
김수흥,0.0035503251625159,산업통상자원중소벤처기업위원회,김수흥,김수흥,더불어민주당,초선,지역구,남,Representative,0.5088102660790913,0.0018064418906070083
김영호,0.0001689577410789,산업통상자원중소벤처기업위원회,김영호,김영호,더불어민주당,재선,지역구,남,Representative,0.4161281665252168,7.030807501540496e-05
정동만,0.0016346343172261,산업통상자원중소벤처기업위원회,정동만,정동만,국민의힘,초선,지역구,남,Representative,0.0224883277952201,3.6760192351096335e-05
김태년,0.0001361934880281,산업통상자원중소벤처기업위원회,김태년,김태년,더불어민주당,4선,지역구,남,Representative,0.0302627005970719,4.1215827514652865e-06
오기형,0.0,산업통상자원중소벤처기업위원회,오기형,오기형,더불어민주당,초선,지역구,남,Representative,0.3978628324702754,0.0
박대출,0.0022342270216136,산업통상자원중소벤처기업위원회,박대출,박대출,국민의힘,3선,지역구,남,Representative,0.1127161477762168,0.00025183346313381523
이채익,0.0040722139598371,산업통상자원중소벤처기업위원회,이채익,이채익,국민의힘,3선,지역구,남,Representative,0.305886901391201,0.0012456369099765633
윤건영,0.0,산업통상자원중소벤처기업위원회,윤건영,윤건영,더불어민주당,초선,지역구,남,Representative,0.2535746445358753,0.0
박찬대,0.0,산업통상자원중소벤처기업위원회,박찬대,박찬대,더불어민주당,재선,지역구,남,Representative,0.2786489795755955,0.0
유동수,0.0,산업통상자원중소벤처기업위원회,유동수,유동수,더불어민주당,재선,지역구,남,Representative,0.4365284860540641,0.0
허은아,0.0004593539515984,산업통상자원중소벤처기업위원회,허은아,허은아,국민의힘,초선,비례대표,여,Representative,0.290583414125627,0.00013348063954756107
양경숙,0.0004154476005117,산업통상자원중소벤처기업위원회,양경숙,양경숙,더불어민주당,초선,비례대표,여,Representative,0.3342609954913604,0.00013886792852153785
전주혜,0.0,산업통상자원중소벤처기업위원회,전주혜,전주혜,국민의힘,초선,비례대표,여,Representative,0.2622996745628045,0.0
정점식,0.0001389345641681,산업통상자원중소벤처기업위원회,정점식,정점식,국민의힘,재선,지역구,남,Representative,0.1256501314629642,1.74571462524714e-05
정진석,0.0,산업통상자원중소벤처기업위원회,정진석,정진석,국민의힘,5선,지역구,남,Representative,0.0704006718058257,0.0
조수진,0.0021269669267954,산업통상자원중소벤처기업위원회,조수진,조수진,국민의힘,초선,비례대표,여,Representative,0.1152574433846105,0.0002451487701460598
하태경,0.0,산업통상자원중소벤처기업위원회,하태경,하태경,국민의힘,3선,지역구,남,Representative,0.5914732693738115,0.0
박완주,0.0,산업통상자원중소벤처기업위원회,박완주,박완주,더불어민주당,3선,지역구,남,Representative,0.3781620068650885,0.0
송언석,0.0041821414577558,산업통상자원중소벤처기업위원회,송언석,송언석,국민의힘,재선,지역구,남,Representative,0.1978088158038737,0.0008272644492829607
맹성규,0.0,산업통상자원중소벤처기업위원회,맹성규,맹성규,더불어민주당,재선,지역구,남,Representative,0.3423921953477248,0.0
박병석,1.6146020889060878e-05,산업통상자원중소벤처기업위원회,박병석,박병석,더불어민주당,6선,지역구,남,Representative,0.2274246766438502,3.6720035797795207e-06
이용호,0.0068499816276542,산업통상자원중소벤처기업위원회,이용호,이용호,국민의힘,재선,지역구,남,Representative,1.225607615821687,0.008395389651091623
신원식,0.0,산업통상자원중소벤처기업위원회,신원식,신원식,국민의힘,초선,비례대표,남,Representative,0.188354618593185,0.0
김선교,0.0035728913634494,산업통상자원중소벤처기업위원회,김선교,김선교,국민의힘,초선,지역구,남,Representative,0.1700647696450778,0.0006076229466919101
송기헌,0.0010223693724086,산업통상자원중소벤처기업위원회,송기헌,송기헌,더불어민주당,재선,지역구,남,Representative,0.3097590421845094,0.00031668815755606593
남인순,0.0,산업통상자원중소벤처기업위원회,남인순,남인순,더불어민주당,3선,지역구,여,Representative,0.5088905772697233,0.0
배현진,0.0,산업통상자원중소벤처기업위원회,배현진,배현진,국민의힘,초선,지역구,여,Representative,0.0729943402727777,0.0
고민정,0.0002916638150649,산업통상자원중소벤처기업위원회,고민정,고민정,더불어민주당,초선,지역구,여,Representative,0.3526006355299543,0.0001028408465529748
김민기,0.0001534236263785,산업통상자원중소벤처기업위원회,김민기,김민기,더불어민주당,3선,지역구,남,Representative,0.1116766109823257,1.713383063856943e-05
천준호,0.0,산업통상자원중소벤처기업위원회,천준호,천준호,더불어민주당,초선,지역구,남,Representative,0.3993355059681581,0.0
김기현,0.0009229611015248,산업통상자원중소벤처기업위원회,김기현,김기현,국민의힘,4선,지역구,남,Representative,0.3033064478180708,0.0002799400531777409
우상호,0.0,산업통상자원중소벤처기업위원회,우상호,우상호,더불어민주당,4선,지역구,남,Representative,0.354889315495192,0.0
최재형,0.0,산업통상자원중소벤처기업위원회,최재형,최재형,국민의힘,초선,지역구,남,Representative,0.291581396883635,0.0
정찬민,0.0006343256371517,산업통상자원중소벤처기업위원회,정찬민,정찬민,국민의힘,초선,지역구,남,Representative,0.4442721508323407,0.0002818132151454807
윤영석,0.0028828662279167,산업통상자원중소벤처기업위원회,윤영석,윤영석,국민의힘,3선,지역구,남,Representative,0.194206349704839,0.0005598709268110607
,0.0,산업통상자원중소벤처기업위원회,,,,,,,Co-Sponsor,0.0,0.0
윤재옥,0.0,산업통상자원중소벤처기업위원회,윤재옥,윤재옥,국민의힘,3선,지역구,남,Representative,0.5807333195948687,0.0
송영길,0.0018360436748435,산업통상자원중소벤처기업위원회,송영길,송영길,더불어민주당,5선,지역구,남,Representative,0.1847095725159723,0.0003391348423009977
추경호,0.0,산업통상자원중소벤처기업위원회,추경호,추경호,국민의힘,재선,지역구,남,Representative,0.0731143995543978,0.0
이광재,0.0021653337746686,산업통상자원중소벤처기업위원회,이광재,이광재,더불어민주당,3선,지역구,남,Representative,0.2037976967403526,0.00044129003595155434
박완수,0.0001654679237612,산업통상자원중소벤처기업위원회,박완수,박완수,국민의힘,재선,지역구,남,Representative,0.1899346266606008,3.1428088323888274e-05
조태용,0.0,산업통상자원중소벤처기업위원회,조태용,조태용,국민의힘,초선,비례대표,남,Representative,0.1545407967786547,0.0
김은혜,0.0,산업통상자원중소벤처기업위원회,김은혜,김은혜,국민의힘,초선,지역구,여,Representative,0.162439713102269,0.0
오영훈,0.0,산업통상자원중소벤처기업위원회,오영훈,오영훈,더불어민주당,재선,지역구,남,Representative,0.671756127451087,0.0
이영,0.0010560021287997,산업통상자원중소벤처기업위원회,이영,이영,국민의힘,초선,비례대표,여,Representative,0.2206417648191584,0.000232998173351154
김태흠,0.0007890231397346,산업통상자원중소벤처기업위원회,김태흠,김태흠,국민의힘,3선,지역구,남,Representative,0.0980118810479008,7.733364211570883e-05
홍준표,0.0,산업통상자원중소벤처기업위원회,홍준표,홍준표,국민의힘,5선,지역구,남,Representative,0.1745452207856409,0.0
장제원,0.0004205009494202,산업통상자원중소벤처기업위원회,장제원,장제원,국민의힘,3선,지역구,남,Representative,0.0909064879091423,3.822626447425027e-05
곽상도,0.0001634411412969,산업통상자원중소벤처기업위원회,곽상도,곽상도,국민의힘,재선,지역구,남,Representative,0.0416731213070125,6.811102507822284e-06
이규민,0.0044302780299256,산업통상자원중소벤처기업위원회,이규민,이규민,더불어민주당,초선,지역구,남,Representative,0.3923416013378649,0.0017381823766329713
윤희숙,0.0,산업통상자원중소벤처기업위원회,윤희숙,윤희숙,국민의힘,초선,지역구,여,Representative,0.28306548324025,0.0
이상민,0.0,산업통상자원중소벤처기업위원회,이상민,이상민,더불어민주당,5선,지역구,남,Representative,0.6797803799490477,0.0
이낙연,0.0,산업통상자원중소벤처기업위원회,이낙연,이낙연,더불어민주당,5선,지역구,남,Representative,0.1016403584957575,0.0
이상직,0.0,산업통상자원중소벤처기업위원회,이상직,이상직,더불어민주당,재선,지역구,남,Representative,0.1875925759171187,0.0
정정순,0.0,산업통상자원중소벤처기업위원회,정정순,정정순,더불어민주당,초선,지역구,남,Representative,0.1787183559051326,0.0
김진애,0.0,산업통상자원중소벤처기업위원회,김진애,김진애,열린민주당,재선,비례대표,여,Representative,1.0590950156918448,0.0
윤미향,0.013847184733542,환경노동위원회,윤미향,윤미향,더불어민주당,초선,비례대표,여,Representative,1.0539381495296805,0.014594076254264897
최종윤,0.0035727623063089,환경노동위원회,최종윤,최종윤,더불어민주당,초선,지역구,남,Representative,0.1716391861609539,0.0006132260146013922
김의겸,0.0,환경노동위원회,김의겸,김의겸,열린민주당,초선,비례대표,남,Representative,0.8380800716465495,0.0
한정애,0.0038993019675822,환경노동위원회,한정애,한정애,더불어민주당,3선,지역구,여,Representative,0.200025913945713,0.0007799614398159466
강민정,0.0180741901486603,환경노동위원회,강민정,강민정,열린민주당,초선,비례대표,여,Representative,1.3217456216851513,0.023889481694496645
민형배,0.0052066511207114,환경노동위원회,민형배,민형배,더불어민주당,초선,지역구,남,Representative,0.5990186631316904,0.0031188811937216602
송옥주,0.0222391814648364,환경노동위원회,송옥주,송옥주,더불어민주당,재선,지역구,여,Representative,0.2621477343853833,0.005829951035592272
양정숙,0.0167110198130647,환경노동위원회,양정숙,양정숙,국민의힘,초선,비례대표,여,Representative,0.754948281969812,0.012615955697836684
윤영찬,0.0006404069289904,환경노동위원회,윤영찬,윤영찬,더불어민주당,초선,지역구,남,Representative,0.1950263668759664,0.0001248962366831927
유기홍,0.0001441147496672,환경노동위원회,유기홍,유기홍,더불어민주당,3선,지역구,남,Representative,0.533695852611625,7.69134441975472e-05
장혜영,0.0102816260355273,환경노동위원회,장혜영,장혜영,정의당,초선,비례대표,여,Representative,1.7094637667725767,0.017576067171239492
강은미,0.0041472046408556,환경노동위원회,강은미,강은미,정의당,초선,비례대표,여,Representative,1.6918809491792466,0.007016576524211349
심상정,0.0024100307325946,환경노동위원회,심상정,심상정,정의당,4선,지역구,여,Representative,1.7478349658369334,0.004212335983170443
배진교,0.0,환경노동위원회,배진교,배진교,정의당,초선,비례대표,남,Representative,1.622416384309617,0.0
양경규,4.734366895779055e-05,환경노동위원회,양경규,양경규,정의당,초선,비례대표,남,Representative,1.4186110796220983,6.716225333348248e-05
이자스민,2.265346690532516e-05,환경노동위원회,이자스민,이자스민,정의당,재선,비례대표,여,Representative,1.419097879000165,3.214748683734737e-05
허숙정,0.0,환경노동위원회,허숙정,허숙정,더불어민주당,초선,비례대표,여,Representative,1.1015877581031428,0.0
용혜인,0.0123807989558445,환경노동위원회,용혜인,용혜인,기본소득당,초선,비례대표,여,Representative,1.5260787063967094,0.018894073654692905
강성희,0.0,환경노동위원회,강성희,강성희,진보당,초선,지역구,남,Representative,1.777874656814911,0.0
김예지,0.0466707955053994,환경노동위원회,김예지,김예지,국민의힘,초선,비례대표,여,Representative,0.5578154035188375,0.026033688627389515
박용진,0.0025544340172441,환경노동위원회,박용진,박용진,더불어민주당,재선,지역구,남,Representative,0.7438287273758981,0.001900061404212382
김영주,0.00682208840914,환경노동위원회,김영주,김영주,더불어민주당,4선,지역구,여,Representative,0.3478961305037666,0.002373378159494403
남인순,0.0024289202428593,환경노동위원회,남인순,남인순,더불어민주당,3선,지역구,여,Representative,0.5088905772697233,0.0012360546245307857
김주영,0.0146553327129276,환경노동위원회,김주영,김주영,더불어민주당,초선,지역구,남,Representative,0.3630556068353552,0.005320700711465963
김도읍,0.0062512044436837,환경노동위원회,김도읍,김도읍,국민의힘,3선,지역구,남,Representative,0.0057675742475114,3.605428576531894e-05
박진,0.0131032394741242,환경노동위원회,박진,박진,국민의힘,4선,지역구,남,Representative,0.2849925584102457,0.003734325741192778
장동혁,0.0061006279077828,환경노동위원회,장동혁,장동혁,국민의힘,초선,지역구,남,Representative,0.2751477089855504,0.0016785737921997492
황보승희,0.0023865515237448,환경노동위원회,황보승희,황보승희,국민의힘,초선,지역구,여,Representative,0.2043416232088162,0.00048767181223348605
권명호,0.0120032050853092,환경노동위원회,권명호,권명호,국민의힘,초선,지역구,남,Representative,0.101862293500913,0.0012226739993514172
윤한홍,0.0004808021857869,환경노동위원회,윤한홍,윤한홍,국민의힘,재선,지역구,남,Representative,0.0633220910364272,3.0445399778911267e-05
하영제,0.0016502197971115,환경노동위원회,하영제,하영제,국민의힘,초선,지역구,남,Representative,0.1478614433724366,0.00024400388108267586
김은희,0.0,환경노동위원회,김은희,김은희,국민의힘,초선,비례대표,여,Representative,0.273079356185924,0.0
권영세,0.00050328261718,환경노동위원회,권영세,권영세,국민의힘,4선,지역구,남,Representative,0.3767193328116696,0.00018959629175976052
유경준,0.0022088013282984,환경노동위원회,유경준,유경준,국민의힘,초선,지역구,남,Representative,0.1969803900983735,0.0004350905472980244
김승수,0.0024220860867399,환경노동위원회,김승수,김승수,국민의힘,초선,지역구,남,Representative,0.1092543380607149,0.00026462341213283504
조명희,0.0150347424613208,환경노동위원회,조명희,조명희,국민의힘,초선,비례대표,여,Representative,0.2553086924045825,0.0038385004384394674
지성호,0.0029508115164087,환경노동위원회,지성호,지성호,국민의힘,초선,비례대표,남,Representative,0.152368783397105,0.00044961156078936014
이주환,0.0050966303908726,환경노동위원회,이주환,이주환,국민의힘,초선,지역구,남,Representative,0.0486042879937447,0.0002477180913156435
임이자,0.0129458310599123,환경노동위원회,임이자,임이자,국민의힘,재선,지역구,여,Representative,0.0338839582899253,0.0004386559996624878
한무경,0.0008592571977858,환경노동위원회,한무경,한무경,국민의힘,초선,비례대표,여,Representative,0.1040419536269268,8.939879752563326e-05
김상훈,0.0012478107942234,환경노동위원회,김상훈,김상훈,국민의힘,3선,지역구,남,Representative,0.1882659368916839,0.00023492026823802457
박대수,0.069383912669172,환경노동위원회,박대수,박대수,국민의힘,초선,비례대표,남,Representative,0.2414175298978371,0.01675049281123875
임병헌,0.000496133010131,환경노동위원회,임병헌,임병헌,국민의힘,초선,지역구,남,Representative,0.2574402072023462,0.0001277245849280484
김석기,0.0012578215340571,환경노동위원회,김석기,김석기,국민의힘,재선,지역구,남,Representative,0.2160995399392338,0.00027181465483540064
송기헌,0.0024605508930649,환경노동위원회,송기헌,송기헌,더불어민주당,재선,지역구,남,Representative,0.3097590421845094,0.0007621778878820226
김철민,0.0013852461304831,환경노동위원회,김철민,김철민,더불어민주당,재선,지역구,남,Representative,0.1469147406376817,0.0002035130759792768
허영,0.006165289522632,환경노동위원회,허영,허영,더불어민주당,초선,지역구,남,Representative,0.2272084723983615,0.0014008060143308402
강준현,0.0081050156380638,환경노동위원회,강준현,강준현,더불어민주당,초선,지역구,남,Representative,0.2442135956139989,0.00197935501147925
조승래,0.0,환경노동위원회,조승래,조승래,더불어민주당,재선,지역구,남,Representative,0.2359910708975734,0.0
정성호,0.0078444407363238,환경노동위원회,정성호,정성호,더불어민주당,4선,지역구,남,Representative,0.4625431982315658,0.0036283927065171896
박광온,0.0017217071794311,환경노동위원회,박광온,박광온,더불어민주당,3선,지역구,남,Representative,0.0636172526258988,0.00010953028058169197
김영배,0.0046351818305947,환경노동위원회,김영배,김영배,더불어민주당,초선,지역구,남,Representative,0.3173975912495803,0.0014711955480345778
백혜련,0.0018817251083433,환경노동위원회,백혜련,백혜련,더불어민주당,재선,지역구,여,Representative,0.262002066035241,0.0004930158660963323
강훈식,0.0037579933902228,환경노동위원회,강훈식,강훈식,더불어민주당,재선,지역구,남,Representative,0.2333552597959055,0.0008769475238867372
민병덕,0.0039888126346163,환경노동위원회,민병덕,민병덕,더불어민주당,초선,지역구,남,Representative,0.534492412029025,0.002131990086207916
신현영,0.0004338140386139,환경노동위원회,신현영,신현영,더불어민주당,초선,비례대표,여,Representative,0.3325126093005273,0.00014424863793070759
이소영,0.0029177735733447,환경노동위원회,이소영,이소영,더불어민주당,초선,지역구,여,Representative,0.3137302400903705,0.0009153938036947709
김민철,0.0012803164022155,환경노동위원회,김민철,김민철,더불어민주당,초선,지역구,남,Representative,0.2612442298812484,0.00033447527250111893
김정호,0.0120674891116932,환경노동위원회,김정호,김정호,더불어민주당,재선,지역구,남,Representative,0.2475581055450652,0.0029874047431764704
이학영,0.0050185987355774,환경노동위원회,이학영,이학영,더불어민주당,3선,지역구,남,Representative,0.0560092720869861,0.000281088062076359
정태호,0.0033765361574737,환경노동위원회,정태호,정태호,더불어민주당,초선,지역구,남,Representative,0.2629825046404378,0.0008879699357014334
이상헌,0.0155358115588948,환경노동위원회,이상헌,이상헌,더불어민주당,재선,지역구,남,Representative,0.6637862515737748,0.010312458119835303
고영인,0.005833638174066,환경노동위원회,고영인,고영인,더불어민주당,초선,지역구,남,Representative,0.3272823183515555,0.0019092466260324556
어기구,0.0082783783861624,환경노동위원회,어기구,어기구,더불어민주당,재선,지역구,남,Representative,0.1048322749382438,0.0008678412390209917
윤후덕,0.0013358492588782,환경노동위원회,윤후덕,윤후덕,더불어민주당,3선,지역구,남,Representative,0.1665258272005472,0.00022245340284993018
김성환,0.0,환경노동위원회,김성환,김성환,더불어민주당,재선,지역구,남,Representative,0.2337158540241251,0.0
임종성,0.0106948608661332,환경노동위원회,임종성,임종성,더불어민주당,재선,지역구,남,Representative,0.2168072376798863,0.0023187232417570553
허종식,0.0008690456077225,환경노동위원회,허종식,허종식,더불어민주당,초선,지역구,남,Representative,0.5071840623526072,0.0004407660816943878
김윤덕,0.001444528356277,환경노동위원회,김윤덕,김윤덕,더불어민주당,재선,지역구,남,Representative,0.2869485044660441,0.000414505251492478
김홍걸,0.0010680436172141,환경노동위원회,김홍걸,김홍걸,더불어민주당,초선,비례대표,남,Representative,0.5197862075653299,0.000555154341306074
이종배,0.0019113824788717,환경노동위원회,이종배,이종배,국민의힘,3선,지역구,남,Representative,0.121959560331773,0.00023311136674904694
이양수,0.0,환경노동위원회,이양수,이양수,국민의힘,재선,지역구,남,Representative,0.4099103257016184,0.0
태영호,0.0105424589677963,환경노동위원회,태영호,태영호,국민의힘,초선,지역구,남,Representative,0.1778687283130429,0.0018751737698943628
강대식,0.0037869269382298,환경노동위원회,강대식,강대식,국민의힘,초선,지역구,남,Representative,0.1076879275224922,0.00040780631365706406
정운천,0.0062225526975743,환경노동위원회,정운천,정운천,국민의힘,재선,비례대표,남,Representative,0.2095429101918529,0.0013038918010718835
홍문표,0.0032617872937962,환경노동위원회,홍문표,홍문표,국민의힘,4선,지역구,남,Representative,0.5476629473060372,0.0017863600428058098
성일종,0.0073507194991026,환경노동위원회,성일종,성일종,국민의힘,재선,지역구,남,Representative,0.2955294681309887,0.002172354223949879
김성원,0.0099545183241772,환경노동위원회,김성원,김성원,국민의힘,재선,지역구,남,Representative,0.0969967354280285,0.0009655557802036775
이정문,0.0008343360665856,환경노동위원회,이정문,이정문,더불어민주당,초선,지역구,남,Representative,0.0848113999966772,7.076120987484562e-05
임호선,0.0038972038570841,환경노동위원회,임호선,임호선,더불어민주당,초선,지역구,남,Representative,0.1630095698549976,0.0006352815243805167
서영석,0.0077418355090849,환경노동위원회,서영석,서영석,더불어민주당,초선,지역구,남,Representative,0.1839691144889395,0.0014242586231253771
기동민,0.0010635916211272,환경노동위원회,기동민,기동민,더불어민주당,재선,지역구,남,Representative,0.4426922620576195,0.0004708437806623308
이동주,0.00095498752129,환경노동위원회,이동주,이동주,더불어민주당,초선,비례대표,남,Representative,0.2481459493801818,0.00023697628511673365
장철민,0.012267868522605,환경노동위원회,장철민,장철민,더불어민주당,초선,지역구,남,Representative,0.1714224222163959,0.0021029877375772273
안민석,0.002769773183073,환경노동위원회,안민석,안민석,더불어민주당,5선,지역구,남,Representative,0.3441477269487697,0.0009532111451182316
박상혁,0.0061369367322546,환경노동위원회,박상혁,박상혁,더불어민주당,초선,지역구,남,Representative,0.1910820455968065,0.0011726584244973902
김용판,0.002062988683504,환경노동위원회,김용판,김용판,국민의힘,초선,지역구,남,Representative,0.0784323016946945,0.00016180495081732636
김학용,0.0026805851112182,환경노동위원회,김학용,김학용,국민의힘,4선,지역구,남,Representative,0.2414249164893882,0.0006471600366185514
류성걸,0.0005906400548971,환경노동위원회,류성걸,류성걸,국민의힘,재선,지역구,남,Representative,0.0750174025505985,4.430828276072335e-05
백종헌,0.0,환경노동위원회,백종헌,백종헌,국민의힘,초선,지역구,남,Representative,0.1748090064444665,0.0
구자근,0.0007810994782237,환경노동위원회,구자근,구자근,국민의힘,초선,지역구,남,Representative,0.0584340346254918,4.564279395647726e-05
전봉민,0.0007026391836822,환경노동위원회,전봉민,전봉민,국민의힘,초선,지역구,남,Representative,0.0399499989170311,2.8070434627167505e-05
엄태영,0.0029183672136944,환경노동위원회,엄태영,엄태영,국민의힘,초선,지역구,남,Representative,0.2112428656135919,0.0006164842531335588
이만희,0.0,환경노동위원회,이만희,이만희,국민의힘,재선,지역구,남,Representative,0.1771920077790279,0.0
이명수,0.0061018922821597,환경노동위원회,이명수,이명수,국민의힘,4선,지역구,남,Representative,0.4078212172780129,0.0024884811382096814
박형수,0.0,환경노동위원회,박형수,박형수,국민의힘,초선,지역구,남,Representative,0.1289259726016864,0.0
노용호,0.0003313851619266,환경노동위원회,노용호,노용호,국민의힘,초선,비례대표,남,Representative,0.1923972318813689,6.375758784123704e-05
하태경,0.0014269183096479,환경노동위원회,하태경,하태경,국민의힘,3선,지역구,남,Representative,0.5914732693738115,0.0008439840377367962
이용,0.0003703155940604,환경노동위원회,이용,이용,국민의힘,초선,비례대표,남,Representative,0.0598766122576743,2.217324323852489e-05
박성중,0.0,환경노동위원회,박성중,박성중,국민의힘,재선,지역구,남,Representative,0.1136597690819902,0.0
김희곤,0.0021921632257404,환경노동위원회,김희곤,김희곤,국민의힘,초선,지역구,남,Representative,0.172954273871935,0.00037914399891668957
이헌승,0.0096568336633506,환경노동위원회,이헌승,이헌승,국민의힘,3선,지역구,남,Representative,0.1758853015028908,0.001698495100441686
안병길,0.0016232040196636,환경노동위원회,안병길,안병길,국민의힘,초선,지역구,남,Representative,0.0420092157277911,6.818952783226584e-05
정동만,0.0005533957431808,환경노동위원회,정동만,정동만,국민의힘,초선,지역구,남,Representative,0.0224883277952201,1.244494487312927e-05
김형동,0.0226842005073168,환경노동위원회,김형동,김형동,국민의힘,초선,지역구,남,Representative,0.2200235295412783,0.004991057860441898
이은주,0.0036231678744327,환경노동위원회,이은주,이은주,정의당,초선,비례대표,여,Representative,1.7394356928672845,0.0063022675220383295
김종민,0.0038869411957868,환경노동위원회,김종민,김종민,더불어민주당,재선,지역구,남,Representative,0.6226025996525496,0.0024200196931934517
류호정,0.0071052989275867,환경노동위원회,류호정,류호정,정의당,초선,비례대표,여,Representative,1.9138526831392957,0.013598495417068566
박정,0.004616681276055,환경노동위원회,박정,박정,더불어민주당,재선,지역구,남,Representative,0.1086038378087208,0.0005013893045192353
노웅래,0.0186161524468568,환경노동위원회,노웅래,노웅래,더불어민주당,4선,지역구,남,Representative,0.2613156957741633,0.004864692829288277
김원이,0.0020136218396759,환경노동위원회,김원이,김원이,더불어민주당,초선,지역구,남,Representative,0.2360613447578642,0.0004753382793076974
박홍근,0.0047906162231727,환경노동위원회,박홍근,박홍근,더불어민주당,3선,지역구,남,Representative,0.2914629024230286,0.0013962869088007623
전용기,0.0169586794415247,환경노동위원회,전용기,전용기,더불어민주당,초선,비례대표,남,Representative,0.1508910607377874,0.00255891312964377
홍기원,0.0010103792378486,환경노동위원회,홍기원,홍기원,더불어민주당,초선,지역구,남,Representative,0.1984078664960204,0.00020046718893341589
신정훈,0.0029248179258462,환경노동위원회,신정훈,신정훈,더불어민주당,재선,지역구,남,Representative,0.1277927153232575,0.00037377042457002393
김두관,0.0048404236664128,환경노동위원회,김두관,김두관,더불어민주당,재선,지역구,남,Representative,0.7087657792985883,0.003430726652060398
김승남,0.0028829655570691,환경노동위원회,김승남,김승남,더불어민주당,재선,지역구,남,Representative,0.2124111150114147,0.0006123739285165518
김남국,0.0020187157024575,환경노동위원회,김남국,김남국,더불어민주당,초선,지역구,남,Representative,0.4903679722415279,0.000989913525546216
소병훈,0.0023026467890621,환경노동위원회,소병훈,소병훈,더불어민주당,재선,지역구,남,Representative,0.4495375269510719,0.0010351261429968031
위성곤,0.0165008007214583,환경노동위원회,위성곤,위성곤,더불어민주당,재선,지역구,남,Representative,0.4979833092497824,0.008217123348543
전재수,0.000838843284511,환경노동위원회,전재수,전재수,더불어민주당,재선,지역구,남,Representative,0.1512554413902672,0.00012687961125597277
윤건영,0.0039030025524201,환경노동위원회,윤건영,윤건영,더불어민주당,초선,지역구,남,Representative,0.2535746445358753,0.000989702484852541
이용우,0.0013865375666734,환경노동위원회,이용우,이용우,더불어민주당,초선,지역구,남,Representative,0.231626157115504,0.00032115836826484157
이인선,0.0,환경노동위원회,이인선,이인선,국민의힘,초선,지역구,여,Representative,0.3231681290160744,0.0
최영희,0.0,환경노동위원회,최영희,최영희,국민의힘,초선,비례대표,여,Representative,0.1798744661352604,0.0
조정훈,0.0274301444796353,환경노동위원회,조정훈,조정훈,시대전환,초선,비례대표,남,Representative,1.7768837528753738,0.04874017806488809
박수영,0.0,환경노동위원회,박수영,박수영,국민의힘,초선,지역구,남,Representative,0.3130251150523512,0.0
유상범,0.0029650948638537,환경노동위원회,유상범,유상범,국민의힘,초선,지역구,남,Representative,0.3489284768254078,0.0010346060344873114
윤창현,0.0021000224714108,환경노동위원회,윤창현,윤창현,국민의힘,초선,비례대표,남,Representative,0.1659560286241812,0.0003485113893768745
이종성,0.004660870382992,환경노동위원회,이종성,이종성,국민의힘,초선,비례대표,남,Representative,0.2162605302271925,0.0010079623003460677
전주혜,0.0010397004450389,환경노동위원회,전주혜,전주혜,국민의힘,초선,비례대표,여,Representative,0.2622996745628045,0.0002727130883765065
홍석준,0.0064814600420697,환경노동위원회,홍석준,홍석준,국민의힘,초선,지역구,남,Representative,0.1047310895160982,0.0006788103718610154
김미애,0.0014138373141317,환경노동위원회,김미애,김미애,국민의힘,초선,지역구,여,Representative,0.1300450243421692,0.00018386250793212404
강기윤,0.0016404745282451,환경노동위원회,강기윤,강기윤,국민의힘,재선,지역구,남,Representative,0.1051953896862757,0.00017257035726915259
이채익,0.0,환경노동위원회,이채익,이채익,국민의힘,3선,지역구,남,Representative,0.305886901391201,0.0
조경태,0.0,환경노동위원회,조경태,조경태,국민의힘,5선,지역구,남,Representative,0.3722224896824415,0.0
박덕흠,0.0078099843846442,환경노동위원회,박덕흠,박덕흠,국민의힘,3선,지역구,남,Representative,0.2317213323874486,0.001809739987534922
배준영,0.0002482387852204,환경노동위원회,배준영,배준영,국민의힘,초선,지역구,남,Representative,0.4029858723602732,0.0001000367234156974
양금희,0.0039721675058239,환경노동위원회,양금희,양금희,국민의힘,초선,지역구,여,Representative,0.1636013212186727,0.0006498518520546698
서병수,0.001311664313726,환경노동위원회,서병수,서병수,국민의힘,5선,지역구,남,Representative,0.3254004320021045,0.0004268161343281843
서범수,0.0035046013513893,환경노동위원회,서범수,서범수,국민의힘,초선,지역구,남,Representative,0.2022344335941221,0.00070875106927141
우신구,0.0,환경노동위원회,우신구,우신구,국민의힘,초선,비례대표,남,Representative,-0.0,-0.0
송재호,0.0019362745729472,환경노동위원회,송재호,송재호,더불어민주당,초선,지역구,남,Representative,0.3758954363478019,0.0007278367754871416
양기대,0.0017751457838812,환경노동위원회,양기대,양기대,더불어민주당,초선,지역구,남,Representative,0.2301185334449006,0.00040849394443764024
이병훈,0.0034998529585533,환경노동위원회,이병훈,이병훈,더불어민주당,초선,지역구,남,Representative,0.1790578800414445,0.0006266762512153314
한병도,0.0036066168706749,환경노동위원회,한병도,한병도,더불어민주당,재선,지역구,남,Representative,0.4404702338128733,0.0015886073762996266
홍성국,0.000810511549557,환경노동위원회,홍성국,홍성국,더불어민주당,초선,지역구,남,Representative,0.0821632285254589,6.65942456687756e-05
정경희,0.0058064934845287,환경노동위원회,정경희,정경희,국민의힘,초선,비례대표,여,Representative,0.3356632617736524,0.0019490265424843643
김영선,0.0002976467224632,환경노동위원회,김영선,김영선,국민의힘,5선,,여,Representative,0.2168412076010161,6.454207473740478e-05
정우택,0.0011777765273814,환경노동위원회,정우택,정우택,국민의힘,5선,지역구,남,Representative,0.1586300083990965,0.00018683070043077019
진성준,0.0029339286109069,환경노동위원회,진성준,진성준,더불어민주당,재선,지역구,남,Representative,0.137191834935949,0.00040251104970139755
양경숙,0.0059159993309004,환경노동위원회,양경숙,양경숙,더불어민주당,초선,비례대표,여,Representative,0.3342609954913604,0.0019774878256729896
박주민,0.0055917136823694,환경노동위원회,박주민,박주민,더불어민주당,재선,지역구,남,Representative,0.7084504412298533,0.003961452025505609
조오섭,0.0033205463034202,환경노동위원회,조오섭,조오섭,더불어민주당,초선,지역구,남,Representative,0.3537241914215748,0.0011745575562552095
박영순,0.0062184034615903,환경노동위원회,박영순,박영순,더불어민주당,초선,지역구,남,Representative,0.3793634271542586,0.0023590348486168013
이용빈,0.0086758610153617,환경노동위원회,이용빈,이용빈,더불어민주당,초선,지역구,남,Representative,0.4600032901867735,0.003990924612269543
김성주,0.0,환경노동위원회,김성주,김성주,더불어민주당,재선,지역구,남,Representative,0.3218992730272499,0.0
윤영덕,0.0004482394179403,환경노동위원회,윤영덕,윤영덕,더불어민주당,초선,지역구,남,Representative,0.5936797322448536,0.00026611065762438633
장경태,0.0024569418716071,환경노동위원회,장경태,장경태,더불어민주당,초선,지역구,남,Representative,0.403738270388732,0.0009919614616883047
우원식,0.0039890973910776,환경노동위원회,우원식,우원식,더불어민주당,4선,지역구,남,Representative,0.3474908272016026,0.00138617475221331
소병철,0.0033241521411193,환경노동위원회,소병철,소병철,더불어민주당,초선,지역구,남,Representative,0.1921494526414231,0.0006387340144128882
서영교,0.0001484343605994,환경노동위원회,서영교,서영교,더불어민주당,3선,지역구,여,Representative,0.4396629254011983,6.526108521118857e-05
한준호,0.0093059787763185,환경노동위원회,한준호,한준호,더불어민주당,초선,지역구,남,Representative,0.1454541395520071,0.0013535931355986473
이개호,0.0,환경노동위원회,이개호,이개호,더불어민주당,3선,지역구,남,Representative,0.1131561090092011,0.0
오영환,0.0128023512156037,환경노동위원회,오영환,오영환,더불어민주당,초선,지역구,남,Representative,0.2639159163033288,0.0033787442519030856
권칠승,0.001207348315732,환경노동위원회,권칠승,권칠승,더불어민주당,재선,지역구,남,Representative,0.1859285040914948,0.00022448046626143652
이성만,0.0019539476332992,환경노동위원회,이성만,이성만,더불어민주당,초선,지역구,남,Representative,0.2194435071327558,0.0004287811214049243
박성준,0.0023117834667056,환경노동위원회,박성준,박성준,더불어민주당,초선,지역구,남,Representative,0.2002255367463627,0.00046287808546249587
정일영,0.0046221139508166,환경노동위원회,정일영,정일영,더불어민주당,초선,지역구,남,Representative,0.1776389564691861,0.0008210674989047277
홍정민,0.0005834856679607,환경노동위원회,홍정민,홍정민,더불어민주당,초선,지역구,여,Representative,0.1978012226072815,0.00011541417849645276
김용민,0.0007762232604369,환경노동위원회,김용민,김용민,더불어민주당,초선,지역구,남,Representative,0.5183906276468344,0.0004023868631719568
김한규,0.0002263083923925,환경노동위원회,김한규,김한규,더불어민주당,초선,지역구,남,Representative,0.4606560544107763,0.00010425033111957478
김교흥,0.0,환경노동위원회,김교흥,김교흥,더불어민주당,재선,지역구,남,Representative,0.1927891344584833,0.0
이용호,0.016078674708207,환경노동위원회,이용호,이용호,국민의힘,재선,지역구,남,Representative,1.225607615821687,0.01970614617469804
김영식,0.00102234613425,환경노동위원회,김영식,김영식,국민의힘,초선,지역구,남,Representative,0.2624749295735833,0.0002683402295870939
윤영석,0.0011044853333326,환경노동위원회,윤영석,윤영석,국민의힘,3선,지역구,남,Representative,0.194206349704839,0.00021449806488905656
이달곤,0.0006264991786999,환경노동위원회,이달곤,이달곤,국민의힘,재선,지역구,남,Representative,0.1697317502202084,0.00010633680211225713
김수흥,0.0034606446554091,환경노동위원회,김수흥,김수흥,더불어민주당,초선,지역구,남,Representative,0.5088102660790913,0.0017608115279238894
김영진,0.0050488974111322,환경노동위원회,김영진,김영진,더불어민주당,재선,지역구,남,Representative,0.0792247561405531,0.0003999976661756184
최춘식,0.0,환경노동위원회,최춘식,최춘식,국민의힘,초선,지역구,남,Representative,0.185261782253888,0.0
김태호,0.0041301192683122,환경노동위원회,김태호,김태호,국민의힘,3선,지역구,남,Representative,0.2550454797747435,0.0010533682503135978
박성민,0.0,환경노동위원회,박성민,박성민,국민의힘,초선,지역구,남,Representative,0.1920963982054519,0.0
서일준,0.0023096617731289,환경노동위원회,서일준,서일준,국민의힘,초선,지역구,남,Representative,0.0727597785364597,0.00016805047910698558
안규백,0.0074763259145774,환경노동위원회,안규백,안규백,더불어민주당,4선,지역구,남,Representative,0.3809557196948137,0.002848149119460819
이원택,0.0016441080293307,환경노동위원회,이원택,이원택,더불어민주당,초선,지역구,남,Representative,0.2716912161873271,0.00044668971003220757
인재근,0.0,환경노동위원회,인재근,인재근,더불어민주당,3선,지역구,여,Representative,0.2910042957726254,0.0
권성동,0.0004792848036193,환경노동위원회,권성동,권성동,국민의힘,4선,지역구,남,Representative,0.1650123478378992,7.908791072824714e-05
박정하,0.0,환경노동위원회,박정하,박정하,국민의힘,초선,지역구,남,Representative,0.2937123128515209,0.0
조수진,0.0012575212688529,환경노동위원회,조수진,조수진,국민의힘,초선,비례대표,여,Representative,0.1152574433846105,0.00014493868644975668
윤재갑,0.0116838908605782,환경노동위원회,윤재갑,윤재갑,더불어민주당,초선,지역구,남,Representative,0.6854440000858673,0.008008652888041427
최기상,0.0017397731482215,환경노동위원회,최기상,최기상,더불어민주당,초선,지역구,남,Representative,0.2058827885501175,0.00035818934720045927
강득구,0.0084678150262092,환경노동위원회,강득구,강득구,더불어민주당,초선,지역구,남,Representative,0.5445023530105706,0.004610745206629176
진선미,0.0010490877794667,환경노동위원회,진선미,진선미,더불어민주당,3선,지역구,여,Representative,0.0766752551488706,8.04390731641713e-05
최혜영,0.017086488066079,환경노동위원회,최혜영,최혜영,더불어민주당,초선,비례대표,여,Representative,0.4555600514410841,0.007783921382330418
전혜숙,0.0099185803289553,환경노동위원회,전혜숙,전혜숙,더불어민주당,3선,지역구,여,Representative,0.3487897833092866,0.003459499483672072
김상희,0.0009898552047181,환경노동위원회,김상희,김상희,더불어민주당,4선,지역구,여,Representative,0.5592599599039866,0.0005535863821013971
김병기,0.0004720165930489,환경노동위원회,김병기,김병기,더불어민주당,재선,지역구,남,Representative,0.1108729186430819,5.2333857319295384e-05
이재정,0.0002724141712931,환경노동위원회,이재정,이재정,더불어민주당,재선,지역구,여,Representative,0.2573809498745986,7.011421816671969e-05
이형석,0.0010305745176146,환경노동위원회,이형석,이형석,더불어민주당,초선,지역구,남,Representative,0.1083558993299242,0.00011166882868263281
황희,0.0001422876667879,환경노동위원회,황희,황희,더불어민주당,재선,지역구,남,Representative,0.2589890766385589,3.6850951438453164e-05
김정재,0.0005849271949595,환경노동위원회,김정재,김정재,국민의힘,재선,지역구,여,Representative,0.2574250589731167,0.000150574917657429
김웅,0.0,환경노동위원회,김웅,김웅,국민의힘,초선,지역구,남,Representative,0.3699621682437175,0.0
양이원영,0.0018099855426853,환경노동위원회,양이원영,양이원영,더불어민주당,초선,비례대표,여,Representative,0.538619431256871,0.0009748933835843151
윤준병,0.0107055607516444,환경노동위원회,윤준병,윤준병,더불어민주당,초선,지역구,남,Representative,0.4344183278979442,0.00465069180093922
이용선,0.0015723579736065,환경노동위원회,이용선,이용선,더불어민주당,초선,지역구,남,Representative,0.5128505108380027,0.0008063845899843003
정필모,0.0,환경노동위원회,정필모,정필모,더불어민주당,초선,비례대표,남,Representative,0.1873329443348586,0.0
황운하,0.0016086688275305,환경노동위원회,황운하,황운하,더불어민주당,초선,지역구,남,Representative,0.5488281734063343,0.0008828827742292737
이장섭,0.0003943235217658,환경노동위원회,이장섭,이장섭,더불어민주당,초선,지역구,남,Representative,0.2854497963072183,0.00011255956896719258
홍영표,0.0007185347174292,환경노동위원회,홍영표,홍영표,더불어민주당,4선,지역구,남,Representative,0.2094480075912773,0.00015049566495070737
신영대,0.0019876591202586,환경노동위원회,신영대,신영대,더불어민주당,초선,지역구,남,Representative,0.2397699657028943,0.0004765809590934496
윤호중,0.0004265166576458,환경노동위원회,윤호중,윤호중,더불어민주당,4선,지역구,남,Representative,0.1128950186454341,4.8151606017510825e-05
조정식,0.0010452158738637,환경노동위원회,조정식,조정식,더불어민주당,5선,지역구,남,Representative,0.0982721838798874,0.00010271564655051073
최인호,0.0011997172464657,환경노동위원회,최인호,최인호,더불어민주당,재선,지역구,남,Representative,0.1711937203769239,0.00020538405882282213
유정주,0.0019437058516358,환경노동위원회,유정주,유정주,더불어민주당,초선,비례대표,여,Representative,0.3402755762534749,0.000661395628732623
주철현,0.0,환경노동위원회,주철현,주철현,더불어민주당,초선,지역구,남,Representative,0.1808273551250511,0.0
윤관석,0.0,환경노동위원회,윤관석,윤관석,더불어민주당,3선,지역구,남,Representative,0.0726470802193504,0.0
이해식,0.0015240684767753,환경노동위원회,이해식,이해식,더불어민주당,초선,지역구,남,Representative,0.2639597631121719,0.0004022927540963368
김경협,0.0076314230076338,환경노동위원회,김경협,김경협,더불어민주당,3선,지역구,남,Representative,0.3651315668203744,0.0027864734398463835
김민기,0.0008667229331303,환경노동위원회,김민기,김민기,더불어민주당,3선,지역구,남,Representative,0.1116766109823257,9.679267983265281e-05
강선우,0.0028534984293065,환경노동위원회,강선우,강선우,더불어민주당,초선,지역구,여,Representative,0.2216826678477753,0.0006325711445081013
박재호,0.0023596060191556,환경노동위원회,박재호,박재호,더불어민주당,재선,지역구,남,Representative,0.2619622171748344,0.0006181276244370858
송갑석,0.0033688970020352,환경노동위원회,송갑석,송갑석,더불어민주당,재선,지역구,남,Representative,0.0670810059002477,0.00022598899967085002
맹성규,0.0012177827918545,환경노동위원회,맹성규,맹성규,더불어민주당,재선,지역구,남,Representative,0.3423921953477248,0.00041695932355974367
신동근,0.0026622292663952,환경노동위원회,신동근,신동근,더불어민주당,재선,지역구,남,Representative,0.1433568328564554,0.0003816487559681806
윤상현,0.0054785525604679,환경노동위원회,윤상현,윤상현,국민의힘,4선,지역구,남,Representative,0.6145800382735443,0.0033670090422959864
안철수,0.0001873626033431,환경노동위원회,안철수,안철수,국민의힘,3선,지역구,남,Representative,0.4836184997568817,9.061202113933374e-05
유의동,0.0178653522737907,환경노동위원회,유의동,유의동,국민의힘,3선,지역구,남,Representative,0.5050232279002433,0.009022417872884731
주호영,0.0006992038352606,환경노동위원회,주호영,주호영,국민의힘,5선,지역구,남,Representative,0.2385724628270604,0.00016681078099624756
강병원,0.0025961527895259,환경노동위원회,강병원,강병원,더불어민주당,재선,지역구,남,Representative,0.2679228198118838,0.0006955685760322673
전해철,0.0028070315250208,환경노동위원회,전해철,전해철,더불어민주당,3선,지역구,남,Representative,0.111134388568907,0.0003119577322268332
변재일,0.0019297654918251,환경노동위원회,변재일,변재일,더불어민주당,5선,지역구,남,Representative,0.3557301750687391,0.0006864758162485542
김회재,0.0042483424219357,환경노동위원회,김회재,김회재,더불어민주당,초선,지역구,남,Representative,0.2705052594012662,0.00114919896887112
이원욱,0.0053220967566052,환경노동위원회,이원욱,이원욱,더불어민주당,3선,지역구,남,Representative,0.2087926901604398,0.0011112148991057511
정춘숙,0.0019347413676213,환경노동위원회,정춘숙,정춘숙,더불어민주당,재선,지역구,여,Representative,0.1638501850633351,0.00031700773113444006
안호영,0.0156105495581488,환경노동위원회,안호영,안호영,더불어민주당,재선,지역구,남,Representative,0.5118923685595783,0.007990921187837468
김태년,0.0001310188988984,환경노동위원회,김태년,김태년,더불어민주당,4선,지역구,남,Representative,0.0302627005970719,3.964985709920312e-06
박완주,0.0,환경노동위원회,박완주,박완주,더불어민주당,3선,지역구,남,Representative,0.3781620068650885,0.0
서삼석,0.0022585629287819,환경노동위원회,서삼석,서삼석,더불어민주당,재선,지역구,남,Representative,0.2012082502190047,0.00045444149490971665
문진석,0.0018372272172132,환경노동위원회,문진석,문진석,더불어민주당,초선,지역구,남,Representative,0.2131284851715763,0.00039156545372063986
박찬대,0.0009134892832482,환경노동위원회,박찬대,박찬대,더불어민주당,재선,지역구,남,Representative,0.2786489795755955,0.00025454285663035304
유동수,0.0087367908265834,환경노동위원회,유동수,유동수,더불어민주당,재선,지역구,남,Representative,0.4365284860540641,0.0038138580724994867
문정복,0.0,환경노동위원회,문정복,문정복,더불어민주당,초선,지역구,여,Representative,0.5768076262279168,0.0
최재형,0.0,환경노동위원회,최재형,최재형,국민의힘,초선,지역구,남,Representative,0.291581396883635,0.0
고용진,0.0,환경노동위원회,고용진,고용진,더불어민주당,재선,지역구,남,Representative,0.2115658202772826,0.0
민홍철,0.0010170638995294,환경노동위원회,민홍철,민홍철,더불어민주당,3선,지역구,남,Representative,0.2010526097454781,0.00020448335127829862
조해진,0.0002299456163832,환경노동위원회,조해진,조해진,국민의힘,3선,지역구,남,Representative,0.3349213368474088,7.701369324126278e-05
최연숙,0.0047877328885169,환경노동위원회,최연숙,최연숙,국민의당,초선,비례대표,여,Representative,1.4543314865112702,0.0069629506887756805
한기호,0.0,환경노동위원회,한기호,한기호,국민의힘,3선,지역구,남,Representative,0.3139152323587058,0.0
양향자,0.0062624953672285,환경노동위원회,양향자,양향자,더불어민주당,초선,지역구,여,Representative,0.9193887826618028,0.00575766799210139
김민석,0.0098163990322861,환경노동위원회,김민석,김민석,더불어민주당,3선,지역구,남,Representative,0.5124972621164758,0.005030877627889449
김병주,0.0,환경노동위원회,김병주,김병주,더불어민주당,초선,비례대표,남,Representative,0.2434625119610639,0.0
천준호,0.0012317452075167,환경노동위원회,천준호,천준호,더불어민주당,초선,지역구,남,Representative,0.3993355059681581,0.0004918795956675352
김희국,0.0,환경노동위원회,김희국,김희국,국민의힘,재선,지역구,남,Representative,0.0800803641309325,0.0
이태규,0.0022601782420062,환경노동위원회,이태규,이태규,국민의당,재선,비례대표,남,Representative,0.7108411718546286,0.0016066277501480216
최승재,0.0254984468397866,환경노동위원회,최승재,최승재,국민의힘,초선,비례대표,남,Representative,0.4362396164165481,0.01112343266860625
서정숙,0.001582402913524,환경노동위원회,서정숙,서정숙,국민의힘,초선,비례대표,여,Representative,0.3409787953353209,0.0005395658391885154
조은희,0.0043964808905863,환경노동위원회,조은희,조은희,국민의힘,초선,지역구,여,Representative,0.4971643551550483,0.0021857735869198307
서동용,0.0015267627402209,환경노동위원회,서동용,서동용,더불어민주당,초선,지역구,남,Representative,0.3156377014497687,0.0004819038819824752
정희용,0.0010428314229279,환경노동위원회,정희용,정희용,국민의힘,초선,지역구,남,Representative,0.1013462246233544,0.00010568702763234325
권인숙,0.0011582461825033,환경노동위원회,권인숙,권인숙,더불어민주당,초선,비례대표,여,Representative,0.7127107829573963,0.0008254945435893422
이재명,0.0,환경노동위원회,이재명,이재명,더불어민주당,초선,지역구,남,Representative,0.2018808153311869,0.0
박범계,9.93480109650733e-05,환경노동위원회,박범계,박범계,더불어민주당,3선,지역구,남,Representative,0.3504014522294029,3.4811687318264324e-05
김영호,0.0006721117305829,환경노동위원회,김영호,김영호,더불어민주당,재선,지역구,남,Representative,0.4161281665252168,0.00027968462214755265
최강욱,0.0007938470853586,환경노동위원회,최강욱,최강욱,열린민주당,초선,비례대표,남,Representative,0.7842536920804917,0.0006225775076398193
이인영,0.0019403349653131,환경노동위원회,이인영,이인영,더불어민주당,4선,지역구,남,Representative,0.2800294833760527,0.0005433509979131185
우상호,0.0,환경노동위원회,우상호,우상호,더불어민주당,4선,지역구,남,Representative,0.354889315495192,0.0
설훈,0.001615278453262,환경노동위원회,설훈,설훈,더불어민주당,5선,지역구,남,Representative,0.3265334931650108,0.0005274425157778164
송석준,0.0154917639387537,환경노동위원회,송석준,송석준,국민의힘,재선,지역구,남,Representative,0.2718885877183796,0.004212033818574265
정점식,0.0009872418925446,환경노동위원회,정점식,정점식,국민의힘,재선,지역구,남,Representative,0.1256501314629642,0.00012404707358397457
홍익표,0.0005428620947317,환경노동위원회,홍익표,홍익표,더불어민주당,3선,지역구,남,Representative,0.165353191622152,8.976397997457362e-05
이탄희,0.0013358061560742,환경노동위원회,이탄희,이탄희,더불어민주당,초선,지역구,남,Representative,0.6201423822658652,0.0008283900118732624
윤주경,0.0,환경노동위원회,윤주경,윤주경,국민의힘,초선,비례대표,여,Representative,0.4248222909210703,0.0
정진석,0.0,환경노동위원회,정진석,정진석,국민의힘,5선,지역구,남,Representative,0.0704006718058257,0.0
이상민,0.0,환경노동위원회,이상민,이상민,더불어민주당,5선,지역구,남,Representative,0.6797803799490477,0.0
박병석,4.1179482525554425e-05,환경노동위원회,박병석,박병석,더불어민주당,6선,지역구,남,Representative,0.2274246766438502,9.365230497735295e-06
윤재옥,0.0046167775228495,환경노동위원회,윤재옥,윤재옥,국민의힘,3선,지역구,남,Representative,0.5807333195948687,0.002681116536675365
강민국,0.0,환경노동위원회,강민국,강민국,국민의힘,초선,지역구,남,Representative,0.153084768117913,0.0
권은희,0.0016289525852196,환경노동위원회,권은희,권은희,국민의당,3선,비례대표,여,Representative,1.4757029872866645,0.0024038501961568984
김기현,0.0029289885150245,환경노동위원회,김기현,김기현,국민의힘,4선,지역구,남,Representative,0.3033064478180708,0.0008883811021920073
박대출,0.0012286259721171,환경노동위원회,박대출,박대출,국민의힘,3선,지역구,남,Representative,0.1127161477762168,0.00013848598663484908
배현진,0.0,환경노동위원회,배현진,배현진,국민의힘,초선,지역구,여,Representative,0.0729943402727777,0.0
송언석,0.0031260479180544,환경노동위원회,송언석,송언석,국민의힘,재선,지역구,남,Representative,0.1978088158038737,0.0006183598368165057
신원식,0.0,환경노동위원회,신원식,신원식,국민의힘,초선,비례대표,남,Representative,0.188354618593185,0.0
윤두현,0.001263251724701,환경노동위원회,윤두현,윤두현,국민의힘,초선,지역구,남,Representative,0.2056082379737857,0.0002597349612331184
이철규,0.0,환경노동위원회,이철규,이철규,국민의힘,재선,지역구,남,Representative,0.1840560451181021,0.0
장제원,0.0003427398418479,환경노동위원회,장제원,장제원,국민의힘,3선,지역구,남,Representative,0.0909064879091423,3.1157275288927464e-05
정찬민,0.0017164993172544,환경노동위원회,정찬민,정찬민,국민의힘,초선,지역구,남,Representative,0.4442721508323407,0.0007625928435788566
최형두,0.0002171647145445,환경노동위원회,최형두,최형두,국민의힘,초선,지역구,남,Representative,0.2907134521220806,6.313270384433781e-05
추경호,0.0021969567604698,환경노동위원회,추경호,추경호,국민의힘,재선,지역구,남,Representative,0.0731143995543978,0.00016062917438872438
허은아,0.0,환경노동위원회,허은아,허은아,국민의힘,초선,비례대표,여,Representative,0.290583414125627,0.0
김선교,0.0016460781351222,환경노동위원회,김선교,김선교,국민의힘,초선,지역구,남,Representative,0.1700647696450778,0.0002799398988673562
김경만,0.0005579239992746,환경노동위원회,김경만,김경만,더불어민주당,초선,비례대표,남,Representative,0.2607821776703825,0.0001454966355053991
조응천,0.0,환경노동위원회,조응천,조응천,더불어민주당,재선,지역구,남,Representative,0.254488173419614,0.0
고민정,0.0028434383474753,환경노동위원회,고민정,고민정,더불어민주당,초선,지역구,여,Representative,0.3526006355299543,0.001002598168410034
임오경,0.0001687634962454,환경노동위원회,임오경,임오경,더불어민주당,초선,지역구,여,Representative,0.0586732885421386,9.901909310586479e-06
도종환,0.0,환경노동위원회,도종환,도종환,더불어민주당,3선,지역구,남,Representative,0.2721175456087874,0.0
오기형,0.0,환경노동위원회,오기형,오기형,더불어민주당,초선,지역구,남,Representative,0.3978628324702754,0.0
김한정,0.0,환경노동위원회,김한정,김한정,더불어민주당,재선,지역구,남,Representative,0.3115396476231169,0.0
이영,0.0039592435188302,환경노동위원회,이영,이영,국민의힘,초선,비례대표,여,Representative,0.2206417648191584,0.00087357447734351
김진표,0.0,환경노동위원회,김진표,김진표,더불어민주당,5선,지역구,남,Representative,0.4172834774907449,0.0
이광재,0.0013827996130225,환경노동위원회,이광재,이광재,더불어민주당,3선,지역구,남,Representative,0.2037976967403526,0.00028181137618743643
정청래,0.0003679462907753,환경노동위원회,정청래,정청래,더불어민주당,3선,지역구,남,Representative,0.0751206976802892,2.7640382071915094e-05
조태용,0.0,환경노동위원회,조태용,조태용,국민의힘,초선,비례대표,남,Representative,0.1545407967786547,0.0
김태흠,0.0,환경노동위원회,김태흠,김태흠,국민의힘,3선,지역구,남,Representative,0.0980118810479008,0.0
김은혜,0.0002419300072591,환경노동위원회,김은혜,김은혜,국민의힘,초선,지역구,여,Representative,0.162439713102269,3.929904096999806e-05
오영훈,0.0002229595945242,환경노동위원회,오영훈,오영훈,더불어민주당,재선,지역구,남,Representative,0.671756127451087,0.00014977447379564118
박완수,6.570520756540746e-05,환경노동위원회,박완수,박완수,국민의힘,재선,지역구,남,Representative,0.1899346266606008,1.2479694068592949e-05
이규민,0.0022721978585717,환경노동위원회,이규민,이규민,더불어민주당,초선,지역구,남,Representative,0.3923416013378649,0.0008914777463884882
곽상도,0.0,환경노동위원회,곽상도,곽상도,국민의힘,재선,지역구,남,Representative,0.0416731213070125,0.0
정정순,0.0,환경노동위원회,정정순,정정순,더불어민주당,초선,지역구,남,Representative,0.1787183559051326,0.0
윤희숙,0.000101097609391,환경노동위원회,윤희숙,윤희숙,국민의힘,초선,지역구,여,Representative,0.28306548324025,2.861724365669745e-05
홍준표,0.0002632682063175,환경노동위원회,홍준표,홍준표,국민의힘,5선,지역구,남,Representative,0.1745452207856409,4.59522071975277e-05
이상직,0.0,환경노동위원회,이상직,이상직,더불어민주당,재선,지역구,남,Representative,0.1875925759171187,0.0
송영길,0.0003541679154286,환경노동위원회,송영길,송영길,더불어민주당,5선,지역구,남,Representative,0.1847095725159723,6.541820425768974e-05
김진애,0.0,환경노동위원회,김진애,김진애,열린민주당,재선,비례대표,여,Representative,1.0590950156918448,0.0
이낙연,0.0,환경노동위원회,이낙연,이낙연,더불어민주당,5선,지역구,남,Representative,0.1016403584957575,0.0
강민정,0.0538453634585101,교육위원회,강민정,강민정,열린민주당,초선,비례대표,여,Representative,1.3217456216851513,0.07116987339933135
윤영덕,0.0103178531381557,교육위원회,윤영덕,윤영덕,더불어민주당,초선,지역구,남,Representative,0.5936797322448536,0.006125500288401998
민병덕,0.0011592375920349,교육위원회,민병덕,민병덕,더불어민주당,초선,지역구,남,Representative,0.534492412029025,0.0006196036966814526
서동용,0.0098204466108428,교육위원회,서동용,서동용,더불어민주당,초선,지역구,남,Representative,0.3156377014497687,0.003099703195456593
이탄희,0.0098962839591959,교육위원회,이탄희,이탄희,더불어민주당,초선,지역구,남,Representative,0.6201423822658652,0.006137105110035214
양이원영,0.0,교육위원회,양이원영,양이원영,더불어민주당,초선,비례대표,여,Representative,0.538619431256871,0.0
장경태,0.0014446763237974,교육위원회,장경태,장경태,더불어민주당,초선,지역구,남,Representative,0.403738270388732,0.000583271120241514
허숙정,0.0,교육위원회,허숙정,허숙정,더불어민주당,초선,비례대표,여,Representative,1.1015877581031428,0.0
김영호,0.0048406272550661,교육위원회,김영호,김영호,더불어민주당,재선,지역구,남,Representative,0.4161281665252168,0.0020143213444826493
도종환,0.0033947573802257,교육위원회,도종환,도종환,더불어민주당,3선,지역구,남,Representative,0.2721175456087874,0.0009237730462443346
문정복,0.0023613535509525,교육위원회,문정복,문정복,더불어민주당,초선,지역구,여,Representative,0.5768076262279168,0.0013620467364097737
민형배,0.0105198995789586,교육위원회,민형배,민형배,더불어민주당,초선,지역구,남,Representative,0.5990186631316904,0.0063016161820674136
김진표,0.0499782120064062,교육위원회,김진표,김진표,더불어민주당,5선,지역구,남,Representative,0.4172834774907449,0.02085508210480288
이병훈,0.0090300672451219,교육위원회,이병훈,이병훈,더불어민주당,초선,지역구,남,Representative,0.1790578800414445,0.0016169046975432141
박용진,0.0018343074804689,교육위원회,박용진,박용진,더불어민주당,재선,지역구,남,Representative,0.7438287273758981,0.001364410598813272
홍성국,0.0043620182366392,교육위원회,홍성국,홍성국,더불어민주당,초선,지역구,남,Representative,0.0821632285254589,0.00035839750120920586
전혜숙,0.0013127569227516,교육위원회,전혜숙,전혜숙,더불어민주당,3선,지역구,여,Representative,0.3487897833092866,0.00045787620262429643
이상헌,0.0043472807510516,교육위원회,이상헌,이상헌,더불어민주당,재선,지역구,남,Representative,0.6637862515737748,0.002885665194279366
송갑석,0.0030081380167701,교육위원회,송갑석,송갑석,더불어민주당,재선,지역구,남,Representative,0.0670810059002477,0.00020178892405171449
소병철,0.0014461057769519,교육위원회,소병철,소병철,더불어민주당,초선,지역구,남,Representative,0.1921494526414231,0.00027786843350290747
오영환,0.0,교육위원회,오영환,오영환,더불어민주당,초선,지역구,남,Representative,0.2639159163033288,0.0
최연숙,0.0,교육위원회,최연숙,최연숙,국민의당,초선,비례대표,여,Representative,1.4543314865112702,0.0
김철민,0.0246778944833375,교육위원회,김철민,김철민,더불어민주당,재선,지역구,남,Representative,0.1469147406376817,0.003625546467503605
김남국,0.0015393841960697,교육위원회,김남국,김남국,더불어민주당,초선,지역구,남,Representative,0.4903679722415279,0.0007548647067273533
강득구,0.0451404602486462,교육위원회,강득구,강득구,더불어민주당,초선,지역구,남,Representative,0.5445023530105706,0.024579086821367984
황운하,0.0020858070380367,교육위원회,황운하,황운하,더불어민주당,초선,지역구,남,Representative,0.5488281734063343,0.0011447496667637584
김의겸,0.0,교육위원회,김의겸,김의겸,열린민주당,초선,비례대표,남,Representative,0.8380800716465495,0.0
양경숙,0.0006307688592208,교육위원회,양경숙,양경숙,더불어민주당,초선,비례대표,여,Representative,0.3342609954913604,0.00021084142680809437
권인숙,0.0069243694890649,교육위원회,권인숙,권인숙,더불어민주당,초선,비례대표,여,Representative,0.7127107829573963,0.004935072800037752
김경만,0.0,교육위원회,김경만,김경만,더불어민주당,초선,비례대표,남,Representative,0.2607821776703825,0.0
윤주경,0.000376352021199,교육위원회,윤주경,윤주경,국민의힘,초선,비례대표,여,Representative,0.4248222909210703,0.0001598827278385344
이헌승,0.0014081060625807,교육위원회,이헌승,이헌승,국민의힘,3선,지역구,남,Representative,0.1758853015028908,0.00024766515936505484
서병수,0.0267070115168848,교육위원회,서병수,서병수,국민의힘,5선,지역구,남,Representative,0.3254004320021045,0.008690473085079494
강기윤,0.0117092721660032,교육위원회,강기윤,강기윤,국민의힘,재선,지역구,남,Representative,0.1051953896862757,0.0012317614484453683
이주환,0.0046163921127698,교육위원회,이주환,이주환,국민의힘,초선,지역구,남,Representative,0.0486042879937447,0.00022437645174111493
김희곤,0.0,교육위원회,김희곤,김희곤,국민의힘,초선,지역구,남,Representative,0.172954273871935,0.0
유경준,0.0,교육위원회,유경준,유경준,국민의힘,초선,지역구,남,Representative,0.1969803900983735,0.0
최승재,0.001561552184757,교육위원회,최승재,최승재,국민의힘,초선,비례대표,남,Representative,0.4362396164165481,0.0006812109260928164
최형두,0.0096953328789031,교육위원회,최형두,최형두,국민의힘,초선,지역구,남,Representative,0.2907134521220806,0.0028185636906986303
박대수,0.0015219867623207,교육위원회,박대수,박대수,국민의힘,초선,비례대표,남,Representative,0.2414175298978371,0.00036743428469666986
유기홍,0.0240604180769535,교육위원회,유기홍,유기홍,더불어민주당,3선,지역구,남,Representative,0.533695852611625,0.012840945339771852
임오경,0.0041272897767664,교육위원회,임오경,임오경,더불어민주당,초선,지역구,여,Representative,0.0586732885421386,0.00024216166396923378
인재근,0.0,교육위원회,인재근,인재근,더불어민주당,3선,지역구,여,Representative,0.2910042957726254,0.0
허영,0.0009330128174939,교육위원회,허영,허영,더불어민주당,초선,지역구,남,Representative,0.2272084723983615,0.00021198841699088028
김민기,0.0034359281058769,교육위원회,김민기,김민기,더불어민주당,3선,지역구,남,Representative,0.1116766109823257,0.0003837128064432538
신현영,0.0007250652116086,교육위원회,신현영,신현영,더불어민주당,초선,비례대표,여,Representative,0.3325126093005273,0.00024109332542501455
이태규,0.0064059619126145,교육위원회,이태규,이태규,국민의당,재선,비례대표,남,Representative,0.7108411718546286,0.0045536214728190095
정우택,0.0048422714770875,교육위원회,정우택,정우택,국민의힘,5선,지역구,남,Representative,0.1586300083990965,0.0007681295650810955
권명호,0.0039660916089407,교육위원회,권명호,권명호,국민의힘,초선,지역구,남,Representative,0.101862293500913,0.00040399518752142583
이인선,0.0,교육위원회,이인선,이인선,국민의힘,초선,지역구,여,Representative,0.3231681290160744,0.0
지성호,0.0,교육위원회,지성호,지성호,국민의힘,초선,비례대표,남,Representative,0.152368783397105,0.0
엄태영,0.0,교육위원회,엄태영,엄태영,국민의힘,초선,지역구,남,Representative,0.2112428656135919,0.0
최재형,0.0007087178062036,교육위원회,최재형,최재형,국민의힘,초선,지역구,남,Representative,0.291581396883635,0.00020664892792915098
이종성,0.0063617339404654,교육위원회,이종성,이종성,국민의힘,초선,비례대표,남,Representative,0.2162605302271925,0.001375791955129374
백종헌,0.0,교육위원회,백종헌,백종헌,국민의힘,초선,지역구,남,Representative,0.1748090064444665,0.0
김예지,0.0377535391735483,교육위원회,김예지,김예지,국민의힘,초선,비례대표,여,Representative,0.5578154035188375,0.021059505688357086
서정숙,0.0002785904531023,교육위원회,서정숙,서정숙,국민의힘,초선,비례대표,여,Representative,0.3409787953353209,9.499343709074346e-05
김미애,0.0019620684438135,교육위원회,김미애,김미애,국민의힘,초선,지역구,여,Representative,0.1300450243421692,0.0002551572385367286
최춘식,0.0007408277286863,교육위원회,최춘식,최춘식,국민의힘,초선,지역구,남,Representative,0.185261782253888,0.00013724706535952374
우신구,0.0,교육위원회,우신구,우신구,국민의힘,초선,비례대표,남,Representative,-0.0,-0.0
전주혜,0.0014634563755694,교육위원회,전주혜,전주혜,국민의힘,초선,비례대표,여,Representative,0.2622996745628045,0.000383864131048715
홍기원,0.0013805357435495,교육위원회,홍기원,홍기원,더불어민주당,초선,지역구,남,Representative,0.1984078664960204,0.00027390915149915347
김용민,0.0014923118141024,교육위원회,김용민,김용민,더불어민주당,초선,지역구,남,Representative,0.5183906276468344,0.0007736004579573292
황희,0.000252842225832,교육위원회,황희,황희,더불어민주당,재선,지역구,남,Representative,0.2589890766385589,6.548337460346767e-05
임종성,0.0030986779007338,교육위원회,임종성,임종성,더불어민주당,재선,지역구,남,Representative,0.2168072376798863,0.000671815796117804
김영주,0.0017845765148363,교육위원회,김영주,김영주,더불어민주당,4선,지역구,여,Representative,0.3478961305037666,0.0006208472640994464
이용빈,0.0043117209393595,교육위원회,이용빈,이용빈,더불어민주당,초선,지역구,남,Representative,0.4600032901867735,0.0019834058184725755
정태호,0.0007583026962042,교육위원회,정태호,정태호,더불어민주당,초선,지역구,남,Representative,0.2629825046404378,0.00019942034232337753
김상희,0.0008805174019362,교육위원회,김상희,김상희,더불어민주당,4선,지역구,여,Representative,0.5592599599039866,0.0004924381269016016
설훈,0.0,교육위원회,설훈,설훈,더불어민주당,5선,지역구,남,Representative,0.3265334931650108,0.0
이원택,0.0011726744421209,교육위원회,이원택,이원택,더불어민주당,초선,지역구,남,Representative,0.2716912161873271,0.0003186053453716227
박찬대,0.0153510651549359,교육위원회,박찬대,박찬대,더불어민주당,재선,지역구,남,Representative,0.2786489795755955,0.004277558640821369
조은희,0.0,교육위원회,조은희,조은희,국민의힘,초선,지역구,여,Representative,0.4971643551550483,0.0
정경희,0.0086479907739234,교육위원회,정경희,정경희,국민의힘,초선,비례대표,여,Representative,0.3356632617736524,0.0029028127909635814
조경태,0.0194509077849005,교육위원회,조경태,조경태,국민의힘,5선,지역구,남,Representative,0.3722224896824415,0.007240065322279246
추경호,0.0,교육위원회,추경호,추경호,국민의힘,재선,지역구,남,Representative,0.0731143995543978,0.0
윤창현,0.0023807350348559,교육위원회,윤창현,윤창현,국민의힘,초선,비례대표,남,Representative,0.1659560286241812,0.0003950973315911368
김도읍,0.0025607459013087,교육위원회,김도읍,김도읍,국민의힘,3선,지역구,남,Representative,0.0057675742475114,1.4769292114808429e-05
조수진,0.0,교육위원회,조수진,조수진,국민의힘,초선,비례대표,여,Representative,0.1152574433846105,0.0
권성동,0.0,교육위원회,권성동,권성동,국민의힘,4선,지역구,남,Representative,0.1650123478378992,0.0
권영세,0.0,교육위원회,권영세,권영세,국민의힘,4선,지역구,남,Representative,0.3767193328116696,0.0
김형동,0.0035355107310011,교육위원회,김형동,김형동,국민의힘,초선,지역구,남,Representative,0.2200235295412783,0.0007778955497659269
황보승희,0.0066951664737296,교육위원회,황보승희,황보승희,국민의힘,초선,지역구,여,Representative,0.2043416232088162,0.0013681011848951524
윤한홍,0.0,교육위원회,윤한홍,윤한홍,국민의힘,재선,지역구,남,Representative,0.0633220910364272,0.0
장동혁,0.0,교육위원회,장동혁,장동혁,국민의힘,초선,지역구,남,Representative,0.2751477089855504,0.0
김석기,0.0,교육위원회,김석기,김석기,국민의힘,재선,지역구,남,Representative,0.2160995399392338,0.0
박형수,0.0006707937485684,교육위원회,박형수,박형수,국민의힘,초선,지역구,남,Representative,0.1289259726016864,8.648273644931206e-05
유상범,0.0005163738209045,교육위원회,유상범,유상범,국민의힘,초선,지역구,남,Representative,0.3489284768254078,0.0001801775308007231
송옥주,0.0032042376510765,교육위원회,송옥주,송옥주,더불어민주당,재선,지역구,여,Representative,0.2621477343853833,0.0008399836406620468
김한규,0.0,교육위원회,김한규,김한규,더불어민주당,초선,지역구,남,Representative,0.4606560544107763,0.0
이동주,0.0,교육위원회,이동주,이동주,더불어민주당,초선,비례대표,남,Representative,0.2481459493801818,0.0
김성주,0.0,교육위원회,김성주,김성주,더불어민주당,재선,지역구,남,Representative,0.3218992730272499,0.0
양정숙,0.0040142983513485,교육위원회,양정숙,양정숙,국민의힘,초선,비례대표,여,Representative,0.754948281969812,0.003030587643664799
박정,0.0009216069779766,교육위원회,박정,박정,더불어민주당,재선,지역구,남,Representative,0.1086038378087208,0.00010009005475955599
이은주,0.0044935722542783,교육위원회,이은주,이은주,정의당,초선,비례대표,여,Representative,1.7394356928672845,0.00781627996756978
심상정,0.0,교육위원회,심상정,심상정,정의당,4선,지역구,여,Representative,1.7478349658369334,0.0
안민석,0.0334774613080195,교육위원회,안민석,안민석,더불어민주당,5선,지역구,남,Representative,0.3441477269487697,0.011521192213170297
김홍걸,0.0,교육위원회,김홍걸,김홍걸,더불어민주당,초선,비례대표,남,Representative,0.5197862075653299,0.0
김수흥,0.0,교육위원회,김수흥,김수흥,더불어민주당,초선,지역구,남,Representative,0.5088102660790913,0.0
조오섭,0.0024618059055155,교육위원회,조오섭,조오섭,더불어민주당,초선,지역구,남,Representative,0.3537241914215748,0.000870800303365328
한준호,0.0066156850229483,교육위원회,한준호,한준호,더불어민주당,초선,지역구,남,Representative,0.1454541395520071,0.0009622787725600452
전봉민,0.0026904326789448,교육위원회,전봉민,전봉민,국민의힘,초선,지역구,남,Representative,0.0399499989170311,0.00010748278261018984
김용판,0.0083190675025477,교육위원회,김용판,김용판,국민의힘,초선,지역구,남,Representative,0.0784323016946945,0.00065248361217835
박성민,0.0020979112371803,교육위원회,박성민,박성민,국민의힘,초선,지역구,남,Representative,0.1920963982054519,0.00040300119241707923
박성중,0.0,교육위원회,박성중,박성중,국민의힘,재선,지역구,남,Representative,0.1136597690819902,0.0
안병길,0.0,교육위원회,안병길,안병길,국민의힘,초선,지역구,남,Representative,0.0420092157277911,0.0
정동만,0.0008894627308253,교육위원회,정동만,정동만,국민의힘,초선,지역구,남,Representative,0.0224883277952201,2.0002529452430966e-05
정운천,0.0,교육위원회,정운천,정운천,국민의힘,재선,비례대표,남,Representative,0.2095429101918529,0.0
강은미,0.0003523143775819,교육위원회,강은미,강은미,정의당,초선,비례대표,여,Representative,1.6918809491792466,0.0005960739835527604
박영순,0.0023944679509859,교육위원회,박영순,박영순,더불어민주당,초선,지역구,남,Representative,0.3793634271542586,0.0009083735680970462
윤미향,0.002158116711021,교육위원회,윤미향,윤미향,더불어민주당,초선,비례대표,여,Representative,1.0539381495296805,0.002274521532882553
이학영,0.0009147200414183,교육위원회,이학영,이학영,더불어민주당,3선,지역구,남,Representative,0.0560092720869861,5.123280368321676e-05
주철현,0.0,교육위원회,주철현,주철현,더불어민주당,초선,지역구,남,Representative,0.1808273551250511,0.0
김성원,0.0050587912257702,교육위원회,김성원,김성원,국민의힘,재선,지역구,남,Representative,0.0969967354280285,0.0004906862341116641
이채익,0.0050418064715075,교육위원회,이채익,이채익,국민의힘,3선,지역구,남,Representative,0.305886901391201,0.0015422225589835337
조명희,0.0049234753592705,교육위원회,조명희,조명희,국민의힘,초선,비례대표,여,Representative,0.2553086924045825,0.0012570060560615332
태영호,0.0045359409968267,교육위원회,태영호,태영호,국민의힘,초선,지역구,남,Representative,0.1778687283130429,0.0008068020568085612
이해식,0.0098354747273271,교육위원회,이해식,이해식,더불어민주당,초선,지역구,남,Representative,0.2639597631121719,0.0025961695791210148
김승남,0.0023980929090281,교육위원회,김승남,김승남,더불어민주당,재선,지역구,남,Representative,0.2124111150114147,0.0005093815887076258
김교흥,0.007546597864847,교육위원회,김교흥,김교흥,더불어민주당,재선,지역구,남,Representative,0.1927891344584833,0.0014549020704700912
진선미,0.0004472075186406,교육위원회,진선미,진선미,더불어민주당,3선,지역구,여,Representative,0.0766752551488706,3.428975059626131e-05
서영석,0.0010767136436206,교육위원회,서영석,서영석,더불어민주당,초선,지역구,남,Representative,0.1839691144889395,0.00019808205557504135
김영배,0.0007955774281769,교육위원회,김영배,김영배,더불어민주당,초선,지역구,남,Representative,0.3173975912495803,0.000252514359355884
김한정,0.000275122303009,교육위원회,김한정,김한정,더불어민주당,재선,지역구,남,Representative,0.3115396476231169,8.571150533268426e-05
이용선,0.0005853700275663,교육위원회,이용선,이용선,더불어민주당,초선,지역구,남,Representative,0.5128505108380027,0.00030020731766663267
최영희,0.0010160078284058,교육위원회,최영희,최영희,국민의힘,초선,비례대표,여,Representative,0.1798744661352604,0.00018275386572373854
하영제,0.0076605927839615,교육위원회,하영제,하영제,국민의힘,초선,지역구,남,Representative,0.1478614433724366,0.0011327063061250197
김승수,0.0014612128466074,교육위원회,김승수,김승수,국민의힘,초선,지역구,남,Representative,0.1092543380607149,0.00015964384232190442
박진,0.0054586351969235,교육위원회,박진,박진,국민의힘,4선,지역구,남,Representative,0.2849925584102457,0.0015556704101994435
배준영,0.0274414674813617,교육위원회,배준영,배준영,국민의힘,초선,지역구,남,Representative,0.4029858723602732,0.011058523711822615
배현진,0.0,교육위원회,배현진,배현진,국민의힘,초선,지역구,여,Representative,0.0729943402727777,0.0
성일종,0.0139926631938038,교육위원회,성일종,성일종,국민의힘,재선,지역구,남,Representative,0.2955294681309887,0.004135244311400899
유의동,0.0020508480906873,교육위원회,유의동,유의동,국민의힘,3선,지역구,남,Representative,0.5050232279002433,0.0010357259226919514
이명수,0.0,교육위원회,이명수,이명수,국민의힘,4선,지역구,남,Representative,0.4078212172780129,0.0
이종배,0.0151153027979248,교육위원회,이종배,이종배,국민의힘,3선,지역구,남,Representative,0.121959560331773,0.001843455683516527
하태경,0.0006171785382155,교육위원회,하태경,하태경,국민의힘,3선,지역구,남,Representative,0.5914732693738115,0.00036504460778567164
홍문표,0.0,교육위원회,홍문표,홍문표,국민의힘,4선,지역구,남,Representative,0.5476629473060372,0.0
구자근,0.004793255446313,교육위원회,구자근,구자근,국민의힘,초선,지역구,남,Representative,0.0584340346254918,0.000280089254718681
최기상,0.0011485944940451,교육위원회,최기상,최기상,더불어민주당,초선,지역구,남,Representative,0.2058827885501175,0.0002364758373473165
강선우,0.0044767741536386,교육위원회,강선우,강선우,더불어민주당,초선,지역구,여,Representative,0.2216826678477753,0.0009924232377305712
고용진,0.0,교육위원회,고용진,고용진,더불어민주당,재선,지역구,남,Representative,0.2115658202772826,0.0
기동민,0.0,교육위원회,기동민,기동민,더불어민주당,재선,지역구,남,Representative,0.4426922620576195,0.0
우원식,0.0009020141510651,교육위원회,우원식,우원식,더불어민주당,4선,지역구,남,Representative,0.3474908272016026,0.00031344164350116297
이형석,0.0,교육위원회,이형석,이형석,더불어민주당,초선,지역구,남,Representative,0.1083558993299242,0.0
임호선,0.0022885757720273,교육위원회,임호선,임호선,더불어민주당,초선,지역구,남,Representative,0.1630095698549976,0.0003730597521787392
전재수,0.0013095298419203,교육위원회,전재수,전재수,더불어민주당,재선,지역구,남,Representative,0.1512554413902672,0.0001980735142533818
권은희,0.0277184869734298,교육위원회,권은희,권은희,국민의당,3선,비례대표,여,Representative,1.4757029872866645,0.04090425402975685
강민국,0.0,교육위원회,강민국,강민국,국민의힘,초선,지역구,남,Representative,0.153084768117913,0.0
양향자,0.010074612266546,교육위원회,양향자,양향자,더불어민주당,초선,지역구,여,Representative,0.9193887826618028,0.009262485507529393
김태호,0.0,교육위원회,김태호,김태호,국민의힘,3선,지역구,남,Representative,0.2550454797747435,0.0
서일준,0.0042375130800641,교육위원회,서일준,서일준,국민의힘,초선,지역구,남,Representative,0.0727597785364597,0.0003083205132508151
권칠승,0.001816210395106,교육위원회,권칠승,권칠승,더불어민주당,재선,지역구,남,Representative,0.1859285040914948,0.0003376852818774813
소병훈,0.0021454867666179,교육위원회,소병훈,소병훈,더불어민주당,재선,지역구,남,Representative,0.4495375269510719,0.0009644768151716624
안호영,0.0,교육위원회,안호영,안호영,더불어민주당,재선,지역구,남,Representative,0.5118923685595783,0.0
홍정민,0.0023329674185607,교육위원회,홍정민,홍정민,더불어민주당,초선,지역구,여,Representative,0.1978012226072815,0.0004614638076942599
김병기,0.0,교육위원회,김병기,김병기,더불어민주당,재선,지역구,남,Representative,0.1108729186430819,0.0
김영진,0.0,교육위원회,김영진,김영진,더불어민주당,재선,지역구,남,Representative,0.0792247561405531,0.0
김윤덕,0.0025775478621041,교육위원회,김윤덕,김윤덕,더불어민주당,재선,지역구,남,Representative,0.2869485044660441,0.0007396235042204206
박광온,0.0031168589587777,교육위원회,박광온,박광온,더불어민주당,3선,지역구,남,Representative,0.0636172526258988,0.00019828600377985684
백혜련,0.0010738424023417,교육위원회,백혜련,백혜련,더불어민주당,재선,지역구,여,Representative,0.262002066035241,0.00028134892800977195
김주영,0.0016344952554228,교육위원회,김주영,김주영,더불어민주당,초선,지역구,남,Representative,0.3630556068353552,0.0005934126668270336
윤후덕,0.0006423675553071,교육위원회,윤후덕,윤후덕,더불어민주당,3선,지역구,남,Representative,0.1665258272005472,0.00010697078851430809
이원욱,0.0026405278804606,교육위원회,이원욱,이원욱,더불어민주당,3선,지역구,남,Representative,0.2087926901604398,0.0005513229196050128
전용기,0.004861899580395,교육위원회,전용기,전용기,더불어민주당,초선,비례대표,남,Representative,0.1508910607377874,0.000733617184886405
정성호,0.0,교육위원회,정성호,정성호,더불어민주당,4선,지역구,남,Representative,0.4625431982315658,0.0
정춘숙,0.0027289840958662,교육위원회,정춘숙,정춘숙,더불어민주당,재선,지역구,여,Representative,0.1638501850633351,0.00044714454914257507
최종윤,0.0065585579408986,교육위원회,최종윤,최종윤,더불어민주당,초선,지역구,남,Representative,0.1716391861609539,0.0011257055473652972
최혜영,0.0025313535103851,교육위원회,최혜영,최혜영,더불어민주당,초선,비례대표,여,Representative,0.4555600514410841,0.001153183535406605
박주민,0.0009765806799937,교육위원회,박주민,박주민,더불어민주당,재선,지역구,남,Representative,0.7084504412298533,0.0006918590136380869
유정주,0.0,교육위원회,유정주,유정주,더불어민주당,초선,비례대표,여,Representative,0.3402755762534749,0.0
윤영찬,0.0011804308597099,교육위원회,윤영찬,윤영찬,더불어민주당,초선,지역구,남,Representative,0.1950263668759664,0.00023021514191749536
정청래,0.0075966853492671,교육위원회,정청래,정청래,더불어민주당,3선,지역구,남,Representative,0.0751206976802892,0.000570668303494576
이용,0.0043552717754684,교육위원회,이용,이용,국민의힘,초선,비례대표,남,Representative,0.0598766122576743,0.00026077891937651413
김정재,0.0017103188930698,교육위원회,김정재,김정재,국민의힘,재선,지역구,여,Representative,0.2574250589731167,0.0004402789419113289
김학용,0.0,교육위원회,김학용,김학용,국민의힘,4선,지역구,남,Representative,0.2414249164893882,0.0
박덕흠,0.0023309765058639,교육위원회,박덕흠,박덕흠,국민의힘,3선,지역구,남,Representative,0.2317213323874486,0.0005401369817026223
이용호,0.0075294524864212,교육위원회,이용호,이용호,국민의힘,재선,지역구,남,Representative,1.225607615821687,0.009228154310325361
김웅,0.0,교육위원회,김웅,김웅,국민의힘,초선,지역구,남,Representative,0.3699621682437175,0.0
김영선,0.0022073469300561,교육위원회,김영선,김영선,국민의힘,5선,,여,Representative,0.2168412076010161,0.00047864377390776036
류성걸,0.0013827969819311,교육위원회,류성걸,류성걸,국민의힘,재선,지역구,남,Representative,0.0750174025505985,0.000103733837839278
이달곤,0.0014327205550131,교육위원회,이달곤,이달곤,국민의힘,재선,지역구,남,Representative,0.1697317502202084,0.00024317816737884183
변재일,0.0,교육위원회,변재일,변재일,더불어민주당,5선,지역구,남,Representative,0.3557301750687391,0.0
신영대,0.0013195962063996,교육위원회,신영대,신영대,더불어민주당,초선,지역구,남,Representative,0.2397699657028943,0.0003163995371501015
안규백,0.0,교육위원회,안규백,안규백,더불어민주당,4선,지역구,남,Representative,0.3809557196948137,0.0
조승래,0.0122629512529642,교육위원회,조승래,조승래,더불어민주당,재선,지역구,남,Representative,0.2359910708975734,0.002893946998551761
한병도,0.0,교육위원회,한병도,한병도,더불어민주당,재선,지역구,남,Representative,0.4404702338128733,0.0
허종식,0.0057814654769181,교육위원회,허종식,허종식,더불어민주당,초선,지역구,남,Representative,0.5071840623526072,0.0029322671469346755
강대식,0.0017373541678742,교육위원회,강대식,강대식,국민의힘,초선,지역구,남,Representative,0.1076879275224922,0.0001870920697109366
윤상현,0.0037279648647778,교육위원회,윤상현,윤상현,국민의힘,4선,지역구,남,Representative,0.6145800382735443,0.002291132789277569
임병헌,0.0,교육위원회,임병헌,임병헌,국민의힘,초선,지역구,남,Representative,0.2574402072023462,0.0
홍석준,0.00112232690539,교육위원회,홍석준,홍석준,국민의힘,초선,지역구,남,Representative,0.1047310895160982,0.00011754251959472557
조정훈,0.0,교육위원회,조정훈,조정훈,시대전환,초선,비례대표,남,Representative,1.7768837528753738,0.0
이성만,0.0015982917198974,교육위원회,이성만,이성만,더불어민주당,초선,지역구,남,Representative,0.2194435071327558,0.00035073474043552963
한정애,0.0,교육위원회,한정애,한정애,더불어민주당,3선,지역구,여,Representative,0.200025913945713,0.0
한무경,0.0007264355315029,교육위원회,한무경,한무경,국민의힘,초선,비례대표,여,Representative,0.1040419536269268,7.557977188157663e-05
김민석,0.0048125283383076,교육위원회,김민석,김민석,더불어민주당,3선,지역구,남,Representative,0.5124972621164758,0.002466407597240598
박상혁,0.0130397927322013,교육위원회,박상혁,박상혁,더불어민주당,초선,지역구,남,Representative,0.1910820455968065,0.0024916702694273945
어기구,0.0011827594142552,교육위원회,어기구,어기구,더불어민주당,재선,지역구,남,Representative,0.1048322749382438,0.00012399136010099733
이소영,0.0015496399096589,교육위원회,이소영,이소영,더불어민주당,초선,지역구,여,Representative,0.3137302400903705,0.00048616890091090673
전해철,0.0,교육위원회,전해철,전해철,더불어민주당,3선,지역구,남,Representative,0.111134388568907,0.0
최인호,0.0011637416448456,교육위원회,최인호,최인호,더불어민주당,재선,지역구,남,Representative,0.1711937203769239,0.00019922526173867913
박성준,0.0,교육위원회,박성준,박성준,더불어민주당,초선,지역구,남,Representative,0.2002255367463627,0.0
박홍근,0.0011654982011763,교육위원회,박홍근,박홍근,더불어민주당,3선,지역구,남,Representative,0.2914629024230286,0.0003396994884836633
서영교,0.0050924308370502,교육위원회,서영교,서영교,더불어민주당,3선,지역구,여,Representative,0.4396629254011983,0.002238953039220764
윤영석,0.001723297285701,교육위원회,윤영석,윤영석,국민의힘,3선,지역구,남,Representative,0.194206349704839,0.0003346752753122482
조해진,0.0213661378925488,교육위원회,조해진,조해진,국민의힘,3선,지역구,남,Representative,0.3349213368474088,0.007155975466238522
한기호,0.0,교육위원회,한기호,한기호,국민의힘,3선,지역구,남,Representative,0.3139152323587058,0.0
강준현,0.0024214197673902,교육위원회,강준현,강준현,더불어민주당,초선,지역구,남,Representative,0.2442135956139989,0.0005913436278851737
김정호,0.0039044987902731,교육위원회,김정호,김정호,더불어민주당,재선,지역구,남,Representative,0.2475581055450652,0.0009665903236230074
정일영,0.0047951305973037,교육위원회,정일영,정일영,더불어민주당,초선,지역구,남,Representative,0.1776389564691861,0.0008518019954384943
고영인,0.0,교육위원회,고영인,고영인,더불어민주당,초선,지역구,남,Representative,0.3272823183515555,0.0
김경협,0.0007107803434755,교육위원회,김경협,김경협,더불어민주당,3선,지역구,남,Representative,0.3651315668203744,0.0002595283404783332
김원이,0.0084751819954634,교육위원회,김원이,김원이,더불어민주당,초선,지역구,남,Representative,0.2360613447578642,0.002000662858916729
이정문,0.0004746639257983,교육위원회,이정문,이정문,더불어민주당,초선,지역구,남,Representative,0.0848113999966772,4.025691207487272e-05
이재정,0.0003408266672037,교육위원회,이재정,이재정,더불어민주당,재선,지역구,여,Representative,0.2573809498745986,8.772229134748201e-05
김태년,0.0,교육위원회,김태년,김태년,더불어민주당,4선,지역구,남,Representative,0.0302627005970719,0.0
유동수,0.0,교육위원회,유동수,유동수,더불어민주당,재선,지역구,남,Representative,0.4365284860540641,0.0
김성환,0.0,교육위원회,김성환,김성환,더불어민주당,재선,지역구,남,Representative,0.2337158540241251,0.0
장철민,0.0,교육위원회,장철민,장철민,더불어민주당,초선,지역구,남,Representative,0.1714224222163959,0.0
남인순,0.0018537116416859,교육위원회,남인순,남인순,더불어민주당,3선,지역구,여,Representative,0.5088905772697233,0.0009433363874291441
윤준병,0.0021813021438337,교육위원회,윤준병,윤준병,더불어민주당,초선,지역구,남,Representative,0.4344183278979442,0.0009475976299644371
류호정,0.007196309563911,교육위원회,류호정,류호정,정의당,초선,비례대표,여,Representative,1.9138526831392957,0.013772676367592043
배진교,0.0,교육위원회,배진교,배진교,정의당,초선,비례대표,남,Representative,1.622416384309617,0.0
장혜영,0.0,교육위원회,장혜영,장혜영,정의당,초선,비례대표,여,Representative,1.7094637667725767,0.0
송석준,0.0021865764998391,교육위원회,송석준,송석준,국민의힘,재선,지역구,남,Representative,0.2718885877183796,0.0005945051964794506
임이자,0.0016645024684891,교육위원회,임이자,임이자,국민의힘,재선,지역구,여,Representative,0.0338839582899253,5.639993221576236e-05
박정하,0.0,교육위원회,박정하,박정하,국민의힘,초선,지역구,남,Representative,0.2937123128515209,0.0
김두관,0.0006682974274739,교육위원회,김두관,김두관,더불어민주당,재선,지역구,남,Representative,0.7087657792985883,0.00047366634698678054
민홍철,0.0004160370037844,교육위원회,민홍철,민홍철,더불어민주당,3선,지역구,남,Representative,0.2010526097454781,8.364532536154297e-05
김민철,0.0036657533323476,교육위원회,김민철,김민철,더불어민주당,초선,지역구,남,Representative,0.2612442298812484,0.0009576569062437687
조정식,0.0,교육위원회,조정식,조정식,더불어민주당,5선,지역구,남,Representative,0.0982721838798874,0.0
윤두현,0.0036445304406011,교육위원회,윤두현,윤두현,국민의힘,초선,지역구,남,Representative,0.2056082379737857,0.0007493454821338169
주호영,5.286018617716788e-05,교육위원회,주호영,주호영,국민의힘,5선,지역구,남,Representative,0.2385724628270604,1.2610984801783876e-05
강훈식,0.0029463309421241,교육위원회,강훈식,강훈식,더불어민주당,재선,지역구,남,Representative,0.2333552597959055,0.0006875418224440844
신정훈,0.0,교육위원회,신정훈,신정훈,더불어민주당,재선,지역구,남,Representative,0.1277927153232575,0.0
김종민,0.0,교육위원회,김종민,김종민,더불어민주당,재선,지역구,남,Representative,0.6226025996525496,0.0
양기대,0.0,교육위원회,양기대,양기대,더불어민주당,초선,지역구,남,Representative,0.2301185334449006,0.0
강병원,0.0,교육위원회,강병원,강병원,더불어민주당,재선,지역구,남,Representative,0.2679228198118838,0.0
홍익표,0.0005061002201306,교육위원회,홍익표,홍익표,더불어민주당,3선,지역구,남,Representative,0.165353191622152,8.368528667926843e-05
안철수,0.0,교육위원회,안철수,안철수,국민의힘,3선,지역구,남,Representative,0.4836184997568817,0.0
노용호,0.0001665605101219,교육위원회,노용호,노용호,국민의힘,초선,비례대표,남,Representative,0.1923972318813689,3.2045781088202285e-05
박범계,5.889336752477284e-05,교육위원회,박범계,박범계,더불어민주당,3선,지역구,남,Representative,0.3504014522294029,2.063632150736036e-05
문진석,0.0,교육위원회,문진석,문진석,더불어민주당,초선,지역구,남,Representative,0.2131284851715763,0.0
윤관석,0.0,교육위원회,윤관석,윤관석,더불어민주당,3선,지역구,남,Representative,0.0726470802193504,0.0
이개호,0.0,교육위원회,이개호,이개호,더불어민주당,3선,지역구,남,Representative,0.1131561090092011,0.0
박수영,0.0,교육위원회,박수영,박수영,국민의힘,초선,지역구,남,Representative,0.3130251150523512,0.0
신원식,0.0009733297431078,교육위원회,신원식,신원식,국민의힘,초선,비례대표,남,Representative,0.188354618593185,0.00018333115252847242
양금희,0.0039421539894689,교육위원회,양금희,양금희,국민의힘,초선,지역구,여,Representative,0.1636013212186727,0.0006449416011245737
김영식,0.0076644929328386,교육위원회,김영식,김영식,국민의힘,초선,지역구,남,Representative,0.2624749295735833,0.0020117372427640385
송기헌,0.0,교육위원회,송기헌,송기헌,더불어민주당,재선,지역구,남,Representative,0.3097590421845094,0.0
홍영표,0.0,교육위원회,홍영표,홍영표,더불어민주당,4선,지역구,남,Representative,0.2094480075912773,0.0
정희용,0.0008571544914888,교육위원회,정희용,정희용,국민의힘,초선,지역구,남,Representative,0.1013462246233544,8.686937163134104e-05
최강욱,0.0,교육위원회,최강욱,최강욱,열린민주당,초선,비례대표,남,Representative,0.7842536920804917,0.0
윤호중,0.0,교육위원회,윤호중,윤호중,더불어민주당,4선,지역구,남,Representative,0.1128950186454341,0.0
윤재갑,0.0111200661490504,교육위원회,윤재갑,윤재갑,더불어민주당,초선,지역구,남,Representative,0.6854440000858673,0.007622182622424552
정점식,0.0007115281379888,교육위원회,정점식,정점식,국민의힘,재선,지역구,남,Representative,0.1256501314629642,8.940360407789084e-05
이용우,0.0002233683228102,교육위원회,이용우,이용우,더불어민주당,초선,지역구,남,Representative,0.231626157115504,5.1737946233862e-05
진성준,0.0004102533693209,교육위원회,진성준,진성준,더불어민주당,재선,지역구,남,Representative,0.137191834935949,5.628341252578984e-05
정필모,0.0,교육위원회,정필모,정필모,더불어민주당,초선,비례대표,남,Representative,0.1873329443348586,0.0
맹성규,0.0,교육위원회,맹성규,맹성규,더불어민주당,재선,지역구,남,Representative,0.3423921953477248,0.0
윤건영,0.0,교육위원회,윤건영,윤건영,더불어민주당,초선,지역구,남,Representative,0.2535746445358753,0.0
서삼석,0.0030535239283104,교육위원회,서삼석,서삼석,더불어민주당,재선,지역구,남,Representative,0.2012082502190047,0.0006143942066171972
용혜인,0.0,교육위원회,용혜인,용혜인,기본소득당,초선,비례대표,여,Representative,1.5260787063967094,0.0
송재호,0.006065453058693,교육위원회,송재호,송재호,더불어민주당,초선,지역구,남,Representative,0.3758954363478019,0.0022799761241445154
김희국,0.0,교육위원회,김희국,김희국,국민의힘,재선,지역구,남,Representative,0.0800803641309325,0.0
위성곤,0.0049530195006815,교육위원회,위성곤,위성곤,더불어민주당,재선,지역구,남,Representative,0.4979833092497824,0.002466521041728078
조응천,0.0024130081735041,교육위원회,조응천,조응천,더불어민주당,재선,지역구,남,Representative,0.254488173419614,0.0006140820425216574
우상호,5.510335256010424e-06,교육위원회,우상호,우상호,더불어민주당,4선,지역구,남,Representative,0.354889315495192,1.9555591071545627e-06
강성희,0.0,교육위원회,강성희,강성희,진보당,초선,지역구,남,Representative,1.777874656814911,0.0
고민정,0.0,교육위원회,고민정,고민정,더불어민주당,초선,지역구,여,Representative,0.3526006355299543,0.0
노웅래,0.001078366645154,교육위원회,노웅래,노웅래,더불어민주당,4선,지역구,남,Representative,0.2613156957741633,0.0002817941301780678
박완주,0.0093803451072093,교육위원회,박완주,박완주,더불어민주당,3선,지역구,남,Representative,0.3781620068650885,0.0035472901308293827
이장섭,0.0,교육위원회,이장섭,이장섭,더불어민주당,초선,지역구,남,Representative,0.2854497963072183,0.0
박재호,0.0004238876668646,교육위원회,박재호,박재호,더불어민주당,재선,지역구,남,Representative,0.2619622171748344,0.00011104255304491821
김상훈,0.0,교육위원회,김상훈,김상훈,국민의힘,3선,지역구,남,Representative,0.1882659368916839,0.0
김선교,0.0014916323832221,교육위원회,김선교,김선교,국민의힘,초선,지역구,남,Representative,0.1700647696450778,0.00025367411764780487
신동근,0.0011328208043886,교육위원회,신동근,신동근,더불어민주당,재선,지역구,남,Representative,0.1433568328564554,0.0001623976027110519
이인영,0.0,교육위원회,이인영,이인영,더불어민주당,4선,지역구,남,Representative,0.2800294833760527,0.0
이양수,0.0,교육위원회,이양수,이양수,국민의힘,재선,지역구,남,Representative,0.4099103257016184,0.0
서범수,0.0,교육위원회,서범수,서범수,국민의힘,초선,지역구,남,Representative,0.2022344335941221,0.0
김회재,0.0024244942828585,교육위원회,김회재,김회재,더불어민주당,초선,지역구,남,Representative,0.2705052594012662,0.0006558384549015255
이만희,0.0,교육위원회,이만희,이만희,국민의힘,재선,지역구,남,Representative,0.1771920077790279,0.0
송언석,0.0022080514558353,교육위원회,송언석,송언석,국민의힘,재선,지역구,남,Representative,0.1978088158038737,0.0004367720437128
김병주,0.0003465143455407,교육위원회,김병주,김병주,더불어민주당,초선,비례대표,남,Representative,0.2434625119610639,8.43632529958829e-05
김기현,0.0,교육위원회,김기현,김기현,국민의힘,4선,지역구,남,Representative,0.3033064478180708,0.0
허은아,0.0,교육위원회,허은아,허은아,국민의힘,초선,비례대표,여,Representative,0.290583414125627,0.0
정찬민,0.0186239447127618,교육위원회,정찬민,정찬민,국민의힘,초선,지역구,남,Representative,0.4442721508323407,0.008274099974521285
이철규,0.0077065696743166,교육위원회,이철규,이철규,국민의힘,재선,지역구,남,Representative,0.1840560451181021,0.0014184407356818136
이재명,0.0,교육위원회,이재명,이재명,더불어민주당,초선,지역구,남,Representative,0.2018808153311869,0.0
이상민,0.0,교육위원회,이상민,이상민,더불어민주당,5선,지역구,남,Representative,0.6797803799490477,0.0
윤재옥,0.0,교육위원회,윤재옥,윤재옥,국민의힘,3선,지역구,남,Representative,0.5807333195948687,0.0
정진석,0.0017468887627988,교육위원회,정진석,정진석,국민의힘,5선,지역구,남,Representative,0.0704006718058257,0.0001229821424710832
박대출,0.0004967903559707,교육위원회,박대출,박대출,국민의힘,3선,지역구,남,Representative,0.1127161477762168,5.5996295177392766e-05
천준호,0.0,교육위원회,천준호,천준호,더불어민주당,초선,지역구,남,Representative,0.3993355059681581,0.0
박완수,0.0007000916589818,교육위원회,박완수,박완수,국민의힘,재선,지역구,남,Representative,0.1899346266606008,0.00013297164787690884
이영,0.0,교육위원회,이영,이영,국민의힘,초선,비례대표,여,Representative,0.2206417648191584,0.0
김태흠,0.0003242612706509,교육위원회,김태흠,김태흠,국민의힘,3선,지역구,남,Representative,0.0980118810479008,3.178145708747718e-05
오영훈,0.0007092799548371,교육위원회,오영훈,오영훈,더불어민주당,재선,지역구,남,Representative,0.671756127451087,0.0004764631557400522
이광재,0.0035754640681727,교육위원회,이광재,이광재,더불어민주당,3선,지역구,남,Representative,0.2037976967403526,0.0007286713418714874
곽상도,0.0014925575547078,교육위원회,곽상도,곽상도,국민의힘,재선,지역구,남,Representative,0.0416731213070125,6.21995320350361e-05
이규민,0.0,교육위원회,이규민,이규민,더불어민주당,초선,지역구,남,Representative,0.3923416013378649,0.0
정정순,0.0,교육위원회,정정순,정정순,더불어민주당,초선,지역구,남,Representative,0.1787183559051326,0.0
홍준표,0.0005274119610089,교육위원회,홍준표,홍준표,국민의힘,5선,지역구,남,Representative,0.1745452207856409,9.205723717928628e-05
송영길,0.0,교육위원회,송영길,송영길,더불어민주당,5선,지역구,남,Representative,0.1847095725159723,0.0
장제원,0.0,교육위원회,장제원,장제원,국민의힘,3선,지역구,남,Representative,0.0909064879091423,0.0
이상직,0.0,교육위원회,이상직,이상직,더불어민주당,재선,지역구,남,Representative,0.1875925759171187,0.0
김진애,0.0,교육위원회,김진애,김진애,열린민주당,재선,비례대표,여,Representative,1.0590950156918448,0.0
김은혜,0.0,교육위원회,김은혜,김은혜,국민의힘,초선,지역구,여,Representative,0.162439713102269,0.0
조태용,0.0,교육위원회,조태용,조태용,국민의힘,초선,비례대표,남,Representative,0.1545407967786547,0.0
오기형,0.0,교육위원회,오기형,오기형,더불어민주당,초선,지역구,남,Representative,0.3978628324702754,0.0
윤희숙,0.0,교육위원회,윤희숙,윤희숙,국민의힘,초선,지역구,여,Representative,0.28306548324025,0.0
이낙연,0.0,교육위원회,이낙연,이낙연,더불어민주당,5선,지역구,남,Representative,0.1016403584957575,0.0
윤미향,0.0146696077163915,농림축산식품해양수산위원회,윤미향,윤미향,더불어민주당,초선,비례대표,여,Representative,1.0539381495296805,0.015460859210939978
양경규,0.0,농림축산식품해양수산위원회,양경규,양경규,정의당,초선,비례대표,남,Representative,1.4186110796220983,0.0
윤재갑,0.0422254682102663,농림축산식품해양수산위원회,윤재갑,윤재갑,더불어민주당,초선,지역구,남,Representative,0.6854440000858673,0.028943193835543557
양정숙,0.0051859620572961,농림축산식품해양수산위원회,양정숙,양정숙,국민의힘,초선,비례대표,여,Representative,0.754948281969812,0.003915133145516322
김병기,0.0016115376906572,농림축산식품해양수산위원회,김병기,김병기,더불어민주당,재선,지역구,남,Representative,0.1108729186430819,0.0001786758872664958
위성곤,0.0382409100842851,농림축산식품해양수산위원회,위성곤,위성곤,더불어민주당,재선,지역구,남,Representative,0.4979833092497824,0.01904333495249567
주철현,0.0157065262072329,농림축산식품해양수산위원회,주철현,주철현,더불어민주당,초선,지역구,남,Representative,0.1808273551250511,0.0028401695922562254
송옥주,0.0035757574412895,농림축산식품해양수산위원회,송옥주,송옥주,더불어민주당,재선,지역구,여,Representative,0.2621477343853833,0.0009373767119457176
윤영찬,0.0009386780965975,농림축산식품해양수산위원회,윤영찬,윤영찬,더불어민주당,초선,지역구,남,Representative,0.1950263668759664,0.00018306697884545785
신정훈,0.0148308582381933,농림축산식품해양수산위원회,신정훈,신정훈,더불어민주당,재선,지역구,남,Representative,0.1277927153232575,0.0018952756448330247
이원택,0.0156477497101001,농림축산식품해양수산위원회,이원택,이원택,더불어민주당,초선,지역구,남,Representative,0.2716912161873271,0.004251356149331992
김승남,0.0374941081447768,농림축산식품해양수산위원회,김승남,김승남,더불어민주당,재선,지역구,남,Representative,0.2124111150114147,0.007964165317390606
윤영덕,0.003916744010111,농림축산식품해양수산위원회,윤영덕,윤영덕,더불어민주당,초선,지역구,남,Representative,0.5936797322448536,0.002325291535194333
강민정,0.0,농림축산식품해양수산위원회,강민정,강민정,열린민주당,초선,비례대표,여,Representative,1.3217456216851513,0.0
정성호,0.0,농림축산식품해양수산위원회,정성호,정성호,더불어민주당,4선,지역구,남,Representative,0.4625431982315658,0.0
강성희,5.753815518643369e-06,농림축산식품해양수산위원회,강성희,강성희,진보당,초선,지역구,남,Representative,1.777874656814911,1.022956279058439e-05
김용민,0.0011786565860126,농림축산식품해양수산위원회,김용민,김용민,더불어민주당,초선,지역구,남,Representative,0.5183906276468344,0.0006110045274031467
이성만,0.0043579314987889,농림축산식품해양수산위원회,이성만,이성만,더불어민주당,초선,지역구,남,Representative,0.2194435071327558,0.000956319771938543
허숙정,0.0,농림축산식품해양수산위원회,허숙정,허숙정,더불어민주당,초선,비례대표,여,Representative,1.1015877581031428,0.0
김남국,0.0014071107080793,농림축산식품해양수산위원회,김남국,김남국,더불어민주당,초선,지역구,남,Representative,0.4903679722415279,0.0006900020246401869
최혜영,0.0058317072517149,농림축산식품해양수산위원회,최혜영,최혜영,더불어민주당,초선,비례대표,여,Representative,0.4555600514410841,0.002656692855580583
김민석,0.0034790315554413,농림축산식품해양수산위원회,김민석,김민석,더불어민주당,3선,지역구,남,Representative,0.5124972621164758,0.0017829941469804907
정춘숙,0.0007261719408464,농림축산식품해양수산위원회,정춘숙,정춘숙,더불어민주당,재선,지역구,여,Representative,0.1638501850633351,0.00011898340689548387
유정주,0.0009627861940248,농림축산식품해양수산위원회,유정주,유정주,더불어민주당,초선,비례대표,여,Representative,0.3402755762534749,0.0003276126269806787
임호선,0.0060827185917153,농림축산식품해양수산위원회,임호선,임호선,더불어민주당,초선,지역구,남,Representative,0.1630095698549976,0.0009915413411845078
오영환,0.0,농림축산식품해양수산위원회,오영환,오영환,더불어민주당,초선,지역구,남,Representative,0.2639159163033288,0.0
장경태,0.0011835725106625,농림축산식품해양수산위원회,장경태,장경태,더불어민주당,초선,지역구,남,Representative,0.403738270388732,0.00047785351833452686
전용기,0.0037322869331218,농림축산식품해양수산위원회,전용기,전용기,더불어민주당,초선,비례대표,남,Representative,0.1508910607377874,0.0005631687343165318
송기헌,0.0002160494806552,농림축산식품해양수산위원회,송기헌,송기헌,더불어민주당,재선,지역구,남,Representative,0.3097590421845094,6.692328019221544e-05
김철민,0.0034119800743787,농림축산식품해양수산위원회,김철민,김철민,더불어민주당,재선,지역구,남,Representative,0.1469147406376817,0.0005012701676882846
허영,0.0114875049189196,농림축산식품해양수산위원회,허영,허영,더불어민주당,초선,지역구,남,Representative,0.2272084723983615,0.002610058444296386
강준현,0.0,농림축산식품해양수산위원회,강준현,강준현,더불어민주당,초선,지역구,남,Representative,0.2442135956139989,0.0
조승래,0.0,농림축산식품해양수산위원회,조승래,조승래,더불어민주당,재선,지역구,남,Representative,0.2359910708975734,0.0
박광온,0.001076218205067,농림축산식품해양수산위원회,박광온,박광온,더불어민주당,3선,지역구,남,Representative,0.0636172526258988,6.84660454323387e-05
김영배,0.0,농림축산식품해양수산위원회,김영배,김영배,더불어민주당,초선,지역구,남,Representative,0.3173975912495803,0.0
백혜련,0.0008924280570455,농림축산식품해양수산위원회,백혜련,백혜련,더불어민주당,재선,지역구,여,Representative,0.262002066035241,0.0002338179947337369
강훈식,0.0005031771792365,농림축산식품해양수산위원회,강훈식,강훈식,더불어민주당,재선,지역구,남,Representative,0.2333552597959055,0.00011741904138410436
민병덕,0.0,농림축산식품해양수산위원회,민병덕,민병덕,더불어민주당,초선,지역구,남,Representative,0.534492412029025,0.0
김형동,0.006912207860007,농림축산식품해양수산위원회,김형동,김형동,국민의힘,초선,지역구,남,Representative,0.2200235295412783,0.0015208483702817061
김희곤,0.0009665404280318,농림축산식품해양수산위원회,김희곤,김희곤,국민의힘,초선,지역구,남,Representative,0.172954273871935,0.0001671672978981092
이양수,0.0134521714848793,농림축산식품해양수산위원회,이양수,이양수,국민의힘,재선,지역구,남,Representative,0.4099103257016184,0.0055141839947608975
유경준,0.0,농림축산식품해양수산위원회,유경준,유경준,국민의힘,초선,지역구,남,Representative,0.1969803900983735,0.0
이용,0.0,농림축산식품해양수산위원회,이용,이용,국민의힘,초선,비례대표,남,Representative,0.0598766122576743,0.0
임이자,0.0010837927479436,농림축산식품해양수산위원회,임이자,임이자,국민의힘,재선,지역구,여,Representative,0.0338839582899253,3.672318826624446e-05
김석기,0.0007495260741533,농림축산식품해양수산위원회,김석기,김석기,국민의힘,재선,지역구,남,Representative,0.2160995399392338,0.00016197223979698817
김웅,0.0004680974825069,농림축산식품해양수산위원회,김웅,김웅,국민의힘,초선,지역구,남,Representative,0.3699621682437175,0.00017317835957767836
태영호,0.0066789627764154,농림축산식품해양수산위원회,태영호,태영호,국민의힘,초선,지역구,남,Representative,0.1778687283130429,0.0011879786154911575
김도읍,0.0025406547356461,농림축산식품해양수산위원회,김도읍,김도읍,국민의힘,3선,지역구,남,Representative,0.0057675742475114,1.465341482513033e-05
조수진,0.0011891508746571,농림축산식품해양수산위원회,조수진,조수진,국민의힘,초선,비례대표,여,Representative,0.1152574433846105,0.00013705848961155075
권성동,0.0049876321385994,농림축산식품해양수산위원회,권성동,권성동,국민의힘,4선,지역구,남,Representative,0.1650123478378992,0.0008230208893420493
권영세,0.0,농림축산식품해양수산위원회,권영세,권영세,국민의힘,4선,지역구,남,Representative,0.3767193328116696,0.0
전주혜,0.0,농림축산식품해양수산위원회,전주혜,전주혜,국민의힘,초선,비례대표,여,Representative,0.2622996745628045,0.0
황보승희,0.0016234929607497,농림축산식품해양수산위원회,황보승희,황보승희,국민의힘,초선,지역구,여,Representative,0.2043416232088162,0.00033174718686768064
윤한홍,0.0,농림축산식품해양수산위원회,윤한홍,윤한홍,국민의힘,재선,지역구,남,Representative,0.0633220910364272,0.0
장동혁,0.0006729276628502,농림축산식품해양수산위원회,장동혁,장동혁,국민의힘,초선,지역구,남,Representative,0.2751477089855504,0.0001851545047462334
권명호,0.0059381386338101,농림축산식품해양수산위원회,권명호,권명호,국민의힘,초선,지역구,남,Representative,0.101862293500913,0.0006048724203662749
홍문표,0.0413508428702098,농림축산식품해양수산위원회,홍문표,홍문표,국민의힘,4선,지역구,남,Representative,0.5476629473060372,0.02264632447988793
박덕흠,0.019958473668281,농림축산식품해양수산위원회,박덕흠,박덕흠,국민의힘,3선,지역구,남,Representative,0.2317213323874486,0.004624804110833883
이종배,0.0024655453508663,농림축산식품해양수산위원회,이종배,이종배,국민의힘,3선,지역구,남,Representative,0.121959560331773,0.000300696826969701
서병수,0.0024982384244572,농림축산식품해양수산위원회,서병수,서병수,국민의힘,5선,지역구,남,Representative,0.3254004320021045,0.0008129278625626298
이헌승,0.0260081116158586,농림축산식품해양수산위원회,이헌승,이헌승,국민의힘,3선,지역구,남,Representative,0.1758853015028908,0.004574444553076127
김태호,0.0033853607009159,농림축산식품해양수산위원회,김태호,김태호,국민의힘,3선,지역구,남,Representative,0.2550454797747435,0.0008634209441756577
지성호,0.0,농림축산식품해양수산위원회,지성호,지성호,국민의힘,초선,비례대표,남,Representative,0.152368783397105,0.0
엄태영,0.0027575279703764,농림축산식품해양수산위원회,엄태영,엄태영,국민의힘,초선,지역구,남,Representative,0.2112428656135919,0.0005825081104719427
이명수,0.0022877017465151,농림축산식품해양수산위원회,이명수,이명수,국민의힘,4선,지역구,남,Representative,0.4078212172780129,0.0009329733110328241
성일종,0.0054211017258575,농림축산식품해양수산위원회,성일종,성일종,국민의힘,재선,지역구,남,Representative,0.2955294681309887,0.0016020953097266519
하태경,0.0006914692793266,농림축산식품해양수산위원회,하태경,하태경,국민의힘,3선,지역구,남,Representative,0.5914732693738115,0.0004089855953148574
한무경,0.0,농림축산식품해양수산위원회,한무경,한무경,국민의힘,초선,비례대표,여,Representative,0.1040419536269268,0.0
노용호,0.0,농림축산식품해양수산위원회,노용호,노용호,국민의힘,초선,비례대표,남,Representative,0.1923972318813689,0.0
이달곤,0.0536192630039744,농림축산식품해양수산위원회,이달곤,이달곤,국민의힘,재선,지역구,남,Representative,0.1697317502202084,0.009100891355182243
강기윤,0.0007029486611165,농림축산식품해양수산위원회,강기윤,강기윤,국민의힘,재선,지역구,남,Representative,0.1051953896862757,7.394695833559598e-05
최형두,0.0034769469599095,농림축산식품해양수산위원회,최형두,최형두,국민의힘,초선,지역구,남,Representative,0.2907134521220806,0.001010795253560664
김영선,0.0004494415151638,농림축산식품해양수산위원회,김영선,김영선,국민의힘,5선,,여,Representative,0.2168412076010161,9.745744089414878e-05
최춘식,0.0078130999152983,농림축산식품해양수산위원회,최춘식,최춘식,국민의힘,초선,지역구,남,Representative,0.185261782253888,0.0014474688152358644
박성민,0.003427089591519,농림축산식품해양수산위원회,박성민,박성민,국민의힘,초선,지역구,남,Representative,0.1920963982054519,0.0006583315668581934
백종헌,0.0010329635022297,농림축산식품해양수산위원회,백종헌,백종헌,국민의힘,초선,지역구,남,Representative,0.1748090064444665,0.00018057132351817032
정희용,0.0185535939791339,농림축산식품해양수산위원회,정희용,정희용,국민의힘,초선,지역구,남,Representative,0.1013462246233544,0.0018803367029798198
박홍근,0.033448632866789,농림축산식품해양수산위원회,박홍근,박홍근,더불어민주당,3선,지역구,남,Representative,0.2914629024230286,0.00974903561743663
김상희,0.0,농림축산식품해양수산위원회,김상희,김상희,더불어민주당,4선,지역구,여,Representative,0.5592599599039866,0.0
우원식,0.0,농림축산식품해양수산위원회,우원식,우원식,더불어민주당,4선,지역구,남,Representative,0.3474908272016026,0.0
진성준,0.0,농림축산식품해양수산위원회,진성준,진성준,더불어민주당,재선,지역구,남,Representative,0.137191834935949,0.0
한정애,0.0050910348729953,농림축산식품해양수산위원회,한정애,한정애,더불어민주당,3선,지역구,여,Representative,0.200025913945713,0.0010183389034003818
조오섭,0.0020822780383139,농림축산식품해양수산위원회,조오섭,조오섭,더불어민주당,초선,지역구,남,Representative,0.3537241914215748,0.0007365521154174872
이주환,0.007288629680785,농림축산식품해양수산위원회,이주환,이주환,국민의힘,초선,지역구,남,Representative,0.0486042879937447,0.00035425865608462964
하영제,0.0183039820314586,농림축산식품해양수산위원회,하영제,하영제,국민의힘,초선,지역구,남,Representative,0.1478614433724366,0.0027064532026346124
정경희,0.0,농림축산식품해양수산위원회,정경희,정경희,국민의힘,초선,비례대표,여,Representative,0.3356632617736524,0.0
서영석,0.0013478483154564,농림축산식품해양수산위원회,서영석,서영석,더불어민주당,초선,지역구,남,Representative,0.1839691144889395,0.00024796246105992267
이동주,0.0022778363914824,농림축산식품해양수산위원회,이동주,이동주,더불어민주당,초선,비례대표,남,Representative,0.2481459493801818,0.0005652358738971276
심상정,0.0068424656004906,농림축산식품해양수산위원회,심상정,심상정,정의당,4선,지역구,여,Representative,1.7478349658369334,0.01195950062907388
서삼석,0.0245033319297625,농림축산식품해양수산위원회,서삼석,서삼석,더불어민주당,재선,지역구,남,Representative,0.2012082502190047,0.0049302725421229805
홍정민,0.0010591343615949,농림축산식품해양수산위원회,홍정민,홍정민,더불어민주당,초선,지역구,여,Representative,0.1978012226072815,0.0002094980716288538
홍성국,0.0014982753248508,농림축산식품해양수산위원회,홍성국,홍성국,더불어민주당,초선,지역구,남,Representative,0.0821632285254589,0.00012310313790977245
안호영,0.0041837358203178,농림축산식품해양수산위원회,안호영,안호영,더불어민주당,재선,지역구,남,Representative,0.5118923685595783,0.0021416224384900287
한병도,0.0013534813668353,농림축산식품해양수산위원회,한병도,한병도,더불어민주당,재선,지역구,남,Representative,0.4404702338128733,0.0005961682541113119
소병훈,0.0068230056949475,농림축산식품해양수산위원회,소병훈,소병훈,더불어민주당,재선,지역구,남,Representative,0.4495375269510719,0.003067197106479779
김정호,0.0108907098968858,농림축산식품해양수산위원회,김정호,김정호,더불어민주당,재선,지역구,남,Representative,0.2475581055450652,0.002696083510113941
이개호,0.0140307916536124,농림축산식품해양수산위원회,이개호,이개호,더불어민주당,3선,지역구,남,Representative,0.1131561090092011,0.0015876697898415536
이용선,0.0,농림축산식품해양수산위원회,이용선,이용선,더불어민주당,초선,지역구,남,Representative,0.5128505108380027,0.0
윤주경,0.0014744256815859,농림축산식품해양수산위원회,윤주경,윤주경,국민의힘,초선,비례대표,여,Representative,0.4248222909210703,0.0006263688958441827
강대식,0.0010069009301979,농림축산식품해양수산위원회,강대식,강대식,국민의힘,초선,지역구,남,Representative,0.1076879275224922,0.00010843107439348144
김용판,0.0,농림축산식품해양수산위원회,김용판,김용판,국민의힘,초선,지역구,남,Representative,0.0784323016946945,0.0
박대수,0.0035615957968551,농림축산식품해양수산위원회,박대수,박대수,국민의힘,초선,비례대표,남,Representative,0.2414175298978371,0.000859831659771277
송석준,0.0,농림축산식품해양수산위원회,송석준,송석준,국민의힘,재선,지역구,남,Representative,0.2718885877183796,0.0
윤창현,0.0,농림축산식품해양수산위원회,윤창현,윤창현,국민의힘,초선,비례대표,남,Representative,0.1659560286241812,0.0
이용호,0.0076162143291616,농림축산식품해양수산위원회,이용호,이용호,국민의힘,재선,지역구,남,Representative,1.225607615821687,0.00933449028555072
이인선,0.0007233143241815,농림축산식품해양수산위원회,이인선,이인선,국민의힘,초선,지역구,여,Representative,0.3231681290160744,0.00023375213683626164
박찬대,0.0016327820077581,농림축산식품해양수산위원회,박찬대,박찬대,더불어민주당,재선,지역구,남,Representative,0.2786489795755955,0.0004549730403311866
문진석,0.0,농림축산식품해양수산위원회,문진석,문진석,더불어민주당,초선,지역구,남,Representative,0.2131284851715763,0.0
이정문,0.0,농림축산식품해양수산위원회,이정문,이정문,더불어민주당,초선,지역구,남,Representative,0.0848113999966772,0.0
박성준,0.0,농림축산식품해양수산위원회,박성준,박성준,더불어민주당,초선,지역구,남,Representative,0.2002255367463627,0.0
유기홍,0.0001853734682706,농림축산식품해양수산위원회,유기홍,유기홍,더불어민주당,3선,지역구,남,Representative,0.533695852611625,9.893305120025188e-05
전재수,0.0014001534905285,농림축산식품해양수산위원회,전재수,전재수,더불어민주당,재선,지역구,남,Representative,0.1512554413902672,0.00021178083422401157
허종식,0.0,농림축산식품해양수산위원회,허종식,허종식,더불어민주당,초선,지역구,남,Representative,0.5071840623526072,0.0
이인영,0.0003960364392101,농림축산식품해양수산위원회,이인영,이인영,더불어민주당,4선,지역구,남,Representative,0.2800294833760527,0.0001109018794700958
김의겸,0.0,농림축산식품해양수산위원회,김의겸,김의겸,열린민주당,초선,비례대표,남,Representative,0.8380800716465495,0.0
김성주,0.0,농림축산식품해양수산위원회,김성주,김성주,더불어민주당,재선,지역구,남,Representative,0.3218992730272499,0.0
신현영,0.0,농림축산식품해양수산위원회,신현영,신현영,더불어민주당,초선,비례대표,여,Representative,0.3325126093005273,0.0
황운하,0.0012793226041373,농림축산식품해양수산위원회,황운하,황운하,더불어민주당,초선,지역구,남,Representative,0.5488281734063343,0.0007021282880261091
김두관,0.0009486765103303,농림축산식품해양수산위원회,김두관,김두관,더불어민주당,재선,지역구,남,Representative,0.7087657792985883,0.0006723894461465204
어기구,0.0359224982829271,농림축산식품해양수산위원회,어기구,어기구,더불어민주당,재선,지역구,남,Representative,0.1048322749382438,0.003765837216464405
용혜인,0.0,농림축산식품해양수산위원회,용혜인,용혜인,기본소득당,초선,비례대표,여,Representative,1.5260787063967094,0.0
배준영,0.0010971004440601,농림축산식품해양수산위원회,배준영,배준영,국민의힘,초선,지역구,남,Representative,0.4029858723602732,0.00044211597951640254
김성원,0.0013176135190938,농림축산식품해양수산위원회,김성원,김성원,국민의힘,재선,지역구,남,Representative,0.0969967354280285,0.00012780420990793492
박성중,0.0,농림축산식품해양수산위원회,박성중,박성중,국민의힘,재선,지역구,남,Representative,0.1136597690819902,0.0
구자근,0.0020638461171418,농림축산식품해양수산위원회,구자근,구자근,국민의힘,초선,지역구,남,Representative,0.0584340346254918,0.00012059885547075074
김영식,0.0021169611433564,농림축산식품해양수산위원회,김영식,김영식,국민의힘,초선,지역구,남,Representative,0.2624749295735833,0.0005556492270124835
김예지,0.0035089639371876,농림축산식품해양수산위원회,김예지,김예지,국민의힘,초선,비례대표,여,Representative,0.5578154035188375,0.00195735413455535
정태호,0.0,농림축산식품해양수산위원회,정태호,정태호,더불어민주당,초선,지역구,남,Representative,0.2629825046404378,0.0
김학용,0.0005545639735616,농림축산식품해양수산위원회,김학용,김학용,국민의힘,4선,지역구,남,Representative,0.2414249164893882,0.00013388556100513258
전봉민,0.0,농림축산식품해양수산위원회,전봉민,전봉민,국민의힘,초선,지역구,남,Representative,0.0399499989170311,0.0
정운천,0.0226408120781315,농림축산식품해양수산위원회,정운천,정운천,국민의힘,재선,비례대표,남,Representative,0.2095429101918529,0.004744221651958528
최영희,0.0,농림축산식품해양수산위원회,최영희,최영희,국민의힘,초선,비례대표,여,Representative,0.1798744661352604,0.0
강은미,0.0017068023649534,농림축산식품해양수산위원회,강은미,강은미,정의당,초선,비례대표,여,Representative,1.6918809491792466,0.0028877064052787414
고민정,0.0006938480246843,농림축산식품해양수산위원회,고민정,고민정,더불어민주당,초선,지역구,여,Representative,0.3526006355299543,0.0002446512544648876
배진교,0.0007613182875732,농림축산식품해양수산위원회,배진교,배진교,정의당,초선,비례대표,남,Representative,1.622416384309617,0.0012351752634333006
강선우,0.0,농림축산식품해양수산위원회,강선우,강선우,더불어민주당,초선,지역구,여,Representative,0.2216826678477753,0.0
권칠승,0.0005208977081929,농림축산식품해양수산위원회,권칠승,권칠승,더불어민주당,재선,지역구,남,Representative,0.1859285040914948,9.684973166899389e-05
김영호,0.000535412476343,농림축산식품해양수산위원회,김영호,김영호,더불어민주당,재선,지역구,남,Representative,0.4161281665252168,0.00022280021211533858
이상헌,0.006543507828512,농림축산식품해양수산위원회,이상헌,이상헌,더불어민주당,재선,지역구,남,Representative,0.6637862515737748,0.004343490533631631
김영주,0.0013197112569525,농림축산식품해양수산위원회,김영주,김영주,더불어민주당,4선,지역구,여,Representative,0.3478961305037666,0.0004591224396760368
설훈,0.0022106846500437,농림축산식품해양수산위원회,설훈,설훈,더불어민주당,5선,지역구,남,Representative,0.3265334931650108,0.0007218625810650387
양경숙,0.0,농림축산식품해양수산위원회,양경숙,양경숙,더불어민주당,초선,비례대표,여,Representative,0.3342609954913604,0.0
이원욱,0.0050861914259384,농림축산식품해양수산위원회,이원욱,이원욱,더불어민주당,3선,지역구,남,Representative,0.2087926901604398,0.0010619595904926419
홍영표,0.0,농림축산식품해양수산위원회,홍영표,홍영표,더불어민주당,4선,지역구,남,Representative,0.2094480075912773,0.0
서정숙,0.0001593454461696,농림축산식품해양수산위원회,서정숙,서정숙,국민의힘,초선,비례대표,여,Representative,0.3409787953353209,5.4333418277079425e-05
서일준,0.0081289364047085,농림축산식품해양수산위원회,서일준,서일준,국민의힘,초선,지역구,남,Representative,0.0727597785364597,0.0005914596125435553
이종성,0.0025617001470997,농림축산식품해양수산위원회,이종성,이종성,국민의힘,초선,비례대표,남,Representative,0.2162605302271925,0.0005539946320948582
정점식,0.0059718638318299,농림축산식품해양수산위원회,정점식,정점식,국민의힘,재선,지역구,남,Representative,0.1256501314629642,0.000750365475548348
주호영,0.0006350634727215,농림축산식품해양수산위원회,주호영,주호영,국민의힘,5선,지역구,남,Representative,0.2385724628270604,0.00015150865673867395
박대출,0.0010591509036084,농림축산식품해양수산위원회,박대출,박대출,국민의힘,3선,지역구,남,Representative,0.1127161477762168,0.00011938340976843796
박진,0.0,농림축산식품해양수산위원회,박진,박진,국민의힘,4선,지역구,남,Representative,0.2849925584102457,0.0
서범수,0.0016597141745102,농림축산식품해양수산위원회,서범수,서범수,국민의힘,초선,지역구,남,Representative,0.2022344335941221,0.00033565135601020625
안병길,0.0206613494193904,농림축산식품해양수산위원회,안병길,안병길,국민의힘,초선,지역구,남,Representative,0.0420092157277911,0.0008679670849864427
김수흥,0.0084730350325675,농림축산식품해양수산위원회,김수흥,김수흥,더불어민주당,초선,지역구,남,Representative,0.5088102660790913,0.004311167209418132
서동용,0.0016117755182216,농림축산식품해양수산위원회,서동용,서동용,더불어민주당,초선,지역구,남,Representative,0.3156377014497687,0.0005087371198244756
김회재,0.0035440779997379,농림축산식품해양수산위원회,김회재,김회재,더불어민주당,초선,지역구,남,Representative,0.2705052594012662,0.0009586917386574213
김교흥,0.0,농림축산식품해양수산위원회,김교흥,김교흥,더불어민주당,재선,지역구,남,Representative,0.1927891344584833,0.0
박완주,0.000266167534268,농림축산식품해양수산위원회,박완주,박완주,더불어민주당,3선,지역구,남,Representative,0.3781620068650885,0.0001006544489211191
송재호,0.0146751843356159,농림축산식품해양수산위원회,송재호,송재호,더불어민주당,초선,지역구,남,Representative,0.3758954363478019,0.005516334819320767
임오경,0.0001902586702695,농림축산식품해양수산위원회,임오경,임오경,더불어민주당,초선,지역구,여,Representative,0.0586732885421386,1.1163101858365981e-05
김홍걸,0.0068047725381264,농림축산식품해양수산위원회,김홍걸,김홍걸,더불어민주당,초선,비례대표,남,Representative,0.5197862075653299,0.0035370269109374257
박재호,0.0013075634543145,농림축산식품해양수산위원회,박재호,박재호,더불어민주당,재선,지역구,남,Representative,0.2619622171748344,0.0003425322215890117
송갑석,0.0,농림축산식품해양수산위원회,송갑석,송갑석,더불어민주당,재선,지역구,남,Representative,0.0670810059002477,0.0
강득구,0.001831074943575,농림축산식품해양수산위원회,강득구,강득구,더불어민주당,초선,지역구,남,Representative,0.5445023530105706,0.0009970246153152853
정필모,0.0,농림축산식품해양수산위원회,정필모,정필모,더불어민주당,초선,비례대표,남,Representative,0.1873329443348586,0.0
김민철,0.001089167378296,농림축산식품해양수산위원회,김민철,김민철,더불어민주당,초선,지역구,남,Representative,0.2612442298812484,0.00028453869295471686
윤준병,0.037124732890011,농림축산식품해양수산위원회,윤준병,윤준병,더불어민주당,초선,지역구,남,Representative,0.4344183278979442,0.016127664385736394
이장섭,0.000647167123745,농림축산식품해양수산위원회,이장섭,이장섭,더불어민주당,초선,지역구,남,Representative,0.2854497963072183,0.00018473372364973857
한준호,0.0058208481173301,농림축산식품해양수산위원회,한준호,한준호,더불어민주당,초선,지역구,남,Representative,0.1454541395520071,0.00084666645436917
김주영,0.0070234086105914,농림축산식품해양수산위원회,김주영,김주영,더불어민주당,초선,지역구,남,Representative,0.3630556068353552,0.0025498878751709195
김경협,0.0,농림축산식품해양수산위원회,김경협,김경협,더불어민주당,3선,지역구,남,Representative,0.3651315668203744,0.0
소병철,0.008384458360241,농림축산식품해양수산위원회,소병철,소병철,더불어민주당,초선,지역구,남,Representative,0.1921494526414231,0.001611069084615112
윤후덕,0.0,농림축산식품해양수산위원회,윤후덕,윤후덕,더불어민주당,3선,지역구,남,Representative,0.1665258272005472,0.0
정일영,0.0005763961850086,농림축산식품해양수산위원회,정일영,정일영,더불어민주당,초선,지역구,남,Representative,0.1776389564691861,0.00010239041681774762
진선미,0.0,농림축산식품해양수산위원회,진선미,진선미,더불어민주당,3선,지역구,여,Representative,0.0766752551488706,0.0
김상훈,0.0006944940341326,농림축산식품해양수산위원회,김상훈,김상훈,국민의힘,3선,지역구,남,Representative,0.1882659368916839,0.00013074957000165904
양금희,0.0004483547497437,농림축산식품해양수산위원회,양금희,양금희,국민의힘,초선,지역구,여,Representative,0.1636013212186727,7.335142943273668e-05
이소영,0.0005969012362711,농림축산식품해양수산위원회,이소영,이소영,더불어민주당,초선,지역구,여,Representative,0.3137302400903705,0.00018726596816557114
조명희,0.0,농림축산식품해양수산위원회,조명희,조명희,국민의힘,초선,비례대표,여,Representative,0.2553086924045825,0.0
윤영석,0.0,농림축산식품해양수산위원회,윤영석,윤영석,국민의힘,3선,지역구,남,Representative,0.194206349704839,0.0
김민기,0.0001159016254347,농림축산식품해양수산위원회,김민기,김민기,더불어민주당,3선,지역구,남,Representative,0.1116766109823257,1.2943500735890218e-05
김경만,0.0,농림축산식품해양수산위원회,김경만,김경만,더불어민주당,초선,비례대표,남,Representative,0.2607821776703825,0.0
이용빈,0.0080160221759839,농림축산식품해양수산위원회,이용빈,이용빈,더불어민주당,초선,지역구,남,Representative,0.4600032901867735,0.0036873965751627337
전해철,0.0,농림축산식품해양수산위원회,전해철,전해철,더불어민주당,3선,지역구,남,Representative,0.111134388568907,0.0
전혜숙,0.0,농림축산식품해양수산위원회,전혜숙,전혜숙,더불어민주당,3선,지역구,여,Representative,0.3487897833092866,0.0
류호정,0.002856037862828,농림축산식품해양수산위원회,류호정,류호정,정의당,초선,비례대표,여,Representative,1.9138526831392957,0.005466035726920788
이은주,0.0008906125382206,농림축산식품해양수산위원회,이은주,이은주,정의당,초선,비례대표,여,Representative,1.7394356928672845,0.0015491632374960403
이해식,0.0017213525136598,농림축산식품해양수산위원회,이해식,이해식,더불어민주당,초선,지역구,남,Representative,0.2639597631121719,0.00045436780173818247
장혜영,0.0,농림축산식품해양수산위원회,장혜영,장혜영,정의당,초선,비례대표,여,Representative,1.7094637667725767,0.0
류성걸,0.0012926072754341,농림축산식품해양수산위원회,류성걸,류성걸,국민의힘,재선,지역구,남,Representative,0.0750174025505985,9.696804032107223e-05
박상혁,0.0019334575417497,농림축산식품해양수산위원회,박상혁,박상혁,더불어민주당,초선,지역구,남,Representative,0.1910820455968065,0.00036944902215210555
이형석,0.0,농림축산식품해양수산위원회,이형석,이형석,더불어민주당,초선,지역구,남,Representative,0.1083558993299242,0.0
박정하,0.0,농림축산식품해양수산위원회,박정하,박정하,국민의힘,초선,지역구,남,Representative,0.2937123128515209,0.0
유상범,0.0010650590025762,농림축산식품해양수산위원회,유상범,유상범,국민의힘,초선,지역구,남,Representative,0.3489284768254078,0.00037162941549810153
이철규,0.0007993489188073,농림축산식품해양수산위원회,이철규,이철규,국민의힘,재선,지역구,남,Representative,0.1840560451181021,0.00014712500066510253
정동만,0.0,농림축산식품해양수산위원회,정동만,정동만,국민의힘,초선,지역구,남,Representative,0.0224883277952201,0.0
맹성규,0.0097242642468008,농림축산식품해양수산위원회,맹성규,맹성규,더불어민주당,재선,지역구,남,Representative,0.3423921953477248,0.0033295121836035154
신동근,0.0025680205333998,농림축산식품해양수산위원회,신동근,신동근,더불어민주당,재선,지역구,남,Representative,0.1433568328564554,0.0003681432903785405
유동수,0.0010925510557792,농림축산식품해양수산위원회,유동수,유동수,더불어민주당,재선,지역구,남,Representative,0.4365284860540641,0.0004769296583160635
김한규,0.0006304710136705,농림축산식품해양수산위원회,김한규,김한규,더불어민주당,초선,지역구,남,Representative,0.4606560544107763,0.0002904302895778151
송언석,0.0020885701289406,농림축산식품해양수산위원회,송언석,송언석,국민의힘,재선,지역구,남,Representative,0.1978088158038737,0.00041313758392908385
이태규,0.0009435794455861,농림축산식품해양수산위원회,이태규,이태규,국민의당,재선,비례대표,남,Representative,0.7108411718546286,0.0006707351188383641
조은희,0.0,농림축산식품해양수산위원회,조은희,조은희,국민의힘,초선,지역구,여,Representative,0.4971643551550483,0.0
최연숙,0.0,농림축산식품해양수산위원회,최연숙,최연숙,국민의당,초선,비례대표,여,Representative,1.4543314865112702,0.0
김원이,0.0049813326579722,농림축산식품해양수산위원회,김원이,김원이,더불어민주당,초선,지역구,남,Representative,0.2360613447578642,0.0011759000859271835
기동민,0.0005715168217247,농림축산식품해양수산위원회,기동민,기동민,더불어민주당,재선,지역구,남,Representative,0.4426922620576195,0.0002530060746132887
임종성,0.0019666053017439,농림축산식품해양수산위원회,임종성,임종성,더불어민주당,재선,지역구,남,Representative,0.2168072376798863,0.00042637426307771427
최기상,0.0,농림축산식품해양수산위원회,최기상,최기상,더불어민주당,초선,지역구,남,Representative,0.2058827885501175,0.0
김종민,0.0010247636634788,농림축산식품해양수산위원회,김종민,김종민,더불어민주당,재선,지역구,남,Representative,0.6226025996525496,0.0006380205209113714
김태년,0.0,농림축산식품해양수산위원회,김태년,김태년,더불어민주당,4선,지역구,남,Representative,0.0302627005970719,0.0
고용진,0.0003675826166428,농림축산식품해양수산위원회,고용진,고용진,더불어민주당,재선,지역구,남,Representative,0.2115658202772826,7.776791780970389e-05
김승수,0.0014643835524728,농림축산식품해양수산위원회,김승수,김승수,국민의힘,초선,지역구,남,Representative,0.1092543380607149,0.00015999025569241393
양기대,0.0003931837235229,농림축산식품해양수산위원회,양기대,양기대,더불어민주당,초선,지역구,남,Representative,0.2301185334449006,9.047886183149501e-05
노웅래,0.0,농림축산식품해양수산위원회,노웅래,노웅래,더불어민주당,4선,지역구,남,Representative,0.2613156957741633,0.0
박영순,0.0013972895385548,농림축산식품해양수산위원회,박영순,박영순,더불어민주당,초선,지역구,남,Representative,0.3793634271542586,0.0005300805480729415
서영교,0.0068063612067302,농림축산식품해양수산위원회,서영교,서영교,더불어민주당,3선,지역구,여,Representative,0.4396629254011983,0.00299250467948823
인재근,0.0007705645059469,농림축산식품해양수산위원회,인재근,인재근,더불어민주당,3선,지역구,여,Representative,0.2910042957726254,0.00022423758140045863
조정식,0.0,농림축산식품해양수산위원회,조정식,조정식,더불어민주당,5선,지역구,남,Representative,0.0982721838798874,0.0
고영인,0.0065119098482264,농림축산식품해양수산위원회,고영인,고영인,더불어민주당,초선,지역구,남,Representative,0.3272823183515555,0.0021312329520238624
김윤덕,0.0,농림축산식품해양수산위원회,김윤덕,김윤덕,더불어민주당,재선,지역구,남,Representative,0.2869485044660441,0.0
강병원,0.0,농림축산식품해양수산위원회,강병원,강병원,더불어민주당,재선,지역구,남,Representative,0.2679228198118838,0.0
최종윤,0.0,농림축산식품해양수산위원회,최종윤,최종윤,더불어민주당,초선,지역구,남,Representative,0.1716391861609539,0.0
안민석,0.0014035470854146,농림축산식품해양수산위원회,안민석,안민석,더불어민주당,5선,지역구,남,Representative,0.3441477269487697,0.00048302753911100537
김성환,0.0,농림축산식품해양수산위원회,김성환,김성환,더불어민주당,재선,지역구,남,Representative,0.2337158540241251,0.0
장철민,0.0007654567557436,농림축산식품해양수산위원회,장철민,장철민,더불어민주당,초선,지역구,남,Representative,0.1714224222163959,0.00013121645117147203
신영대,0.0016260729513576,농림축산식품해양수산위원회,신영대,신영대,더불어민주당,초선,지역구,남,Representative,0.2397699657028943,0.00038988345577741586
이병훈,0.0009644536590014,농림축산식품해양수산위원회,이병훈,이병훈,더불어민주당,초선,지역구,남,Representative,0.1790578800414445,0.00017269302757900488
문정복,0.0,농림축산식품해양수산위원회,문정복,문정복,더불어민주당,초선,지역구,여,Representative,0.5768076262279168,0.0
민형배,0.0035283621569852,농림축산식품해양수산위원회,민형배,민형배,더불어민주당,초선,지역구,남,Representative,0.5990186631316904,0.0021135547823217223
최인호,0.0035179410957833,농림축산식품해양수산위원회,최인호,최인호,더불어민주당,재선,지역구,남,Representative,0.1711937203769239,0.0006022494242540155
홍기원,0.0003046836069965,농림축산식품해양수산위원회,홍기원,홍기원,더불어민주당,초선,지역구,남,Representative,0.1984078664960204,6.045162442048752e-05
황희,0.0,농림축산식품해양수산위원회,황희,황희,더불어민주당,재선,지역구,남,Representative,0.2589890766385589,0.0
안철수,0.0001920471271792,농림축산식품해양수산위원회,안철수,안철수,국민의힘,3선,지역구,남,Representative,0.4836184997568817,9.287754352902376e-05
윤두현,0.0010180931533085,농림축산식품해양수산위원회,윤두현,윤두현,국민의힘,초선,지역구,남,Representative,0.2056082379737857,0.00020932833934493597
정우택,0.0,농림축산식품해양수산위원회,정우택,정우택,국민의힘,5선,지역구,남,Representative,0.1586300083990965,0.0
조해진,0.0004094599989888,농림축산식품해양수산위원회,조해진,조해진,국민의힘,3선,지역구,남,Representative,0.3349213368474088,0.00013713689024686757
최승재,0.0005771947857051,농림축산식품해양수산위원회,최승재,최승재,국민의힘,초선,비례대표,남,Representative,0.4362396164165481,0.0002517952319136245
권인숙,0.0,농림축산식품해양수산위원회,권인숙,권인숙,더불어민주당,초선,비례대표,여,Representative,0.7127107829573963,0.0
우상호,7.873546478333512e-05,농림축산식품해양수산위원회,우상호,우상호,더불어민주당,4선,지역구,남,Representative,0.354889315495192,2.7942375202153595e-05
윤건영,0.000697627724572,농림축산식품해양수산위원회,윤건영,윤건영,더불어민주당,초선,지역구,남,Representative,0.2535746445358753,0.00017690070227671643
조응천,0.0003857610287681,농림축산식품해양수산위원회,조응천,조응천,더불어민주당,재선,지역구,남,Representative,0.254488173419614,9.817161958766494e-05
이학영,0.0016751183209567,농림축산식품해양수산위원회,이학영,이학영,더불어민주당,3선,지역구,남,Representative,0.0560092720869861,9.382215781635911e-05
조경태,0.0,농림축산식품해양수산위원회,조경태,조경태,국민의힘,5선,지역구,남,Representative,0.3722224896824415,0.0
조정훈,0.0059512672325192,농림축산식품해양수산위원회,조정훈,조정훈,시대전환,초선,비례대표,남,Representative,1.7768837528753738,0.010574710054482956
남인순,0.0,농림축산식품해양수산위원회,남인순,남인순,더불어민주당,3선,지역구,여,Representative,0.5088905772697233,0.0
박정,0.0014667115102863,농림축산식품해양수산위원회,박정,박정,더불어민주당,재선,지역구,남,Representative,0.1086038378087208,0.00015929049897531726
안규백,0.0,농림축산식품해양수산위원회,안규백,안규백,더불어민주당,4선,지역구,남,Representative,0.3809557196948137,0.0
김병주,0.0,농림축산식품해양수산위원회,김병주,김병주,더불어민주당,초선,비례대표,남,Representative,0.2434625119610639,0.0
김영진,0.0013938876678355,농림축산식품해양수산위원회,김영진,김영진,더불어민주당,재선,지역구,남,Representative,0.0792247561405531,0.00011043041057159176
김한정,0.0,농림축산식품해양수산위원회,김한정,김한정,더불어민주당,재선,지역구,남,Representative,0.3115396476231169,0.0
도종환,0.0,농림축산식품해양수산위원회,도종환,도종환,더불어민주당,3선,지역구,남,Representative,0.2721175456087874,0.0
민홍철,0.0005350395432571,농림축산식품해양수산위원회,민홍철,민홍철,더불어민주당,3선,지역구,남,Representative,0.2010526097454781,0.00010757109648886856
박범계,0.0,농림축산식품해양수산위원회,박범계,박범계,더불어민주당,3선,지역구,남,Representative,0.3504014522294029,0.0
박병석,0.0,농림축산식품해양수산위원회,박병석,박병석,더불어민주당,6선,지역구,남,Representative,0.2274246766438502,0.0
박용진,0.0,농림축산식품해양수산위원회,박용진,박용진,더불어민주당,재선,지역구,남,Representative,0.7438287273758981,0.0
박주민,0.0006529756965417,농림축산식품해양수산위원회,박주민,박주민,더불어민주당,재선,지역구,남,Representative,0.7084504412298533,0.00046260092032733823
변재일,0.0,농림축산식품해양수산위원회,변재일,변재일,더불어민주당,5선,지역구,남,Representative,0.3557301750687391,0.0
양이원영,0.0,농림축산식품해양수산위원회,양이원영,양이원영,더불어민주당,초선,비례대표,여,Representative,0.538619431256871,0.0
오기형,0.0,농림축산식품해양수산위원회,오기형,오기형,더불어민주당,초선,지역구,남,Representative,0.3978628324702754,0.0
윤호중,0.0,농림축산식품해양수산위원회,윤호중,윤호중,더불어민주당,4선,지역구,남,Representative,0.1128950186454341,0.0
이상민,0.0,농림축산식품해양수산위원회,이상민,이상민,더불어민주당,5선,지역구,남,Representative,0.6797803799490477,0.0
이용우,0.0007134544404958,농림축산식품해양수산위원회,이용우,이용우,더불어민주당,초선,지역구,남,Representative,0.231626157115504,0.00016525471032903416
이재명,7.960136535742566e-06,농림축산식품해양수산위원회,이재명,이재명,더불어민주당,초선,지역구,남,Representative,0.2018808153311869,1.6069988539832788e-06
이재정,0.0002408462095159,농림축산식품해양수산위원회,이재정,이재정,더불어민주당,재선,지역구,여,Representative,0.2573809498745986,6.198922617889893e-05
이탄희,0.0002905521339038,농림축산식품해양수산위원회,이탄희,이탄희,더불어민주당,초선,지역구,남,Representative,0.6201423822658652,0.00018018369249153318
정청래,0.0015188179796842,농림축산식품해양수산위원회,정청래,정청래,더불어민주당,3선,지역구,남,Representative,0.0751206976802892,0.00011409466628324442
천준호,0.0,농림축산식품해양수산위원회,천준호,천준호,더불어민주당,초선,지역구,남,Representative,0.3993355059681581,0.0
최강욱,0.000208732313032,농림축산식품해양수산위원회,최강욱,최강욱,열린민주당,초선,비례대표,남,Representative,0.7842536920804917,0.00016369908715184692
홍익표,0.0,농림축산식품해양수산위원회,홍익표,홍익표,더불어민주당,3선,지역구,남,Representative,0.165353191622152,0.0
권은희,0.0,농림축산식품해양수산위원회,권은희,권은희,국민의당,3선,비례대표,여,Representative,1.4757029872866645,0.0
강민국,0.0011351254705627,농림축산식품해양수산위원회,강민국,강민국,국민의힘,초선,지역구,남,Representative,0.153084768117913,0.0001737704194458278
유의동,0.0,농림축산식품해양수산위원회,유의동,유의동,국민의힘,3선,지역구,남,Representative,0.5050232279002433,0.0
김미애,0.0,농림축산식품해양수산위원회,김미애,김미애,국민의힘,초선,지역구,여,Representative,0.1300450243421692,0.0
홍석준,0.0,농림축산식품해양수산위원회,홍석준,홍석준,국민의힘,초선,지역구,남,Representative,0.1047310895160982,0.0
양향자,0.0017165062248567,농림축산식품해양수산위원회,양향자,양향자,더불어민주당,초선,지역구,여,Representative,0.9193887826618028,0.001578136568502408
윤관석,0.0005480598675489,농림축산식품해양수산위원회,윤관석,윤관석,더불어민주당,3선,지역구,남,Representative,0.0726470802193504,3.981494916283149e-05
이채익,0.0029600615986326,농림축산식품해양수산위원회,이채익,이채익,국민의힘,3선,지역구,남,Representative,0.305886901391201,0.0009054440703328109
김정재,0.0005575761974207,농림축산식품해양수산위원회,김정재,김정재,국민의힘,재선,지역구,여,Representative,0.2574250589731167,0.00014353408550302983
박형수,0.0009071137166115,농림축산식품해양수산위원회,박형수,박형수,국민의힘,초선,지역구,남,Representative,0.1289259726016864,0.00011695051817446817
허은아,0.0044987612827334,농림축산식품해양수산위원회,허은아,허은아,국민의힘,초선,비례대표,여,Representative,0.290583414125627,0.0013072654128728563
박수영,0.0,농림축산식품해양수산위원회,박수영,박수영,국민의힘,초선,지역구,남,Representative,0.3130251150523512,0.0
윤상현,0.0021740360004394,농림축산식품해양수산위원회,윤상현,윤상현,국민의힘,4선,지역구,남,Representative,0.6145800382735443,0.0013361191283581097
임병헌,0.0013220759813912,농림축산식품해양수산위원회,임병헌,임병헌,국민의힘,초선,지역구,남,Representative,0.2574402072023462,0.0003403555145865958
이만희,0.0086373671939304,농림축산식품해양수산위원회,이만희,이만희,국민의힘,재선,지역구,남,Representative,0.1771920077790279,0.0015304724350172357
신원식,0.0,농림축산식품해양수산위원회,신원식,신원식,국민의힘,초선,비례대표,남,Representative,0.188354618593185,0.0
김선교,0.0099005463723852,농림축산식품해양수산위원회,김선교,김선교,국민의힘,초선,지역구,남,Representative,0.1700647696450778,0.0016837341381800998
김희국,0.0005294748865594,농림축산식품해양수산위원회,김희국,김희국,국민의힘,재선,지역구,남,Representative,0.0800803641309325,4.240054171386094e-05
윤재옥,0.0,농림축산식품해양수산위원회,윤재옥,윤재옥,국민의힘,3선,지역구,남,Representative,0.5807333195948687,0.0
배현진,0.0,농림축산식품해양수산위원회,배현진,배현진,국민의힘,초선,지역구,여,Representative,0.0729943402727777,0.0
추경호,0.0,농림축산식품해양수산위원회,추경호,추경호,국민의힘,재선,지역구,남,Representative,0.0731143995543978,0.0
정찬민,0.0015820787478244,농림축산식품해양수산위원회,정찬민,정찬민,국민의힘,초선,지역구,남,Representative,0.4442721508323407,0.0007028735280820825
한기호,0.0001418339349636,농림축산식품해양수산위원회,한기호,한기호,국민의힘,3선,지역구,남,Representative,0.3139152323587058,4.452383265044806e-05
최재형,0.0,농림축산식품해양수산위원회,최재형,최재형,국민의힘,초선,지역구,남,Representative,0.291581396883635,0.0
김기현,0.0,농림축산식품해양수산위원회,김기현,김기현,국민의힘,4선,지역구,남,Representative,0.3033064478180708,0.0
김진표,0.0003867835402323,농림축산식품해양수산위원회,김진표,김진표,더불어민주당,5선,지역구,남,Representative,0.4172834774907449,0.00016139838070431558
김태흠,0.0021610546456273,농림축산식품해양수산위원회,김태흠,김태흠,국민의힘,3선,지역구,남,Representative,0.0980118810479008,0.00021180903086523634
박완수,6.513407788763332e-05,농림축산식품해양수산위원회,박완수,박완수,국민의힘,재선,지역구,남,Representative,0.1899346266606008,1.2371216766470127e-05
정진석,0.0008978865295689,농림축산식품해양수산위원회,정진석,정진석,국민의힘,5선,지역구,남,Representative,0.0704006718058257,6.321181488705194e-05
이상직,0.0,농림축산식품해양수산위원회,이상직,이상직,더불어민주당,재선,지역구,남,Representative,0.1875925759171187,0.0
김은혜,0.0001193089762772,농림축산식품해양수산위원회,김은혜,김은혜,국민의힘,초선,지역구,여,Representative,0.162439713102269,1.9380515876993786e-05
장제원,0.0006241923629207,농림축산식품해양수산위원회,장제원,장제원,국민의힘,3선,지역구,남,Representative,0.0909064879091423,5.674313549282957e-05
곽상도,0.0,농림축산식품해양수산위원회,곽상도,곽상도,국민의힘,재선,지역구,남,Representative,0.0416731213070125,0.0
이규민,0.0016969720644352,농림축산식품해양수산위원회,이규민,이규민,더불어민주당,초선,지역구,남,Representative,0.3923416013378649,0.0006657927371861288
이영,0.0,농림축산식품해양수산위원회,이영,이영,국민의힘,초선,비례대표,여,Representative,0.2206417648191584,0.0
이광재,0.0,농림축산식품해양수산위원회,이광재,이광재,더불어민주당,3선,지역구,남,Representative,0.2037976967403526,0.0
오영훈,0.0004226997169073,농림축산식품해양수산위원회,오영훈,오영훈,더불어민주당,재선,지역구,남,Representative,0.671756127451087,0.0002839511249043186
정정순,0.000193166042892,농림축산식품해양수산위원회,정정순,정정순,더불어민주당,초선,지역구,남,Representative,0.1787183559051326,3.452231760235856e-05
윤희숙,0.0,농림축산식품해양수산위원회,윤희숙,윤희숙,국민의힘,초선,지역구,여,Representative,0.28306548324025,0.0
이낙연,0.0,농림축산식품해양수산위원회,이낙연,이낙연,더불어민주당,5선,지역구,남,Representative,0.1016403584957575,0.0
홍준표,0.0,농림축산식품해양수산위원회,홍준표,홍준표,국민의힘,5선,지역구,남,Representative,0.1745452207856409,0.0
조태용,0.0,농림축산식품해양수산위원회,조태용,조태용,국민의힘,초선,비례대표,남,Representative,0.1545407967786547,0.0
송영길,0.0,농림축산식품해양수산위원회,송영길,송영길,더불어민주당,5선,지역구,남,Representative,0.1847095725159723,0.0
김진애,0.0,농림축산식품해양수산위원회,김진애,김진애,열린민주당,재선,비례대표,여,Representative,1.0590950156918448,0.0
이자스민,0.0,문화체육관광위원회,이자스민,이자스민,정의당,재선,비례대표,여,Representative,1.419097879000165,0.0
배진교,0.0,문화체육관광위원회,배진교,배진교,정의당,초선,비례대표,남,Representative,1.622416384309617,0.0
양경규,0.0,문화체육관광위원회,양경규,양경규,정의당,초선,비례대표,남,Representative,1.4186110796220983,0.0
장혜영,0.0,문화체육관광위원회,장혜영,장혜영,정의당,초선,비례대표,여,Representative,1.7094637667725767,0.0
강은미,0.0,문화체육관광위원회,강은미,강은미,정의당,초선,비례대표,여,Representative,1.6918809491792466,0.0
도종환,0.0272028723070099,문화체육관광위원회,도종환,도종환,더불어민주당,3선,지역구,남,Representative,0.2721175456087874,0.007402378845692787
심상정,0.0,문화체육관광위원회,심상정,심상정,정의당,4선,지역구,여,Representative,1.7478349658369334,0.0
황보승희,0.0156077657660986,문화체육관광위원회,황보승희,황보승희,국민의힘,초선,지역구,여,Representative,0.2043416232088162,0.0031893161913075807
정청래,0.0038055034587893,문화체육관광위원회,정청래,정청래,더불어민주당,3선,지역구,남,Representative,0.0751206976802892,0.0002858720748490059
김민석,0.0,문화체육관광위원회,김민석,김민석,더불어민주당,3선,지역구,남,Representative,0.5124972621164758,0.0
박찬대,0.0014149387813952,문화체육관광위원회,박찬대,박찬대,더불어민주당,재선,지역구,남,Representative,0.2786489795755955,0.000394271247597709
유동수,0.004924919381733,문화체육관광위원회,유동수,유동수,더불어민주당,재선,지역구,남,Representative,0.4365284860540641,0.002149867601646224
맹성규,0.0005189859698595,문화체육관광위원회,맹성규,맹성규,더불어민주당,재선,지역구,남,Representative,0.3423921953477248,0.00017769674557486235
허종식,0.0,문화체육관광위원회,허종식,허종식,더불어민주당,초선,지역구,남,Representative,0.5071840623526072,0.0
김교흥,0.0074050543726399,문화체육관광위원회,김교흥,김교흥,더불어민주당,재선,지역구,남,Representative,0.1927891344584833,0.0014276140231192535
허숙정,0.0,문화체육관광위원회,허숙정,허숙정,더불어민주당,초선,비례대표,여,Representative,1.1015877581031428,0.0
강득구,0.0,문화체육관광위원회,강득구,강득구,더불어민주당,초선,지역구,남,Representative,0.5445023530105706,0.0
유기홍,0.0,문화체육관광위원회,유기홍,유기홍,더불어민주당,3선,지역구,남,Representative,0.533695852611625,0.0
장경태,0.0,문화체육관광위원회,장경태,장경태,더불어민주당,초선,지역구,남,Representative,0.403738270388732,0.0
김승수,0.0228294673117978,문화체육관광위원회,김승수,김승수,국민의힘,초선,지역구,남,Representative,0.1092543380607149,0.002494218339429197
박대수,0.0,문화체육관광위원회,박대수,박대수,국민의힘,초선,비례대표,남,Representative,0.2414175298978371,0.0
김석기,0.0035583008823694,문화체육관광위원회,김석기,김석기,국민의힘,재선,지역구,남,Representative,0.2160995399392338,0.000768947183645397
지성호,0.0,문화체육관광위원회,지성호,지성호,국민의힘,초선,비례대표,남,Representative,0.152368783397105,0.0
김예지,0.0689209256652427,문화체육관광위원회,김예지,김예지,국민의힘,초선,비례대표,여,Representative,0.5578154035188375,0.03844515396084916
김은희,0.0018705858761324,문화체육관광위원회,김은희,김은희,국민의힘,초선,비례대표,여,Representative,0.273079356185924,0.0005108183867447184
백종헌,0.0007824473176787,문화체육관광위원회,백종헌,백종헌,국민의힘,초선,지역구,남,Representative,0.1748090064444665,0.0001367788381985514
윤한홍,0.0014372492695735,문화체육관광위원회,윤한홍,윤한홍,국민의힘,재선,지역구,남,Representative,0.0633220910364272,9.100962908997168e-05
임이자,0.0,문화체육관광위원회,임이자,임이자,국민의힘,재선,지역구,여,Representative,0.0338839582899253,0.0
우신구,0.0,문화체육관광위원회,우신구,우신구,국민의힘,초선,비례대표,남,Representative,-0.0,-0.0
최승재,0.0098779244601405,문화체육관광위원회,최승재,최승재,국민의힘,초선,비례대표,남,Representative,0.4362396164165481,0.00430914197748333
최연숙,0.0,문화체육관광위원회,최연숙,최연숙,국민의당,초선,비례대표,여,Representative,1.4543314865112702,0.0
구자근,0.0024897156754185,문화체육관광위원회,구자근,구자근,국민의힘,초선,지역구,남,Representative,0.0584340346254918,0.00014548413198503434
최형두,0.0112059781560513,문화체육관광위원회,최형두,최형두,국민의힘,초선,지역구,남,Representative,0.2907134521220806,0.0032577285941503007
임병헌,0.0002407663455772,문화체육관광위원회,임병헌,임병헌,국민의힘,초선,지역구,남,Representative,0.2574402072023462,6.198293789274607e-05
강대식,0.0,문화체육관광위원회,강대식,강대식,국민의힘,초선,지역구,남,Representative,0.1076879275224922,0.0
이태규,0.0,문화체육관광위원회,이태규,이태규,국민의당,재선,비례대표,남,Representative,0.7108411718546286,0.0
정우택,0.0007119148187354,문화체육관광위원회,정우택,정우택,국민의힘,5선,지역구,남,Representative,0.1586300083990965,0.00011293105367543776
김희곤,0.0,문화체육관광위원회,김희곤,김희곤,국민의힘,초선,지역구,남,Representative,0.172954273871935,0.0
윤두현,0.001448358651816,문화체육관광위원회,윤두현,윤두현,국민의힘,초선,지역구,남,Representative,0.2056082379737857,0.00029779447035397554
홍문표,0.0,문화체육관광위원회,홍문표,홍문표,국민의힘,4선,지역구,남,Representative,0.5476629473060372,0.0
김근태,0.0,문화체육관광위원회,김근태,김근태,국민의힘,초선,비례대표,남,Representative,0.6071716548713029,0.0
유경준,0.0011820556162539,문화체육관광위원회,유경준,유경준,국민의힘,초선,지역구,남,Representative,0.1969803900983735,0.0002328417764076665
윤영석,0.0,문화체육관광위원회,윤영석,윤영석,국민의힘,3선,지역구,남,Representative,0.194206349704839,0.0
정경희,0.0002450185324743,문화체육관광위원회,정경희,정경희,국민의힘,초선,비례대표,여,Representative,0.3356632617736524,8.224371980531712e-05
김영식,0.0160551865191168,문화체육관광위원회,김영식,김영식,국민의힘,초선,지역구,남,Representative,0.2624749295735833,0.004214083950895927
이용,0.0140748378030563,문화체육관광위원회,이용,이용,국민의힘,초선,비례대표,남,Representative,0.0598766122576743,0.0008427536057232585
박덕흠,0.0024757231151674,문화체육관광위원회,박덕흠,박덕흠,국민의힘,3선,지역구,남,Representative,0.2317213323874486,0.0005736778588689948
주호영,0.0002851915986666,문화체육관광위원회,주호영,주호영,국민의힘,5선,지역구,남,Representative,0.2385724628270604,6.803886207147736e-05
김성원,0.0016408877597857,문화체육관광위원회,김성원,김성원,국민의힘,재선,지역구,남,Representative,0.0969967354280285,0.00015916075590302392
양정숙,0.0097672054564444,문화체육관광위원회,양정숙,양정숙,국민의힘,초선,비례대표,여,Representative,0.754948281969812,0.007373734978988874
윤후덕,0.0,문화체육관광위원회,윤후덕,윤후덕,더불어민주당,3선,지역구,남,Representative,0.1665258272005472,0.0
신동근,0.0028177024692935,문화체육관광위원회,신동근,신동근,더불어민주당,재선,지역구,남,Representative,0.1433568328564554,0.00040393690192972993
안철수,0.0,문화체육관광위원회,안철수,안철수,국민의힘,3선,지역구,남,Representative,0.4836184997568817,0.0
전재수,0.0056788985996077,문화체육관광위원회,전재수,전재수,더불어민주당,재선,지역구,남,Representative,0.1512554413902672,0.0008589643142942329
윤창현,0.0,문화체육관광위원회,윤창현,윤창현,국민의힘,초선,비례대표,남,Representative,0.1659560286241812,0.0
김학용,0.0,문화체육관광위원회,김학용,김학용,국민의힘,4선,지역구,남,Representative,0.2414249164893882,0.0
윤상현,0.0045886581754201,문화체육관광위원회,윤상현,윤상현,국민의힘,4선,지역구,남,Representative,0.6145800382735443,0.0028200977170738974
박성민,0.0058388705076292,문화체육관광위원회,박성민,박성민,국민의힘,초선,지역구,남,Representative,0.1920963982054519,0.001121625994103608
이헌승,0.0026431136787591,문화체육관광위원회,이헌승,이헌승,국민의힘,3선,지역구,남,Representative,0.1758853015028908,0.0004648848462949592
최재형,0.0,문화체육관광위원회,최재형,최재형,국민의힘,초선,지역구,남,Representative,0.291581396883635,0.0
김성주,0.0010228501127891,문화체육관광위원회,김성주,김성주,더불어민주당,재선,지역구,남,Representative,0.3218992730272499,0.0003292547077226519
이용호,0.0132038231968087,문화체육관광위원회,이용호,이용호,국민의힘,재선,지역구,남,Representative,1.225607615821687,0.016182706267971796
성일종,0.0060308468580138,문화체육관광위원회,성일종,성일종,국민의힘,재선,지역구,남,Representative,0.2955294681309887,0.0017822929643282626
강기윤,0.0015373012746899,문화체육관광위원회,강기윤,강기윤,국민의힘,재선,지역구,남,Representative,0.1051953896862757,0.0001617170066562124
장동혁,0.000996570945429,문화체육관광위원회,장동혁,장동혁,국민의힘,초선,지역구,남,Representative,0.2751477089855504,0.00027420421247635336
하영제,0.0,문화체육관광위원회,하영제,하영제,국민의힘,초선,지역구,남,Representative,0.1478614433724366,0.0
최춘식,0.0,문화체육관광위원회,최춘식,최춘식,국민의힘,초선,지역구,남,Representative,0.185261782253888,0.0
이인선,0.0004835004639958,문화체육관광위원회,이인선,이인선,국민의힘,초선,지역구,여,Representative,0.3231681290160744,0.00015625194032792652
태영호,0.0020621004279842,문화체육관광위원회,태영호,태영호,국민의힘,초선,지역구,남,Representative,0.1778687283130429,0.00036678318077933115
정동만,0.0023195040003924,문화체육관광위원회,정동만,정동만,국민의힘,초선,지역구,남,Representative,0.0224883277952201,5.2161766283148626e-05
최영희,0.0,문화체육관광위원회,최영희,최영희,국민의힘,초선,비례대표,여,Representative,0.1798744661352604,0.0
송석준,0.0015377924534473,문화체육관광위원회,송석준,송석준,국민의힘,재선,지역구,남,Representative,0.2718885877183796,0.00041810821837176836
유상범,0.0007749926354427,문화체육관광위원회,유상범,유상범,국민의힘,초선,지역구,남,Representative,0.3489284768254078,0.00027041699983592986
유정주,0.0318511403133253,문화체육관광위원회,유정주,유정주,더불어민주당,초선,비례대표,여,Representative,0.3402755762534749,0.010838165124447052
이상헌,0.0780485057029309,문화체육관광위원회,이상헌,이상헌,더불어민주당,재선,지역구,남,Representative,0.6637862515737748,0.05180752504148289
임종성,0.00376773521892,문화체육관광위원회,임종성,임종성,더불어민주당,재선,지역구,남,Representative,0.2168072376798863,0.0008168722651232669
문정복,0.0005662593525941,문화체육관광위원회,문정복,문정복,더불어민주당,초선,지역구,여,Representative,0.5768076262279168,0.0003266227129991598
박정,0.0231541152668266,문화체육관광위원회,박정,박정,더불어민주당,재선,지역구,남,Representative,0.1086038378087208,0.002514625779042862
민병덕,0.0,문화체육관광위원회,민병덕,민병덕,더불어민주당,초선,지역구,남,Representative,0.534492412029025,0.0
윤재갑,0.0,문화체육관광위원회,윤재갑,윤재갑,더불어민주당,초선,지역구,남,Representative,0.6854440000858673,0.0
이용빈,0.0,문화체육관광위원회,이용빈,이용빈,더불어민주당,초선,지역구,남,Representative,0.4600032901867735,0.0
김의겸,0.0039776606686678,문화체육관광위원회,김의겸,김의겸,열린민주당,초선,비례대표,남,Representative,0.8380800716465495,0.0033335981381827718
최혜영,0.0077070933442558,문화체육관광위원회,최혜영,최혜영,더불어민주당,초선,비례대표,여,Representative,0.4555600514410841,0.003511043840370409
서삼석,0.0081969511171307,문화체육관광위원회,서삼석,서삼석,더불어민주당,재선,지역구,남,Representative,0.2012082502190047,0.001649294191408584
이달곤,0.0063426713063647,문화체육관광위원회,이달곤,이달곤,국민의힘,재선,지역구,남,Representative,0.1697317502202084,0.0010765527019007762
김태호,0.0,문화체육관광위원회,김태호,김태호,국민의힘,3선,지역구,남,Representative,0.2550454797747435,0.0
한무경,0.0,문화체육관광위원회,한무경,한무경,국민의힘,초선,비례대표,여,Representative,0.1040419536269268,0.0
양향자,0.0069389615750337,문화체육관광위원회,양향자,양향자,더불어민주당,초선,지역구,여,Representative,0.9193887826618028,0.006379603435407259
조정훈,0.0070768169334808,문화체육관광위원회,조정훈,조정훈,시대전환,초선,비례대표,남,Representative,1.7768837528753738,0.012574681031175358
이종성,0.0232642763175326,문화체육관광위원회,이종성,이종성,국민의힘,초선,비례대표,남,Representative,0.2162605302271925,0.005031144731781518
유의동,0.0005133147876461,문화체육관광위원회,유의동,유의동,국민의힘,3선,지역구,남,Representative,0.5050232279002433,0.00025923589098596136
김상훈,0.0010792618997382,문화체육관광위원회,김상훈,김상훈,국민의힘,3선,지역구,남,Representative,0.1882659368916839,0.0002031882527057108
김웅,0.0003142742065147,문화체육관광위원회,김웅,김웅,국민의힘,초선,지역구,남,Representative,0.3699621682437175,0.00011626956686525227
서일준,0.0034895124950465,문화체육관광위원회,서일준,서일준,국민의힘,초선,지역구,남,Representative,0.0727597785364597,0.0002538961563397922
김형동,0.0038591179307813,문화체육관광위원회,김형동,김형동,국민의힘,초선,지역구,남,Representative,0.2200235295412783,0.0008490967480465362
엄태영,0.0038654904294734,문화체육관광위원회,엄태영,엄태영,국민의힘,초선,지역구,남,Representative,0.2112428656135919,0.0008165572753238751
이명수,0.0084581753911694,문화체육관광위원회,이명수,이명수,국민의힘,4선,지역구,남,Representative,0.4078212172780129,0.003449423383977638
조수진,0.0023312959981339,문화체육관광위원회,조수진,조수진,국민의힘,초선,비례대표,여,Representative,0.1152574433846105,0.000268699216517687
한기호,0.0,문화체육관광위원회,한기호,한기호,국민의힘,3선,지역구,남,Representative,0.3139152323587058,0.0
하태경,0.0041346634819184,문화체육관광위원회,하태경,하태경,국민의힘,3선,지역구,남,Representative,0.5914732693738115,0.0024455429274107834
정진석,0.0041167710431247,문화체육관광위원회,정진석,정진석,국민의힘,5선,지역구,남,Representative,0.0704006718058257,0.0002898234471067487
권명호,0.0032671645359762,문화체육관광위원회,권명호,권명호,국민의힘,초선,지역구,남,Representative,0.101862293500913,0.0003328008728793819
배준영,0.000887467349573,문화체육관광위원회,배준영,배준영,국민의힘,초선,지역구,남,Representative,0.4029858723602732,0.00035763680405893493
이종배,0.0061422157696998,문화체육관광위원회,이종배,이종배,국민의힘,3선,지역구,남,Representative,0.121959560331773,0.0007491019347354703
권성동,0.0,문화체육관광위원회,권성동,권성동,국민의힘,4선,지역구,남,Representative,0.1650123478378992,0.0
노용호,3.550965973281123e-05,문화체육관광위원회,노용호,노용호,국민의힘,초선,비례대표,남,Representative,0.1923972318813689,6.83196023764219e-06
박성중,0.0,문화체육관광위원회,박성중,박성중,국민의힘,재선,지역구,남,Representative,0.1136597690819902,0.0
박정하,0.0,문화체육관광위원회,박정하,박정하,국민의힘,초선,지역구,남,Representative,0.2937123128515209,0.0
양금희,0.0,문화체육관광위원회,양금희,양금희,국민의힘,초선,지역구,여,Representative,0.1636013212186727,0.0
전봉민,0.0005537334107285,문화체육관광위원회,전봉민,전봉민,국민의힘,초선,지역구,남,Representative,0.0399499989170311,2.212164915892751e-05
김수흥,0.0,문화체육관광위원회,김수흥,김수흥,더불어민주당,초선,지역구,남,Representative,0.5088102660790913,0.0
김승남,0.0037927194268978,문화체육관광위원회,김승남,김승남,더불어민주당,재선,지역구,남,Representative,0.2124111150114147,0.0008056157623928154
김영배,0.0020337462214056,문화체육관광위원회,김영배,김영배,더불어민주당,초선,지역구,남,Representative,0.3173975912495803,0.000645506151887073
박완주,0.0004168044258911,문화체육관광위원회,박완주,박완주,더불어민주당,3선,지역구,남,Representative,0.3781620068650885,0.00015761959816522944
신정훈,0.0040995383601129,문화체육관광위원회,신정훈,신정훈,더불어민주당,재선,지역구,남,Representative,0.1277927153232575,0.0005238911386106818
양경숙,0.0022636785611413,문화체육관광위원회,양경숙,양경숙,더불어민주당,초선,비례대표,여,Representative,0.3342609954913604,0.0007566594493195412
장철민,0.0,문화체육관광위원회,장철민,장철민,더불어민주당,초선,지역구,남,Representative,0.1714224222163959,0.0
전혜숙,0.0,문화체육관광위원회,전혜숙,전혜숙,더불어민주당,3선,지역구,여,Representative,0.3487897833092866,0.0
서영교,0.0,문화체육관광위원회,서영교,서영교,더불어민주당,3선,지역구,여,Representative,0.4396629254011983,0.0
배현진,0.0022511564224188,문화체육관광위원회,배현진,배현진,국민의힘,초선,지역구,여,Representative,0.0729943402727777,0.00016432167790528674
강준현,0.0,문화체육관광위원회,강준현,강준현,더불어민주당,초선,지역구,남,Representative,0.2442135956139989,0.0
김두관,0.000546582433885,문화체육관광위원회,김두관,김두관,더불어민주당,재선,지역구,남,Representative,0.7087657792985883,0.0003873989247034211
김정호,0.0,문화체육관광위원회,김정호,김정호,더불어민주당,재선,지역구,남,Representative,0.2475581055450652,0.0
박용진,0.0,문화체육관광위원회,박용진,박용진,더불어민주당,재선,지역구,남,Representative,0.7438287273758981,0.0
박재호,0.0,문화체육관광위원회,박재호,박재호,더불어민주당,재선,지역구,남,Representative,0.2619622171748344,0.0
송기헌,0.0010726514206139,문화체육관광위원회,송기헌,송기헌,더불어민주당,재선,지역구,남,Representative,0.3097590421845094,0.000332263476647215
이개호,0.0023211018526571,문화체육관광위원회,이개호,이개호,더불어민주당,3선,지역구,남,Representative,0.1131561090092011,0.0002626468542607255
이병훈,0.0398944801843514,문화체육관광위원회,이병훈,이병훈,더불어민주당,초선,지역구,남,Representative,0.1790578800414445,0.007143421047165377
최인호,0.0007446123444788,문화체육관광위원회,최인호,최인호,더불어민주당,재선,지역구,남,Representative,0.1711937203769239,0.00012747295748990944
허영,0.0024070332745305,문화체육관광위원회,허영,허영,더불어민주당,초선,지역구,남,Representative,0.2272084723983615,0.0005468983533181009
이양수,0.0011117273685362,문화체육관광위원회,이양수,이양수,국민의힘,재선,지역구,남,Representative,0.4099103257016184,0.0004557085277280768
김용판,0.0048991849332535,문화체육관광위원회,김용판,김용판,국민의힘,초선,지역구,남,Representative,0.0784323016946945,0.00038425435074304024
서범수,0.0,문화체육관광위원회,서범수,서범수,국민의힘,초선,지역구,남,Representative,0.2022344335941221,0.0
민홍철,0.0,문화체육관광위원회,민홍철,민홍철,더불어민주당,3선,지역구,남,Representative,0.2010526097454781,0.0
김미애,0.0003192214096655,문화체육관광위원회,김미애,김미애,국민의힘,초선,지역구,여,Representative,0.1300450243421692,4.151315599049151e-05
이주환,0.0007117981267223,문화체육관광위원회,이주환,이주환,국민의힘,초선,지역구,남,Representative,0.0486042879937447,3.4596441144618657e-05
안병길,0.0010481286206145,문화체육관광위원회,안병길,안병길,국민의힘,초선,지역구,남,Representative,0.0420092157277911,4.403106133386665e-05
류호정,0.0185886205104706,문화체육관광위원회,류호정,류호정,정의당,초선,비례대표,여,Representative,1.9138526831392957,0.035575881239822305
강성희,0.0,문화체육관광위원회,강성희,강성희,진보당,초선,지역구,남,Representative,1.777874656814911,0.0
김주영,0.0020447033231758,문화체육관광위원회,김주영,김주영,더불어민주당,초선,지역구,남,Representative,0.3630556068353552,0.0007423410057938575
용혜인,0.0,문화체육관광위원회,용혜인,용혜인,기본소득당,초선,비례대표,여,Representative,1.5260787063967094,0.0
이은주,0.0,문화체육관광위원회,이은주,이은주,정의당,초선,비례대표,여,Representative,1.7394356928672845,0.0
김영주,0.0027086595401611,문화체육관광위원회,김영주,김영주,더불어민주당,4선,지역구,여,Representative,0.3478961305037666,0.0009423321728741585
김영진,0.0005232701373908,문화체육관광위원회,김영진,김영진,더불어민주당,재선,지역구,남,Representative,0.0792247561405531,4.1455949030419845e-05
신영대,0.0026074839275472,문화체육관광위원회,신영대,신영대,더불어민주당,초선,지역구,남,Representative,0.2397699657028943,0.0006251963318788402
이동주,0.0,문화체육관광위원회,이동주,이동주,더불어민주당,초선,비례대표,남,Representative,0.2481459493801818,0.0
이원욱,0.0,문화체육관광위원회,이원욱,이원욱,더불어민주당,3선,지역구,남,Representative,0.2087926901604398,0.0
이학영,0.0021549355117688,문화체육관광위원회,이학영,이학영,더불어민주당,3선,지역구,남,Representative,0.0560092720869861,0.00012069636940856735
한정애,0.0003398709058436,문화체육관광위원회,한정애,한정애,더불어민주당,3선,지역구,여,Representative,0.200025913945713,6.798298856492346e-05
한준호,0.0066710284608975,문화체육관광위원회,한준호,한준호,더불어민주당,초선,지역구,남,Representative,0.1454541395520071,0.000970328704706796
박대출,0.0,문화체육관광위원회,박대출,박대출,국민의힘,3선,지역구,남,Representative,0.1127161477762168,0.0
김윤덕,0.0086181468349551,문화체육관광위원회,김윤덕,김윤덕,더불어민주당,재선,지역구,남,Representative,0.2869485044660441,0.002472964345559137
고영인,0.0,문화체육관광위원회,고영인,고영인,더불어민주당,초선,지역구,남,Representative,0.3272823183515555,0.0
김철민,0.0035202232916485,문화체육관광위원회,김철민,김철민,더불어민주당,재선,지역구,남,Representative,0.1469147406376817,0.0005171726918792656
민형배,0.0060967978163024,문화체육관광위원회,민형배,민형배,더불어민주당,초선,지역구,남,Representative,0.5990186631316904,0.003652095677305673
송갑석,0.0,문화체육관광위원회,송갑석,송갑석,더불어민주당,재선,지역구,남,Representative,0.0670810059002477,0.0
윤영덕,0.0033244420967348,문화체육관광위원회,윤영덕,윤영덕,더불어민주당,초선,지역구,남,Representative,0.5936797322448536,0.0019736538938530356
이용우,0.000156724495715,문화체육관광위원회,이용우,이용우,더불어민주당,초선,지역구,남,Representative,0.231626157115504,3.630149266833072e-05
이장섭,0.0,문화체육관광위원회,이장섭,이장섭,더불어민주당,초선,지역구,남,Representative,0.2854497963072183,0.0
김홍걸,0.0074248598931363,문화체육관광위원회,김홍걸,김홍걸,더불어민주당,초선,비례대표,남,Representative,0.5197862075653299,0.003859339765557238
남인순,0.0,문화체육관광위원회,남인순,남인순,더불어민주당,3선,지역구,여,Representative,0.5088905772697233,0.0
서동용,0.0,문화체육관광위원회,서동용,서동용,더불어민주당,초선,지역구,남,Representative,0.3156377014497687,0.0
정태호,0.0050515049445968,문화체육관광위원회,정태호,정태호,더불어민주당,초선,지역구,남,Representative,0.2629825046404378,0.0013284574225336226
조오섭,0.0,문화체육관광위원회,조오섭,조오섭,더불어민주당,초선,지역구,남,Representative,0.3537241914215748,0.0
최기상,0.0009997144965111,문화체육관광위원회,최기상,최기상,더불어민주당,초선,지역구,남,Representative,0.2058827885501175,0.000205824008295682
강선우,0.0,문화체육관광위원회,강선우,강선우,더불어민주당,초선,지역구,여,Representative,0.2216826678477753,0.0
김민기,0.0,문화체육관광위원회,김민기,김민기,더불어민주당,3선,지역구,남,Representative,0.1116766109823257,0.0
김병기,0.0004680395022009,문화체육관광위원회,김병기,김병기,더불어민주당,재선,지역구,남,Representative,0.1108729186430819,5.1892905649268934e-05
김원이,0.0036722799722388,문화체육관광위원회,김원이,김원이,더불어민주당,초선,지역구,남,Representative,0.2360613447578642,0.0008668833485740633
노웅래,0.0078053844381441,문화체육관광위원회,노웅래,노웅래,더불어민주당,4선,지역구,남,Representative,0.2613156957741633,0.0020396694652384524
우원식,0.0,문화체육관광위원회,우원식,우원식,더불어민주당,4선,지역구,남,Representative,0.3474908272016026,0.0
윤미향,0.0,문화체육관광위원회,윤미향,윤미향,더불어민주당,초선,비례대표,여,Representative,1.0539381495296805,0.0
임오경,0.0109384678568849,문화체육관광위원회,임오경,임오경,더불어민주당,초선,지역구,여,Representative,0.0586732885421386,0.0006417958807759162
임호선,0.0035854309756272,문화체육관광위원회,임호선,임호선,더불어민주당,초선,지역구,남,Representative,0.1630095698549976,0.0005844595610817742
위성곤,0.0065551233379226,문화체육관광위원회,위성곤,위성곤,더불어민주당,재선,지역구,남,Representative,0.4979833092497824,0.003264342012359176
이소영,0.0,문화체육관광위원회,이소영,이소영,더불어민주당,초선,지역구,여,Representative,0.3137302400903705,0.0
이인영,0.0012550894410885,문화체육관광위원회,이인영,이인영,더불어민주당,4선,지역구,남,Representative,0.2800294833760527,0.00035146204777875136
고민정,0.0,문화체육관광위원회,고민정,고민정,더불어민주당,초선,지역구,여,Representative,0.3526006355299543,0.0
김종민,0.0014412752813053,문화체육관광위원회,김종민,김종민,더불어민주당,재선,지역구,남,Representative,0.6226025996525496,0.0008973417369556395
소병훈,0.0015769563959495,문화체육관광위원회,소병훈,소병훈,더불어민주당,재선,지역구,남,Representative,0.4495375269510719,0.0007089010783448136
이형석,0.0,문화체육관광위원회,이형석,이형석,더불어민주당,초선,지역구,남,Representative,0.1083558993299242,0.0
최종윤,0.0010094090721993,문화체육관광위원회,최종윤,최종윤,더불어민주당,초선,지역구,남,Representative,0.1716391861609539,0.0001732541516557714
정필모,0.0,문화체육관광위원회,정필모,정필모,더불어민주당,초선,비례대표,남,Representative,0.1873329443348586,0.0
권칠승,0.0,문화체육관광위원회,권칠승,권칠승,더불어민주당,재선,지역구,남,Representative,0.1859285040914948,0.0
박상혁,0.0,문화체육관광위원회,박상혁,박상혁,더불어민주당,초선,지역구,남,Representative,0.1910820455968065,0.0
송옥주,0.0021818053551409,문화체육관광위원회,송옥주,송옥주,더불어민주당,재선,지역구,여,Representative,0.2621477343853833,0.0005719553307200836
홍익표,0.004416931510257,문화체육관광위원회,홍익표,홍익표,더불어민주당,3선,지역구,남,Representative,0.165353191622152,0.000730353722397447
황운하,0.0008384531153062,문화체육관광위원회,황운하,황운하,더불어민주당,초선,지역구,남,Representative,0.5488281734063343,0.0004601666917603523
강병원,0.0017374703391386,문화체육관광위원회,강병원,강병원,더불어민주당,재선,지역구,남,Representative,0.2679228198118838,0.0004655079526015238
신현영,0.0001701350964631,문화체육관광위원회,신현영,신현영,더불어민주당,초선,비례대표,여,Representative,0.3325126093005273,5.65720648585423e-05
강민국,0.0,문화체육관광위원회,강민국,강민국,국민의힘,초선,지역구,남,Representative,0.153084768117913,0.0
정희용,0.0025181855360917,문화체육관광위원회,정희용,정희용,국민의힘,초선,지역구,남,Representative,0.1013462246233544,0.00025520859698403153
조경태,0.0026790060478368,문화체육관광위원회,조경태,조경태,국민의힘,5선,지역구,남,Representative,0.3722224896824415,0.0009971863010001317
안규백,0.0017701934779021,문화체육관광위원회,안규백,안규백,더불어민주당,4선,지역구,남,Representative,0.3809557196948137,0.0006743653303732598
이해식,0.0,문화체육관광위원회,이해식,이해식,더불어민주당,초선,지역구,남,Representative,0.2639597631121719,0.0
정성호,0.0,문화체육관광위원회,정성호,정성호,더불어민주당,4선,지역구,남,Representative,0.4625431982315658,0.0
양기대,0.0006583430575046,문화체육관광위원회,양기대,양기대,더불어민주당,초선,지역구,남,Representative,0.2301185334449006,0.0001514969388965904
김영호,0.0049913581500719,문화체육관광위원회,김영호,김영호,더불어민주당,재선,지역구,남,Representative,0.4161281665252168,0.0020770447154601175
전해철,0.0,문화체육관광위원회,전해철,전해철,더불어민주당,3선,지역구,남,Representative,0.111134388568907,0.0
한병도,0.0020519466975119,문화체육관광위원회,한병도,한병도,더불어민주당,재선,지역구,남,Representative,0.4404702338128733,0.0009038214416246199
홍성국,0.0,문화체육관광위원회,홍성국,홍성국,더불어민주당,초선,지역구,남,Representative,0.0821632285254589,0.0
강민정,0.0,문화체육관광위원회,강민정,강민정,열린민주당,초선,비례대표,여,Representative,1.3217456216851513,0.0
조정식,0.0003040321197466,문화체육관광위원회,조정식,조정식,더불어민주당,5선,지역구,남,Representative,0.0982721838798874,2.987790037712982e-05
박성준,0.0,문화체육관광위원회,박성준,박성준,더불어민주당,초선,지역구,남,Representative,0.2002255367463627,0.0
홍정민,0.0039594254687963,문화체육관광위원회,홍정민,홍정민,더불어민주당,초선,지역구,여,Representative,0.1978012226072815,0.0007831791985503169
김성환,0.0,문화체육관광위원회,김성환,김성환,더불어민주당,재선,지역구,남,Representative,0.2337158540241251,0.0
박홍근,0.0,문화체육관광위원회,박홍근,박홍근,더불어민주당,3선,지역구,남,Representative,0.2914629024230286,0.0
이재정,0.0045797724045288,문화체육관광위원회,이재정,이재정,더불어민주당,재선,지역구,여,Representative,0.2573809498745986,0.001178746171687097
박진,0.0,문화체육관광위원회,박진,박진,국민의힘,4선,지역구,남,Representative,0.2849925584102457,0.0
정운천,0.0,문화체육관광위원회,정운천,정운천,국민의힘,재선,비례대표,남,Representative,0.2095429101918529,0.0
변재일,0.0007468901539549,문화체육관광위원회,변재일,변재일,더불어민주당,5선,지역구,남,Representative,0.3557301750687391,0.00026569136522349405
안호영,0.001079624962688,문화체육관광위원회,안호영,안호영,더불어민주당,재선,지역구,남,Representative,0.5118923685595783,0.0005526517793064067
정일영,0.0,문화체육관광위원회,정일영,정일영,더불어민주당,초선,지역구,남,Representative,0.1776389564691861,0.0
윤건영,0.0,문화체육관광위원회,윤건영,윤건영,더불어민주당,초선,지역구,남,Representative,0.2535746445358753,0.0
윤영찬,0.0004413966132038,문화체육관광위원회,윤영찬,윤영찬,더불어민주당,초선,지역구,남,Representative,0.1950263668759664,8.608397782449333e-05
서정숙,0.0,문화체육관광위원회,서정숙,서정숙,국민의힘,초선,비례대표,여,Representative,0.3409787953353209,0.0
류성걸,0.0,문화체육관광위원회,류성걸,류성걸,국민의힘,재선,지역구,남,Representative,0.0750174025505985,0.0
조명희,0.001460553700551,문화체육관광위원회,조명희,조명희,국민의힘,초선,비례대표,여,Representative,0.2553086924045825,0.00037289205547434993
조은희,0.0,문화체육관광위원회,조은희,조은희,국민의힘,초선,지역구,여,Representative,0.4971643551550483,0.0
윤호중,0.0,문화체육관광위원회,윤호중,윤호중,더불어민주당,4선,지역구,남,Representative,0.1128950186454341,0.0
이성만,0.0048326813938929,문화체육관광위원회,이성만,이성만,더불어민주당,초선,지역구,남,Representative,0.2194435071327558,0.001060500553931073
인재근,0.0,문화체육관광위원회,인재근,인재근,더불어민주당,3선,지역구,여,Representative,0.2910042957726254,0.0
이상민,0.000593637821534,문화체육관광위원회,이상민,이상민,더불어민주당,5선,지역구,남,Representative,0.6797803799490477,0.00040354334387450745
조해진,0.0,문화체육관광위원회,조해진,조해진,국민의힘,3선,지역구,남,Representative,0.3349213368474088,0.0
박병석,0.0,문화체육관광위원회,박병석,박병석,더불어민주당,6선,지역구,남,Representative,0.2274246766438502,0.0
김경협,0.000439320555524,문화체육관광위원회,김경협,김경협,더불어민주당,3선,지역구,남,Representative,0.3651315668203744,0.0001604098027748754
김상희,0.0010222954759394,문화체육관광위원회,김상희,김상희,더불어민주당,4선,지역구,여,Representative,0.5592599599039866,0.0005717289268838957
이용선,0.0008868983160642,문화체육관광위원회,이용선,이용선,더불어민주당,초선,지역구,남,Representative,0.5128505108380027,0.00045484625445488936
조승래,0.0155557479116463,문화체육관광위원회,조승래,조승래,더불어민주당,재선,지역구,남,Representative,0.2359910708975734,0.0036710176082821013
정춘숙,0.0,문화체육관광위원회,정춘숙,정춘숙,더불어민주당,재선,지역구,여,Representative,0.1638501850633351,0.0
기동민,0.0005704388878286,문화체육관광위원회,기동민,기동민,더불어민주당,재선,지역구,남,Representative,0.4426922620576195,0.0002525288816184756
김민철,0.0,문화체육관광위원회,김민철,김민철,더불어민주당,초선,지역구,남,Representative,0.2612442298812484,0.0
박주민,0.0020462065940416,문화체육관광위원회,박주민,박주민,더불어민주당,재선,지역구,남,Representative,0.7084504412298533,0.0014496359643962069
김회재,0.0037107212249432,문화체육관광위원회,김회재,김회재,더불어민주당,초선,지역구,남,Representative,0.2705052594012662,0.0010037696075190445
송재호,0.0020405026473948,문화체육관광위원회,송재호,송재호,더불어민주당,초선,지역구,남,Representative,0.3758954363478019,0.0007670156330113134
주철현,0.0,문화체육관광위원회,주철현,주철현,더불어민주당,초선,지역구,남,Representative,0.1808273551250511,0.0
최강욱,0.0004918800784892,문화체육관광위원회,최강욱,최강욱,열린민주당,초선,비례대표,남,Representative,0.7842536920804917,0.0003857587676159972
윤준병,0.0108492612985726,문화체육관광위원회,윤준병,윤준병,더불어민주당,초선,지역구,남,Representative,0.4344183278979442,0.004713117952253787
김정재,0.0005823454525271,문화체육관광위원회,김정재,김정재,국민의힘,재선,지역구,여,Representative,0.2574250589731167,0.00014991031245951503
서병수,0.001177681913799,문화체육관광위원회,서병수,서병수,국민의힘,5선,지역구,남,Representative,0.3254004320021045,0.0003832182035112598
윤주경,0.0,문화체육관광위원회,윤주경,윤주경,국민의힘,초선,비례대표,여,Representative,0.4248222909210703,0.0
박수영,0.0,문화체육관광위원회,박수영,박수영,국민의힘,초선,지역구,남,Representative,0.3130251150523512,0.0
황희,0.0008464070796311,문화체육관광위원회,황희,황희,더불어민주당,재선,지역구,남,Representative,0.2589890766385589,0.0002192101880139978
어기구,0.0,문화체육관광위원회,어기구,어기구,더불어민주당,재선,지역구,남,Representative,0.1048322749382438,0.0
김태년,0.0,문화체육관광위원회,김태년,김태년,더불어민주당,4선,지역구,남,Representative,0.0302627005970719,0.0
이원택,0.0,문화체육관광위원회,이원택,이원택,더불어민주당,초선,지역구,남,Representative,0.2716912161873271,0.0
김남국,0.0015960207101789,문화체육관광위원회,김남국,김남국,더불어민주당,초선,지역구,남,Representative,0.4903679722415279,0.0007826374393059104
안민석,0.0062861999993121,문화체육관광위원회,안민석,안민석,더불어민주당,5선,지역구,남,Representative,0.3441477269487697,0.002163381440908617
김한규,0.0,문화체육관광위원회,김한규,김한규,더불어민주당,초선,지역구,남,Representative,0.4606560544107763,0.0
고용진,0.0,문화체육관광위원회,고용진,고용진,더불어민주당,재선,지역구,남,Representative,0.2115658202772826,0.0
김용민,0.0010379631728816,문화체육관광위원회,김용민,김용민,더불어민주당,초선,지역구,남,Representative,0.5183906276468344,0.0005380703806643922
김도읍,0.0009093101385823,문화체육관광위원회,김도읍,김도읍,국민의힘,3선,지역구,남,Representative,0.0057675742475114,5.244513738288296e-06
박형수,0.0024977581862457,문화체육관광위원회,박형수,박형수,국민의힘,초선,지역구,남,Representative,0.1289259726016864,0.000322025903485551
전주혜,0.0,문화체육관광위원회,전주혜,전주혜,국민의힘,초선,비례대표,여,Representative,0.2622996745628045,0.0
조응천,0.0005617455208922,문화체육관광위원회,조응천,조응천,더불어민주당,재선,지역구,남,Representative,0.254488173419614,0.0001429575915385056
정점식,0.0010380630516652,문화체육관광위원회,정점식,정점식,국민의힘,재선,지역구,남,Representative,0.1256501314629642,0.00013043275890857817
김영선,0.0,문화체육관광위원회,김영선,김영선,국민의힘,5선,,여,Representative,0.2168412076010161,0.0
송언석,0.0,문화체육관광위원회,송언석,송언석,국민의힘,재선,지역구,남,Representative,0.1978088158038737,0.0
신원식,0.0004347447975643,문화체육관광위원회,신원식,신원식,국민의힘,초선,비례대표,남,Representative,0.188354618593185,8.188619053059515e-05
이철규,0.0,문화체육관광위원회,이철규,이철규,국민의힘,재선,지역구,남,Representative,0.1840560451181021,0.0
백혜련,0.000288877429349,문화체육관광위원회,백혜련,백혜련,더불어민주당,재선,지역구,여,Representative,0.262002066035241,7.568648332038737e-05
이정문,0.0,문화체육관광위원회,이정문,이정문,더불어민주당,초선,지역구,남,Representative,0.0848113999966772,0.0
오영환,0.0,문화체육관광위원회,오영환,오영환,더불어민주당,초선,지역구,남,Representative,0.2639159163033288,0.0
문진석,0.0022174045630621,문화체육관광위원회,문진석,문진석,더불어민주당,초선,지역구,남,Representative,0.2131284851715763,0.0004725920755379664
김기현,0.0,문화체육관광위원회,김기현,김기현,국민의힘,4선,지역구,남,Representative,0.3033064478180708,0.0
홍석준,0.0,문화체육관광위원회,홍석준,홍석준,국민의힘,초선,지역구,남,Representative,0.1047310895160982,0.0
김선교,0.000685677078456,문화체육관광위원회,김선교,김선교,국민의힘,초선,지역구,남,Representative,0.1700647696450778,0.00011660951439852958
박영순,0.0,문화체육관광위원회,박영순,박영순,더불어민주당,초선,지역구,남,Representative,0.3793634271542586,0.0
홍기원,0.0010077072875511,문화체육관광위원회,홍기원,홍기원,더불어민주당,초선,지역구,남,Representative,0.1984078664960204,0.00019993705297550549
박광온,0.0008079095194733,문화체육관광위원회,박광온,박광온,더불어민주당,3선,지역구,남,Representative,0.0636172526258988,5.1396983999201437e-05
이채익,0.0354893039417713,문화체육관광위원회,이채익,이채익,국민의힘,3선,지역구,남,Representative,0.305886901391201,0.010855713215278959
김병주,0.0,문화체육관광위원회,김병주,김병주,더불어민주당,초선,비례대표,남,Representative,0.2434625119610639,0.0
허은아,0.0008469893847104,문화체육관광위원회,허은아,허은아,국민의힘,초선,비례대표,여,Representative,0.290583414125627,0.00024612106713731217
강훈식,0.0,문화체육관광위원회,강훈식,강훈식,더불어민주당,재선,지역구,남,Representative,0.2333552597959055,0.0
진성준,0.0013698182951991,문화체육관광위원회,진성준,진성준,더불어민주당,재선,지역구,남,Representative,0.137191834935949,0.000187927885447198
장제원,0.0,문화체육관광위원회,장제원,장제원,국민의힘,3선,지역구,남,Representative,0.0909064879091423,0.0
전용기,0.0055867714160915,문화체육관광위원회,전용기,전용기,더불어민주당,초선,비례대표,남,Representative,0.1508910607377874,0.0008429938650735971
윤재옥,0.0,문화체육관광위원회,윤재옥,윤재옥,국민의힘,3선,지역구,남,Representative,0.5807333195948687,0.0
이만희,0.0,문화체육관광위원회,이만희,이만희,국민의힘,재선,지역구,남,Representative,0.1771920077790279,0.0
윤관석,0.0,문화체육관광위원회,윤관석,윤관석,더불어민주당,3선,지역구,남,Representative,0.0726470802193504,0.0
이탄희,0.0,문화체육관광위원회,이탄희,이탄희,더불어민주당,초선,지역구,남,Representative,0.6201423822658652,0.0
김경만,0.0,문화체육관광위원회,김경만,김경만,더불어민주당,초선,비례대표,남,Representative,0.2607821776703825,0.0
소병철,0.0011420380495261,문화체육관광위원회,소병철,소병철,더불어민주당,초선,지역구,남,Representative,0.1921494526414231,0.00021944198611211857
홍영표,0.00025893004812,문화체육관광위원회,홍영표,홍영표,더불어민주당,4선,지역구,남,Representative,0.2094480075912773,5.423238268424756e-05
양이원영,0.0,문화체육관광위원회,양이원영,양이원영,더불어민주당,초선,비례대표,여,Representative,0.538619431256871,0.0
김희국,0.0,문화체육관광위원회,김희국,김희국,국민의힘,재선,지역구,남,Representative,0.0800803641309325,0.0
설훈,0.0,문화체육관광위원회,설훈,설훈,더불어민주당,5선,지역구,남,Representative,0.3265334931650108,0.0
권인숙,0.0,문화체육관광위원회,권인숙,권인숙,더불어민주당,초선,비례대표,여,Representative,0.7127107829573963,0.0
천준호,0.0,문화체육관광위원회,천준호,천준호,더불어민주당,초선,지역구,남,Representative,0.3993355059681581,0.0
김진표,0.0,문화체육관광위원회,김진표,김진표,더불어민주당,5선,지역구,남,Representative,0.4172834774907449,0.0
권은희,0.0,문화체육관광위원회,권은희,권은희,국민의당,3선,비례대표,여,Representative,1.4757029872866645,0.0
이재명,0.0,문화체육관광위원회,이재명,이재명,더불어민주당,초선,지역구,남,Representative,0.2018808153311869,0.0
서영석,0.0,문화체육관광위원회,서영석,서영석,더불어민주당,초선,지역구,남,Representative,0.1839691144889395,0.0
추경호,0.0,문화체육관광위원회,추경호,추경호,국민의힘,재선,지역구,남,Representative,0.0731143995543978,0.0
우상호,0.0003452693417634,문화체육관광위원회,우상호,우상호,더불어민주당,4선,지역구,남,Representative,0.354889315495192,0.00012253240035988854
박완수,9.858568011649648e-05,문화체육관광위원회,박완수,박완수,국민의힘,재선,지역구,남,Representative,0.1899346266606008,1.8724834347008172e-05
김한정,0.0,문화체육관광위원회,김한정,김한정,더불어민주당,재선,지역구,남,Representative,0.3115396476231169,0.0
오영훈,0.0063467346737529,문화체육관광위원회,오영훈,오영훈,더불어민주당,재선,지역구,남,Representative,0.671756127451087,0.004263457906399787
이광재,0.0017073227447894,문화체육관광위원회,이광재,이광재,더불어민주당,3선,지역구,남,Representative,0.2037976967403526,0.0003479484429804966
김태흠,0.0,문화체육관광위원회,김태흠,김태흠,국민의힘,3선,지역구,남,Representative,0.0980118810479008,0.0
조태용,0.0,문화체육관광위원회,조태용,조태용,국민의힘,초선,비례대표,남,Representative,0.1545407967786547,0.0
권영세,0.0,문화체육관광위원회,권영세,권영세,국민의힘,4선,지역구,남,Representative,0.3767193328116696,0.0
홍준표,0.0,문화체육관광위원회,홍준표,홍준표,국민의힘,5선,지역구,남,Representative,0.1745452207856409,0.0
이영,0.0,문화체육관광위원회,이영,이영,국민의힘,초선,비례대표,여,Representative,0.2206417648191584,0.0
이규민,0.0009209600070923,문화체육관광위원회,이규민,이규민,더불어민주당,초선,지역구,남,Representative,0.3923416013378649,0.0003613309239507244
김은혜,0.0,문화체육관광위원회,김은혜,김은혜,국민의힘,초선,지역구,여,Representative,0.162439713102269,0.0
곽상도,0.0,문화체육관광위원회,곽상도,곽상도,국민의힘,재선,지역구,남,Representative,0.0416731213070125,0.0
정찬민,0.0,문화체육관광위원회,정찬민,정찬민,국민의힘,초선,지역구,남,Representative,0.4442721508323407,0.0
윤희숙,0.0,문화체육관광위원회,윤희숙,윤희숙,국민의힘,초선,지역구,여,Representative,0.28306548324025,0.0
이상직,0.000726344672183,문화체육관광위원회,이상직,이상직,더불어민주당,재선,지역구,남,Representative,0.1875925759171187,0.0001362568680584841
진선미,9.972984686294727e-05,문화체육관광위원회,진선미,진선미,더불어민주당,3선,지역구,여,Representative,0.0766752551488706,7.646811454174273e-06
송영길,0.0001894593008678,문화체육관광위원회,송영길,송영길,더불어민주당,5선,지역구,남,Representative,0.1847095725159723,3.4994946472466316e-05
이낙연,0.0,문화체육관광위원회,이낙연,이낙연,더불어민주당,5선,지역구,남,Representative,0.1016403584957575,0.0
김진애,0.0,문화체육관광위원회,김진애,김진애,열린민주당,재선,비례대표,여,Representative,1.0590950156918448,0.0
오기형,0.0,문화체육관광위원회,오기형,오기형,더불어민주당,초선,지역구,남,Representative,0.3978628324702754,0.0
박범계,1.812687353771381e-05,문화체육관광위원회,박범계,박범계,더불어민주당,3선,지역구,남,Representative,0.3504014522294029,6.351682811993654e-06
정정순,0.0,문화체육관광위원회,정정순,정정순,더불어민주당,초선,지역구,남,Representative,0.1787183559051326,0.0
이자스민,0.0,과학기술정보방송통신위원회,이자스민,이자스민,정의당,재선,비례대표,여,Representative,1.419097879000165,0.0
배진교,0.0,과학기술정보방송통신위원회,배진교,배진교,정의당,초선,비례대표,남,Representative,1.622416384309617,0.0
양경규,0.0,과학기술정보방송통신위원회,양경규,양경규,정의당,초선,비례대표,남,Representative,1.4186110796220983,0.0
장혜영,0.0,과학기술정보방송통신위원회,장혜영,장혜영,정의당,초선,비례대표,여,Representative,1.7094637667725767,0.0
허숙정,0.001758945674973,과학기술정보방송통신위원회,허숙정,허숙정,더불어민주당,초선,비례대표,여,Representative,1.1015877581031428,0.0019376330227187264
강은미,0.0,과학기술정보방송통신위원회,강은미,강은미,정의당,초선,비례대표,여,Representative,1.6918809491792466,0.0
박용진,0.0007412934783552,과학기술정보방송통신위원회,박용진,박용진,더불어민주당,재선,지역구,남,Representative,0.7438287273758981,0.0005513953846170013
도종환,0.0005611157549288,과학기술정보방송통신위원회,도종환,도종환,더불어민주당,3선,지역구,남,Representative,0.2721175456087874,0.00015268944203364692
심상정,0.0,과학기술정보방송통신위원회,심상정,심상정,정의당,4선,지역구,여,Representative,1.7478349658369334,0.0
황보승희,0.0186549768946834,과학기술정보방송통신위원회,황보승희,황보승희,국민의힘,초선,지역구,여,Representative,0.2043416232088162,0.0038119882595825673
이인선,0.0002477701205912,과학기술정보방송통신위원회,이인선,이인선,국민의힘,초선,지역구,여,Representative,0.3231681290160744,8.007140629754524e-05
김은희,0.0,과학기술정보방송통신위원회,김은희,김은희,국민의힘,초선,비례대표,여,Representative,0.273079356185924,0.0
이종성,0.0014960498382431,과학기술정보방송통신위원회,이종성,이종성,국민의힘,초선,비례대표,남,Representative,0.2162605302271925,0.0003235365312647584
구자근,0.0,과학기술정보방송통신위원회,구자근,구자근,국민의힘,초선,지역구,남,Representative,0.0584340346254918,0.0
박대수,0.0,과학기술정보방송통신위원회,박대수,박대수,국민의힘,초선,비례대표,남,Representative,0.2414175298978371,0.0
김용판,0.0027857346792609,과학기술정보방송통신위원회,김용판,김용판,국민의힘,초선,지역구,남,Representative,0.0784323016946945,0.00021849158280516393
백종헌,0.0,과학기술정보방송통신위원회,백종헌,백종헌,국민의힘,초선,지역구,남,Representative,0.1748090064444665,0.0
정우택,0.0024622415406355,과학기술정보방송통신위원회,정우택,정우택,국민의힘,5선,지역구,남,Representative,0.1586300083990965,0.00039058539627161366
김영식,0.073356719737454,과학기술정보방송통신위원회,김영식,김영식,국민의힘,초선,지역구,남,Representative,0.2624749295735833,0.01925429984683733
박성중,0.0345573025739002,과학기술정보방송통신위원회,박성중,박성중,국민의힘,재선,지역구,남,Representative,0.1136597690819902,0.003927775030645963
강기윤,0.0021493392313696,과학기술정보방송통신위원회,강기윤,강기윤,국민의힘,재선,지역구,남,Representative,0.1051953896862757,0.00022610057801192534
이주환,0.0,과학기술정보방송통신위원회,이주환,이주환,국민의힘,초선,지역구,남,Representative,0.0486042879937447,0.0
최춘식,0.0,과학기술정보방송통신위원회,최춘식,최춘식,국민의힘,초선,지역구,남,Representative,0.185261782253888,0.0
이용호,0.0115242798045277,과학기술정보방송통신위원회,이용호,이용호,국민의힘,재선,지역구,남,Representative,1.225607615821687,0.014124245095289213
김근태,0.0,과학기술정보방송통신위원회,김근태,김근태,국민의힘,초선,비례대표,남,Representative,0.6071716548713029,0.0
권성동,0.0033618640124703,과학기술정보방송통신위원회,권성동,권성동,국민의힘,4선,지역구,남,Representative,0.1650123478378992,0.0005547490738094646
지성호,0.0,과학기술정보방송통신위원회,지성호,지성호,국민의힘,초선,비례대표,남,Representative,0.152368783397105,0.0
임병헌,0.0004690760537423,과학기술정보방송통신위원회,임병헌,임병헌,국민의힘,초선,지역구,남,Representative,0.2574402072023462,0.0001207590364690766
최연숙,0.0061580053910052,과학기술정보방송통신위원회,최연숙,최연숙,국민의당,초선,비례대표,여,Representative,1.4543314865112702,0.008955781134245009
이태규,0.0054657145255271,과학기술정보방송통신위원회,이태규,이태규,국민의당,재선,비례대표,남,Representative,0.7108411718546286,0.003885254918348549
정희용,0.004382032095925,과학기술정보방송통신위원회,정희용,정희용,국민의힘,초선,지역구,남,Representative,0.1013462246233544,0.0004441024091003635
태영호,0.0042438237181665,과학기술정보방송통신위원회,태영호,태영호,국민의힘,초선,지역구,남,Representative,0.1778687283130429,0.0007548435279350048
최승재,0.0032480403057861,과학기술정보방송통신위원회,최승재,최승재,국민의힘,초선,비례대표,남,Representative,0.4362396164165481,0.001416923857101616
강대식,0.0034600866369651,과학기술정보방송통신위원회,강대식,강대식,국민의힘,초선,지역구,남,Representative,0.1076879275224922,0.0003726095589830415
최재형,0.0,과학기술정보방송통신위원회,최재형,최재형,국민의힘,초선,지역구,남,Representative,0.291581396883635,0.0
홍석준,0.0171039906335637,과학기술정보방송통신위원회,홍석준,홍석준,국민의힘,초선,지역구,남,Representative,0.1047310895160982,0.0017913195741262652
장제원,0.0006306487300334,과학기술정보방송통신위원회,장제원,장제원,국민의힘,3선,지역구,남,Representative,0.0909064879091423,5.733006115169722e-05
유경준,0.0005552666543735,과학기술정보방송통신위원회,유경준,유경준,국민의힘,초선,지역구,남,Representative,0.1969803900983735,0.00010937664218711077
하영제,0.0098888499764439,과학기술정보방송통신위원회,하영제,하영제,국민의힘,초선,지역구,남,Representative,0.1478614433724366,0.0014621796308104805
전봉민,0.0027194682969725,과학기술정보방송통신위원회,전봉민,전봉민,국민의힘,초선,지역구,남,Representative,0.0399499989170311,0.00010864275551895178
이개호,0.0008285857233373,과학기술정보방송통신위원회,이개호,이개호,더불어민주당,3선,지역구,남,Representative,0.1131561090092011,9.375953643342326e-05
허영,0.0,과학기술정보방송통신위원회,허영,허영,더불어민주당,초선,지역구,남,Representative,0.2272084723983615,0.0
이병훈,0.0060591261880699,과학기술정보방송통신위원회,이병훈,이병훈,더불어민주당,초선,지역구,남,Representative,0.1790578800414445,0.001084934290139395
오영환,0.0,과학기술정보방송통신위원회,오영환,오영환,더불어민주당,초선,지역구,남,Representative,0.2639159163033288,0.0
장철민,0.0,과학기술정보방송통신위원회,장철민,장철민,더불어민주당,초선,지역구,남,Representative,0.1714224222163959,0.0
김철민,0.0037475740266179,과학기술정보방송통신위원회,김철민,김철민,더불어민주당,재선,지역구,남,Representative,0.1469147406376817,0.0005505738661410812
강득구,0.0,과학기술정보방송통신위원회,강득구,강득구,더불어민주당,초선,지역구,남,Representative,0.5445023530105706,0.0
임호선,0.0083668092298666,과학기술정보방송통신위원회,임호선,임호선,더불어민주당,초선,지역구,남,Representative,0.1630095698549976,0.0013638699736193782
박광온,0.0024872003120874,과학기술정보방송통신위원회,박광온,박광온,더불어민주당,3선,지역구,남,Representative,0.0636172526258988,0.00015822885058527846
김영주,0.007311819458524,과학기술정보방송통신위원회,김영주,김영주,더불어민주당,4선,지역구,여,Representative,0.3478961305037666,0.0025437536965626454
윤두현,0.0048396822923497,과학기술정보방송통신위원회,윤두현,윤두현,국민의힘,초선,지역구,남,Representative,0.2056082379737857,0.0009950785484829537
서일준,0.0,과학기술정보방송통신위원회,서일준,서일준,국민의힘,초선,지역구,남,Representative,0.0727597785364597,0.0
류성걸,0.0011301498419912,과학기술정보방송통신위원회,류성걸,류성걸,국민의힘,재선,지역구,남,Representative,0.0750174025505985,8.478090563914913e-05
박대출,0.0056975795140616,과학기술정보방송통신위원회,박대출,박대출,국민의힘,3선,지역구,남,Representative,0.1127161477762168,0.0006422092144737128
정경희,0.0064745085879445,과학기술정보방송통신위원회,정경희,정경희,국민의힘,초선,비례대표,여,Representative,0.3356632617736524,0.0021732546710109754
윤주경,0.0022943040992333,과학기술정보방송통신위원회,윤주경,윤주경,국민의힘,초선,비례대표,여,Representative,0.4248222909210703,0.0009746715235058931
조수진,0.0021947129425708,과학기술정보방송통신위원회,조수진,조수진,국민의힘,초선,비례대표,여,Representative,0.1152574433846105,0.00025295700272382594
박진,0.000202274221556,과학기술정보방송통신위원회,박진,박진,국민의힘,4선,지역구,남,Representative,0.2849925584102457,5.764664790168531e-05
김예지,0.0185376139115397,과학기술정보방송통신위원회,김예지,김예지,국민의힘,초선,비례대표,여,Representative,0.5578154035188375,0.010340566584341933
박덕흠,0.0060258574589608,과학기술정보방송통신위원회,박덕흠,박덕흠,국민의힘,3선,지역구,남,Representative,0.2317213323874486,0.0013963197191672418
성일종,0.0047289547202184,과학기술정보방송통신위원회,성일종,성일종,국민의힘,재선,지역구,남,Representative,0.2955294681309887,0.0013975454732816721
김도읍,0.0030873627321357,과학기술정보방송통신위원회,김도읍,김도읍,국민의힘,3선,지역구,남,Representative,0.0057675742475114,1.7806593786592302e-05
권명호,0.0035959972264954,과학기술정보방송통신위원회,권명호,권명호,국민의힘,초선,지역구,남,Representative,0.101862293500913,0.00036629652491374355
박형수,0.00101675460103,과학기술정보방송통신위원회,박형수,박형수,국민의힘,초선,지역구,남,Representative,0.1289259726016864,0.00013108607583503236
전주혜,0.0,과학기술정보방송통신위원회,전주혜,전주혜,국민의힘,초선,비례대표,여,Representative,0.2622996745628045,0.0
윤한홍,0.0013238946845254,과학기술정보방송통신위원회,윤한홍,윤한홍,국민의힘,재선,지역구,남,Representative,0.0633220910364272,8.383177973615946e-05
김형동,0.0,과학기술정보방송통신위원회,김형동,김형동,국민의힘,초선,지역구,남,Representative,0.2200235295412783,0.0
박찬대,0.0032607560794323,과학기술정보방송통신위원회,박찬대,박찬대,더불어민주당,재선,지역구,남,Representative,0.2786489795755955,0.0009086063541787297
조승래,0.0926106568582226,과학기술정보방송통신위원회,조승래,조승래,더불어민주당,재선,지역구,남,Representative,0.2359910708975734,0.021855288088499653
이정문,0.0113132112522666,과학기술정보방송통신위원회,이정문,이정문,더불어민주당,초선,지역구,남,Representative,0.0848113999966772,0.000959489284762892
장경태,0.0035035681378775,과학기술정보방송통신위원회,장경태,장경태,더불어민주당,초선,지역구,남,Representative,0.403738270388732,0.0014145245401757324
유기홍,0.0006639784826567,과학기술정보방송통신위원회,유기홍,유기홍,더불어민주당,3선,지역구,남,Representative,0.533695852611625,0.0003543625624172406
허종식,0.0,과학기술정보방송통신위원회,허종식,허종식,더불어민주당,초선,지역구,남,Representative,0.5071840623526072,0.0
박성준,0.0,과학기술정보방송통신위원회,박성준,박성준,더불어민주당,초선,지역구,남,Representative,0.2002255367463627,0.0
문진석,0.0,과학기술정보방송통신위원회,문진석,문진석,더불어민주당,초선,지역구,남,Representative,0.2131284851715763,0.0
전재수,0.000619203708091,과학기술정보방송통신위원회,전재수,전재수,더불어민주당,재선,지역구,남,Representative,0.1512554413902672,9.365793017779437e-05
최기상,0.0,과학기술정보방송통신위원회,최기상,최기상,더불어민주당,초선,지역구,남,Representative,0.2058827885501175,0.0
하태경,0.0037310831939333,과학기술정보방송통신위원회,하태경,하태경,국민의힘,3선,지역구,남,Representative,0.5914732693738115,0.0022068359750214116
엄태영,0.0,과학기술정보방송통신위원회,엄태영,엄태영,국민의힘,초선,지역구,남,Representative,0.2112428656135919,0.0
이명수,0.0,과학기술정보방송통신위원회,이명수,이명수,국민의힘,4선,지역구,남,Representative,0.4078212172780129,0.0
정진석,0.0005418810767362,과학기술정보방송통신위원회,정진석,정진석,국민의힘,5선,지역구,남,Representative,0.0704006718058257,3.814879184109266e-05
안철수,0.0008133573743682,과학기술정보방송통신위원회,안철수,안철수,국민의힘,3선,지역구,남,Representative,0.4836184997568817,0.0003933546731581453
황희,0.0037598772773958,과학기술정보방송통신위원회,황희,황희,더불어민주당,재선,지역구,남,Representative,0.2589890766385589,0.0009737671443470371
권영세,0.0001405742618927,과학기술정보방송통신위원회,권영세,권영세,국민의힘,4선,지역구,남,Representative,0.3767193328116696,5.295704215071085e-05
장동혁,0.0,과학기술정보방송통신위원회,장동혁,장동혁,국민의힘,초선,지역구,남,Representative,0.2751477089855504,0.0
김승수,0.0018435807413558,과학기술정보방송통신위원회,김승수,김승수,국민의힘,초선,지역구,남,Representative,0.1092543380607149,0.00020141919355830997
이용,0.000577911922684,과학기술정보방송통신위원회,이용,이용,국민의힘,초선,비례대표,남,Representative,0.0598766122576743,3.460340811363692e-05
강민국,0.0018354796333841,과학기술정보방송통신위원회,강민국,강민국,국민의힘,초선,지역구,남,Representative,0.153084768117913,0.00028098397406175693
윤창현,0.0,과학기술정보방송통신위원회,윤창현,윤창현,국민의힘,초선,비례대표,남,Representative,0.1659560286241812,0.0
정동만,0.0010435161116026,과학기술정보방송통신위원회,정동만,정동만,국민의힘,초선,지역구,남,Representative,0.0224883277952201,2.346693237731275e-05
김석기,0.0035830839126365,과학기술정보방송통신위원회,김석기,김석기,국민의힘,재선,지역구,남,Representative,0.2160995399392338,0.0007743027850844175
김미애,0.0,과학기술정보방송통신위원회,김미애,김미애,국민의힘,초선,지역구,여,Representative,0.1300450243421692,0.0
유상범,0.0017568172161713,과학기술정보방송통신위원회,유상범,유상범,국민의힘,초선,지역구,남,Representative,0.3489284768254078,0.0006130035552993049
양향자,0.0461751828872709,과학기술정보방송통신위원회,양향자,양향자,더불어민주당,초선,지역구,여,Representative,0.9193887826618028,0.0424529451839141
박성민,0.0,과학기술정보방송통신위원회,박성민,박성민,국민의힘,초선,지역구,남,Representative,0.1920963982054519,0.0
김태호,0.0,과학기술정보방송통신위원회,김태호,김태호,국민의힘,3선,지역구,남,Representative,0.2550454797747435,0.0
서범수,0.0020278573696397,과학기술정보방송통신위원회,서범수,서범수,국민의힘,초선,지역구,남,Representative,0.2022344335941221,0.00041010258655875103
이은주,0.0028735096158623,과학기술정보방송통신위원회,이은주,이은주,정의당,초선,비례대표,여,Representative,1.7394356928672845,0.004998285189628244
강민정,0.0,과학기술정보방송통신위원회,강민정,강민정,열린민주당,초선,비례대표,여,Representative,1.3217456216851513,0.0
박정,0.0020357655849312,과학기술정보방송통신위원회,박정,박정,더불어민주당,재선,지역구,남,Representative,0.1086038378087208,0.00022109195540244366
고민정,0.0007053880062415,과학기술정보방송통신위원회,고민정,고민정,더불어민주당,초선,지역구,여,Representative,0.3526006355299543,0.00024872025929596026
강성희,0.0,과학기술정보방송통신위원회,강성희,강성희,진보당,초선,지역구,남,Representative,1.777874656814911,0.0
기동민,0.0,과학기술정보방송통신위원회,기동민,기동민,더불어민주당,재선,지역구,남,Representative,0.4426922620576195,0.0
노웅래,0.0013686758821302,과학기술정보방송통신위원회,노웅래,노웅래,더불어민주당,4선,지역구,남,Representative,0.2613156957741633,0.00035765649042816995
민형배,0.0121707866859262,과학기술정보방송통신위원회,민형배,민형배,더불어민주당,초선,지역구,남,Representative,0.5990186631316904,0.007290528369864489
양정숙,0.0476770445493042,과학기술정보방송통신위원회,양정숙,양정숙,국민의힘,초선,비례대표,여,Representative,0.754948281969812,0.0359937028718954
최영희,0.0035499150543125,과학기술정보방송통신위원회,최영희,최영희,국민의힘,초선,비례대표,여,Representative,0.1798744661352604,0.0006385390752199849
조경태,0.0,과학기술정보방송통신위원회,조경태,조경태,국민의힘,5선,지역구,남,Representative,0.3722224896824415,0.0
정운천,0.0041218854868909,과학기술정보방송통신위원회,정운천,정운천,국민의힘,재선,비례대표,남,Representative,0.2095429101918529,0.0008637118804006816
김영진,0.0,과학기술정보방송통신위원회,김영진,김영진,더불어민주당,재선,지역구,남,Representative,0.0792247561405531,0.0
박영순,0.0023930584946984,과학기술정보방송통신위원회,박영순,박영순,더불어민주당,초선,지역구,남,Representative,0.3793634271542586,0.0009078388719293961
변재일,0.0306063847401131,과학기술정보방송통신위원회,변재일,변재일,더불어민주당,5선,지역구,남,Representative,0.3557301750687391,0.010887614601821617
서영석,0.0,과학기술정보방송통신위원회,서영석,서영석,더불어민주당,초선,지역구,남,Representative,0.1839691144889395,0.0
설훈,0.0,과학기술정보방송통신위원회,설훈,설훈,더불어민주당,5선,지역구,남,Representative,0.3265334931650108,0.0
이용빈,0.0266362254685032,과학기술정보방송통신위원회,이용빈,이용빈,더불어민주당,초선,지역구,남,Representative,0.4600032901867735,0.012252751353668205
한준호,0.0121700664318813,과학기술정보방송통신위원회,한준호,한준호,더불어민주당,초선,지역구,남,Representative,0.1454541395520071,0.0017701865411400596
김주영,0.0021582509578111,과학기술정보방송통신위원회,김주영,김주영,더불어민주당,초선,지역구,남,Representative,0.3630556068353552,0.0007835651111910955
김홍걸,0.0032330710729456,과학기술정보방송통신위원회,김홍걸,김홍걸,더불어민주당,초선,비례대표,남,Representative,0.5197862075653299,0.0016805057517955656
민병덕,0.0057665673987189,과학기술정보방송통신위원회,민병덕,민병덕,더불어민주당,초선,지역구,남,Representative,0.534492412029025,0.003082186518069205
송옥주,0.0,과학기술정보방송통신위원회,송옥주,송옥주,더불어민주당,재선,지역구,여,Representative,0.2621477343853833,0.0
최인호,0.0006885036992261,과학기술정보방송통신위원회,최인호,최인호,더불어민주당,재선,지역구,남,Representative,0.1711937203769239,0.00011786750976379068
이인영,0.006444498021928,과학기술정보방송통신위원회,이인영,이인영,더불어민주당,4선,지역구,남,Representative,0.2800294833760527,0.0018046494516984915
김상희,0.0187205919505274,과학기술정보방송통신위원회,김상희,김상희,더불어민주당,4선,지역구,여,Representative,0.5592599599039866,0.010469677503630849
김승남,0.0030082318670158,과학기술정보방송통신위원회,김승남,김승남,더불어민주당,재선,지역구,남,Representative,0.2124111150114147,0.0006389818850856959
박상혁,0.0015495928829549,과학기술정보방송통신위원회,박상혁,박상혁,더불어민주당,초선,지역구,남,Representative,0.1910820455968065,0.00029609937791727503
박홍근,0.0031773214577213,과학기술정보방송통신위원회,박홍근,박홍근,더불어민주당,3선,지역구,남,Representative,0.2914629024230286,0.0009260713339984182
신현영,0.0002015605433772,과학기술정보방송통신위원회,신현영,신현영,더불어민주당,초선,비례대표,여,Representative,0.3325126093005273,6.702142221038488e-05
조오섭,0.0018701372846331,과학기술정보방송통신위원회,조오섭,조오섭,더불어민주당,초선,지역구,남,Representative,0.3537241914215748,0.0006615127988541828
최종윤,0.0059676075717077,과학기술정보방송통신위원회,최종윤,최종윤,더불어민주당,초선,지역구,남,Representative,0.1716391861609539,0.001024275306935856
노용호,0.0004536208628342,과학기술정보방송통신위원회,노용호,노용호,국민의힘,초선,비례대표,남,Representative,0.1923972318813689,8.727539833293822e-05
양금희,0.0030780104649056,과학기술정보방송통신위원회,양금희,양금희,국민의힘,초선,지역구,여,Representative,0.1636013212186727,0.0005035665787834572
이철규,0.0,과학기술정보방송통신위원회,이철규,이철규,국민의힘,재선,지역구,남,Representative,0.1840560451181021,0.0
김희국,0.0,과학기술정보방송통신위원회,김희국,김희국,국민의힘,재선,지역구,남,Representative,0.0800803641309325,0.0
주호영,0.0014536099391843,과학기술정보방송통신위원회,주호영,주호영,국민의힘,5선,지역구,남,Representative,0.2385724628270604,0.00034679130318109193
김웅,0.0,과학기술정보방송통신위원회,김웅,김웅,국민의힘,초선,지역구,남,Representative,0.3699621682437175,0.0
서병수,0.0,과학기술정보방송통신위원회,서병수,서병수,국민의힘,5선,지역구,남,Representative,0.3254004320021045,0.0
김학용,0.0003791707657491,과학기술정보방송통신위원회,김학용,김학용,국민의힘,4선,지역구,남,Representative,0.2414249164893882,9.154127045619384e-05
김희곤,0.0010540934005517,과학기술정보방송통신위원회,김희곤,김희곤,국민의힘,초선,지역구,남,Representative,0.172954273871935,0.00018230995868561797
임이자,0.0,과학기술정보방송통신위원회,임이자,임이자,국민의힘,재선,지역구,여,Representative,0.0338839582899253,0.0
김민석,0.0024873168724894,과학기술정보방송통신위원회,김민석,김민석,더불어민주당,3선,지역구,남,Representative,0.5124972621164758,0.001274743087166933
양기대,0.0010526013664355,과학기술정보방송통신위원회,양기대,양기대,더불어민주당,초선,지역구,남,Representative,0.2301185334449006,0.0002422230827462357
이동주,0.0,과학기술정보방송통신위원회,이동주,이동주,더불어민주당,초선,비례대표,남,Representative,0.2481459493801818,0.0
임종성,0.0010705636421383,과학기술정보방송통신위원회,임종성,임종성,더불어민주당,재선,지역구,남,Representative,0.2168072376798863,0.00023210594601252317
황운하,0.0019829921384756,과학기술정보방송통신위원회,황운하,황운하,더불어민주당,초선,지역구,남,Representative,0.5488281734063343,0.0010883219532386843
윤영찬,0.0144859615121432,과학기술정보방송통신위원회,윤영찬,윤영찬,더불어민주당,초선,지역구,남,Representative,0.1950263668759664,0.0028251444444183683
고용진,0.0,과학기술정보방송통신위원회,고용진,고용진,더불어민주당,재선,지역구,남,Representative,0.2115658202772826,0.0
서삼석,0.0,과학기술정보방송통신위원회,서삼석,서삼석,더불어민주당,재선,지역구,남,Representative,0.2012082502190047,0.0
송갑석,0.0046928170556786,과학기술정보방송통신위원회,송갑석,송갑석,더불어민주당,재선,지역구,남,Representative,0.0670810059002477,0.0003147988886007592
최혜영,0.0027605521433234,과학기술정보방송통신위원회,최혜영,최혜영,더불어민주당,초선,비례대표,여,Representative,0.4555600514410841,0.001257597276418203
한병도,0.0022762464420556,과학기술정보방송통신위원회,한병도,한병도,더불어민주당,재선,지역구,남,Representative,0.4404702338128733,0.001002618802547951
홍성국,0.0,과학기술정보방송통신위원회,홍성국,홍성국,더불어민주당,초선,지역구,남,Representative,0.0821632285254589,0.0
우상호,0.0002945170766703,과학기술정보방송통신위원회,우상호,우상호,더불어민주당,4선,지역구,남,Representative,0.354889315495192,0.00010452096374116774
김남국,0.0015415574579812,과학기술정보방송통신위원회,김남국,김남국,더불어민주당,초선,지역구,남,Representative,0.4903679722415279,0.0007559304047640454
김두관,0.0,과학기술정보방송통신위원회,김두관,김두관,더불어민주당,재선,지역구,남,Representative,0.7087657792985883,0.0
남인순,0.0,과학기술정보방송통신위원회,남인순,남인순,더불어민주당,3선,지역구,여,Representative,0.5088905772697233,0.0
용혜인,0.0,과학기술정보방송통신위원회,용혜인,용혜인,기본소득당,초선,비례대표,여,Representative,1.5260787063967094,0.0
정성호,0.0039237808621687,과학기술정보방송통신위원회,정성호,정성호,더불어민주당,4선,지역구,남,Representative,0.4625431982315658,0.0018149181491473212
정태호,0.0029943170742802,과학기술정보방송통신위원회,정태호,정태호,더불어민주당,초선,지역구,남,Representative,0.2629825046404378,0.0007874530038818349
김정재,0.0,과학기술정보방송통신위원회,김정재,김정재,국민의힘,재선,지역구,여,Representative,0.2574250589731167,0.0
박정하,0.0003410579157112,과학기술정보방송통신위원회,박정하,박정하,국민의힘,초선,지역구,남,Representative,0.2937123128515209,0.00010017290923985561
안병길,0.0013637537112537,과학기술정보방송통신위원회,안병길,안병길,국민의힘,초선,지역구,남,Representative,0.0420092157277911,5.729022385563241e-05
송석준,0.00058667007451,과학기술정보방송통신위원회,송석준,송석준,국민의힘,재선,지역구,남,Representative,0.2718885877183796,0.00015950889801516043
김상훈,0.0020284924359913,과학기술정보방송통신위원회,김상훈,김상훈,국민의힘,3선,지역구,남,Representative,0.1882659368916839,0.0003818960289395962
이헌승,0.002029177699736,과학기술정보방송통신위원회,이헌승,이헌승,국민의힘,3선,지역구,남,Representative,0.1758853015028908,0.0003569025315210088
한무경,0.0,과학기술정보방송통신위원회,한무경,한무경,국민의힘,초선,비례대표,여,Representative,0.1040419536269268,0.0
윤재옥,0.0,과학기술정보방송통신위원회,윤재옥,윤재옥,국민의힘,3선,지역구,남,Representative,0.5807333195948687,0.0
김영선,0.000417776351302,과학기술정보방송통신위원회,김영선,김영선,국민의힘,5선,,여,Representative,0.2168412076010161,9.059112852347202e-05
배준영,0.0,과학기술정보방송통신위원회,배준영,배준영,국민의힘,초선,지역구,남,Representative,0.4029858723602732,0.0
이채익,0.0008627885247492,과학기술정보방송통신위원회,이채익,이채익,국민의힘,3선,지역구,남,Representative,0.305886901391201,0.0002639157083914183
조명희,0.0651973890871162,과학기술정보방송통신위원회,조명희,조명희,국민의힘,초선,비례대표,여,Representative,0.2553086924045825,0.01664546015602443
송기헌,0.0,과학기술정보방송통신위원회,송기헌,송기헌,더불어민주당,재선,지역구,남,Representative,0.3097590421845094,0.0
이상헌,0.0010785851389236,과학기술정보방송통신위원회,이상헌,이상헌,더불어민주당,재선,지역구,남,Representative,0.6637862515737748,0.0007159499863692755
안규백,0.0,과학기술정보방송통신위원회,안규백,안규백,더불어민주당,4선,지역구,남,Representative,0.3809557196948137,0.0
안민석,0.0,과학기술정보방송통신위원회,안민석,안민석,더불어민주당,5선,지역구,남,Representative,0.3441477269487697,0.0
우원식,0.0004840198949059,과학기술정보방송통신위원회,우원식,우원식,더불어민주당,4선,지역구,남,Representative,0.3474908272016026,0.00016819247366288396
김정호,0.0184240749578924,과학기술정보방송통신위원회,김정호,김정호,더불어민주당,재선,지역구,남,Representative,0.2475581055450652,0.004561029092996119
김경만,0.0065059654646167,과학기술정보방송통신위원회,김경만,김경만,더불어민주당,초선,비례대표,남,Representative,0.2607821776703825,0.0016966398417110448
김용민,0.0020133862288239,과학기술정보방송통신위원회,김용민,김용민,더불어민주당,초선,지역구,남,Representative,0.5183906276468344,0.0010437205508555146
김윤덕,0.0,과학기술정보방송통신위원회,김윤덕,김윤덕,더불어민주당,재선,지역구,남,Representative,0.2869485044660441,0.0
소병철,0.0002452948523277,과학기술정보방송통신위원회,소병철,소병철,더불어민주당,초선,지역구,남,Representative,0.1921494526414231,4.713327161052627e-05
안호영,0.0,과학기술정보방송통신위원회,안호영,안호영,더불어민주당,재선,지역구,남,Representative,0.5118923685595783,0.0
어기구,0.0,과학기술정보방송통신위원회,어기구,어기구,더불어민주당,재선,지역구,남,Representative,0.1048322749382438,0.0
윤후덕,0.0,과학기술정보방송통신위원회,윤후덕,윤후덕,더불어민주당,3선,지역구,남,Representative,0.1665258272005472,0.0
김경협,0.0012255496912537,과학기술정보방송통신위원회,김경협,김경협,더불어민주당,3선,지역구,남,Representative,0.3651315668203744,0.0004474868789836896
김태년,0.0018253347468951,과학기술정보방송통신위원회,김태년,김태년,더불어민주당,4선,지역구,남,Representative,0.0302627005970719,5.523955893471843e-05
맹성규,0.0,과학기술정보방송통신위원회,맹성규,맹성규,더불어민주당,재선,지역구,남,Representative,0.3423921953477248,0.0
정춘숙,0.0,과학기술정보방송통신위원회,정춘숙,정춘숙,더불어민주당,재선,지역구,여,Representative,0.1638501850633351,0.0
홍정민,0.0158555983020857,과학기술정보방송통신위원회,홍정민,홍정민,더불어민주당,초선,지역구,여,Representative,0.1978012226072815,0.003136256729322488
진선미,0.0025396313326433,과학기술정보방송통신위원회,진선미,진선미,더불어민주당,3선,지역구,여,Representative,0.0766752551488706,0.00019472688041449128
이만희,0.0,과학기술정보방송통신위원회,이만희,이만희,국민의힘,재선,지역구,남,Representative,0.1771920077790279,0.0
이양수,0.0,과학기술정보방송통신위원회,이양수,이양수,국민의힘,재선,지역구,남,Representative,0.4099103257016184,0.0
강준현,0.0,과학기술정보방송통신위원회,강준현,강준현,더불어민주당,초선,지역구,남,Representative,0.2442135956139989,0.0
김의겸,0.001118581283922,과학기술정보방송통신위원회,김의겸,김의겸,열린민주당,초선,비례대표,남,Representative,0.8380800716465495,0.0009374606825718392
박완주,0.0065064053022019,과학기술정보방송통신위원회,박완주,박완주,더불어민주당,3선,지역구,남,Representative,0.3781620068650885,0.002460475286558323
이학영,0.0,과학기술정보방송통신위원회,이학영,이학영,더불어민주당,3선,지역구,남,Representative,0.0560092720869861,0.0
정필모,0.0163777027962314,과학기술정보방송통신위원회,정필모,정필모,더불어민주당,초선,비례대표,남,Representative,0.1873329443348586,0.003068083286259275
김원이,0.0008028154235409,과학기술정보방송통신위원회,김원이,김원이,더불어민주당,초선,지역구,남,Representative,0.2360613447578642,0.00018951368847341916
인재근,0.0,과학기술정보방송통신위원회,인재근,인재근,더불어민주당,3선,지역구,여,Representative,0.2910042957726254,0.0
허은아,0.0067520256825183,과학기술정보방송통신위원회,허은아,허은아,국민의힘,초선,비례대표,여,Representative,0.290583414125627,0.0019620266750900845
김성환,0.0006366911559859,과학기술정보방송통신위원회,김성환,김성환,더불어민주당,재선,지역구,남,Representative,0.2337158540241251,0.00014880481727085206
문정복,0.0,과학기술정보방송통신위원회,문정복,문정복,더불어민주당,초선,지역구,여,Representative,0.5768076262279168,0.0
백혜련,0.0,과학기술정보방송통신위원회,백혜련,백혜련,더불어민주당,재선,지역구,여,Representative,0.262002066035241,0.0
서영교,0.0006367175787978,과학기술정보방송통신위원회,서영교,서영교,더불어민주당,3선,지역구,여,Representative,0.4396629254011983,0.00027994111334860873
이용선,0.0021710222180359,과학기술정보방송통신위원회,이용선,이용선,더불어민주당,초선,지역구,남,Representative,0.5128505108380027,0.001113409853560365
양이원영,0.0037151127078971,과학기술정보방송통신위원회,양이원영,양이원영,더불어민주당,초선,비례대표,여,Representative,0.538619431256871,0.0020010318937827096
윤영덕,0.0036789675210128,과학기술정보방송통신위원회,윤영덕,윤영덕,더불어민주당,초선,지역구,남,Representative,0.5936797322448536,0.002184128452812392
이형석,0.0014566368997528,과학기술정보방송통신위원회,이형석,이형석,더불어민주당,초선,지역구,남,Representative,0.1083558993299242,0.00015783520126986728
김민기,0.0,과학기술정보방송통신위원회,김민기,김민기,더불어민주당,3선,지역구,남,Representative,0.1116766109823257,0.0
송재호,0.0008889666165369,과학기술정보방송통신위원회,송재호,송재호,더불어민주당,초선,지역구,남,Representative,0.3758954363478019,0.00033415849422176717
윤재갑,0.0,과학기술정보방송통신위원회,윤재갑,윤재갑,더불어민주당,초선,지역구,남,Representative,0.6854440000858673,0.0
김성원,0.0,과학기술정보방송통신위원회,김성원,김성원,국민의힘,재선,지역구,남,Representative,0.0969967354280285,0.0
홍문표,0.0,과학기술정보방송통신위원회,홍문표,홍문표,국민의힘,4선,지역구,남,Representative,0.5476629473060372,0.0
윤상현,0.0024356479703504,과학기술정보방송통신위원회,윤상현,윤상현,국민의힘,4선,지역구,남,Representative,0.6145800382735443,0.0014969006228388293
유의동,0.0008631382043945,과학기술정보방송통신위원회,유의동,유의동,국민의힘,3선,지역구,남,Representative,0.5050232279002433,0.00043590484210733035
김한규,0.0,과학기술정보방송통신위원회,김한규,김한규,더불어민주당,초선,지역구,남,Representative,0.4606560544107763,0.0
김민철,0.0,과학기술정보방송통신위원회,김민철,김민철,더불어민주당,초선,지역구,남,Representative,0.2612442298812484,0.0
윤호중,0.0,과학기술정보방송통신위원회,윤호중,윤호중,더불어민주당,4선,지역구,남,Representative,0.1128950186454341,0.0
이장섭,0.0022195488674591,과학기술정보방송통신위원회,이장섭,이장섭,더불어민주당,초선,지역구,남,Representative,0.2854497963072183,0.0006335697721101171
홍익표,0.0072934636628539,과학기술정보방송통신위원회,홍익표,홍익표,더불어민주당,3선,지역구,남,Representative,0.165353191622152,0.0012059974946330837
윤준병,0.0035183053461489,과학기술정보방송통신위원회,윤준병,윤준병,더불어민주당,초선,지역구,남,Representative,0.4344183278979442,0.001528416325508403
조은희,0.0009252675382596,과학기술정보방송통신위원회,조은희,조은희,국민의힘,초선,지역구,여,Representative,0.4971643551550483,0.00046001003900473305
김종민,0.002049737750179,과학기술정보방송통신위원회,김종민,김종민,더불어민주당,재선,지역구,남,Representative,0.6226025996525496,0.0012761720518674137
윤미향,0.0011032348141258,과학기술정보방송통신위원회,윤미향,윤미향,더불어민주당,초선,비례대표,여,Representative,1.0539381495296805,0.0011627412584964665
최강욱,0.000340240782059,과학기술정보방송통신위원회,최강욱,최강욱,열린민주당,초선,비례대표,남,Representative,0.7842536920804917,0.0002668350895261246
김성주,0.0009463151313117,과학기술정보방송통신위원회,김성주,김성주,더불어민주당,재선,지역구,남,Representative,0.3218992730272499,0.0003046181528239228
윤건영,0.0009959300844486,과학기술정보방송통신위원회,윤건영,윤건영,더불어민주당,초선,지역구,남,Representative,0.2535746445358753,0.000252542617146638
소병훈,0.0009175585239342,과학기술정보방송통신위원회,소병훈,소병훈,더불어민주당,재선,지역구,남,Representative,0.4495375269510719,0.0004124769896822562
유정주,0.0,과학기술정보방송통신위원회,유정주,유정주,더불어민주당,초선,비례대표,여,Representative,0.3402755762534749,0.0
조정식,0.0017426057213421,과학기술정보방송통신위원회,조정식,조정식,더불어민주당,5선,지역구,남,Representative,0.0982721838798874,0.00017124966987787466
서정숙,0.0,과학기술정보방송통신위원회,서정숙,서정숙,국민의힘,초선,비례대표,여,Representative,0.3409787953353209,0.0
이종배,0.0064430989661209,과학기술정보방송통신위원회,이종배,이종배,국민의힘,3선,지역구,남,Representative,0.121959560331773,0.0007857975170822061
신정훈,0.0,과학기술정보방송통신위원회,신정훈,신정훈,더불어민주당,재선,지역구,남,Representative,0.1277927153232575,0.0
홍영표,0.0010323018137914,과학기술정보방송통신위원회,홍영표,홍영표,더불어민주당,4선,지역구,남,Representative,0.2094480075912773,0.00021621355813147047
신동근,0.0,과학기술정보방송통신위원회,신동근,신동근,더불어민주당,재선,지역구,남,Representative,0.1433568328564554,0.0
이원욱,0.0176106910676791,과학기술정보방송통신위원회,이원욱,이원욱,더불어민주당,3선,지역구,남,Representative,0.2087926901604398,0.003676983563605147
박재호,0.0,과학기술정보방송통신위원회,박재호,박재호,더불어민주당,재선,지역구,남,Representative,0.2619622171748344,0.0
양경숙,0.0046866567440637,과학기술정보방송통신위원회,양경숙,양경숙,더불어민주당,초선,비례대표,여,Representative,0.3342609954913604,0.0015665665487970303
위성곤,0.0,과학기술정보방송통신위원회,위성곤,위성곤,더불어민주당,재선,지역구,남,Representative,0.4979833092497824,0.0
강훈식,0.010095112704751,과학기술정보방송통신위원회,강훈식,강훈식,더불어민주당,재선,지역구,남,Representative,0.2333552597959055,0.002355747647886116
김한정,0.0,과학기술정보방송통신위원회,김한정,김한정,더불어민주당,재선,지역구,남,Representative,0.3115396476231169,0.0
류호정,0.0035546876507504,과학기술정보방송통신위원회,류호정,류호정,정의당,초선,비례대표,여,Representative,1.9138526831392957,0.006803148498110773
민홍철,0.0004224646890883,과학기술정보방송통신위원회,민홍철,민홍철,더불어민주당,3선,지역구,남,Representative,0.2010526097454781,8.493762826651472e-05
이성만,0.005043267971071,과학기술정보방송통신위원회,이성만,이성만,더불어민주당,초선,지역구,남,Representative,0.2194435071327558,0.0011067124109821178
이탄희,0.0,과학기술정보방송통신위원회,이탄희,이탄희,더불어민주당,초선,지역구,남,Representative,0.6201423822658652,0.0
정청래,0.0026139044380686,과학기술정보방송통신위원회,정청래,정청래,더불어민주당,3선,지역구,남,Representative,0.0751206976802892,0.0001963583250573175
진성준,0.0015332232091147,과학기술정보방송통신위원회,진성준,진성준,더불어민주당,재선,지역구,남,Representative,0.137191834935949,0.00021034570542482992
강병원,0.0057907022581746,과학기술정보방송통신위원회,강병원,강병원,더불어민주당,재선,지역구,남,Representative,0.2679228198118838,0.001551461277701182
홍기원,0.0,과학기술정보방송통신위원회,홍기원,홍기원,더불어민주당,초선,지역구,남,Representative,0.1984078664960204,0.0
박병석,0.0,과학기술정보방송통신위원회,박병석,박병석,더불어민주당,6선,지역구,남,Representative,0.2274246766438502,0.0
박주민,0.0017125766760573,과학기술정보방송통신위원회,박주민,박주민,더불어민주당,재선,지역구,남,Representative,0.7084504412298533,0.0012132757017927498
김병기,0.0,과학기술정보방송통신위원회,김병기,김병기,더불어민주당,재선,지역구,남,Representative,0.1108729186430819,0.0
정일영,0.0,과학기술정보방송통신위원회,정일영,정일영,더불어민주당,초선,지역구,남,Representative,0.1776389564691861,0.0
서동용,0.0,과학기술정보방송통신위원회,서동용,서동용,더불어민주당,초선,지역구,남,Representative,0.3156377014497687,0.0
주철현,0.0,과학기술정보방송통신위원회,주철현,주철현,더불어민주당,초선,지역구,남,Representative,0.1808273551250511,0.0
이재정,0.000135813047269,과학기술정보방송통신위원회,이재정,이재정,더불어민주당,재선,지역구,여,Representative,0.2573809498745986,3.4955691111458975e-05
김영배,0.0012987497116367,과학기술정보방송통신위원회,김영배,김영배,더불어민주당,초선,지역구,남,Representative,0.3173975912495803,0.00041222003010957557
이소영,0.0,과학기술정보방송통신위원회,이소영,이소영,더불어민주당,초선,지역구,여,Representative,0.3137302400903705,0.0
김교흥,0.0,과학기술정보방송통신위원회,김교흥,김교흥,더불어민주당,재선,지역구,남,Representative,0.1927891344584833,0.0
고영인,0.0,과학기술정보방송통신위원회,고영인,고영인,더불어민주당,초선,지역구,남,Representative,0.3272823183515555,0.0
전용기,0.0036207587888703,과학기술정보방송통신위원회,전용기,전용기,더불어민주당,초선,비례대표,남,Representative,0.1508910607377874,0.000546340134328306
조정훈,0.0,과학기술정보방송통신위원회,조정훈,조정훈,시대전환,초선,비례대표,남,Representative,1.7768837528753738,0.0
윤영석,0.0006971062266336,과학기술정보방송통신위원회,윤영석,윤영석,국민의힘,3선,지역구,남,Representative,0.194206349704839,0.00013538245563102566
조해진,0.0005204337145405,과학기술정보방송통신위원회,조해진,조해진,국민의힘,3선,지역구,남,Representative,0.3349213368474088,0.00017430435541436698
한기호,0.0,과학기술정보방송통신위원회,한기호,한기호,국민의힘,3선,지역구,남,Representative,0.3139152323587058,0.0
이상민,0.0052756911834916,과학기술정보방송통신위원회,이상민,이상민,더불어민주당,5선,지역구,남,Representative,0.6797803799490477,0.003586311357207761
임오경,0.0016047244420104,과학기술정보방송통신위원회,임오경,임오경,더불어민주당,초선,지역구,여,Representative,0.0586732885421386,9.415446021669857e-05
김영호,0.0,과학기술정보방송통신위원회,김영호,김영호,더불어민주당,재선,지역구,남,Representative,0.4161281665252168,0.0
전해철,0.0002476265822015,과학기술정보방송통신위원회,전해철,전해철,더불어민주당,3선,지역구,남,Representative,0.111134388568907,2.751982880637189e-05
김수흥,0.0020120842197212,과학기술정보방송통신위원회,김수흥,김수흥,더불어민주당,초선,지역구,남,Representative,0.5088102660790913,0.0010237691072098845
신원식,0.0028924710689094,과학기술정보방송통신위원회,신원식,신원식,국민의힘,초선,비례대표,남,Representative,0.188354618593185,0.0005448102849762522
한정애,0.0,과학기술정보방송통신위원회,한정애,한정애,더불어민주당,3선,지역구,여,Representative,0.200025913945713,0.0
신영대,0.0,과학기술정보방송통신위원회,신영대,신영대,더불어민주당,초선,지역구,남,Representative,0.2397699657028943,0.0
김병주,0.0013398436369277,과학기술정보방송통신위원회,김병주,김병주,더불어민주당,초선,비례대표,남,Representative,0.2434625119610639,0.0003262016974814655
김선교,0.0007911860225738,과학기술정보방송통신위원회,김선교,김선교,국민의힘,초선,지역구,남,Representative,0.1700647696450778,0.00013455286867541862
유동수,0.0,과학기술정보방송통신위원회,유동수,유동수,더불어민주당,재선,지역구,남,Representative,0.4365284860540641,0.0
김회재,0.0005164738493202,과학기술정보방송통신위원회,김회재,김회재,더불어민주당,초선,지역구,남,Representative,0.2705052594012662,0.00013970889258433118
전혜숙,0.009893004150927,과학기술정보방송통신위원회,전혜숙,전혜숙,더불어민주당,3선,지역구,여,Representative,0.3487897833092866,0.0034505787740797015
배현진,0.0005001166863396,과학기술정보방송통신위원회,배현진,배현진,국민의힘,초선,지역구,여,Representative,0.0729943402727777,3.650568757876679e-05
권인숙,0.0041649022941106,과학기술정보방송통신위원회,권인숙,권인숙,더불어민주당,초선,비례대표,여,Representative,0.7127107829573963,0.002968370774976622
강선우,0.0050234654261054,과학기술정보방송통신위원회,강선우,강선우,더불어민주당,초선,지역구,여,Representative,0.2216826678477753,0.0011136152175001063
송언석,0.0,과학기술정보방송통신위원회,송언석,송언석,국민의힘,재선,지역구,남,Representative,0.1978088158038737,0.0
천준호,0.0,과학기술정보방송통신위원회,천준호,천준호,더불어민주당,초선,지역구,남,Representative,0.3993355059681581,0.0
김기현,0.0015345241540115,과학기술정보방송통신위원회,김기현,김기현,국민의힘,4선,지역구,남,Representative,0.3033064478180708,0.00046543107024425826
박수영,0.0,과학기술정보방송통신위원회,박수영,박수영,국민의힘,초선,지역구,남,Representative,0.3130251150523512,0.0
윤관석,0.0,과학기술정보방송통신위원회,윤관석,윤관석,더불어민주당,3선,지역구,남,Representative,0.0726470802193504,0.0
이달곤,0.0,과학기술정보방송통신위원회,이달곤,이달곤,국민의힘,재선,지역구,남,Representative,0.1697317502202084,0.0
최형두,0.0076159100824928,과학기술정보방송통신위원회,최형두,최형두,국민의힘,초선,지역구,남,Representative,0.2907134521220806,0.0022140475111328416
박범계,0.0006170320900731,과학기술정보방송통신위원회,박범계,박범계,더불어민주당,3선,지역구,남,Representative,0.3504014522294029,0.00021620894043375798
정점식,0.0,과학기술정보방송통신위원회,정점식,정점식,국민의힘,재선,지역구,남,Representative,0.1256501314629642,0.0
정찬민,0.0,과학기술정보방송통신위원회,정찬민,정찬민,국민의힘,초선,지역구,남,Representative,0.4442721508323407,0.0
권칠승,0.0010046449833227,과학기술정보방송통신위원회,권칠승,권칠승,더불어민주당,재선,지역구,남,Representative,0.1859285040914948,0.00018679213889221435
이용우,0.0010483847902615,과학기술정보방송통신위원회,이용우,이용우,더불어민주당,초선,지역구,남,Representative,0.231626157115504,0.0002428333401466149
이원택,0.0005168279128357,과학기술정보방송통신위원회,이원택,이원택,더불어민주당,초선,지역구,남,Representative,0.2716912161873271,0.00014041760419788922
권은희,0.0,과학기술정보방송통신위원회,권은희,권은희,국민의당,3선,비례대표,여,Representative,1.4757029872866645,0.0
,0.0,과학기술정보방송통신위원회,,,,,,,Co-Sponsor,0.0,0.0
이광재,0.0014073890612435,과학기술정보방송통신위원회,이광재,이광재,더불어민주당,3선,지역구,남,Representative,0.2037976967403526,0.0002868226490989924
추경호,0.0032279649100401,과학기술정보방송통신위원회,추경호,추경호,국민의힘,재선,지역구,남,Representative,0.0731143995543978,0.00023601071618024763
김태흠,0.0,과학기술정보방송통신위원회,김태흠,김태흠,국민의힘,3선,지역구,남,Representative,0.0980118810479008,0.0
박완수,0.0004592769805506,과학기술정보방송통신위원회,박완수,박완수,국민의힘,재선,지역구,남,Representative,0.1899346266606008,8.723260183468622e-05
이영,0.0014831221179292,과학기술정보방송통신위원회,이영,이영,국민의힘,초선,비례대표,여,Representative,0.2206417648191584,0.00032723868154222667
홍준표,0.0,과학기술정보방송통신위원회,홍준표,홍준표,국민의힘,5선,지역구,남,Representative,0.1745452207856409,0.0
김은혜,0.0,과학기술정보방송통신위원회,김은혜,김은혜,국민의힘,초선,지역구,여,Representative,0.162439713102269,0.0
김진표,0.001369913635004,과학기술정보방송통신위원회,김진표,김진표,더불어민주당,5선,지역구,남,Representative,0.4172834774907449,0.0005716423254764561
오영훈,0.0,과학기술정보방송통신위원회,오영훈,오영훈,더불어민주당,재선,지역구,남,Representative,0.671756127451087,0.0
이해식,0.0,과학기술정보방송통신위원회,이해식,이해식,더불어민주당,초선,지역구,남,Representative,0.2639597631121719,0.0
조응천,0.0,과학기술정보방송통신위원회,조응천,조응천,더불어민주당,재선,지역구,남,Representative,0.254488173419614,0.0
이규민,0.0,과학기술정보방송통신위원회,이규민,이규민,더불어민주당,초선,지역구,남,Representative,0.3923416013378649,0.0
오기형,0.0,과학기술정보방송통신위원회,오기형,오기형,더불어민주당,초선,지역구,남,Representative,0.3978628324702754,0.0
정정순,0.0,과학기술정보방송통신위원회,정정순,정정순,더불어민주당,초선,지역구,남,Representative,0.1787183559051326,0.0
곽상도,0.0,과학기술정보방송통신위원회,곽상도,곽상도,국민의힘,재선,지역구,남,Representative,0.0416731213070125,0.0
윤희숙,0.0,과학기술정보방송통신위원회,윤희숙,윤희숙,국민의힘,초선,지역구,여,Representative,0.28306548324025,0.0
송영길,0.0,과학기술정보방송통신위원회,송영길,송영길,더불어민주당,5선,지역구,남,Representative,0.1847095725159723,0.0
이낙연,0.0,과학기술정보방송통신위원회,이낙연,이낙연,더불어민주당,5선,지역구,남,Representative,0.1016403584957575,0.0
조태용,0.0,과학기술정보방송통신위원회,조태용,조태용,국민의힘,초선,비례대표,남,Representative,0.1545407967786547,0.0
이상직,0.0,과학기술정보방송통신위원회,이상직,이상직,더불어민주당,재선,지역구,남,Representative,0.1875925759171187,0.0
김진애,0.0,과학기술정보방송통신위원회,김진애,김진애,열린민주당,재선,비례대표,여,Representative,1.0590950156918448,0.0
장혜영,0.0106776960953604,국회운영위원회,장혜영,장혜영,정의당,초선,비례대표,여,Representative,1.7094637667725767,0.018253134587627624
심상정,0.0103455816916906,국회운영위원회,심상정,심상정,정의당,4선,지역구,여,Representative,1.7478349658369334,0.018082369422659245
배진교,0.0002417041067811,국회운영위원회,배진교,배진교,정의당,초선,비례대표,남,Representative,1.622416384309617,0.00039214470299657787
강은미,0.0071545512613346,국회운영위원회,강은미,강은미,정의당,초선,비례대표,여,Representative,1.6918809491792466,0.01210464897897836
양경규,0.0,국회운영위원회,양경규,양경규,정의당,초선,비례대표,남,Representative,1.4186110796220983,0.0
이자스민,0.0,국회운영위원회,이자스민,이자스민,정의당,재선,비례대표,여,Representative,1.419097879000165,0.0
용혜인,0.0707437667829119,국회운영위원회,용혜인,용혜인,기본소득당,초선,비례대표,여,Representative,1.5260787063967094,0.1079605560976967
윤미향,0.0,국회운영위원회,윤미향,윤미향,더불어민주당,초선,비례대표,여,Representative,1.0539381495296805,0.0
허숙정,0.0001533286797849,국회운영위원회,허숙정,허숙정,더불어민주당,초선,비례대표,여,Representative,1.1015877581031428,0.00016890499661716265
강성희,0.0,국회운영위원회,강성희,강성희,진보당,초선,지역구,남,Representative,1.777874656814911,0.0
김진표,0.056446313994215,국회운영위원회,김진표,김진표,더불어민주당,5선,지역구,남,Representative,0.4172834774907449,0.023554114195040533
박용진,0.0076925075442019,국회운영위원회,박용진,박용진,더불어민주당,재선,지역구,남,Representative,0.7438287273758981,0.0057219080969331945
이병훈,0.0073514728310631,국회운영위원회,이병훈,이병훈,더불어민주당,초선,지역구,남,Representative,0.1790578800414445,0.0013163391403124348
홍성국,0.0622500925474517,국회운영위원회,홍성국,홍성국,더불어민주당,초선,지역구,남,Representative,0.0821632285254589,0.005114668579707241
전혜숙,0.0,국회운영위원회,전혜숙,전혜숙,더불어민주당,3선,지역구,여,Representative,0.3487897833092866,0.0
이상헌,0.0048394841167406,국회운영위원회,이상헌,이상헌,더불어민주당,재선,지역구,남,Representative,0.6637862515737748,0.003212383021402063
송갑석,0.0,국회운영위원회,송갑석,송갑석,더불어민주당,재선,지역구,남,Representative,0.0670810059002477,0.0
소병철,0.0,국회운영위원회,소병철,소병철,더불어민주당,초선,지역구,남,Representative,0.1921494526414231,0.0
오영환,0.0,국회운영위원회,오영환,오영환,더불어민주당,초선,지역구,남,Representative,0.2639159163033288,0.0
김철민,0.0078736083532246,국회운영위원회,김철민,김철민,더불어민주당,재선,지역구,남,Representative,0.1469147406376817,0.0011567491290966762
이개호,0.0030540814630714,국회운영위원회,이개호,이개호,더불어민주당,3선,지역구,남,Representative,0.1131561090092011,0.0003455879749582877
고용진,0.0,국회운영위원회,고용진,고용진,더불어민주당,재선,지역구,남,Representative,0.2115658202772826,0.0
기동민,0.0044633793648908,국회운영위원회,기동민,기동민,더불어민주당,재선,지역구,남,Representative,0.4426922620576195,0.0019759035074648095
정진석,0.0030856719941855,국회운영위원회,정진석,정진석,국민의힘,5선,지역구,남,Representative,0.0704006718058257,0.00021723338136308106
이명수,0.0170190171399346,국회운영위원회,이명수,이명수,국민의힘,4선,지역구,남,Representative,0.4078212172780129,0.006940716286883494
유상범,0.0023727171735885,국회운영위원회,유상범,유상범,국민의힘,초선,지역구,남,Representative,0.3489284768254078,0.0008279085893177219
지성호,0.0,국회운영위원회,지성호,지성호,국민의힘,초선,비례대표,남,Representative,0.152368783397105,0.0
최형두,0.0033281052675175,국회운영위원회,최형두,최형두,국민의힘,초선,지역구,남,Representative,0.2907134521220806,0.000967524971345693
구자근,0.0019541459553922,국회운영위원회,구자근,구자근,국민의힘,초선,지역구,남,Representative,0.0584340346254918,0.00011418863242065256
정동만,0.0,국회운영위원회,정동만,정동만,국민의힘,초선,지역구,남,Representative,0.0224883277952201,0.0
김은희,0.0,국회운영위원회,김은희,김은희,국민의힘,초선,비례대표,여,Representative,0.273079356185924,0.0
태영호,0.0105071530564108,국회운영위원회,태영호,태영호,국민의힘,초선,지역구,남,Representative,0.1778687283130429,0.0018688939523342908
강민정,0.0097002238710144,국회운영위원회,강민정,강민정,열린민주당,초선,비례대표,여,Representative,1.3217456216851513,0.012821228430879074
신현영,0.0041005032164412,국회운영위원회,신현영,신현영,더불어민주당,초선,비례대표,여,Representative,0.3325126093005273,0.0013634690239440683
윤영덕,0.0042141053255018,국회운영위원회,윤영덕,윤영덕,더불어민주당,초선,지역구,남,Representative,0.5936797322448536,0.00250182892129552
강준현,0.0032521044388211,국회운영위원회,강준현,강준현,더불어민주당,초선,지역구,남,Representative,0.2442135956139989,0.000794208118316747
박병석,0.0,국회운영위원회,박병석,박병석,더불어민주당,6선,지역구,남,Representative,0.2274246766438502,0.0
정태호,0.0,국회운영위원회,정태호,정태호,더불어민주당,초선,지역구,남,Representative,0.2629825046404378,0.0
이원택,0.0,국회운영위원회,이원택,이원택,더불어민주당,초선,지역구,남,Representative,0.2716912161873271,0.0
민병덕,0.0,국회운영위원회,민병덕,민병덕,더불어민주당,초선,지역구,남,Representative,0.534492412029025,0.0
전주혜,0.0058222184560874,국회운영위원회,전주혜,전주혜,국민의힘,초선,비례대표,여,Representative,0.2622996745628045,0.0015271660062652793
윤재옥,0.0056252334329911,국회운영위원회,윤재옥,윤재옥,국민의힘,3선,지역구,남,Representative,0.5807333195948687,0.003266760485036961
이양수,0.0357980677478956,국회운영위원회,이양수,이양수,국민의힘,재선,지역구,남,Representative,0.4099103257016184,0.014673997610028487
장동혁,0.0029853222957997,국회운영위원회,장동혁,장동혁,국민의힘,초선,지역구,남,Representative,0.2751477089855504,0.0008214045902727712
김영식,0.0,국회운영위원회,김영식,김영식,국민의힘,초선,지역구,남,Representative,0.2624749295735833,0.0
백종헌,0.0,국회운영위원회,백종헌,백종헌,국민의힘,초선,지역구,남,Representative,0.1748090064444665,0.0
서범수,0.0040636989511925,국회운영위원회,서범수,서범수,국민의힘,초선,지역구,남,Representative,0.2022344335941221,0.0008218198556914433
서정숙,0.0,국회운영위원회,서정숙,서정숙,국민의힘,초선,비례대표,여,Representative,0.3409787953353209,0.0
이인선,0.0007772463599745,국회운영위원회,이인선,이인선,국민의힘,초선,지역구,여,Representative,0.3231681290160744,0.0002511812519375134
정경희,0.0025553588940615,국회운영위원회,정경희,정경희,국민의힘,초선,비례대표,여,Representative,0.3356632617736524,0.0008577401013829961
정희용,0.0,국회운영위원회,정희용,정희용,국민의힘,초선,지역구,남,Representative,0.1013462246233544,0.0
조명희,0.0026034018764089,국회운영위원회,조명희,조명희,국민의힘,초선,비례대표,여,Representative,0.2553086924045825,0.0006646711288695927
류호정,0.0,국회운영위원회,류호정,류호정,정의당,초선,비례대표,여,Representative,1.9138526831392957,0.0
설훈,0.0,국회운영위원회,설훈,설훈,더불어민주당,5선,지역구,남,Representative,0.3265334931650108,0.0
양정숙,0.0,국회운영위원회,양정숙,양정숙,국민의힘,초선,비례대표,여,Representative,0.754948281969812,0.0
이은주,0.0,국회운영위원회,이은주,이은주,정의당,초선,비례대표,여,Representative,1.7394356928672845,0.0
허종식,0.0,국회운영위원회,허종식,허종식,더불어민주당,초선,지역구,남,Representative,0.5071840623526072,0.0
강기윤,0.0055987339210031,국회운영위원회,강기윤,강기윤,국민의힘,재선,지역구,남,Representative,0.1051953896862757,0.0005889609965696915
강대식,0.0,국회운영위원회,강대식,강대식,국민의힘,초선,지역구,남,Representative,0.1076879275224922,0.0
권명호,0.0,국회운영위원회,권명호,권명호,국민의힘,초선,지역구,남,Representative,0.101862293500913,0.0
권은희,0.0024967359897351,국회운영위원회,권은희,권은희,국민의당,3선,비례대표,여,Representative,1.4757029872866645,0.0036844407585182137
김미애,0.0,국회운영위원회,김미애,김미애,국민의힘,초선,지역구,여,Representative,0.1300450243421692,0.0
김석기,0.0024431678051755,국회운영위원회,김석기,김석기,국민의힘,재선,지역구,남,Representative,0.2160995399392338,0.0005279674386927731
김영선,0.0,국회운영위원회,김영선,김영선,국민의힘,5선,,여,Representative,0.2168412076010161,0.0
김예지,0.0267727274163537,국회운영위원회,김예지,김예지,국민의힘,초선,비례대표,여,Representative,0.5578154035188375,0.014934239747053183
김형동,0.0,국회운영위원회,김형동,김형동,국민의힘,초선,지역구,남,Representative,0.2200235295412783,0.0
김희곤,0.0,국회운영위원회,김희곤,김희곤,국민의힘,초선,지역구,남,Representative,0.172954273871935,0.0
박대수,0.0,국회운영위원회,박대수,박대수,국민의힘,초선,비례대표,남,Representative,0.2414175298978371,0.0
박성중,0.0,국회운영위원회,박성중,박성중,국민의힘,재선,지역구,남,Representative,0.1136597690819902,0.0
박진,0.0,국회운영위원회,박진,박진,국민의힘,4선,지역구,남,Representative,0.2849925584102457,0.0
박형수,0.0013013609266501,국회운영위원회,박형수,박형수,국민의힘,초선,지역구,남,Representative,0.1289259726016864,0.000167779223174196
서일준,0.0054035595471543,국회운영위원회,서일준,서일준,국민의힘,초선,지역구,남,Representative,0.0727597785364597,0.00039316179595951927
양금희,0.0028233727407605,국회운영위원회,양금희,양금희,국민의힘,초선,지역구,여,Representative,0.1636013212186727,0.0004619075106812029
유경준,0.0,국회운영위원회,유경준,유경준,국민의힘,초선,지역구,남,Representative,0.1969803900983735,0.0
윤창현,0.0,국회운영위원회,윤창현,윤창현,국민의힘,초선,비례대표,남,Representative,0.1659560286241812,0.0
윤한홍,0.0003462100657392,국회운영위원회,윤한홍,윤한홍,국민의힘,재선,지역구,남,Representative,0.0633220910364272,2.192274530046507e-05
이종배,0.0120770071018664,국회운영위원회,이종배,이종배,국민의힘,3선,지역구,남,Representative,0.121959560331773,0.0014729064762673263
이종성,0.0028781420209729,국회운영위원회,이종성,이종성,국민의힘,초선,비례대표,남,Representative,0.2162605302271925,0.0006224285195247627
이헌승,0.0105888192912453,국회운영위원회,이헌승,이헌승,국민의힘,3선,지역구,남,Representative,0.1758853015028908,0.001862417673600306
임이자,0.0,국회운영위원회,임이자,임이자,국민의힘,재선,지역구,여,Representative,0.0338839582899253,0.0
전봉민,0.0007215663892399,국회운영위원회,전봉민,전봉민,국민의힘,초선,지역구,남,Representative,0.0399499989170311,2.8826576468700044e-05
정우택,0.001554603304065,국회운영위원회,정우택,정우택,국민의힘,5선,지역구,남,Representative,0.1586300083990965,0.00024660673518109413
최연숙,0.0392516892838937,국회운영위원회,최연숙,최연숙,국민의당,초선,비례대표,여,Representative,1.4543314865112702,0.05708496762432362
엄태영,0.005975317844292,국회운영위원회,엄태영,엄태영,국민의힘,초선,지역구,남,Representative,0.2112428656135919,0.0012622432643802726
임병헌,0.0,국회운영위원회,임병헌,임병헌,국민의힘,초선,지역구,남,Representative,0.2574402072023462,0.0
민형배,0.0157734831914982,국회운영위원회,민형배,민형배,더불어민주당,초선,지역구,남,Representative,0.5990186631316904,0.009448610814301442
김영배,0.0,국회운영위원회,김영배,김영배,더불어민주당,초선,지역구,남,Representative,0.3173975912495803,0.0
김용민,0.0025362206659575,국회운영위원회,김용민,김용민,더불어민주당,초선,지역구,남,Representative,0.5183906276468344,0.001314753022876581
김원이,0.001690021576559,국회운영위원회,김원이,김원이,더불어민주당,초선,지역구,남,Representative,0.2360613447578642,0.0003989487660323233
신정훈,0.0077600298734192,국회운영위원회,신정훈,신정훈,더불어민주당,재선,지역구,남,Representative,0.1277927153232575,0.0009916752885138337
윤재갑,0.0669910725965824,국회운영위원회,윤재갑,윤재갑,더불어민주당,초선,지역구,남,Representative,0.6854440000858673,0.04591862877064416
이탄희,0.0013394384834308,국회운영위원회,이탄희,이탄희,더불어민주당,초선,지역구,남,Representative,0.6201423822658652,0.0008306425720133539
이학영,0.0090785724355482,국회운영위원회,이학영,이학영,더불어민주당,3선,지역구,남,Representative,0.0560092720869861,0.0005084842337040312
이형석,0.0,국회운영위원회,이형석,이형석,더불어민주당,초선,지역구,남,Representative,0.1083558993299242,0.0
정필모,0.0025295034980755,국회운영위원회,정필모,정필모,더불어민주당,초선,비례대표,남,Representative,0.1873329443348586,0.0004738593379998077
홍정민,0.0025203457643829,국회운영위원회,홍정민,홍정민,더불어민주당,초선,지역구,여,Representative,0.1978012226072815,0.000498527473588021
황운하,0.0109073911376271,국회운영위원회,황운하,황운하,더불어민주당,초선,지역구,남,Representative,0.5488281734063343,0.005986283554692319
노용호,0.0,국회운영위원회,노용호,노용호,국민의힘,초선,비례대표,남,Representative,0.1923972318813689,0.0
이용호,0.0,국회운영위원회,이용호,이용호,국민의힘,재선,지역구,남,Representative,1.225607615821687,0.0
조수진,0.0034454802877554,국회운영위원회,조수진,조수진,국민의힘,초선,비례대표,여,Representative,0.1152574433846105,0.0003971172491987595
조은희,0.0,국회운영위원회,조은희,조은희,국민의힘,초선,지역구,여,Representative,0.4971643551550483,0.0
최승재,0.0,국회운영위원회,최승재,최승재,국민의힘,초선,비례대표,남,Representative,0.4362396164165481,0.0
김용판,0.0014264743381347,국회운영위원회,김용판,김용판,국민의힘,초선,지역구,남,Representative,0.0784323016946945,0.00011188166564832045
윤영석,0.0,국회운영위원회,윤영석,윤영석,국민의힘,3선,지역구,남,Representative,0.194206349704839,0.0
김성환,0.0031073360403931,국회운영위원회,김성환,김성환,더불어민주당,재선,지역구,남,Representative,0.2337158540241251,0.0007262336964204166
강훈식,0.0,국회운영위원회,강훈식,강훈식,더불어민주당,재선,지역구,남,Representative,0.2333552597959055,0.0
김성주,0.0,국회운영위원회,김성주,김성주,더불어민주당,재선,지역구,남,Representative,0.3218992730272499,0.0
김영주,0.0016409009087694,국회운영위원회,김영주,김영주,더불어민주당,4선,지역구,여,Representative,0.3478961305037666,0.0005708630767009885
김정호,0.0052578331670135,국회운영위원회,김정호,김정호,더불어민주당,재선,지역구,남,Representative,0.2475581055450652,0.0013016192180978724
박홍근,0.0089367555850022,국회운영위원회,박홍근,박홍근,더불어민주당,3선,지역구,남,Representative,0.2914629024230286,0.002604732721049952
변재일,0.0,국회운영위원회,변재일,변재일,더불어민주당,5선,지역구,남,Representative,0.3557301750687391,0.0
서동용,0.0,국회운영위원회,서동용,서동용,더불어민주당,초선,지역구,남,Representative,0.3156377014497687,0.0
소병훈,0.0,국회운영위원회,소병훈,소병훈,더불어민주당,재선,지역구,남,Representative,0.4495375269510719,0.0
송재호,0.0154632002291241,국회운영위원회,송재호,송재호,더불어민주당,초선,지역구,남,Representative,0.3758954363478019,0.0058125463974600345
신영대,0.0006790816451338,국회운영위원회,신영대,신영대,더불어민주당,초선,지역구,남,Representative,0.2397699657028943,0.00016282338276319626
안호영,0.0,국회운영위원회,안호영,안호영,더불어민주당,재선,지역구,남,Representative,0.5118923685595783,0.0
양이원영,0.0,국회운영위원회,양이원영,양이원영,더불어민주당,초선,비례대표,여,Representative,0.538619431256871,0.0
오기형,0.0,국회운영위원회,오기형,오기형,더불어민주당,초선,지역구,남,Representative,0.3978628324702754,0.0
위성곤,0.0019688730244958,국회운영위원회,위성곤,위성곤,더불어민주당,재선,지역구,남,Representative,0.4979833092497824,0.0009804659042310462
유동수,0.0,국회운영위원회,유동수,유동수,더불어민주당,재선,지역구,남,Representative,0.4365284860540641,0.0
이동주,0.0109171553350211,국회운영위원회,이동주,이동주,더불어민주당,초선,비례대표,남,Representative,0.2481459493801818,0.0027090478751397276
이용빈,0.0,국회운영위원회,이용빈,이용빈,더불어민주당,초선,지역구,남,Representative,0.4600032901867735,0.0
이장섭,0.0,국회운영위원회,이장섭,이장섭,더불어민주당,초선,지역구,남,Representative,0.2854497963072183,0.0
정성호,0.0029855050420041,국회운영위원회,정성호,정성호,더불어민주당,4선,지역구,남,Representative,0.4625431982315658,0.0013809250504650417
정일영,0.0023587763605549,국회운영위원회,정일영,정일영,더불어민주당,초선,지역구,남,Representative,0.1776389564691861,0.0004190105712331571
조오섭,0.0,국회운영위원회,조오섭,조오섭,더불어민주당,초선,지역구,남,Representative,0.3537241914215748,0.0
주철현,0.003528344816381,국회운영위원회,주철현,주철현,더불어민주당,초선,지역구,남,Representative,0.1808273551250511,0.0006380212611153602
최기상,0.0041549401008428,국회운영위원회,최기상,최기상,더불어민주당,초선,지역구,남,Representative,0.2058827885501175,0.000855430654220222
김윤덕,0.0,국회운영위원회,김윤덕,김윤덕,더불어민주당,재선,지역구,남,Representative,0.2869485044660441,0.0
박상혁,0.0,국회운영위원회,박상혁,박상혁,더불어민주당,초선,지역구,남,Representative,0.1910820455968065,0.0
어기구,0.0,국회운영위원회,어기구,어기구,더불어민주당,재선,지역구,남,Representative,0.1048322749382438,0.0
윤영찬,0.0015921616754139,국회운영위원회,윤영찬,윤영찬,더불어민주당,초선,지역구,남,Representative,0.1950263668759664,0.0003105135070351246
윤후덕,0.001679933751959,국회운영위원회,윤후덕,윤후덕,더불어민주당,3선,지역구,남,Representative,0.1665258272005472,0.00027975235768709135
임종성,0.0026467272872491,국회운영위원회,임종성,임종성,더불어민주당,재선,지역구,남,Representative,0.2168072376798863,0.0005738296320404563
정춘숙,0.0020938474332202,국회운영위원회,정춘숙,정춘숙,더불어민주당,재선,지역구,여,Representative,0.1638501850633351,0.00034307728942751896
맹성규,0.0,국회운영위원회,맹성규,맹성규,더불어민주당,재선,지역구,남,Representative,0.3423921953477248,0.0
유정주,0.0,국회운영위원회,유정주,유정주,더불어민주당,초선,비례대표,여,Representative,0.3402755762534749,0.0
고영인,0.0007277702415655,국회운영위원회,고영인,고영인,더불어민주당,초선,지역구,남,Representative,0.3272823183515555,0.00023818633188682844
김상희,0.0044343251206519,국회운영위원회,김상희,김상희,더불어민주당,4선,지역구,여,Representative,0.5592599599039866,0.002479940489177022
김주영,0.0025470839026901,국회운영위원회,김주영,김주영,더불어민주당,초선,지역구,남,Representative,0.3630556068353552,0.0009247330919517191
김한규,0.0005558838243876,국회운영위원회,김한규,김한규,더불어민주당,초선,지역구,남,Representative,0.4606560544107763,0.0002560712492531647
양경숙,0.0056822507756936,국회운영위원회,양경숙,양경숙,더불어민주당,초선,비례대표,여,Representative,0.3342609954913604,0.0018993548009148976
윤호중,0.00037635179593,국회운영위원회,윤호중,윤호중,더불어민주당,4선,지역구,남,Representative,0.1128950186454341,4.248824301875996e-05
이성만,0.0014987990434216,국회운영위원회,이성만,이성만,더불어민주당,초선,지역구,남,Representative,0.2194435071327558,0.0003289017185756554
이소영,0.003090828880458,국회운영위원회,이소영,이소영,더불어민주당,초선,지역구,여,Representative,0.3137302400903705,0.0009696864867443393
이용우,0.0,국회운영위원회,이용우,이용우,더불어민주당,초선,지역구,남,Representative,0.231626157115504,0.0
임호선,0.0,국회운영위원회,임호선,임호선,더불어민주당,초선,지역구,남,Representative,0.1630095698549976,0.0
장경태,0.0013156807095501,국회운영위원회,장경태,장경태,더불어민주당,초선,지역구,남,Representative,0.403738270388732,0.000531190654057577
진선미,0.0,국회운영위원회,진선미,진선미,더불어민주당,3선,지역구,여,Representative,0.0766752551488706,0.0
최혜영,0.0156627626148095,국회운영위원회,최혜영,최혜영,더불어민주당,초선,비례대표,여,Representative,0.4555600514410841,0.007135328942512104
한정애,0.0232827421999872,국회운영위원회,한정애,한정애,더불어민주당,3선,지역구,여,Representative,0.200025913945713,0.00465715178771486
한준호,0.0,국회운영위원회,한준호,한준호,더불어민주당,초선,지역구,남,Representative,0.1454541395520071,0.0
허영,0.0055388776425098,국회운영위원회,허영,허영,더불어민주당,초선,지역구,남,Representative,0.2272084723983615,0.0012584799279560894
홍기원,0.0,국회운영위원회,홍기원,홍기원,더불어민주당,초선,지역구,남,Representative,0.1984078664960204,0.0
조정식,0.0006908013676714,국회운영위원회,조정식,조정식,더불어민주당,5선,지역구,남,Representative,0.0982721838798874,6.788655902828152e-05
문정복,0.0,국회운영위원회,문정복,문정복,더불어민주당,초선,지역구,여,Representative,0.5768076262279168,0.0
양기대,0.0,국회운영위원회,양기대,양기대,더불어민주당,초선,지역구,남,Representative,0.2301185334449006,0.0
윤준병,0.0017586497782025,국회운영위원회,윤준병,윤준병,더불어민주당,초선,지역구,남,Representative,0.4344183278979442,0.0007639896960048205
이정문,0.0011284030617955,국회운영위원회,이정문,이정문,더불어민주당,초선,지역구,남,Representative,0.0848113999966772,9.57014434314134e-05
김의겸,0.0008179421445851,국회운영위원회,김의겸,김의겸,열린민주당,초선,비례대표,남,Representative,0.8380800716465495,0.0006855010111366129
황희,0.0001393756773732,국회운영위원회,황희,황희,더불어민주당,재선,지역구,남,Representative,0.2589890766385589,3.609677798875876e-05
강선우,0.0028704624891147,국회운영위원회,강선우,강선우,더불어민주당,초선,지역구,여,Representative,0.2216826678477753,0.0006363317825439123
김승남,0.0,국회운영위원회,김승남,김승남,더불어민주당,재선,지역구,남,Representative,0.2124111150114147,0.0
김영호,0.000836979062996,국회운영위원회,김영호,김영호,더불어민주당,재선,지역구,남,Representative,0.4161281665252168,0.0003482905629045194
박정,0.0,국회운영위원회,박정,박정,더불어민주당,재선,지역구,남,Representative,0.1086038378087208,0.0
이원욱,0.0039450072520694,국회운영위원회,이원욱,이원욱,더불어민주당,3선,지역구,남,Representative,0.2087926901604398,0.0008236886768620142
최인호,0.0,국회운영위원회,최인호,최인호,더불어민주당,재선,지역구,남,Representative,0.1711937203769239,0.0
김민기,0.0035920604620179,국회운영위원회,김민기,김민기,더불어민주당,3선,지역구,남,Representative,0.1116766109823257,0.0004011491388417661
김영진,0.0,국회운영위원회,김영진,김영진,더불어민주당,재선,지역구,남,Representative,0.0792247561405531,0.0
유기홍,0.0,국회운영위원회,유기홍,유기홍,더불어민주당,3선,지역구,남,Representative,0.533695852611625,0.0
최종윤,0.0,국회운영위원회,최종윤,최종윤,더불어민주당,초선,지역구,남,Representative,0.1716391861609539,0.0
김경협,0.013298586283436,국회운영위원회,김경협,김경협,더불어민주당,3선,지역구,남,Representative,0.3651315668203744,0.0048557336461669265
김태년,0.0139723178345618,국회운영위원회,김태년,김태년,더불어민주당,4선,지역구,남,Representative,0.0302627005970719,0.00042284007127447174
김남국,0.0088029021097549,국회운영위원회,김남국,김남국,더불어민주당,초선,지역구,남,Representative,0.4903679722415279,0.004316661257401178
김홍걸,0.0064382049063573,국회운영위원회,김홍걸,김홍걸,더불어민주당,초선,비례대표,남,Representative,0.5197862075653299,0.003346490111803961
김성원,0.0099991561841945,국회운영위원회,김성원,김성원,국민의힘,재선,지역구,남,Representative,0.0969967354280285,0.000969885506901849
박성민,0.0013337754077334,국회운영위원회,박성민,박성민,국민의힘,초선,지역구,남,Representative,0.1920963982054519,0.00025621345184059416
성일종,0.0,국회운영위원회,성일종,성일종,국민의힘,재선,지역구,남,Representative,0.2955294681309887,0.0
이주환,0.0,국회운영위원회,이주환,이주환,국민의힘,초선,지역구,남,Representative,0.0486042879937447,0.0
권성동,0.005787199267414,국회운영위원회,권성동,권성동,국민의힘,4선,지역구,남,Representative,0.1650123478378992,0.0009549593385217544
류성걸,0.00838449468139,국회운영위원회,류성걸,류성걸,국민의힘,재선,지역구,남,Representative,0.0750174025505985,0.0006289830126971856
박정하,0.0,국회운영위원회,박정하,박정하,국민의힘,초선,지역구,남,Representative,0.2937123128515209,0.0
서병수,0.026739310736509,국회운영위원회,서병수,서병수,국민의힘,5선,지역구,남,Representative,0.3254004320021045,0.00870098326509854
이달곤,0.0,국회운영위원회,이달곤,이달곤,국민의힘,재선,지역구,남,Representative,0.1697317502202084,0.0
한무경,0.0,국회운영위원회,한무경,한무경,국민의힘,초선,비례대표,여,Representative,0.1040419536269268,0.0
배준영,0.0,국회운영위원회,배준영,배준영,국민의힘,초선,지역구,남,Representative,0.4029858723602732,0.0
조정훈,0.0,국회운영위원회,조정훈,조정훈,시대전환,초선,비례대표,남,Representative,1.7768837528753738,0.0
강득구,0.0023589039102158,국회운영위원회,강득구,강득구,더불어민주당,초선,지역구,남,Representative,0.5445023530105706,0.001284428729638339
강병원,0.0017858831871671,국회운영위원회,강병원,강병원,더불어민주당,재선,지역구,남,Representative,0.2679228198118838,0.0004784788593604437
권칠승,0.0033231475315001,국회운영위원회,권칠승,권칠승,더불어민주당,재선,지역구,남,Representative,0.1859285040914948,0.0006178678494071572
홍익표,0.0,국회운영위원회,홍익표,홍익표,더불어민주당,3선,지역구,남,Representative,0.165353191622152,0.0
김교흥,0.0,국회운영위원회,김교흥,김교흥,더불어민주당,재선,지역구,남,Representative,0.1927891344584833,0.0
이재정,0.0044151940680827,국회운영위원회,이재정,이재정,더불어민주당,재선,지역구,여,Representative,0.2573809498745986,0.0011363868431238185
박재호,0.0002240628411659,국회운영위원회,박재호,박재호,더불어민주당,재선,지역구,남,Representative,0.2619622171748344,5.869599865831193e-05
서영석,0.0,국회운영위원회,서영석,서영석,더불어민주당,초선,지역구,남,Representative,0.1839691144889395,0.0
이용,0.0019188568841341,국회운영위원회,이용,이용,국민의힘,초선,비례대표,남,Representative,0.0598766122576743,0.00011489464962926656
최강욱,0.0025944380938383,국회운영위원회,최강욱,최강욱,열린민주당,초선,비례대표,남,Representative,0.7842536920804917,0.00203469765396696
김두관,0.0054710284391143,국회운영위원회,김두관,김두관,더불어민주당,재선,지역구,남,Representative,0.7087657792985883,0.0038776777352135857
박주민,0.0033103663431738,국회운영위원회,박주민,박주민,더불어민주당,재선,지역구,남,Representative,0.7084504412298533,0.0023452304964539346
윤건영,0.0,국회운영위원회,윤건영,윤건영,더불어민주당,초선,지역구,남,Representative,0.2535746445358753,0.0
윤관석,0.0019771701445408,국회운영위원회,윤관석,윤관석,더불어민주당,3선,지역구,남,Representative,0.0726470802193504,0.0001436356380977601
김민철,0.0,국회운영위원회,김민철,김민철,더불어민주당,초선,지역구,남,Representative,0.2612442298812484,0.0
김병기,0.0041695903912893,국회운영위원회,김병기,김병기,더불어민주당,재선,지역구,남,Representative,0.1108729186430819,0.0004622946562283946
민홍철,0.0002115964104443,국회운영위원회,민홍철,민홍철,더불어민주당,3선,지역구,남,Representative,0.2010526097454781,4.254201053260185e-05
신동근,0.0023765973669927,국회운영위원회,신동근,신동근,더불어민주당,재선,지역구,남,Representative,0.1433568328564554,0.00034070147150706446
장철민,0.0051017593844508,국회운영위원회,장철민,장철민,더불어민주당,초선,지역구,남,Representative,0.1714224222163959,0.000874555951247785
전재수,0.0,국회운영위원회,전재수,전재수,더불어민주당,재선,지역구,남,Representative,0.1512554413902672,0.0
김종민,0.0,국회운영위원회,김종민,김종민,더불어민주당,재선,지역구,남,Representative,0.6226025996525496,0.0
최춘식,0.0,국회운영위원회,최춘식,최춘식,국민의힘,초선,지역구,남,Representative,0.185261782253888,0.0
하영제,0.0,국회운영위원회,하영제,하영제,국민의힘,초선,지역구,남,Representative,0.1478614433724366,0.0
김웅,0.0004527810913555,국회운영위원회,김웅,김웅,국민의힘,초선,지역구,남,Representative,0.3699621682437175,0.00016751187429763753
김승수,0.0,국회운영위원회,김승수,김승수,국민의힘,초선,지역구,남,Representative,0.1092543380607149,0.0
허은아,0.0009628839837731,국회운영위원회,허은아,허은아,국민의힘,초선,비례대표,여,Representative,0.290583414125627,0.00027979811541167224
박덕흠,0.007555857428081,국회운영위원회,박덕흠,박덕흠,국민의힘,3선,지역구,남,Representative,0.2317213323874486,0.00175085335056453
윤두현,0.0,국회운영위원회,윤두현,윤두현,국민의힘,초선,지역구,남,Representative,0.2056082379737857,0.0
권인숙,0.0053030789139798,국회운영위원회,권인숙,권인숙,더불어민주당,초선,비례대표,여,Representative,0.7127107829573963,0.003779561524867402
김민석,0.0037372597906244,국회운영위원회,김민석,김민석,더불어민주당,3선,지역구,남,Representative,0.5124972621164758,0.0019153354105129986
전해철,0.0049389164523365,국회운영위원회,전해철,전해철,더불어민주당,3선,지역구,남,Representative,0.111134388568907,0.0005488834601233322
조해진,0.0018970947160853,국회운영위원회,조해진,조해진,국민의힘,3선,지역구,남,Representative,0.3349213368474088,0.0006353774984374442
하태경,0.0,국회운영위원회,하태경,하태경,국민의힘,3선,지역구,남,Representative,0.5914732693738115,0.0
윤상현,0.0001714366612795,국회운영위원회,윤상현,윤상현,국민의힘,4선,지역구,남,Representative,0.6145800382735443,0.00010536154985064377
안병길,0.0020945275181577,국회운영위원회,안병길,안병길,국민의힘,초선,지역구,남,Representative,0.0420092157277911,8.798945835808171e-05
서삼석,0.0,국회운영위원회,서삼석,서삼석,더불어민주당,재선,지역구,남,Representative,0.2012082502190047,0.0
고민정,0.0006599041408748,국회운영위원회,고민정,고민정,더불어민주당,초선,지역구,여,Representative,0.3526006355299543,0.00023268261946130298
유의동,0.015703818822506,국회운영위원회,유의동,유의동,국민의힘,3선,지역구,남,Representative,0.5050232279002433,0.007930793272102579
김도읍,0.0016359641526889,국회운영위원회,김도읍,김도읍,국민의힘,3선,지역구,남,Representative,0.0057675742475114,9.43554471690031e-06
박수영,0.000581379703316,국회운영위원회,박수영,박수영,국민의힘,초선,지역구,남,Representative,0.3130251150523512,0.0001819864485195927
윤주경,0.0030050078695738,국회운영위원회,윤주경,윤주경,국민의힘,초선,비례대표,여,Representative,0.4248222909210703,0.0012765943273881867
이만희,0.0,국회운영위원회,이만희,이만희,국민의힘,재선,지역구,남,Representative,0.1771920077790279,0.0
이철규,0.0,국회운영위원회,이철규,이철규,국민의힘,재선,지역구,남,Representative,0.1840560451181021,0.0
이태규,0.0009970007189044,국회운영위원회,이태규,이태규,국민의당,재선,비례대표,남,Representative,0.7108411718546286,0.0007087091593659108
최재형,0.0,국회운영위원회,최재형,최재형,국민의힘,초선,지역구,남,Representative,0.291581396883635,0.0
박영순,0.0014838874625147,국회운영위원회,박영순,박영순,더불어민주당,초선,지역구,남,Representative,0.3793634271542586,0.0005629326332908131
안민석,0.0013765536652912,국회운영위원회,안민석,안민석,더불어민주당,5선,지역구,남,Representative,0.3441477269487697,0.000473737814932964
조승래,0.0063423333446882,국회운영위원회,조승래,조승래,더불어민주당,재선,지역구,남,Representative,0.2359910708975734,0.001496734038002357
홍석준,0.0003995240323467,국회운영위원회,홍석준,홍석준,국민의힘,초선,지역구,남,Representative,0.1047310895160982,4.184258719553475e-05
홍문표,0.0,국회운영위원회,홍문표,홍문표,국민의힘,4선,지역구,남,Representative,0.5476629473060372,0.0
강민국,0.0062927919948098,국회운영위원회,강민국,강민국,국민의힘,초선,지역구,남,Representative,0.153084768117913,0.0009633306033397175
김상훈,0.0,국회운영위원회,김상훈,김상훈,국민의힘,3선,지역구,남,Representative,0.1882659368916839,0.0
안철수,0.0,국회운영위원회,안철수,안철수,국민의힘,3선,지역구,남,Representative,0.4836184997568817,0.0
김경만,0.0,국회운영위원회,김경만,김경만,더불어민주당,초선,비례대표,남,Representative,0.2607821776703825,0.0
인재근,0.0201075110504035,국회운영위원회,인재근,인재근,더불어민주당,3선,지역구,여,Representative,0.2910042957726254,0.005851372092962953
조경태,0.0,국회운영위원회,조경태,조경태,국민의힘,5선,지역구,남,Representative,0.3722224896824415,0.0
문진석,0.0085309360657251,국회운영위원회,문진석,문진석,더불어민주당,초선,지역구,남,Representative,0.2131284851715763,0.0018181854807835574
김선교,0.0,국회운영위원회,김선교,김선교,국민의힘,초선,지역구,남,Representative,0.1700647696450778,0.0
송석준,0.0,국회운영위원회,송석준,송석준,국민의힘,재선,지역구,남,Representative,0.2718885877183796,0.0
정점식,0.0,국회운영위원회,정점식,정점식,국민의힘,재선,지역구,남,Representative,0.1256501314629642,0.0
서영교,0.0009979878721527,국회운영위원회,서영교,서영교,더불어민주당,3선,지역구,여,Representative,0.4396629254011983,0.0004387782673855731
박범계,0.0,국회운영위원회,박범계,박범계,더불어민주당,3선,지역구,남,Representative,0.3504014522294029,0.0
이채익,0.0084056633761819,국회운영위원회,이채익,이채익,국민의힘,3선,지역구,남,Representative,0.305886901391201,0.0025711823242777826
최영희,0.0,국회운영위원회,최영희,최영희,국민의힘,초선,비례대표,여,Representative,0.1798744661352604,0.0
진성준,0.0042824089013546,국회운영위원회,진성준,진성준,더불어민주당,재선,지역구,남,Representative,0.137191834935949,0.0005875115351228789
정운천,0.0023132455877757,국회운영위원회,정운천,정운천,국민의힘,재선,비례대표,남,Representative,0.2095429101918529,0.0004847242124509834
박성준,0.0013022040750625,국회운영위원회,박성준,박성준,더불어민주당,초선,지역구,남,Representative,0.2002255367463627,0.0002607345098826899
백혜련,0.0019533348853014,국회운영위원회,백혜련,백혜련,더불어민주당,재선,지역구,여,Representative,0.262002066035241,0.0005117777756076773
김수흥,0.0048029909758324,국회운영위원회,김수흥,김수흥,더불어민주당,초선,지역구,남,Representative,0.5088102660790913,0.0024438111163887577
안규백,0.0006473329161763,국회운영위원회,안규백,안규백,더불어민주당,4선,지역구,남,Representative,0.3809557196948137,0.0002466051769640849
노웅래,0.0045713660969312,국회운영위원회,노웅래,노웅래,더불어민주당,4선,지역구,남,Representative,0.2613156957741633,0.001194569712257998
한병도,0.0114131324352356,국회운영위원회,한병도,한병도,더불어민주당,재선,지역구,남,Representative,0.4404702338128733,0.005027145112285513
이용선,0.0,국회운영위원회,이용선,이용선,더불어민주당,초선,지역구,남,Representative,0.5128505108380027,0.0
김회재,0.0019659926746846,국회운영위원회,김회재,김회재,더불어민주당,초선,지역구,남,Representative,0.2705052594012662,0.0005318113584465468
김학용,0.0,국회운영위원회,김학용,김학용,국민의힘,4선,지역구,남,Representative,0.2414249164893882,0.0
전용기,0.0046226452902588,국회운영위원회,전용기,전용기,더불어민주당,초선,비례대표,남,Representative,0.1508910607377874,0.0006975158512616876
박찬대,0.0,국회운영위원회,박찬대,박찬대,더불어민주당,재선,지역구,남,Representative,0.2786489795755955,0.0
김병주,0.0016858515132086,국회운영위원회,김병주,김병주,더불어민주당,초선,비례대표,남,Representative,0.2434625119610639,0.0004104416441991264
송옥주,0.0026819480705501,국회운영위원회,송옥주,송옥주,더불어민주당,재선,지역구,여,Representative,0.2621477343853833,0.0007030666104339588
주호영,0.0006706130713888,국회운영위원회,주호영,주호영,국민의힘,5선,지역구,남,Representative,0.2385724628270604,0.00015998981204524529
권영세,0.0,국회운영위원회,권영세,권영세,국민의힘,4선,지역구,남,Representative,0.3767193328116696,0.0
황보승희,0.004290287856933,국회운영위원회,황보승희,황보승희,국민의힘,초선,지역구,여,Representative,0.2043416232088162,0.0008766843847187625
김태호,0.0,국회운영위원회,김태호,김태호,국민의힘,3선,지역구,남,Representative,0.2550454797747435,0.0
남인순,0.0,국회운영위원회,남인순,남인순,더불어민주당,3선,지역구,여,Representative,0.5088905772697233,0.0
양향자,0.0,국회운영위원회,양향자,양향자,더불어민주당,초선,지역구,여,Representative,0.9193887826618028,0.0
임오경,0.0,국회운영위원회,임오경,임오경,더불어민주당,초선,지역구,여,Representative,0.0586732885421386,0.0
천준호,0.0009613510896265,국회운영위원회,천준호,천준호,더불어민주당,초선,지역구,남,Representative,0.3993355059681581,0.00038390162378903846
김정재,0.0054875567690565,국회운영위원회,김정재,김정재,국민의힘,재선,지역구,여,Representative,0.2574250589731167,0.0014126346248926952
박광온,0.0025132475151809,국회운영위원회,박광온,박광온,더불어민주당,3선,지역구,남,Representative,0.0636172526258988,0.00015988590208467575
박완주,0.0014921283944556,국회운영위원회,박완주,박완주,더불어민주당,3선,지역구,남,Representative,0.3781620068650885,0.000564266268147712
도종환,0.0,국회운영위원회,도종환,도종환,더불어민주당,3선,지역구,남,Representative,0.2721175456087874,0.0
이상민,0.0073177084050857,국회운영위원회,이상민,이상민,더불어민주당,5선,지역구,남,Representative,0.6797803799490477,0.004974434599965497
조응천,0.0005846466196259,국회운영위원회,조응천,조응천,더불어민주당,재선,지역구,남,Representative,0.254488173419614,0.00014878565032454714
홍영표,0.0013767095038929,국회운영위원회,홍영표,홍영표,더불어민주당,4선,지역구,남,Representative,0.2094480075912773,0.0002883490626223437
우원식,0.0,국회운영위원회,우원식,우원식,더불어민주당,4선,지역구,남,Representative,0.3474908272016026,0.0
김한정,0.0,국회운영위원회,김한정,김한정,더불어민주당,재선,지역구,남,Representative,0.3115396476231169,0.0
이해식,0.0014540624871159,국회운영위원회,이해식,이해식,더불어민주당,초선,지역구,남,Representative,0.2639597631121719,0.0003838139896494085
이인영,0.0001060014745734,국회운영위원회,이인영,이인영,더불어민주당,4선,지역구,남,Representative,0.2800294833760527,2.968353816188899e-05
신원식,0.0048777434718528,국회운영위원회,신원식,신원식,국민의힘,초선,비례대표,남,Representative,0.188354618593185,0.0009187455112362322
박대출,0.0011165088812853,국회운영위원회,박대출,박대출,국민의힘,3선,지역구,남,Representative,0.1127161477762168,0.00012584858005641237
송언석,0.0108615542479229,국회운영위원회,송언석,송언석,국민의힘,재선,지역구,남,Representative,0.1978088158038737,0.0021485111835711627
김희국,0.0,국회운영위원회,김희국,김희국,국민의힘,재선,지역구,남,Representative,0.0800803641309325,0.0
추경호,0.0906580535669393,국회운영위원회,추경호,추경호,국민의힘,재선,지역구,남,Representative,0.0731143995543978,0.006628409151317199
김태흠,0.0,국회운영위원회,김태흠,김태흠,국민의힘,3선,지역구,남,Representative,0.0980118810479008,0.0
정청래,0.0028816167049173,국회운영위원회,정청래,정청래,더불어민주당,3선,지역구,남,Representative,0.0751206976802892,0.0002164690573205636
우상호,0.0,국회운영위원회,우상호,우상호,더불어민주당,4선,지역구,남,Representative,0.354889315495192,0.0
이영,0.0018766285871016,국회운영위원회,이영,이영,국민의힘,초선,비례대표,여,Representative,0.2206417648191584,0.0004140626433681807
한기호,0.0,국회운영위원회,한기호,한기호,국민의힘,3선,지역구,남,Representative,0.3139152323587058,0.0
김은혜,0.0,국회운영위원회,김은혜,김은혜,국민의힘,초선,지역구,여,Representative,0.162439713102269,0.0
이규민,0.0029050731601885,국회운영위원회,이규민,이규민,더불어민주당,초선,지역구,남,Representative,0.3923416013378649,0.0011397810556720077
윤희숙,0.0,국회운영위원회,윤희숙,윤희숙,국민의힘,초선,지역구,여,Representative,0.28306548324025,0.0
오영훈,0.0,국회운영위원회,오영훈,오영훈,더불어민주당,재선,지역구,남,Representative,0.671756127451087,0.0
곽상도,0.0,국회운영위원회,곽상도,곽상도,국민의힘,재선,지역구,남,Representative,0.0416731213070125,0.0
김기현,0.0153009234179613,국회운영위원회,김기현,김기현,국민의힘,4선,지역구,남,Representative,0.3033064478180708,0.004640868730238177
이낙연,0.0,국회운영위원회,이낙연,이낙연,더불어민주당,5선,지역구,남,Representative,0.1016403584957575,0.0
김진애,0.0,국회운영위원회,김진애,김진애,열린민주당,재선,비례대표,여,Representative,1.0590950156918448,0.0
송기헌,0.0,국회운영위원회,송기헌,송기헌,더불어민주당,재선,지역구,남,Representative,0.3097590421845094,0.0
이광재,0.0,국회운영위원회,이광재,이광재,더불어민주당,3선,지역구,남,Representative,0.2037976967403526,0.0
송영길,0.0,국회운영위원회,송영길,송영길,더불어민주당,5선,지역구,남,Representative,0.1847095725159723,0.0
장제원,0.0,국회운영위원회,장제원,장제원,국민의힘,3선,지역구,남,Representative,0.0909064879091423,0.0
정찬민,0.0,국회운영위원회,정찬민,정찬민,국민의힘,초선,지역구,남,Representative,0.4442721508323407,0.0
배현진,0.0008267928970186,국회운영위원회,배현진,배현진,국민의힘,초선,지역구,여,Representative,0.0729943402727777,6.035120206009134e-05
박완수,0.0003963783427665,국회운영위원회,박완수,박완수,국민의힘,재선,지역구,남,Representative,0.1899346266606008,7.528597254970282e-05
조태용,0.0003561927729908,국회운영위원회,조태용,조태용,국민의힘,초선,비례대표,남,Representative,0.1545407967786547,5.504631494479672e-05
홍준표,0.0,국회운영위원회,홍준표,홍준표,국민의힘,5선,지역구,남,Representative,0.1745452207856409,0.0
이상직,0.0,국회운영위원회,이상직,이상직,더불어민주당,재선,지역구,남,Representative,0.1875925759171187,0.0
정정순,0.0,국회운영위원회,정정순,정정순,더불어민주당,초선,지역구,남,Representative,0.1787183559051326,0.0
안규백,0.0786736157368426,국방위원회,안규백,안규백,더불어민주당,4선,지역구,남,Representative,0.3809557196948137,0.029971163904022092
윤후덕,0.0086513474289484,국방위원회,윤후덕,윤후덕,더불어민주당,3선,지역구,남,Representative,0.1665258272005472,0.0014406727870049595
허숙정,0.0,국방위원회,허숙정,허숙정,더불어민주당,초선,비례대표,여,Representative,1.1015877581031428,0.0
김학용,0.0,국방위원회,김학용,김학용,국민의힘,4선,지역구,남,Representative,0.2414249164893882,0.0
이채익,0.0063087622760708,국방위원회,이채익,이채익,국민의힘,3선,지역구,남,Representative,0.305886901391201,0.0019297677442409976
강대식,0.0132604360894856,국방위원회,강대식,강대식,국민의힘,초선,지역구,남,Representative,0.1076879275224922,0.0014279888805211651
정성호,0.0110535938874794,국방위원회,정성호,정성호,더불어민주당,4선,지역구,남,Representative,0.4625431982315658,0.005112764668667608
강기윤,0.0,국방위원회,강기윤,강기윤,국민의힘,재선,지역구,남,Representative,0.1051953896862757,0.0
기동민,0.0088179513698482,국방위원회,기동민,기동민,더불어민주당,재선,지역구,남,Representative,0.4426922620576195,0.003903638838632184
백종헌,0.0021195870248697,국방위원회,백종헌,백종헌,국민의힘,초선,지역구,남,Representative,0.1748090064444665,0.000370522901890055
송언석,0.0,국방위원회,송언석,송언석,국민의힘,재선,지역구,남,Representative,0.1978088158038737,0.0
성일종,0.0482347621168243,국방위원회,성일종,성일종,국민의힘,재선,지역구,남,Representative,0.2955294681309887,0.014254793593809847
이용호,0.0050957279568002,국방위원회,이용호,이용호,국민의힘,재선,지역구,남,Representative,1.225607615821687,0.00624536299200981
이종배,0.0009568487834736,국방위원회,이종배,이종배,국민의힘,3선,지역구,남,Representative,0.121959560331773,0.00011669685693643212
최춘식,0.0071014691459789,국방위원회,최춘식,최춘식,국민의힘,초선,지역구,남,Representative,0.185261782253888,0.001315630830605047
박덕흠,0.0,국방위원회,박덕흠,박덕흠,국민의힘,3선,지역구,남,Representative,0.2317213323874486,0.0
구자근,0.0,국방위원회,구자근,구자근,국민의힘,초선,지역구,남,Representative,0.0584340346254918,0.0
이종성,0.0013510919650372,국방위원회,이종성,이종성,국민의힘,초선,비례대표,남,Representative,0.2162605302271925,0.0002921878647446443
김승수,0.0007511793074778,국방위원회,김승수,김승수,국민의힘,초선,지역구,남,Representative,0.1092543380607149,8.206959800339327e-05
권성동,0.0,국방위원회,권성동,권성동,국민의힘,4선,지역구,남,Representative,0.1650123478378992,0.0
김상훈,0.0,국방위원회,김상훈,김상훈,국민의힘,3선,지역구,남,Representative,0.1882659368916839,0.0
김진표,0.0183413329574555,국방위원회,김진표,김진표,더불어민주당,5선,지역구,남,Representative,0.4172834774907449,0.0076535351983026394
박용진,0.0,국방위원회,박용진,박용진,더불어민주당,재선,지역구,남,Representative,0.7438287273758981,0.0
이병훈,0.0,국방위원회,이병훈,이병훈,더불어민주당,초선,지역구,남,Representative,0.1790578800414445,0.0
홍성국,0.0,국방위원회,홍성국,홍성국,더불어민주당,초선,지역구,남,Representative,0.0821632285254589,0.0
전혜숙,0.0016370155178023,국방위원회,전혜숙,전혜숙,더불어민주당,3선,지역구,여,Representative,0.3487897833092866,0.0005709742877282039
이상헌,0.0022189950824562,국방위원회,이상헌,이상헌,더불어민주당,재선,지역구,남,Representative,0.6637862515737748,0.0014729384280442403
송갑석,0.0120458463046827,국방위원회,송갑석,송갑석,더불어민주당,재선,지역구,남,Representative,0.0670810059002477,0.0008080474870378971
소병철,0.0009322813359981,국방위원회,소병철,소병철,더불어민주당,초선,지역구,남,Representative,0.1921494526414231,0.0001791373484198496
오영환,0.0,국방위원회,오영환,오영환,더불어민주당,초선,지역구,남,Representative,0.2639159163033288,0.0
최연숙,0.0,국방위원회,최연숙,최연숙,국민의당,초선,비례대표,여,Representative,1.4543314865112702,0.0
김철민,0.0052130944095598,국방위원회,김철민,김철민,더불어민주당,재선,지역구,남,Representative,0.1469147406376817,0.0007658804131002264
이헌승,0.0271415635046185,국방위원회,이헌승,이헌승,국민의힘,3선,지역구,남,Representative,0.1758853015028908,0.004773802080269683
김영선,0.0003163796671969,국방위원회,김영선,김영선,국민의힘,5선,,여,Representative,0.2168412076010161,6.860414909538337e-05
임병헌,0.0092793445372684,국방위원회,임병헌,임병헌,국민의힘,초선,지역구,남,Representative,0.2574402072023462,0.0023888763803763366
이용,0.0,국방위원회,이용,이용,국민의힘,초선,비례대표,남,Representative,0.0598766122576743,0.0
양향자,0.0,국방위원회,양향자,양향자,더불어민주당,초선,지역구,여,Representative,0.9193887826618028,0.0
송석준,0.0019541474174511,국방위원회,송석준,송석준,국민의힘,재선,지역구,남,Representative,0.2718885877183796,0.0005313103815242984
변재일,0.0006319296196305,국방위원회,변재일,변재일,더불어민주당,5선,지역구,남,Representative,0.3557301750687391,0.0002247964342222795
강준현,0.0,국방위원회,강준현,강준현,더불어민주당,초선,지역구,남,Representative,0.2442135956139989,0.0
임호선,0.0,국방위원회,임호선,임호선,더불어민주당,초선,지역구,남,Representative,0.1630095698549976,0.0
민형배,0.0146255058519527,국방위원회,민형배,민형배,더불어민주당,초선,지역구,남,Representative,0.5990186631316904,0.00876095096306142
윤영찬,0.0,국방위원회,윤영찬,윤영찬,더불어민주당,초선,지역구,남,Representative,0.1950263668759664,0.0
전용기,0.0049863457908478,국방위원회,전용기,전용기,더불어민주당,초선,비례대표,남,Representative,0.1508910607377874,0.000752395005586426
인재근,0.0014993835033016,국방위원회,인재근,인재근,더불어민주당,3선,지역구,여,Representative,0.2910042957726254,0.00043632704047137405
조정식,0.0,국방위원회,조정식,조정식,더불어민주당,5선,지역구,남,Representative,0.0982721838798874,0.0
허영,0.0,국방위원회,허영,허영,더불어민주당,초선,지역구,남,Representative,0.2272084723983615,0.0
정경희,0.0022550045662543,국방위원회,정경희,정경희,국민의힘,초선,비례대표,여,Representative,0.3356632617736524,0.0007569221880233987
이인선,0.0,국방위원회,이인선,이인선,국민의힘,초선,지역구,여,Representative,0.3231681290160744,0.0
권명호,0.0012076204789295,국방위원회,권명호,권명호,국민의힘,초선,지역구,남,Representative,0.101862293500913,0.00012301099166242986
조은희,0.0018484877527612,국방위원회,조은희,조은희,국민의힘,초선,지역구,여,Representative,0.4971643551550483,0.0009190022216135264
류성걸,0.0007328023416294,국방위원회,류성걸,류성걸,국민의힘,재선,지역구,남,Representative,0.0750174025505985,5.4972928252033895e-05
김용판,0.0006948611478481,국방위원회,김용판,김용판,국민의힘,초선,지역구,남,Representative,0.0784323016946945,5.449955918394391e-05
태영호,0.0054754994296871,국방위원회,태영호,태영호,국민의힘,초선,지역구,남,Representative,0.1778687283130429,0.0009739201204372361
최승재,0.0,국방위원회,최승재,최승재,국민의힘,초선,비례대표,남,Representative,0.4362396164165481,0.0
윤창현,0.0056650916238061,국방위원회,윤창현,윤창현,국민의힘,초선,비례대표,남,Representative,0.1659560286241812,0.0009401561076789744
김영식,0.0,국방위원회,김영식,김영식,국민의힘,초선,지역구,남,Representative,0.2624749295735833,0.0
조경태,0.0,국방위원회,조경태,조경태,국민의힘,5선,지역구,남,Representative,0.3722224896824415,0.0
정우택,0.0,국방위원회,정우택,정우택,국민의힘,5선,지역구,남,Representative,0.1586300083990965,0.0
전주혜,0.0005790920199339,국방위원회,전주혜,전주혜,국민의힘,초선,비례대표,여,Representative,0.2622996745628045,0.00015189564837057908
김도읍,0.0020568387745897,국방위원회,김도읍,김도읍,국민의힘,3선,지역구,남,Representative,0.0057675742475114,1.1862970347606461e-05
유경준,0.0019043111808613,국방위원회,유경준,유경준,국민의힘,초선,지역구,남,Representative,0.1969803900983735,0.0003751119592747532
조수진,0.0007305191392468,국방위원회,조수진,조수진,국민의힘,초선,비례대표,여,Representative,0.1152574433846105,8.419776833311245e-05
권영세,0.0,국방위원회,권영세,권영세,국민의힘,4선,지역구,남,Representative,0.3767193328116696,0.0
김형동,0.0006285941360942,국방위원회,김형동,김형동,국민의힘,초선,지역구,남,Representative,0.2200235295412783,0.00013830550047239654
황보승희,0.0,국방위원회,황보승희,황보승희,국민의힘,초선,지역구,여,Representative,0.2043416232088162,0.0
윤한홍,0.0,국방위원회,윤한홍,윤한홍,국민의힘,재선,지역구,남,Representative,0.0633220910364272,0.0
장동혁,0.0,국방위원회,장동혁,장동혁,국민의힘,초선,지역구,남,Representative,0.2751477089855504,0.0
설훈,0.0252118841447634,국방위원회,설훈,설훈,더불어민주당,5선,지역구,남,Representative,0.3265334931650108,0.008232524599061144
송옥주,0.0114922780829949,국방위원회,송옥주,송옥주,더불어민주당,재선,지역구,여,Representative,0.2621477343853833,0.0030126746623839093
신현영,0.0,국방위원회,신현영,신현영,더불어민주당,초선,비례대표,여,Representative,0.3325126093005273,0.0
조승래,0.0,국방위원회,조승래,조승래,더불어민주당,재선,지역구,남,Representative,0.2359910708975734,0.0
김영주,0.0,국방위원회,김영주,김영주,더불어민주당,4선,지역구,여,Representative,0.3478961305037666,0.0
고민정,0.0,국방위원회,고민정,고민정,더불어민주당,초선,지역구,여,Representative,0.3526006355299543,0.0
민병덕,0.0,국방위원회,민병덕,민병덕,더불어민주당,초선,지역구,남,Representative,0.534492412029025,0.0
이용선,0.0,국방위원회,이용선,이용선,더불어민주당,초선,지역구,남,Representative,0.5128505108380027,0.0
김병주,0.0430331519001711,국방위원회,김병주,김병주,더불어민주당,초선,비례대표,남,Representative,0.2434625119610639,0.010476959259217686
고용진,0.0,국방위원회,고용진,고용진,더불어민주당,재선,지역구,남,Representative,0.2115658202772826,0.0
유동수,0.0004202117679922,국방위원회,유동수,유동수,더불어민주당,재선,지역구,남,Representative,0.4365284860540641,0.00018343440690373668
윤미향,0.0026379340597722,국방위원회,윤미향,윤미향,더불어민주당,초선,비례대표,여,Representative,1.0539381495296805,0.0027802193415376298
김성주,0.0,국방위원회,김성주,김성주,더불어민주당,재선,지역구,남,Representative,0.3218992730272499,0.0
김윤덕,0.0,국방위원회,김윤덕,김윤덕,더불어민주당,재선,지역구,남,Representative,0.2869485044660441,0.0
박상혁,0.0,국방위원회,박상혁,박상혁,더불어민주당,초선,지역구,남,Representative,0.1910820455968065,0.0
박정,0.0,국방위원회,박정,박정,더불어민주당,재선,지역구,남,Representative,0.1086038378087208,0.0
이학영,0.0,국방위원회,이학영,이학영,더불어민주당,3선,지역구,남,Representative,0.0560092720869861,0.0
정춘숙,0.0,국방위원회,정춘숙,정춘숙,더불어민주당,재선,지역구,여,Representative,0.1638501850633351,0.0
진선미,0.0,국방위원회,진선미,진선미,더불어민주당,3선,지역구,여,Representative,0.0766752551488706,0.0
한기호,0.0429851176414605,국방위원회,한기호,한기호,국민의힘,3선,지역구,남,Representative,0.3139152323587058,0.013493683192385376
김성원,0.0060053087363219,국방위원회,김성원,김성원,국민의힘,재선,지역구,남,Representative,0.0969967354280285,0.0005824953426606435
김희곤,0.0,국방위원회,김희곤,김희곤,국민의힘,초선,지역구,남,Representative,0.172954273871935,0.0
엄태영,0.0,국방위원회,엄태영,엄태영,국민의힘,초선,지역구,남,Representative,0.2112428656135919,0.0
조정훈,0.0,국방위원회,조정훈,조정훈,시대전환,초선,비례대표,남,Representative,1.7768837528753738,0.0
지성호,0.0,국방위원회,지성호,지성호,국민의힘,초선,비례대표,남,Representative,0.152368783397105,0.0
최재형,0.0,국방위원회,최재형,최재형,국민의힘,초선,지역구,남,Representative,0.291581396883635,0.0
하태경,0.0031858745749558,국방위원회,하태경,하태경,국민의힘,3선,지역구,남,Representative,0.5914732693738115,0.0018843596506640092
홍석준,0.0012334109198426,국방위원회,홍석준,홍석준,국민의힘,초선,지역구,남,Representative,0.1047310895160982,0.00012917646945616835
송기헌,0.0022153457991265,국방위원회,송기헌,송기헌,더불어민주당,재선,지역구,남,Representative,0.3097590421845094,0.0006862233928449012
김영배,0.006688062998501,국방위원회,김영배,김영배,더불어민주당,초선,지역구,남,Representative,0.3173975912495803,0.0021227750858496624
백혜련,0.0,국방위원회,백혜련,백혜련,더불어민주당,재선,지역구,여,Representative,0.262002066035241,0.0
어기구,0.0,국방위원회,어기구,어기구,더불어민주당,재선,지역구,남,Representative,0.1048322749382438,0.0
전재수,0.0,국방위원회,전재수,전재수,더불어민주당,재선,지역구,남,Representative,0.1512554413902672,0.0
주철현,0.0,국방위원회,주철현,주철현,더불어민주당,초선,지역구,남,Representative,0.1808273551250511,0.0
최인호,0.0,국방위원회,최인호,최인호,더불어민주당,재선,지역구,남,Representative,0.1711937203769239,0.0
김예지,0.0,국방위원회,김예지,김예지,국민의힘,초선,비례대표,여,Representative,0.5578154035188375,0.0
김희국,0.0,국방위원회,김희국,김희국,국민의힘,재선,지역구,남,Representative,0.0800803641309325,0.0
우신구,0.0,국방위원회,우신구,우신구,국민의힘,초선,비례대표,남,Representative,-0.0,-0.0
박성민,0.0,국방위원회,박성민,박성민,국민의힘,초선,지역구,남,Representative,0.1920963982054519,0.0
서병수,0.0,국방위원회,서병수,서병수,국민의힘,5선,지역구,남,Representative,0.3254004320021045,0.0
이주환,0.0,국방위원회,이주환,이주환,국민의힘,초선,지역구,남,Representative,0.0486042879937447,0.0
전봉민,0.0030435472767892,국방위원회,전봉민,전봉민,국민의힘,초선,지역구,남,Representative,0.0399499989170311,0.00012158971041166148
최영희,0.0,국방위원회,최영희,최영희,국민의힘,초선,비례대표,여,Representative,0.1798744661352604,0.0
한무경,0.0,국방위원회,한무경,한무경,국민의힘,초선,비례대표,여,Representative,0.1040419536269268,0.0
홍문표,0.0,국방위원회,홍문표,홍문표,국민의힘,4선,지역구,남,Representative,0.5476629473060372,0.0
김상희,0.0,국방위원회,김상희,김상희,더불어민주당,4선,지역구,여,Representative,0.5592599599039866,0.0
이성만,0.0,국방위원회,이성만,이성만,더불어민주당,초선,지역구,남,Representative,0.2194435071327558,0.0
이원욱,0.0034128184915219,국방위원회,이원욱,이원욱,더불어민주당,3선,지역구,남,Representative,0.2087926901604398,0.0007125715538741517
임종성,0.0005503976422163,국방위원회,임종성,임종성,더불어민주당,재선,지역구,남,Representative,0.2168072376798863,0.00011933019243443838
한정애,0.0,국방위원회,한정애,한정애,더불어민주당,3선,지역구,여,Representative,0.200025913945713,0.0
홍정민,0.0011887450927873,국방위원회,홍정민,홍정민,더불어민주당,초선,지역구,여,Representative,0.1978012226072815,0.00023513523272173422
윤상현,0.0033549763833667,국방위원회,윤상현,윤상현,국민의힘,4선,지역구,남,Representative,0.6145800382735443,0.0020619015140963437
정운천,0.0,국방위원회,정운천,정운천,국민의힘,재선,비례대표,남,Representative,0.2095429101918529,0.0
박대수,0.0,국방위원회,박대수,박대수,국민의힘,초선,비례대표,남,Representative,0.2414175298978371,0.0
홍영표,0.0117548516601209,국방위원회,홍영표,홍영표,더불어민주당,4선,지역구,남,Representative,0.2094480075912773,0.002462030259743341
양이원영,0.0,국방위원회,양이원영,양이원영,더불어민주당,초선,비례대표,여,Representative,0.538619431256871,0.0
이용빈,0.0104499511810788,국방위원회,이용빈,이용빈,더불어민주당,초선,지역구,남,Representative,0.4600032901867735,0.004807011925587408
정일영,0.0,국방위원회,정일영,정일영,더불어민주당,초선,지역구,남,Representative,0.1776389564691861,0.0
한준호,0.0081899692061953,국방위원회,한준호,한준호,더불어민주당,초선,지역구,남,Representative,0.1454541395520071,0.001191264923844572
유의동,0.0023597120603626,국방위원회,유의동,유의동,국민의힘,3선,지역구,남,Representative,0.5050232279002433,0.0011917094016394541
하영제,0.002617251170809,국방위원회,하영제,하영제,국민의힘,초선,지역구,남,Representative,0.1478614433724366,0.0003869905357840183
최혜영,0.001746394797597,국방위원회,최혜영,최혜영,더불어민주당,초선,비례대표,여,Representative,0.4555600514410841,0.000795587703829731
김용민,0.0,국방위원회,김용민,김용민,더불어민주당,초선,지역구,남,Representative,0.5183906276468344,0.0
김주영,0.0,국방위원회,김주영,김주영,더불어민주당,초선,지역구,남,Representative,0.3630556068353552,0.0
서영석,0.0,국방위원회,서영석,서영석,더불어민주당,초선,지역구,남,Representative,0.1839691144889395,0.0
신정훈,0.0,국방위원회,신정훈,신정훈,더불어민주당,재선,지역구,남,Representative,0.1277927153232575,0.0
김정호,0.0046632258470855,국방위원회,김정호,김정호,더불어민주당,재선,지역구,남,Representative,0.2475581055450652,0.0011544193564332682
김태년,0.0,국방위원회,김태년,김태년,더불어민주당,4선,지역구,남,Representative,0.0302627005970719,0.0
이동주,0.0,국방위원회,이동주,이동주,더불어민주당,초선,비례대표,남,Representative,0.2481459493801818,0.0
최기상,0.0017071653741004,국방위원회,최기상,최기상,더불어민주당,초선,지역구,남,Representative,0.2058827885501175,0.0003514759677359949
김수흥,0.0,국방위원회,김수흥,김수흥,더불어민주당,초선,지역구,남,Representative,0.5088102660790913,0.0
박성준,0.0093322232459249,국방위원회,박성준,박성준,더불어민주당,초선,지역구,남,Representative,0.2002255367463627,0.0018685494084521965
양경숙,0.0025054016120298,국방위원회,양경숙,양경숙,더불어민주당,초선,비례대표,여,Representative,0.3342609954913604,0.0008374580369427401
이정문,0.0014204732551931,국방위원회,이정문,이정문,더불어민주당,초선,지역구,남,Representative,0.0848113999966772,0.00012047232543076412
김경만,0.0,국방위원회,김경만,김경만,더불어민주당,초선,비례대표,남,Representative,0.2607821776703825,0.0
김경협,0.0017872210943393,국방위원회,김경협,김경협,더불어민주당,3선,지역구,남,Representative,0.3651315668203744,0.0006525708384305328
김민석,0.0,국방위원회,김민석,김민석,더불어민주당,3선,지역구,남,Representative,0.5124972621164758,0.0
김원이,0.0,국방위원회,김원이,김원이,더불어민주당,초선,지역구,남,Representative,0.2360613447578642,0.0
김의겸,0.0,국방위원회,김의겸,김의겸,열린민주당,초선,비례대표,남,Representative,0.8380800716465495,0.0
김홍걸,0.0,국방위원회,김홍걸,김홍걸,더불어민주당,초선,비례대표,남,Representative,0.5197862075653299,0.0
서영교,0.0049497716939652,국방위원회,서영교,서영교,더불어민주당,3선,지역구,여,Representative,0.4396629254011983,0.0021762311030367847
양기대,0.0018518451190345,국방위원회,양기대,양기대,더불어민주당,초선,지역구,남,Representative,0.2301185334449006,0.00042614388295931653
양정숙,0.0058288132893653,국방위원회,양정숙,양정숙,국민의힘,초선,비례대표,여,Representative,0.754948281969812,0.004400452578729142
정태호,0.0,국방위원회,정태호,정태호,더불어민주당,초선,지역구,남,Representative,0.2629825046404378,0.0
강선우,0.0,국방위원회,강선우,강선우,더불어민주당,초선,지역구,여,Representative,0.2216826678477753,0.0
김민기,0.0086012917586358,국방위원회,김민기,김민기,더불어민주당,3선,지역구,남,Representative,0.1116766109823257,0.0009605631136746544
김종민,0.0017659280985663,국방위원회,김종민,김종민,더불어민주당,재선,지역구,남,Representative,0.6226025996525496,0.0010994714249668623
윤건영,0.0009548360875498,국방위원회,윤건영,윤건영,더불어민주당,초선,지역구,남,Representative,0.2535746445358753,0.00024212222149046645
강득구,0.0,국방위원회,강득구,강득구,더불어민주당,초선,지역구,남,Representative,0.5445023530105706,0.0
박홍근,0.0,국방위원회,박홍근,박홍근,더불어민주당,3선,지역구,남,Representative,0.2914629024230286,0.0
신영대,0.0,국방위원회,신영대,신영대,더불어민주당,초선,지역구,남,Representative,0.2397699657028943,0.0
우원식,0.0042851708600363,국방위원회,우원식,우원식,더불어민주당,4선,지역구,남,Representative,0.3474908272016026,0.0014890575668542168
천준호,0.0,국방위원회,천준호,천준호,더불어민주당,초선,지역구,남,Representative,0.3993355059681581,0.0
강훈식,0.002528738078582,국방위원회,강훈식,강훈식,더불어민주당,재선,지역구,남,Representative,0.2333552597959055,0.0005900943312833015
안민석,0.0007454803334811,국방위원회,안민석,안민석,더불어민주당,5선,지역구,남,Representative,0.3441477269487697,0.0002565553622525314
이소영,0.0,국방위원회,이소영,이소영,더불어민주당,초선,지역구,여,Representative,0.3137302400903705,0.0
홍기원,0.0028637409222249,국방위원회,홍기원,홍기원,더불어민주당,초선,지역구,남,Representative,0.1984078664960204,0.0005681887265759884
권칠승,0.0,국방위원회,권칠승,권칠승,더불어민주당,재선,지역구,남,Representative,0.1859285040914948,0.0
김병기,0.0218155212905458,국방위원회,김병기,김병기,더불어민주당,재선,지역구,남,Representative,0.1108729186430819,0.0024187505172031053
유정주,0.0,국방위원회,유정주,유정주,더불어민주당,초선,비례대표,여,Representative,0.3402755762534749,0.0
박재호,0.0008650689309502,국방위원회,박재호,박재호,더불어민주당,재선,지역구,남,Representative,0.2619622171748344,0.00022661537516077815
김한규,0.0,국방위원회,김한규,김한규,더불어민주당,초선,지역구,남,Representative,0.4606560544107763,0.0
박영순,0.0,국방위원회,박영순,박영순,더불어민주당,초선,지역구,남,Representative,0.3793634271542586,0.0
노용호,0.0,국방위원회,노용호,노용호,국민의힘,초선,비례대표,남,Representative,0.1923972318813689,0.0
신원식,0.0203306474666219,국방위원회,신원식,신원식,국민의힘,초선,비례대표,남,Representative,0.188354618593185,0.003829371349328071
정동만,0.0,국방위원회,정동만,정동만,국민의힘,초선,지역구,남,Representative,0.0224883277952201,0.0
박형수,0.0,국방위원회,박형수,박형수,국민의힘,초선,지역구,남,Representative,0.1289259726016864,0.0
장철민,0.0,국방위원회,장철민,장철민,더불어민주당,초선,지역구,남,Representative,0.1714224222163959,0.0
김성환,0.0,국방위원회,김성환,김성환,더불어민주당,재선,지역구,남,Representative,0.2337158540241251,0.0
서삼석,0.0017820455608422,국방위원회,서삼석,서삼석,더불어민주당,재선,지역구,남,Representative,0.2012082502190047,0.00035856226910760397
이용우,0.0,국방위원회,이용우,이용우,더불어민주당,초선,지역구,남,Representative,0.231626157115504,0.0
조오섭,0.003521781309848,국방위원회,조오섭,조오섭,더불어민주당,초선,지역구,남,Representative,0.3537241914215748,0.0012457392461895983
임오경,0.000481879336548,국방위원회,임오경,임오경,더불어민주당,초선,지역구,여,Representative,0.0586732885421386,2.827344535577512e-05
안병길,0.0,국방위원회,안병길,안병길,국민의힘,초선,지역구,남,Representative,0.0420092157277911,0.0
윤두현,0.0,국방위원회,윤두현,윤두현,국민의힘,초선,지역구,남,Representative,0.2056082379737857,0.0
이태규,0.000300177361706,국방위원회,이태규,이태규,국민의당,재선,비례대표,남,Representative,0.7108411718546286,0.00021337842755932376
조명희,0.0025014262330681,국방위원회,조명희,조명희,국민의힘,초선,비례대표,여,Representative,0.2553086924045825,0.000638635860711137
강민국,0.0012352402543101,국방위원회,강민국,강민국,국민의힘,초선,지역구,남,Representative,0.153084768117913,0.00018909646790097353
김미애,0.0,국방위원회,김미애,김미애,국민의힘,초선,지역구,여,Representative,0.1300450243421692,0.0
이달곤,0.0,국방위원회,이달곤,이달곤,국민의힘,재선,지역구,남,Representative,0.1697317502202084,0.0
김회재,0.0010654213075543,국방위원회,김회재,김회재,더불어민주당,초선,지역구,남,Representative,0.2705052594012662,0.0002882020671716121
윤영덕,0.0,국방위원회,윤영덕,윤영덕,더불어민주당,초선,지역구,남,Representative,0.5936797322448536,0.0
김두관,0.0030971358222808,국방위원회,김두관,김두관,더불어민주당,재선,지역구,남,Representative,0.7087657792985883,0.0021951438846724253
신동근,0.0,국방위원회,신동근,신동근,더불어민주당,재선,지역구,남,Representative,0.1433568328564554,0.0
한병도,0.0,국방위원회,한병도,한병도,더불어민주당,재선,지역구,남,Representative,0.4404702338128733,0.0
이인영,0.0,국방위원회,이인영,이인영,더불어민주당,4선,지역구,남,Representative,0.2800294833760527,0.0
박성중,0.0,국방위원회,박성중,박성중,국민의힘,재선,지역구,남,Representative,0.1136597690819902,0.0
유기홍,0.0,국방위원회,유기홍,유기홍,더불어민주당,3선,지역구,남,Representative,0.533695852611625,0.0
최형두,0.0,국방위원회,최형두,최형두,국민의힘,초선,지역구,남,Representative,0.2907134521220806,0.0
이은주,0.0,국방위원회,이은주,이은주,정의당,초선,비례대표,여,Representative,1.7394356928672845,0.0
서일준,0.0,국방위원회,서일준,서일준,국민의힘,초선,지역구,남,Representative,0.0727597785364597,0.0
양금희,0.0004241870755914,국방위원회,양금희,양금희,국민의힘,초선,지역구,여,Representative,0.1636013212186727,6.939756601063804e-05
이형석,0.0,국방위원회,이형석,이형석,더불어민주당,초선,지역구,남,Representative,0.1083558993299242,0.0
홍익표,0.0,국방위원회,홍익표,홍익표,더불어민주당,3선,지역구,남,Representative,0.165353191622152,0.0
김민철,0.0,국방위원회,김민철,김민철,더불어민주당,초선,지역구,남,Representative,0.2612442298812484,0.0
김영진,0.0,국방위원회,김영진,김영진,더불어민주당,재선,지역구,남,Representative,0.0792247561405531,0.0
문진석,0.0010968649680578,국방위원회,문진석,문진석,더불어민주당,초선,지역구,남,Representative,0.2131284851715763,0.00023377316907992833
윤주경,0.0121442223597371,국방위원회,윤주경,윤주경,국민의힘,초선,비례대표,여,Representative,0.4248222909210703,0.005159136364318401
강민정,0.0049326317790685,국방위원회,강민정,강민정,열린민주당,초선,비례대표,여,Representative,1.3217456216851513,0.006519684457368828
윤재갑,0.0042853491267945,국방위원회,윤재갑,윤재갑,더불어민주당,초선,지역구,남,Representative,0.6854440000858673,0.0029373668472345007
이탄희,0.0005013687845047,국방위원회,이탄희,이탄희,더불어민주당,초선,지역구,남,Representative,0.6201423822658652,0.00031092003241648585
윤재옥,0.0003266411637999,국방위원회,윤재옥,윤재옥,국민의힘,3선,지역구,남,Representative,0.5807333195948687,0.0001896914073698472
유상범,0.0,국방위원회,유상범,유상범,국민의힘,초선,지역구,남,Representative,0.3489284768254078,0.0
이명수,0.0,국방위원회,이명수,이명수,국민의힘,4선,지역구,남,Representative,0.4078212172780129,0.0
김교흥,0.0,국방위원회,김교흥,김교흥,더불어민주당,재선,지역구,남,Representative,0.1927891344584833,0.0
송재호,0.0009571283031374,국방위원회,송재호,송재호,더불어민주당,초선,지역구,남,Representative,0.3758954363478019,0.0003597801611486642
김남국,0.0013684000462591,국방위원회,김남국,김남국,더불어민주당,초선,지역구,남,Representative,0.4903679722415279,0.0006710195558992878
문정복,0.0,국방위원회,문정복,문정복,더불어민주당,초선,지역구,여,Representative,0.5768076262279168,0.0
서동용,0.0,국방위원회,서동용,서동용,더불어민주당,초선,지역구,남,Representative,0.3156377014497687,0.0
윤준병,0.0,국방위원회,윤준병,윤준병,더불어민주당,초선,지역구,남,Representative,0.4344183278979442,0.0
강성희,0.0,국방위원회,강성희,강성희,진보당,초선,지역구,남,Representative,1.777874656814911,0.0
강은미,0.0,국방위원회,강은미,강은미,정의당,초선,비례대표,여,Representative,1.6918809491792466,0.0
용혜인,0.0,국방위원회,용혜인,용혜인,기본소득당,초선,비례대표,여,Representative,1.5260787063967094,0.0
장혜영,0.0,국방위원회,장혜영,장혜영,정의당,초선,비례대표,여,Representative,1.7094637667725767,0.0
서범수,0.0,국방위원회,서범수,서범수,국민의힘,초선,지역구,남,Representative,0.2022344335941221,0.0
배준영,0.0,국방위원회,배준영,배준영,국민의힘,초선,지역구,남,Representative,0.4029858723602732,0.0
정희용,0.0,국방위원회,정희용,정희용,국민의힘,초선,지역구,남,Representative,0.1013462246233544,0.0
박찬대,0.0,국방위원회,박찬대,박찬대,더불어민주당,재선,지역구,남,Representative,0.2786489795755955,0.0
소병훈,0.0012476892915832,국방위원회,소병훈,소병훈,더불어민주당,재선,지역구,남,Representative,0.4495375269510719,0.0005608831585416466
조응천,0.0004704951983402,국방위원회,조응천,조응천,더불어민주당,재선,지역구,남,Representative,0.254488173419614,0.0001197354636282965
최종윤,0.0,국방위원회,최종윤,최종윤,더불어민주당,초선,지역구,남,Representative,0.1716391861609539,0.0
이개호,0.0,국방위원회,이개호,이개호,더불어민주당,3선,지역구,남,Representative,0.1131561090092011,0.0
박수영,0.0,국방위원회,박수영,박수영,국민의힘,초선,지역구,남,Representative,0.3130251150523512,0.0
조해진,0.0,국방위원회,조해진,조해진,국민의힘,3선,지역구,남,Representative,0.3349213368474088,0.0
류호정,0.0,국방위원회,류호정,류호정,정의당,초선,비례대표,여,Representative,1.9138526831392957,0.0
김태호,0.0,국방위원회,김태호,김태호,국민의힘,3선,지역구,남,Representative,0.2550454797747435,0.0
정점식,0.0,국방위원회,정점식,정점식,국민의힘,재선,지역구,남,Representative,0.1256501314629642,0.0
김선교,0.0043584794638248,국방위원회,김선교,김선교,국민의힘,초선,지역구,남,Representative,0.1700647696450778,0.0007412238060181668
안철수,0.0,국방위원회,안철수,안철수,국민의힘,3선,지역구,남,Representative,0.4836184997568817,0.0
위성곤,0.0,국방위원회,위성곤,위성곤,더불어민주당,재선,지역구,남,Representative,0.4979833092497824,0.0
이재명,0.0,국방위원회,이재명,이재명,더불어민주당,초선,지역구,남,Representative,0.2018808153311869,0.0
이재정,0.0,국방위원회,이재정,이재정,더불어민주당,재선,지역구,여,Representative,0.2573809498745986,0.0
정필모,0.0,국방위원회,정필모,정필모,더불어민주당,초선,비례대표,남,Representative,0.1873329443348586,0.0
허종식,0.0,국방위원회,허종식,허종식,더불어민주당,초선,지역구,남,Representative,0.5071840623526072,0.0
민홍철,0.0180160691036628,국방위원회,민홍철,민홍철,더불어민주당,3선,지역구,남,Representative,0.2010526097454781,0.003622177710646282
김승남,0.0,국방위원회,김승남,김승남,더불어민주당,재선,지역구,남,Representative,0.2124111150114147,0.0
최강욱,0.0005615911218054,국방위원회,최강욱,최강욱,열린민주당,초선,비례대표,남,Representative,0.7842536920804917,0.0004404299107155101
박주민,0.0013875613044173,국방위원회,박주민,박주민,더불어민주당,재선,지역구,남,Representative,0.7084504412298533,0.000983018418347907
황운하,0.0014433164873797,국방위원회,황운하,황운하,더불어민주당,초선,지역구,남,Representative,0.5488281734063343,0.0007921327514158473
배진교,0.0,국방위원회,배진교,배진교,정의당,초선,비례대표,남,Representative,1.622416384309617,0.0
강병원,0.0,국방위원회,강병원,강병원,더불어민주당,재선,지역구,남,Representative,0.2679228198118838,0.0
박광온,0.0,국방위원회,박광온,박광온,더불어민주당,3선,지역구,남,Representative,0.0636172526258988,0.0
이해식,0.0,국방위원회,이해식,이해식,더불어민주당,초선,지역구,남,Representative,0.2639597631121719,0.0
권인숙,0.0003217177226776,국방위원회,권인숙,권인숙,더불어민주당,초선,비례대표,여,Representative,0.7127107829573963,0.0002292916900208228
김정재,0.0,국방위원회,김정재,김정재,국민의힘,재선,지역구,여,Representative,0.2574250589731167,0.0
이양수,0.0,국방위원회,이양수,이양수,국민의힘,재선,지역구,남,Representative,0.4099103257016184,0.0
우상호,0.0,국방위원회,우상호,우상호,더불어민주당,4선,지역구,남,Representative,0.354889315495192,0.0
배현진,0.0,국방위원회,배현진,배현진,국민의힘,초선,지역구,여,Representative,0.0729943402727777,0.0
임이자,0.0,국방위원회,임이자,임이자,국민의힘,재선,지역구,여,Representative,0.0338839582899253,0.0
장경태,0.0004719584306247,국방위원회,장경태,장경태,더불어민주당,초선,지역구,남,Representative,0.403738270388732,0.00019054768047579673
윤호중,0.0,국방위원회,윤호중,윤호중,더불어민주당,4선,지역구,남,Representative,0.1128950186454341,0.0
이상민,0.0,국방위원회,이상민,이상민,더불어민주당,5선,지역구,남,Representative,0.6797803799490477,0.0
전해철,0.0,국방위원회,전해철,전해철,더불어민주당,3선,지역구,남,Representative,0.111134388568907,0.0
이장섭,0.0,국방위원회,이장섭,이장섭,더불어민주당,초선,지역구,남,Representative,0.2854497963072183,0.0
박정하,0.0,국방위원회,박정하,박정하,국민의힘,초선,지역구,남,Representative,0.2937123128515209,0.0
정찬민,0.0001024120126971,국방위원회,정찬민,정찬민,국민의힘,초선,지역구,남,Representative,0.4442721508323407,4.5498805152009596e-05
도종환,0.0008122997786704,국방위원회,도종환,도종환,더불어민주당,3선,지역구,남,Representative,0.2721175456087874,0.0002210410220703505
윤관석,0.0,국방위원회,윤관석,윤관석,더불어민주당,3선,지역구,남,Representative,0.0726470802193504,0.0
김기현,0.0,국방위원회,김기현,김기현,국민의힘,4선,지역구,남,Representative,0.3033064478180708,0.0
황희,0.0010042393420295,국방위원회,황희,황희,더불어민주당,재선,지역구,남,Representative,0.2589890766385589,0.0002600870199163342
박진,0.0,국방위원회,박진,박진,국민의힘,4선,지역구,남,Representative,0.2849925584102457,0.0
노웅래,0.0006254342751008,국방위원회,노웅래,노웅래,더불어민주당,4선,지역구,남,Representative,0.2613156957741633,0.00016343579275897503
서정숙,0.0,국방위원회,서정숙,서정숙,국민의힘,초선,비례대표,여,Representative,0.3409787953353209,0.0
남인순,0.0,국방위원회,남인순,남인순,더불어민주당,3선,지역구,여,Representative,0.5088905772697233,0.0
맹성규,0.0,국방위원회,맹성규,맹성규,더불어민주당,재선,지역구,남,Representative,0.3423921953477248,0.0
박대출,0.0,국방위원회,박대출,박대출,국민의힘,3선,지역구,남,Representative,0.1127161477762168,0.0
김한정,0.0,국방위원회,김한정,김한정,더불어민주당,재선,지역구,남,Representative,0.3115396476231169,0.0
안호영,0.0,국방위원회,안호영,안호영,더불어민주당,재선,지역구,남,Representative,0.5118923685595783,0.0
정진석,0.0001842111862567,국방위원회,정진석,정진석,국민의힘,5선,지역구,남,Representative,0.0704006718058257,1.2968591266619765e-05
주호영,0.0,국방위원회,주호영,주호영,국민의힘,5선,지역구,남,Representative,0.2385724628270604,0.0
진성준,0.0004086685124864,국방위원회,진성준,진성준,더불어민주당,재선,지역구,남,Representative,0.137191834935949,5.6065983108554e-05
정청래,0.0,국방위원회,정청래,정청래,더불어민주당,3선,지역구,남,Representative,0.0751206976802892,0.0
송영길,0.0,국방위원회,송영길,송영길,더불어민주당,5선,지역구,남,Representative,0.1847095725159723,0.0
김영호,0.0,국방위원회,김영호,김영호,더불어민주당,재선,지역구,남,Representative,0.4161281665252168,0.0
김웅,0.0,국방위원회,김웅,김웅,국민의힘,초선,지역구,남,Representative,0.3699621682437175,0.0
이영,0.0,국방위원회,이영,이영,국민의힘,초선,비례대표,여,Representative,0.2206417648191584,0.0
추경호,0.0,국방위원회,추경호,추경호,국민의힘,재선,지역구,남,Representative,0.0731143995543978,0.0
이광재,0.0009716156680586,국방위원회,이광재,이광재,더불어민주당,3선,지역구,남,Representative,0.2037976967403526,0.00019801303526718167
김태흠,0.0,국방위원회,김태흠,김태흠,국민의힘,3선,지역구,남,Representative,0.0980118810479008,0.0
김은혜,0.0,국방위원회,김은혜,김은혜,국민의힘,초선,지역구,여,Representative,0.162439713102269,0.0
허은아,0.0,국방위원회,허은아,허은아,국민의힘,초선,비례대표,여,Representative,0.290583414125627,0.0
윤영석,0.0,국방위원회,윤영석,윤영석,국민의힘,3선,지역구,남,Representative,0.194206349704839,0.0
고영인,0.0,국방위원회,고영인,고영인,더불어민주당,초선,지역구,남,Representative,0.3272823183515555,0.0
조태용,0.0045529247788946,국방위원회,조태용,조태용,국민의힘,초선,비례대표,남,Representative,0.1545407967786547,0.0007036126230036518
김석기,0.0006572488807227,국방위원회,김석기,김석기,국민의힘,재선,지역구,남,Representative,0.2160995399392338,0.00014203118074975182
이만희,0.0,국방위원회,이만희,이만희,국민의힘,재선,지역구,남,Representative,0.1771920077790279,0.0
이철규,0.0003244162353946,국방위원회,이철규,이철규,국민의힘,재선,지역구,남,Representative,0.1840560451181021,5.9710769258833326e-05
홍준표,0.000105339166128,국방위원회,홍준표,홍준표,국민의힘,5선,지역구,남,Representative,0.1745452207856409,1.8386448009187064e-05
이규민,0.0,국방위원회,이규민,이규민,더불어민주당,초선,지역구,남,Representative,0.3923416013378649,0.0
오기형,0.0,국방위원회,오기형,오기형,더불어민주당,초선,지역구,남,Representative,0.3978628324702754,0.0
이낙연,0.0,국방위원회,이낙연,이낙연,더불어민주당,5선,지역구,남,Representative,0.1016403584957575,0.0
박완수,0.0,국방위원회,박완수,박완수,국민의힘,재선,지역구,남,Representative,0.1899346266606008,0.0
장제원,0.0032439615319057,국방위원회,장제원,장제원,국민의힘,3선,지역구,남,Representative,0.0909064879091423,0.00029489714977790825
윤희숙,0.0,국방위원회,윤희숙,윤희숙,국민의힘,초선,지역구,여,Representative,0.28306548324025,0.0
정정순,0.0,국방위원회,정정순,정정순,더불어민주당,초선,지역구,남,Representative,0.1787183559051326,0.0
박완주,0.0,국방위원회,박완주,박완주,더불어민주당,3선,지역구,남,Representative,0.3781620068650885,0.0
곽상도,0.0,국방위원회,곽상도,곽상도,국민의힘,재선,지역구,남,Representative,0.0416731213070125,0.0
이상직,0.0,국방위원회,이상직,이상직,더불어민주당,재선,지역구,남,Representative,0.1875925759171187,0.0
이원택,0.0,국방위원회,이원택,이원택,더불어민주당,초선,지역구,남,Representative,0.2716912161873271,0.0
김진애,0.0,국방위원회,김진애,김진애,열린민주당,재선,비례대표,여,Representative,1.0590950156918448,0.0
박범계,0.0,국방위원회,박범계,박범계,더불어민주당,3선,지역구,남,Representative,0.3504014522294029,0.0
오영훈,0.0,국방위원회,오영훈,오영훈,더불어민주당,재선,지역구,남,Representative,0.671756127451087,0.0
권은희,0.0,국방위원회,권은희,권은희,국민의당,3선,비례대표,여,Representative,1.4757029872866645,0.0
조은희,0.0604427310019674,여성가족위원회,조은희,조은희,국민의힘,초선,지역구,여,Representative,0.4971643551550483,0.03004997138240317
박대수,0.0,여성가족위원회,박대수,박대수,국민의힘,초선,비례대표,남,Representative,0.2414175298978371,0.0
한무경,0.0,여성가족위원회,한무경,한무경,국민의힘,초선,비례대표,여,Representative,0.1040419536269268,0.0
허숙정,0.0049580578224449,여성가족위원회,허숙정,허숙정,더불어민주당,초선,비례대표,여,Representative,1.1015877581031428,0.005461735801172827
이헌승,0.0,여성가족위원회,이헌승,이헌승,국민의힘,3선,지역구,남,Representative,0.1758853015028908,0.0
박정하,0.0,여성가족위원회,박정하,박정하,국민의힘,초선,지역구,남,Representative,0.2937123128515209,0.0
김은희,0.0084634964989437,여성가족위원회,김은희,김은희,국민의힘,초선,비례대표,여,Representative,0.273079356185924,0.002311206175013367
이용,0.0,여성가족위원회,이용,이용,국민의힘,초선,비례대표,남,Representative,0.0598766122576743,0.0
최승재,0.0,여성가족위원회,최승재,최승재,국민의힘,초선,비례대표,남,Representative,0.4362396164165481,0.0
지성호,0.0047022147429471,여성가족위원회,지성호,지성호,국민의힘,초선,비례대표,남,Representative,0.152368783397105,0.0007164707396547804
임이자,0.0034565202674956,여성가족위원회,임이자,임이자,국민의힘,재선,지역구,여,Representative,0.0338839582899253,0.00011712058857210235
정경희,0.0163649263657467,여성가족위원회,정경희,정경희,국민의힘,초선,비례대표,여,Representative,0.3356632617736524,0.00549310456261218
윤창현,0.0,여성가족위원회,윤창현,윤창현,국민의힘,초선,비례대표,남,Representative,0.1659560286241812,0.0
성일종,0.0,여성가족위원회,성일종,성일종,국민의힘,재선,지역구,남,Representative,0.2955294681309887,0.0
김용판,0.0,여성가족위원회,김용판,김용판,국민의힘,초선,지역구,남,Representative,0.0784323016946945,0.0
노용호,0.0001368617095391,여성가족위원회,노용호,노용호,국민의힘,초선,비례대표,남,Representative,0.1923972318813689,2.633181406587478e-05
백종헌,0.0,여성가족위원회,백종헌,백종헌,국민의힘,초선,지역구,남,Representative,0.1748090064444665,0.0
전주혜,0.0289569139416796,여성가족위원회,전주혜,전주혜,국민의힘,초선,비례대표,여,Representative,0.2622996745628045,0.007595389103245696
김미애,0.0051147919972789,여성가족위원회,김미애,김미애,국민의힘,초선,지역구,여,Representative,0.1300450243421692,0.0006651532497912667
강민정,0.0190188340832365,여성가족위원회,강민정,강민정,열린민주당,초선,비례대표,여,Representative,1.3217456216851513,0.025138060679074172
윤영덕,0.0390795191516663,여성가족위원회,윤영덕,윤영덕,더불어민주당,초선,지역구,남,Representative,0.5936797322448536,0.023200718466218875
김남국,0.0,여성가족위원회,김남국,김남국,더불어민주당,초선,지역구,남,Representative,0.4903679722415279,0.0
문정복,0.0,여성가족위원회,문정복,문정복,더불어민주당,초선,지역구,여,Representative,0.5768076262279168,0.0
강득구,0.0025640792768505,여성가족위원회,강득구,강득구,더불어민주당,초선,지역구,남,Representative,0.5445023530105706,0.0013961471995507396
김의겸,0.0,여성가족위원회,김의겸,김의겸,열린민주당,초선,비례대표,남,Representative,0.8380800716465495,0.0
양경숙,0.0015903027447192,여성가족위원회,양경숙,양경숙,더불어민주당,초선,비례대표,여,Representative,0.3342609954913604,0.0005315761785824825
이탄희,0.0,여성가족위원회,이탄희,이탄희,더불어민주당,초선,지역구,남,Representative,0.6201423822658652,0.0
권인숙,0.0282364267846716,여성가족위원회,권인숙,권인숙,더불어민주당,초선,비례대표,여,Representative,0.7127107829573963,0.020124405841622492
김경만,0.0,여성가족위원회,김경만,김경만,더불어민주당,초선,비례대표,남,Representative,0.2607821776703825,0.0
황보승희,0.0187911709835462,여성가족위원회,황보승희,황보승희,국민의힘,초선,지역구,여,Representative,0.2043416232088162,0.003839818380772237
박덕흠,0.0046463335365138,여성가족위원회,박덕흠,박덕흠,국민의힘,3선,지역구,남,Representative,0.2317213323874486,0.001076654597797464
송석준,0.0048633515291836,여성가족위원회,송석준,송석준,국민의힘,재선,지역구,남,Representative,0.2718885877183796,0.0013222897788477508
유경준,0.0,여성가족위원회,유경준,유경준,국민의힘,초선,지역구,남,Representative,0.1969803900983735,0.0
조수진,0.0,여성가족위원회,조수진,조수진,국민의힘,초선,비례대표,여,Representative,0.1152574433846105,0.0
이인선,0.0,여성가족위원회,이인선,이인선,국민의힘,초선,지역구,여,Representative,0.3231681290160744,0.0
김근태,0.0,여성가족위원회,김근태,김근태,국민의힘,초선,비례대표,남,Representative,0.6071716548713029,0.0
윤영석,0.0062094330572424,여성가족위원회,윤영석,윤영석,국민의힘,3선,지역구,남,Representative,0.194206349704839,0.0012059113277836052
김예지,0.0016292101945752,여성가족위원회,김예지,김예지,국민의힘,초선,비례대표,여,Representative,0.5578154035188375,0.000908798542103969
김희곤,0.0,여성가족위원회,김희곤,김희곤,국민의힘,초선,지역구,남,Representative,0.172954273871935,0.0
하영제,0.0,여성가족위원회,하영제,하영제,국민의힘,초선,지역구,남,Representative,0.1478614433724366,0.0
권명호,0.0035000565426373,여성가족위원회,권명호,권명호,국민의힘,초선,지역구,남,Representative,0.101862293500913,0.0003565237868159115
안철수,0.0,여성가족위원회,안철수,안철수,국민의힘,3선,지역구,남,Representative,0.4836184997568817,0.0
최연숙,0.1077700144208738,여성가족위원회,최연숙,최연숙,국민의당,초선,비례대표,여,Representative,1.4543314865112702,0.15673332527405043
윤한홍,0.0,여성가족위원회,윤한홍,윤한홍,국민의힘,재선,지역구,남,Representative,0.0633220910364272,0.0
박진,0.0016646153950461,여성가족위원회,박진,박진,국민의힘,4선,지역구,남,Representative,0.2849925584102457,0.00047440300020326983
윤주경,0.0016860512288694,여성가족위원회,윤주경,윤주경,국민의힘,초선,비례대표,여,Representative,0.4248222909210703,0.0007162721456585844
이양수,0.0004091597260871,여성가족위원회,이양수,이양수,국민의힘,재선,지역구,남,Representative,0.4099103257016184,0.00016771879658434812
박성중,0.0,여성가족위원회,박성중,박성중,국민의힘,재선,지역구,남,Representative,0.1136597690819902,0.0
조정훈,0.0,여성가족위원회,조정훈,조정훈,시대전환,초선,비례대표,남,Representative,1.7768837528753738,0.0
임병헌,0.0,여성가족위원회,임병헌,임병헌,국민의힘,초선,지역구,남,Representative,0.2574402072023462,0.0
강기윤,0.0027724436725831,여성가족위원회,강기윤,강기윤,국민의힘,재선,지역구,남,Representative,0.1051953896862757,0.0002916482925206286
이종성,0.003592751916328,여성가족위원회,이종성,이종성,국민의힘,초선,비례대표,남,Representative,0.2162605302271925,0.0007769704343998552
권영세,0.0,여성가족위원회,권영세,권영세,국민의힘,4선,지역구,남,Representative,0.3767193328116696,0.0
권성동,0.0,여성가족위원회,권성동,권성동,국민의힘,4선,지역구,남,Representative,0.1650123478378992,0.0
송언석,0.0016629343309401,여성가족위원회,송언석,송언석,국민의힘,재선,지역구,남,Representative,0.1978088158038737,0.00032894307076286817
허종식,0.0,여성가족위원회,허종식,허종식,더불어민주당,초선,지역구,남,Representative,0.5071840623526072,0.0
양정숙,0.0226032583833706,여성가족위원회,양정숙,양정숙,국민의힘,초선,비례대표,여,Representative,0.754948281969812,0.017064291083445385
이원택,0.0021716876717446,여성가족위원회,이원택,이원택,더불어민주당,초선,지역구,남,Representative,0.2716912161873271,0.0005900284647153152
한준호,0.0081889997208012,여성가족위원회,한준호,한준호,더불어민주당,초선,지역구,남,Representative,0.1454541395520071,0.0011911239081807648
주철현,0.0,여성가족위원회,주철현,주철현,더불어민주당,초선,지역구,남,Representative,0.1808273551250511,0.0
윤미향,0.0,여성가족위원회,윤미향,윤미향,더불어민주당,초선,비례대표,여,Representative,1.0539381495296805,0.0
김주영,0.0,여성가족위원회,김주영,김주영,더불어민주당,초선,지역구,남,Representative,0.3630556068353552,0.0
신현영,0.0067073961256216,여성가족위원회,신현영,신현영,더불어민주당,초선,비례대표,여,Representative,0.3325126093005273,0.0022302937873426854
류성걸,0.0,여성가족위원회,류성걸,류성걸,국민의힘,재선,지역구,남,Representative,0.0750174025505985,0.0
김도읍,0.001639374591443,여성가족위원회,김도읍,김도읍,국민의힘,3선,지역구,남,Representative,0.0057675742475114,9.45521467563117e-06
김형동,0.0,여성가족위원회,김형동,김형동,국민의힘,초선,지역구,남,Representative,0.2200235295412783,0.0
장동혁,0.0,여성가족위원회,장동혁,장동혁,국민의힘,초선,지역구,남,Representative,0.2751477089855504,0.0
이성만,0.0063168745443558,여성가족위원회,이성만,이성만,더불어민주당,초선,지역구,남,Representative,0.2194435071327558,0.0013861971041310656
김정호,0.0,여성가족위원회,김정호,김정호,더불어민주당,재선,지역구,남,Representative,0.2475581055450652,0.0
김병기,0.0,여성가족위원회,김병기,김병기,더불어민주당,재선,지역구,남,Representative,0.1108729186430819,0.0
김한규,0.0009600415863683,여성가족위원회,김한규,김한규,더불어민주당,초선,지역구,남,Representative,0.4606560544107763,0.0004422489692466836
이인영,0.0,여성가족위원회,이인영,이인영,더불어민주당,4선,지역구,남,Representative,0.2800294833760527,0.0
맹성규,0.0,여성가족위원회,맹성규,맹성규,더불어민주당,재선,지역구,남,Representative,0.3423921953477248,0.0
정태호,0.0,여성가족위원회,정태호,정태호,더불어민주당,초선,지역구,남,Representative,0.2629825046404378,0.0
이소영,0.0,여성가족위원회,이소영,이소영,더불어민주당,초선,지역구,여,Representative,0.3137302400903705,0.0
송재호,0.0085254000389975,여성가족위원회,송재호,송재호,더불어민주당,초선,지역구,남,Representative,0.3758954363478019,0.003204658967698533
서영교,0.0112349230122855,여성가족위원회,서영교,서영교,더불어민주당,3선,지역구,여,Representative,0.4396629254011983,0.004939579118238686
엄태영,0.0,여성가족위원회,엄태영,엄태영,국민의힘,초선,지역구,남,Representative,0.2112428656135919,0.0
강대식,0.003483117937966,여성가족위원회,강대식,강대식,국민의힘,초선,지역구,남,Representative,0.1076879275224922,0.0003750897520559751
유의동,0.0024106943119264,여성가족위원회,유의동,유의동,국민의힘,3선,지역구,남,Representative,0.5050232279002433,0.0012174566228898267
박성민,0.0016851151273518,여성가족위원회,박성민,박성민,국민의힘,초선,지역구,남,Representative,0.1920963982054519,0.00032370454652580217
주호영,0.0,여성가족위원회,주호영,주호영,국민의힘,5선,지역구,남,Representative,0.2385724628270604,0.0
한기호,0.0,여성가족위원회,한기호,한기호,국민의힘,3선,지역구,남,Representative,0.3139152323587058,0.0
이용호,0.00559691590099,여성가족위원회,이용호,이용호,국민의힘,재선,지역구,남,Representative,1.225607615821687,0.006859622753366843
김웅,0.0,여성가족위원회,김웅,김웅,국민의힘,초선,지역구,남,Representative,0.3699621682437175,0.0
서일준,0.0,여성가족위원회,서일준,서일준,국민의힘,초선,지역구,남,Representative,0.0727597785364597,0.0
정운천,0.0027375380906892,여성가족위원회,정운천,정운천,국민의힘,재선,비례대표,남,Representative,0.2095429101918529,0.0005736316982840635
윤상현,0.0,여성가족위원회,윤상현,윤상현,국민의힘,4선,지역구,남,Representative,0.6145800382735443,0.0
배준영,0.0,여성가족위원회,배준영,배준영,국민의힘,초선,지역구,남,Representative,0.4029858723602732,0.0
김상훈,0.0,여성가족위원회,김상훈,김상훈,국민의힘,3선,지역구,남,Representative,0.1882659368916839,0.0
강은미,0.0,여성가족위원회,강은미,강은미,정의당,초선,비례대표,여,Representative,1.6918809491792466,0.0
민병덕,0.0,여성가족위원회,민병덕,민병덕,더불어민주당,초선,지역구,남,Representative,0.534492412029025,0.0
신정훈,0.0,여성가족위원회,신정훈,신정훈,더불어민주당,재선,지역구,남,Representative,0.1277927153232575,0.0
양이원영,0.0020797392508109,여성가족위원회,양이원영,양이원영,더불어민주당,초선,비례대표,여,Representative,0.538619431256871,0.0011201879724343578
정춘숙,0.0077758220954553,여성가족위원회,정춘숙,정춘숙,더불어민주당,재선,지역구,여,Representative,0.1638501850633351,0.001274069889359921
최혜영,0.0168285158034869,여성가족위원회,최혜영,최혜영,더불어민주당,초선,비례대표,여,Representative,0.4555600514410841,0.007666399525113589
홍성국,0.0,여성가족위원회,홍성국,홍성국,더불어민주당,초선,지역구,남,Representative,0.0821632285254589,0.0
김성원,0.0019809832438125,여성가족위원회,김성원,김성원,국민의힘,재선,지역구,남,Representative,0.0969967354280285,0.00019214890758743875
이채익,0.0,여성가족위원회,이채익,이채익,국민의힘,3선,지역구,남,Representative,0.305886901391201,0.0
정우택,0.0024422641718236,여성가족위원회,정우택,정우택,국민의힘,5선,지역구,남,Representative,0.1586300083990965,0.0003874163860891901
조명희,0.0080140288602133,여성가족위원회,조명희,조명희,국민의힘,초선,비례대표,여,Representative,0.2553086924045825,0.002046051229193644
태영호,0.0,여성가족위원회,태영호,태영호,국민의힘,초선,지역구,남,Representative,0.1778687283130429,0.0
강훈식,0.0011012485537905,여성가족위원회,강훈식,강훈식,더불어민주당,재선,지역구,남,Representative,0.2333552597959055,0.0002569821423696473
김종민,0.0,여성가족위원회,김종민,김종민,더불어민주당,재선,지역구,남,Representative,0.6226025996525496,0.0
박용진,0.0,여성가족위원회,박용진,박용진,더불어민주당,재선,지역구,남,Representative,0.7438287273758981,0.0
서영석,0.0057428302612239,여성가족위원회,서영석,서영석,더불어민주당,초선,지역구,남,Representative,0.1839691144889395,0.0010565033978176459
황운하,0.0053974590048315,여성가족위원회,황운하,황운하,더불어민주당,초선,지역구,남,Representative,0.5488281734063343,0.002962277566657243
김석기,0.0,여성가족위원회,김석기,김석기,국민의힘,재선,지역구,남,Representative,0.2160995399392338,0.0
최영희,0.0,여성가족위원회,최영희,최영희,국민의힘,초선,비례대표,여,Representative,0.1798744661352604,0.0
박대출,0.0067566177731258,여성가족위원회,박대출,박대출,국민의힘,3선,지역구,남,Representative,0.1127161477762168,0.0007615799273830605
유상범,0.0033412700787772,여성가족위원회,유상범,유상범,국민의힘,초선,지역구,남,Representative,0.3489284768254078,0.0011658642792500386
김태호,0.0044112802572107,여성가족위원회,김태호,김태호,국민의힘,3선,지역구,남,Representative,0.2550454797747435,0.001125077089621157
김영선,0.0013771763294664,여성가족위원회,김영선,김영선,국민의힘,5선,,여,Representative,0.2168412076010161,0.000298628578361029
이명수,0.0427072355162214,여성가족위원회,이명수,이명수,국민의힘,4선,지역구,남,Representative,0.4078212172780129,0.017416916774804198
양금희,0.008414686044575,여성가족위원회,양금희,양금희,국민의힘,초선,지역구,여,Representative,0.1636013212186727,0.001376653754532797
최춘식,0.0068650112998418,여성가족위원회,최춘식,최춘식,국민의힘,초선,지역구,남,Representative,0.185261782253888,0.0012718242286017722
홍석준,0.0003834944319712,여성가족위원회,홍석준,홍석준,국민의힘,초선,지역구,남,Representative,0.1047310895160982,4.016378968370098e-05
강준현,0.0,여성가족위원회,강준현,강준현,더불어민주당,초선,지역구,남,Representative,0.2442135956139989,0.0
박성준,0.0031159944942564,여성가족위원회,박성준,박성준,더불어민주당,초선,지역구,남,Representative,0.2002255367463627,0.0006239016701111987
송옥주,0.002260932334151,여성가족위원회,송옥주,송옥주,더불어민주당,재선,지역구,여,Representative,0.2621477343853833,0.0005926982889963411
정일영,0.0,여성가족위원회,정일영,정일영,더불어민주당,초선,지역구,남,Representative,0.1776389564691861,0.0
한정애,0.0,여성가족위원회,한정애,한정애,더불어민주당,3선,지역구,여,Representative,0.200025913945713,0.0
강민국,0.0002337316949821,여성가족위원회,강민국,강민국,국민의힘,초선,지역구,남,Representative,0.153084768117913,3.5780762328141544e-05
김학용,0.0,여성가족위원회,김학용,김학용,국민의힘,4선,지역구,남,Representative,0.2414249164893882,0.0
안병길,0.0041230399418795,여성가족위원회,안병길,안병길,국민의힘,초선,지역구,남,Representative,0.0420092157277911,0.0001732056743727152
조해진,0.0,여성가족위원회,조해진,조해진,국민의힘,3선,지역구,남,Representative,0.3349213368474088,0.0
남인순,0.0021539037207204,여성가족위원회,남인순,남인순,더불어민주당,3선,지역구,여,Representative,0.5088905772697233,0.0010961013078208094
우원식,0.0,여성가족위원회,우원식,우원식,더불어민주당,4선,지역구,남,Representative,0.3474908272016026,0.0
유정주,0.010806010593078,여성가족위원회,유정주,유정주,더불어민주당,초선,비례대표,여,Representative,0.3402755762534749,0.00367702148156077
조오섭,0.0081326594781253,여성가족위원회,조오섭,조오섭,더불어민주당,초선,지역구,남,Representative,0.3537241914215748,0.0028767183980068782
김승수,0.0,여성가족위원회,김승수,김승수,국민의힘,초선,지역구,남,Representative,0.1092543380607149,0.0
서범수,0.0,여성가족위원회,서범수,서범수,국민의힘,초선,지역구,남,Representative,0.2022344335941221,0.0
이주환,0.0,여성가족위원회,이주환,이주환,국민의힘,초선,지역구,남,Representative,0.0486042879937447,0.0
구자근,0.0,여성가족위원회,구자근,구자근,국민의힘,초선,지역구,남,Representative,0.0584340346254918,0.0
전봉민,0.0012004627072832,여성가족위원회,전봉민,전봉민,국민의힘,초선,지역구,남,Representative,0.0399499989170311,4.795848385590005e-05
정점식,0.0005343278154713,여성가족위원회,정점식,정점식,국민의힘,재선,지역구,남,Representative,0.1256501314629642,6.713836025828732e-05
박형수,0.0,여성가족위원회,박형수,박형수,국민의힘,초선,지역구,남,Representative,0.1289259726016864,0.0
우신구,0.0,여성가족위원회,우신구,우신구,국민의힘,초선,비례대표,남,Representative,-0.0,-0.0
최재형,0.0,여성가족위원회,최재형,최재형,국민의힘,초선,지역구,남,Representative,0.291581396883635,0.0
김교흥,0.0,여성가족위원회,김교흥,김교흥,더불어민주당,재선,지역구,남,Representative,0.1927891344584833,0.0
오영환,0.0,여성가족위원회,오영환,오영환,더불어민주당,초선,지역구,남,Representative,0.2639159163033288,0.0
유기홍,0.0,여성가족위원회,유기홍,유기홍,더불어민주당,3선,지역구,남,Representative,0.533695852611625,0.0
김영식,0.0,여성가족위원회,김영식,김영식,국민의힘,초선,지역구,남,Representative,0.2624749295735833,0.0
서정숙,0.0065326154753209,여성가족위원회,서정숙,서정숙,국민의힘,초선,비례대표,여,Representative,0.3409787953353209,0.0022274833551637952
조경태,0.0165296492565209,여성가족위원회,조경태,조경태,국민의힘,5선,지역구,남,Representative,0.3722224896824415,0.006152707199839727
안규백,0.0005321017373851,여성가족위원회,안규백,안규백,더불어민주당,4선,지역구,남,Representative,0.3809557196948137,0.00020270720031640154
김진표,0.0,여성가족위원회,김진표,김진표,더불어민주당,5선,지역구,남,Representative,0.4172834774907449,0.0
김철민,0.0050670399466175,여성가족위원회,김철민,김철민,더불어민주당,재선,지역구,남,Representative,0.1469147406376817,0.0007444228595580826
윤후덕,0.0038179695040688,여성가족위원회,윤후덕,윤후덕,더불어민주당,3선,지역구,남,Representative,0.1665258272005472,0.0006357905298915199
이정문,0.0,여성가족위원회,이정문,이정문,더불어민주당,초선,지역구,남,Representative,0.0848113999966772,0.0
소병철,0.0009884919726153,여성가족위원회,소병철,소병철,더불어민주당,초선,지역구,남,Representative,0.1921494526414231,0.00018993819147847049
권칠승,0.0012558303452147,여성가족위원회,권칠승,권칠승,더불어민주당,재선,지역구,남,Representative,0.1859285040914948,0.00023349465747847468
전해철,0.0,여성가족위원회,전해철,전해철,더불어민주당,3선,지역구,남,Representative,0.111134388568907,0.0
김태년,0.0005358088373346,여성가족위원회,김태년,김태년,더불어민주당,4선,지역구,남,Representative,0.0302627005970719,1.62150224215222e-05
용혜인,0.0,여성가족위원회,용혜인,용혜인,기본소득당,초선,비례대표,여,Representative,1.5260787063967094,0.0
이동주,0.0,여성가족위원회,이동주,이동주,더불어민주당,초선,비례대표,남,Representative,0.2481459493801818,0.0
고영인,0.017837199878446,여성가족위원회,고영인,고영인,더불어민주당,초선,지역구,남,Representative,0.3272823183515555,0.0058378001291178915
김상희,0.0085438437208058,여성가족위원회,김상희,김상희,더불어민주당,4선,지역구,여,Representative,0.5592599599039866,0.004778229696723779
김승남,0.0,여성가족위원회,김승남,김승남,더불어민주당,재선,지역구,남,Representative,0.2124111150114147,0.0
안호영,0.0,여성가족위원회,안호영,안호영,더불어민주당,재선,지역구,남,Representative,0.5118923685595783,0.0
이용우,0.0,여성가족위원회,이용우,이용우,더불어민주당,초선,지역구,남,Representative,0.231626157115504,0.0
인재근,0.0088572397820829,여성가족위원회,인재근,인재근,더불어민주당,3선,지역구,여,Representative,0.2910042957726254,0.002577494825274316
최종윤,0.0023789194627152,여성가족위원회,최종윤,최종윤,더불어민주당,초선,지역구,남,Representative,0.1716391861609539,0.0004083158005228906
김민석,0.0029383056379201,여성가족위원회,김민석,김민석,더불어민주당,3선,지역구,남,Representative,0.5124972621164758,0.0015058735946954563
소병훈,0.0072225191032248,여성가족위원회,소병훈,소병훈,더불어민주당,재선,지역구,남,Representative,0.4495375269510719,0.0032467933760205506
신동근,0.0,여성가족위원회,신동근,신동근,더불어민주당,재선,지역구,남,Representative,0.1433568328564554,0.0
이용빈,0.0108534372058412,여성가족위원회,이용빈,이용빈,더불어민주당,초선,지역구,남,Representative,0.4600032901867735,0.004992616824522494
임호선,0.002918870157776,여성가족위원회,임호선,임호선,더불어민주당,초선,지역구,남,Representative,0.1630095698549976,0.0004758037688816547
김영호,0.001284565955694,여성가족위원회,김영호,김영호,더불어민주당,재선,지역구,남,Representative,0.4161281665252168,0.0005345440759236571
김원이,0.0003361644925833,여성가족위원회,김원이,김원이,더불어민주당,초선,지역구,남,Representative,0.2360613447578642,7.935544217905886e-05
김홍걸,0.0607698599351406,여성가족위원회,김홍걸,김홍걸,더불어민주당,초선,비례대표,남,Representative,0.5197862075653299,0.03158733502996302
박정,0.0,여성가족위원회,박정,박정,더불어민주당,재선,지역구,남,Representative,0.1086038378087208,0.0
이장섭,0.0,여성가족위원회,이장섭,이장섭,더불어민주당,초선,지역구,남,Representative,0.2854497963072183,0.0
전용기,0.0044545845767986,여성가족위원회,전용기,전용기,더불어민주당,초선,비례대표,남,Representative,0.1508910607377874,0.0006721569919393287
기동민,0.0016591824687702,여성가족위원회,기동민,기동민,더불어민주당,재선,지역구,남,Representative,0.4426922620576195,0.0007345072402662256
도종환,0.0,여성가족위원회,도종환,도종환,더불어민주당,3선,지역구,남,Representative,0.2721175456087874,0.0
민홍철,0.0,여성가족위원회,민홍철,민홍철,더불어민주당,3선,지역구,남,Representative,0.2010526097454781,0.0
변재일,0.0,여성가족위원회,변재일,변재일,더불어민주당,5선,지역구,남,Representative,0.3557301750687391,0.0
이학영,0.0011031794604714,여성가족위원회,이학영,이학영,더불어민주당,3선,지역구,남,Representative,0.0560092720869861,6.178827856231717e-05
진선미,0.0008884103978568,여성가족위원회,진선미,진선미,더불어민주당,3선,지역구,여,Representative,0.0766752551488706,6.811909393257978e-05
김용민,0.0008255230962955,여성가족위원회,김용민,김용민,더불어민주당,초선,지역구,남,Representative,0.5183906276468344,0.00042794343602558236
민형배,0.0080821803302606,여성가족위원회,민형배,민형배,더불어민주당,초선,지역구,남,Representative,0.5990186631316904,0.004841376856621948
박재호,0.0,여성가족위원회,박재호,박재호,더불어민주당,재선,지역구,남,Representative,0.2619622171748344,0.0
박홍근,0.0044191589455508,여성가족위원회,박홍근,박홍근,더불어민주당,3선,지역구,남,Representative,0.2914629024230286,0.0012880208925389268
임종성,0.0035263306128951,여성가족위원회,임종성,임종성,더불어민주당,재선,지역구,남,Representative,0.2168072376798863,0.0007645339993278071
장경태,0.0045220392466809,여성가족위원회,장경태,장경태,더불어민주당,초선,지역구,남,Representative,0.403738270388732,0.0018257203040849112
백혜련,0.0048445033210127,여성가족위원회,백혜련,백혜련,더불어민주당,재선,지역구,여,Representative,0.262002066035241,0.0012692698790199139
김윤덕,0.0,여성가족위원회,김윤덕,김윤덕,더불어민주당,재선,지역구,남,Representative,0.2869485044660441,0.0
윤준병,0.004308360074844,여성가족위원회,윤준병,윤준병,더불어민주당,초선,지역구,남,Representative,0.4344183278979442,0.0018716305796959922
양기대,0.0056166166865061,여성가족위원회,양기대,양기대,더불어민주당,초선,지역구,남,Representative,0.2301185334449006,0.0012924875948209407
설훈,0.0,여성가족위원회,설훈,설훈,더불어민주당,5선,지역구,남,Representative,0.3265334931650108,0.0
한병도,0.014099804896352,여성가족위원회,한병도,한병도,더불어민주당,재선,지역구,남,Representative,0.4404702338128733,0.006210544359412061
허영,0.0028739600699019,여성가족위원회,허영,허영,더불어민주당,초선,지역구,남,Representative,0.2272084723983615,0.000652988077216299
홍영표,0.0,여성가족위원회,홍영표,홍영표,더불어민주당,4선,지역구,남,Representative,0.2094480075912773,0.0
박영순,0.0036049580572266,여성가족위원회,박영순,박영순,더불어민주당,초선,지역구,남,Representative,0.3793634271542586,0.0013675892433368407
이달곤,0.0006465724421872,여성가족위원회,이달곤,이달곤,국민의힘,재선,지역구,남,Representative,0.1697317502202084,0.00010974387225658797
이종배,0.0013047973458527,여성가족위원회,이종배,이종배,국민의힘,3선,지역구,남,Representative,0.121959560331773,0.00015913251062225965
강병원,0.0,여성가족위원회,강병원,강병원,더불어민주당,재선,지역구,남,Representative,0.2679228198118838,0.0
조응천,0.0,여성가족위원회,조응천,조응천,더불어민주당,재선,지역구,남,Representative,0.254488173419614,0.0
김민철,0.0065237403156806,여성가족위원회,김민철,김민철,더불어민주당,초선,지역구,남,Representative,0.2612442298812484,0.0017042895147152306
박주민,0.0013616922857721,여성가족위원회,박주민,박주민,더불어민주당,재선,지역구,남,Representative,0.7084504412298533,0.0009646915006745318
윤건영,0.0,여성가족위원회,윤건영,윤건영,더불어민주당,초선,지역구,남,Representative,0.2535746445358753,0.0
이병훈,0.008986612634456,여성가족위원회,이병훈,이병훈,더불어민주당,초선,지역구,남,Representative,0.1790578800414445,0.0016091238070793518
이상헌,0.0,여성가족위원회,이상헌,이상헌,더불어민주당,재선,지역구,남,Representative,0.6637862515737748,0.0
이개호,0.0,여성가족위원회,이개호,이개호,더불어민주당,3선,지역구,남,Representative,0.1131561090092011,0.0
송갑석,0.003568803960223,여성가족위원회,송갑석,송갑석,더불어민주당,재선,지역구,남,Representative,0.0670810059002477,0.0002393989595125464
어기구,0.0,여성가족위원회,어기구,어기구,더불어민주당,재선,지역구,남,Representative,0.1048322749382438,0.0
최강욱,0.0015816635340658,여성가족위원회,최강욱,최강욱,열린민주당,초선,비례대표,남,Representative,0.7842536920804917,0.0012404254662201821
정필모,0.0,여성가족위원회,정필모,정필모,더불어민주당,초선,비례대표,남,Representative,0.1873329443348586,0.0
이재정,0.0006320101417072,여성가족위원회,이재정,이재정,더불어민주당,재선,지역구,여,Representative,0.2573809498745986,0.0001626673706029788
송기헌,0.0024475574112479,여성가족위원회,송기헌,송기헌,더불어민주당,재선,지역구,남,Representative,0.3097590421845094,0.0007581530393997468
김민기,0.0009307111707608,여성가족위원회,김민기,김민기,더불어민주당,3선,지역구,남,Representative,0.1116766109823257,0.00010393866935395877
전재수,0.0003715074377123,여성가족위원회,전재수,전재수,더불어민주당,재선,지역구,남,Representative,0.1512554413902672,5.619252147094113e-05
정희용,0.012148720155998,여성가족위원회,정희용,정희용,국민의힘,초선,지역구,남,Representative,0.1013462246233544,0.0012312269218160462
서병수,0.0050313376590271,여성가족위원회,서병수,서병수,국민의힘,5선,지역구,남,Representative,0.3254004320021045,0.0016371994477958755
홍문표,0.0,여성가족위원회,홍문표,홍문표,국민의힘,4선,지역구,남,Representative,0.5476629473060372,0.0
김수흥,0.0,여성가족위원회,김수흥,김수흥,더불어민주당,초선,지역구,남,Representative,0.5088102660790913,0.0
심상정,0.0,여성가족위원회,심상정,심상정,정의당,4선,지역구,여,Representative,1.7478349658369334,0.0
위성곤,0.003966712943057,여성가족위원회,위성곤,위성곤,더불어민주당,재선,지역구,남,Representative,0.4979833092497824,0.001975356838227469
최인호,0.0,여성가족위원회,최인호,최인호,더불어민주당,재선,지역구,남,Representative,0.1711937203769239,0.0
박수영,0.0,여성가족위원회,박수영,박수영,국민의힘,초선,지역구,남,Representative,0.3130251150523512,0.0
권은희,0.0,여성가족위원회,권은희,권은희,국민의당,3선,비례대표,여,Representative,1.4757029872866645,0.0
양향자,0.0,여성가족위원회,양향자,양향자,더불어민주당,초선,지역구,여,Representative,0.9193887826618028,0.0
이태규,0.0,여성가족위원회,이태규,이태규,국민의당,재선,비례대표,남,Representative,0.7108411718546286,0.0
허은아,0.0066847309508398,여성가족위원회,허은아,허은아,국민의힘,초선,비례대표,여,Representative,0.290583414125627,0.001942471942206278
박완주,0.0,여성가족위원회,박완주,박완주,더불어민주당,3선,지역구,남,Representative,0.3781620068650885,0.0
홍기원,0.0,여성가족위원회,홍기원,홍기원,더불어민주당,초선,지역구,남,Representative,0.1984078664960204,0.0
강선우,0.0386312418597016,여성가족위원회,강선우,강선우,더불어민주당,초선,지역구,여,Representative,0.2216826678477753,0.008563876757731303
조승래,0.0008542190447263,여성가족위원회,조승래,조승래,더불어민주당,재선,지역구,남,Representative,0.2359910708975734,0.00020158806714606168
김영주,0.0013251341501688,여성가족위원회,김영주,김영주,더불어민주당,4선,지역구,여,Representative,0.3478961305037666,0.00046100904324212274
김병주,0.0,여성가족위원회,김병주,김병주,더불어민주당,초선,비례대표,남,Representative,0.2434625119610639,0.0
윤재갑,0.0222467513026437,여성가족위원회,윤재갑,윤재갑,더불어민주당,초선,지역구,남,Representative,0.6854440000858673,0.015248902201799575
이원욱,0.0059112858992796,여성가족위원회,이원욱,이원욱,더불어민주당,3선,지역구,남,Representative,0.2087926901604398,0.0012342332852180622
홍정민,0.0012955760362774,여성가족위원회,홍정민,홍정민,더불어민주당,초선,지역구,여,Representative,0.1978012226072815,0.00025626652395636544
김경협,0.0016439245040734,여성가족위원회,김경협,김경협,더불어민주당,3선,지역구,남,Representative,0.3651315668203744,0.0006002487299067275
안민석,0.0017411709061954,여성가족위원회,안민석,안민석,더불어민주당,5선,지역구,남,Representative,0.3441477269487697,0.0005992200095964764
윤영찬,0.0017722585104621,여성가족위원회,윤영찬,윤영찬,더불어민주당,초선,지역구,남,Representative,0.1950263668759664,0.0003456371384604352
장철민,0.0,여성가족위원회,장철민,장철민,더불어민주당,초선,지역구,남,Representative,0.1714224222163959,0.0
정동만,0.0,여성가족위원회,정동만,정동만,국민의힘,초선,지역구,남,Representative,0.0224883277952201,0.0
신원식,0.0,여성가족위원회,신원식,신원식,국민의힘,초선,비례대표,남,Representative,0.188354618593185,0.0
진성준,0.0040661429028277,여성가족위원회,진성준,진성준,더불어민주당,재선,지역구,남,Representative,0.137191834935949,0.0005578416059507183
김영진,0.0002005785253172,여성가족위원회,김영진,김영진,더불어민주당,재선,지역구,남,Representative,0.0792247561405531,1.5890784755286926e-05
박상혁,0.002328265765601,여성가족위원회,박상혁,박상혁,더불어민주당,초선,지역구,남,Representative,0.1910820455968065,0.0004448897851840539
김두관,0.0,여성가족위원회,김두관,김두관,더불어민주당,재선,지역구,남,Representative,0.7087657792985883,0.0
이형석,0.0019359441873198,여성가족위원회,이형석,이형석,더불어민주당,초선,지역구,남,Representative,0.1083558993299242,0.00020977097346957618
김영배,0.0,여성가족위원회,김영배,김영배,더불어민주당,초선,지역구,남,Representative,0.3173975912495803,0.0
신영대,0.000346033478643,여성가족위원회,신영대,신영대,더불어민주당,초선,지역구,남,Representative,0.2397699657028943,8.296843530628532e-05
정성호,0.0,여성가족위원회,정성호,정성호,더불어민주당,4선,지역구,남,Representative,0.4625431982315658,0.0
김선교,0.0053000424002606,여성가족위원회,김선교,김선교,국민의힘,초선,지역구,남,Representative,0.1700647696450778,0.0009013504899094642
박찬대,0.0009274176980914,여성가족위원회,박찬대,박찬대,더불어민주당,재선,지역구,남,Representative,0.2786489795755955,0.0002584239952135163
서동용,0.0021214622780783,여성가족위원회,서동용,서동용,더불어민주당,초선,지역구,남,Representative,0.3156377014497687,0.0006696134771650247
서삼석,0.0,여성가족위원회,서삼석,서삼석,더불어민주당,재선,지역구,남,Representative,0.2012082502190047,0.0
윤재옥,0.0,여성가족위원회,윤재옥,윤재옥,국민의힘,3선,지역구,남,Representative,0.5807333195948687,0.0
류호정,0.0074009391600783,여성가족위원회,류호정,류호정,정의당,초선,비례대표,여,Representative,1.9138526831392957,0.01416430726926654
윤관석,0.0,여성가족위원회,윤관석,윤관석,더불어민주당,3선,지역구,남,Representative,0.0726470802193504,0.0
문진석,0.0009063924687579,여성가족위원회,문진석,문진석,더불어민주당,초선,지역구,남,Representative,0.2131284851715763,0.0001931780538372965
이용선,0.0004841779038276,여성가족위원회,이용선,이용선,더불어민주당,초선,지역구,남,Representative,0.5128505108380027,0.00024831088531445804
김정재,0.0183401468886022,여성가족위원회,김정재,김정재,국민의힘,재선,지역구,여,Representative,0.2574250589731167,0.004721213394374044
전혜숙,0.0,여성가족위원회,전혜숙,전혜숙,더불어민주당,3선,지역구,여,Representative,0.3487897833092866,0.0
고민정,0.0003039596183183,여성가족위원회,고민정,고민정,더불어민주당,초선,지역구,여,Representative,0.3526006355299543,0.00010717635459447492
하태경,0.0,여성가족위원회,하태경,하태경,국민의힘,3선,지역구,남,Representative,0.5914732693738115,0.0
최기상,0.0006163743884465,여성가족위원회,최기상,최기상,더불어민주당,초선,지역구,남,Representative,0.2058827885501175,0.00012690087788423874
유동수,0.0,여성가족위원회,유동수,유동수,더불어민주당,재선,지역구,남,Representative,0.4365284860540641,0.0
김성환,0.0,여성가족위원회,김성환,김성환,더불어민주당,재선,지역구,남,Representative,0.2337158540241251,0.0
이재명,0.0,여성가족위원회,이재명,이재명,더불어민주당,초선,지역구,남,Representative,0.2018808153311869,0.0
홍익표,0.0004378467802293,여성가족위원회,홍익표,홍익표,더불어민주당,3선,지역구,남,Representative,0.165353191622152,7.239936255239771e-05
박광온,0.0001502881264737,여성가족위원회,박광온,박광온,더불어민주당,3선,지역구,남,Representative,0.0636172526258988,9.560917708550403e-06
황희,0.0,여성가족위원회,황희,황희,더불어민주당,재선,지역구,남,Representative,0.2589890766385589,0.0
배현진,0.0,여성가족위원회,배현진,배현진,국민의힘,초선,지역구,여,Representative,0.0729943402727777,0.0
이해식,0.0030443656846535,여성가족위원회,이해식,이해식,더불어민주당,초선,지역구,남,Representative,0.2639597631121719,0.0008035900449479629
이은주,0.0,여성가족위원회,이은주,이은주,정의당,초선,비례대표,여,Representative,1.7394356928672845,0.0
고용진,0.0,여성가족위원회,고용진,고용진,더불어민주당,재선,지역구,남,Representative,0.2115658202772826,0.0
노웅래,0.0,여성가족위원회,노웅래,노웅래,더불어민주당,4선,지역구,남,Representative,0.2613156957741633,0.0
조정식,0.0,여성가족위원회,조정식,조정식,더불어민주당,5선,지역구,남,Representative,0.0982721838798874,0.0
이만희,0.0,여성가족위원회,이만희,이만희,국민의힘,재선,지역구,남,Representative,0.1771920077790279,0.0
장혜영,0.0,여성가족위원회,장혜영,장혜영,정의당,초선,비례대표,여,Representative,1.7094637667725767,0.0
김한정,0.0,여성가족위원회,김한정,김한정,더불어민주당,재선,지역구,남,Representative,0.3115396476231169,0.0
김성주,0.0117645128770723,여성가족위원회,김성주,김성주,더불어민주당,재선,지역구,남,Representative,0.3218992730272499,0.0037869881426492937
이상민,0.0,여성가족위원회,이상민,이상민,더불어민주당,5선,지역구,남,Representative,0.6797803799490477,0.0
김회재,0.0014160375982564,여성가족위원회,김회재,김회재,더불어민주당,초선,지역구,남,Representative,0.2705052594012662,0.00038304561783829343
임오경,0.0050965554401132,여성가족위원회,임오경,임오경,더불어민주당,초선,지역구,여,Representative,0.0586732885421386,0.000299031667908768
송영길,0.0,여성가족위원회,송영길,송영길,더불어민주당,5선,지역구,남,Representative,0.1847095725159723,0.0
정청래,0.0035646939372215,여성가족위원회,정청래,정청래,더불어민주당,3선,지역구,남,Representative,0.0751206976802892,0.0002677822955807761
박완수,0.0,여성가족위원회,박완수,박완수,국민의힘,재선,지역구,남,Representative,0.1899346266606008,0.0
오영훈,0.0,여성가족위원회,오영훈,오영훈,더불어민주당,재선,지역구,남,Representative,0.671756127451087,0.0
이광재,0.0,여성가족위원회,이광재,이광재,더불어민주당,3선,지역구,남,Representative,0.2037976967403526,0.0
이철규,0.0003729017397288,여성가족위원회,이철규,이철규,국민의힘,재선,지역구,남,Representative,0.1840560451181021,6.863481943214278e-05
추경호,0.0,여성가족위원회,추경호,추경호,국민의힘,재선,지역구,남,Representative,0.0731143995543978,0.0
정진석,0.0,여성가족위원회,정진석,정진석,국민의힘,5선,지역구,남,Representative,0.0704006718058257,0.0
이규민,0.0101534165248452,여성가족위원회,이규민,이규민,더불어민주당,초선,지역구,남,Representative,0.3923416013378649,0.003983607698408105
배진교,0.0,여성가족위원회,배진교,배진교,정의당,초선,비례대표,남,Representative,1.622416384309617,0.0
오기형,0.0,여성가족위원회,오기형,오기형,더불어민주당,초선,지역구,남,Representative,0.3978628324702754,0.0
장제원,7.463386588767051e-05,여성가족위원회,장제원,장제원,국민의힘,3선,지역구,남,Representative,0.0909064879091423,6.784702626930067e-06
곽상도,0.0,여성가족위원회,곽상도,곽상도,국민의힘,재선,지역구,남,Representative,0.0416731213070125,0.0
이영,0.0,여성가족위원회,이영,이영,국민의힘,초선,비례대표,여,Representative,0.2206417648191584,0.0
천준호,0.0,여성가족위원회,천준호,천준호,더불어민주당,초선,지역구,남,Representative,0.3993355059681581,0.0
김기현,8.235196947792808e-05,여성가족위원회,김기현,김기현,국민의힘,4선,지역구,남,Representative,0.3033064478180708,2.4977883333172553e-05
최형두,0.0004044638161927,여성가족위원회,최형두,최형두,국민의힘,초선,지역구,남,Representative,0.2907134521220806,0.0001175830722638505
윤두현,0.0,여성가족위원회,윤두현,윤두현,국민의힘,초선,지역구,남,Representative,0.2056082379737857,0.0
조태용,0.0,여성가족위원회,조태용,조태용,국민의힘,초선,비례대표,남,Representative,0.1545407967786547,0.0
김은혜,0.0,여성가족위원회,김은혜,김은혜,국민의힘,초선,지역구,여,Representative,0.162439713102269,0.0
김진애,0.0,여성가족위원회,김진애,김진애,열린민주당,재선,비례대표,여,Representative,1.0590950156918448,0.0
김태흠,0.0,여성가족위원회,김태흠,김태흠,국민의힘,3선,지역구,남,Representative,0.0980118810479008,0.0
윤희숙,0.0,여성가족위원회,윤희숙,윤희숙,국민의힘,초선,지역구,여,Representative,0.28306548324025,0.0
이상직,0.0,여성가족위원회,이상직,이상직,더불어민주당,재선,지역구,남,Representative,0.1875925759171187,0.0
김희국,0.0,여성가족위원회,김희국,김희국,국민의힘,재선,지역구,남,Representative,0.0800803641309325,0.0
홍준표,0.0,여성가족위원회,홍준표,홍준표,국민의힘,5선,지역구,남,Representative,0.1745452207856409,0.0
정정순,0.0,여성가족위원회,정정순,정정순,더불어민주당,초선,지역구,남,Representative,0.1787183559051326,0.0
이낙연,0.0,여성가족위원회,이낙연,이낙연,더불어민주당,5선,지역구,남,Representative,0.1016403584957575,0.0
윤미향,0.0025141336807348,외교통일위원회,윤미향,윤미향,더불어민주당,초선,비례대표,여,Representative,1.0539381495296805,0.0026497413991438796
윤영덕,0.0010775105250999,외교통일위원회,윤영덕,윤영덕,더불어민주당,초선,지역구,남,Representative,0.5936797322448536,0.0006396961600323202
양정숙,0.0094623585900279,외교통일위원회,양정숙,양정숙,국민의힘,초선,비례대표,여,Representative,0.754948281969812,0.007143591360923856
강성희,0.0,외교통일위원회,강성희,강성희,진보당,초선,지역구,남,Representative,1.777874656814911,0.0
김용민,0.0,외교통일위원회,김용민,김용민,더불어민주당,초선,지역구,남,Representative,0.5183906276468344,0.0
이성만,0.0,외교통일위원회,이성만,이성만,더불어민주당,초선,지역구,남,Representative,0.2194435071327558,0.0
허숙정,0.0,외교통일위원회,허숙정,허숙정,더불어민주당,초선,비례대표,여,Representative,1.1015877581031428,0.0
신정훈,0.0,외교통일위원회,신정훈,신정훈,더불어민주당,재선,지역구,남,Representative,0.1277927153232575,0.0
송옥주,0.0031805753547608,외교통일위원회,송옥주,송옥주,더불어민주당,재선,지역구,여,Representative,0.2621477343853833,0.0008337806232925304
정태호,0.0,외교통일위원회,정태호,정태호,더불어민주당,초선,지역구,남,Representative,0.2629825046404378,0.0
지성호,0.0341956483717035,외교통일위원회,지성호,지성호,국민의힘,초선,비례대표,남,Representative,0.152368783397105,0.005210349339871657
김예지,0.0,외교통일위원회,김예지,김예지,국민의힘,초선,비례대표,여,Representative,0.5578154035188375,0.0
김형동,0.0,외교통일위원회,김형동,김형동,국민의힘,초선,지역구,남,Representative,0.2200235295412783,0.0
김승수,0.0,외교통일위원회,김승수,김승수,국민의힘,초선,지역구,남,Representative,0.1092543380607149,0.0
박진,0.0021422565070082,외교통일위원회,박진,박진,국민의힘,4선,지역구,남,Representative,0.2849925584102457,0.0006105271627032633
권명호,0.0,외교통일위원회,권명호,권명호,국민의힘,초선,지역구,남,Representative,0.101862293500913,0.0
박대수,0.0,외교통일위원회,박대수,박대수,국민의힘,초선,비례대표,남,Representative,0.2414175298978371,0.0
최연숙,0.0,외교통일위원회,최연숙,최연숙,국민의당,초선,비례대표,여,Representative,1.4543314865112702,0.0
이태규,0.0,외교통일위원회,이태규,이태규,국민의당,재선,비례대표,남,Representative,0.7108411718546286,0.0
이종성,0.0035744299073213,외교통일위원회,이종성,이종성,국민의힘,초선,비례대표,남,Representative,0.2162605302271925,0.0007730081070172389
이용,0.0008649827482917,외교통일위원회,이용,이용,국민의힘,초선,비례대표,남,Representative,0.0598766122576743,5.1792236629039606e-05
윤상현,0.0048329286591386,외교통일위원회,윤상현,윤상현,국민의힘,4선,지역구,남,Representative,0.6145800382735443,0.00297022148030671
김용판,0.0,외교통일위원회,김용판,김용판,국민의힘,초선,지역구,남,Representative,0.0784323016946945,0.0
하영제,0.0,외교통일위원회,하영제,하영제,국민의힘,초선,지역구,남,Representative,0.1478614433724366,0.0
이헌승,0.0,외교통일위원회,이헌승,이헌승,국민의힘,3선,지역구,남,Representative,0.1758853015028908,0.0
김태호,0.0,외교통일위원회,김태호,김태호,국민의힘,3선,지역구,남,Representative,0.2550454797747435,0.0
주호영,0.0,외교통일위원회,주호영,주호영,국민의힘,5선,지역구,남,Representative,0.2385724628270604,0.0
김희곤,0.0,외교통일위원회,김희곤,김희곤,국민의힘,초선,지역구,남,Representative,0.172954273871935,0.0
장동혁,0.0,외교통일위원회,장동혁,장동혁,국민의힘,초선,지역구,남,Representative,0.2751477089855504,0.0
태영호,0.0419282986432218,외교통일위원회,태영호,태영호,국민의힘,초선,지역구,남,Representative,0.1778687283130429,0.007457733159999343
이명수,0.0373185862042218,외교통일위원회,이명수,이명수,국민의힘,4선,지역구,남,Representative,0.4078212172780129,0.015219311252900193
권성동,0.0,외교통일위원회,권성동,권성동,국민의힘,4선,지역구,남,Representative,0.1650123478378992,0.0
안철수,0.0,외교통일위원회,안철수,안철수,국민의힘,3선,지역구,남,Representative,0.4836184997568817,0.0
백종헌,0.0,외교통일위원회,백종헌,백종헌,국민의힘,초선,지역구,남,Representative,0.1748090064444665,0.0
김영선,0.0,외교통일위원회,김영선,김영선,국민의힘,5선,,여,Representative,0.2168412076010161,0.0
이종배,0.0,외교통일위원회,이종배,이종배,국민의힘,3선,지역구,남,Representative,0.121959560331773,0.0
김석기,0.024204734233918,외교통일위원회,김석기,김석기,국민의힘,재선,지역구,남,Representative,0.2160995399392338,0.005230631932301103
송석준,0.0016860835077109,외교통일위원회,송석준,송석준,국민의힘,재선,지역구,남,Representative,0.2718885877183796,0.00045842686368676816
권영세,0.0001919949831501,외교통일위원회,권영세,권영세,국민의힘,4선,지역구,남,Representative,0.3767193328116696,7.232822195549342e-05
하태경,0.0326224983814738,외교통일위원회,하태경,하태경,국민의힘,3선,지역구,남,Representative,0.5914732693738115,0.01929533577283218
박홍근,0.0097621467877171,외교통일위원회,박홍근,박홍근,더불어민주당,3선,지역구,남,Representative,0.2914629024230286,0.0028453036366276707
김상희,0.0093928358488694,외교통일위원회,김상희,김상희,더불어민주당,4선,지역구,여,Representative,0.5592599599039866,0.005253037000223428
김주영,0.0,외교통일위원회,김주영,김주영,더불어민주당,초선,지역구,남,Representative,0.3630556068353552,0.0
김홍걸,0.040463802607654,외교통일위원회,김홍걸,김홍걸,더불어민주당,초선,비례대표,남,Representative,0.5197862075653299,0.021032526501104577
민병덕,0.0,외교통일위원회,민병덕,민병덕,더불어민주당,초선,지역구,남,Representative,0.534492412029025,0.0
박주민,0.0005438696660724,외교통일위원회,박주민,박주민,더불어민주당,재선,지역구,남,Representative,0.7084504412298533,0.0003853047049005248
이용선,0.0197940768218226,외교통일위원회,이용선,이용선,더불어민주당,초선,지역구,남,Representative,0.5128505108380027,0.01015140240963839
이원택,0.0,외교통일위원회,이원택,이원택,더불어민주당,초선,지역구,남,Representative,0.2716912161873271,0.0
조오섭,0.0,외교통일위원회,조오섭,조오섭,더불어민주당,초선,지역구,남,Representative,0.3537241914215748,0.0
권인숙,0.0,외교통일위원회,권인숙,권인숙,더불어민주당,초선,비례대표,여,Representative,0.7127107829573963,0.0
권칠승,0.0,외교통일위원회,권칠승,권칠승,더불어민주당,재선,지역구,남,Representative,0.1859285040914948,0.0
김경협,0.0091452822875971,외교통일위원회,김경협,김경협,더불어민주당,3선,지역구,남,Representative,0.3651315668203744,0.003339231250684947
김종민,0.0,외교통일위원회,김종민,김종민,더불어민주당,재선,지역구,남,Representative,0.6226025996525496,0.0
김철민,0.0,외교통일위원회,김철민,김철민,더불어민주당,재선,지역구,남,Representative,0.1469147406376817,0.0
문정복,0.0,외교통일위원회,문정복,문정복,더불어민주당,초선,지역구,여,Representative,0.5768076262279168,0.0
송재호,0.0,외교통일위원회,송재호,송재호,더불어민주당,초선,지역구,남,Representative,0.3758954363478019,0.0
안규백,0.0,외교통일위원회,안규백,안규백,더불어민주당,4선,지역구,남,Representative,0.3809557196948137,0.0
윤재갑,0.0,외교통일위원회,윤재갑,윤재갑,더불어민주당,초선,지역구,남,Representative,0.6854440000858673,0.0
이용빈,0.0207991728901302,외교통일위원회,이용빈,이용빈,더불어민주당,초선,지역구,남,Representative,0.4600032901867735,0.009567687962623434
인재근,0.0,외교통일위원회,인재근,인재근,더불어민주당,3선,지역구,여,Representative,0.2910042957726254,0.0
임종성,0.0044563414972159,외교통일위원회,임종성,임종성,더불어민주당,재선,지역구,남,Representative,0.2168072376798863,0.000966167090169628
전용기,0.0023028830110521,외교통일위원회,전용기,전용기,더불어민주당,초선,비례대표,남,Representative,0.1508910607377874,0.0003474844602926812
정춘숙,0.0,외교통일위원회,정춘숙,정춘숙,더불어민주당,재선,지역구,여,Representative,0.1638501850633351,0.0
조정식,0.0020476888994141,외교통일위원회,조정식,조정식,더불어민주당,5선,지역구,남,Representative,0.0982721838798874,0.00020123086005202666
진선미,0.0,외교통일위원회,진선미,진선미,더불어민주당,3선,지역구,여,Representative,0.0766752551488706,0.0
진성준,0.0,외교통일위원회,진성준,진성준,더불어민주당,재선,지역구,남,Representative,0.137191834935949,0.0
최인호,0.0003999596508795,외교통일위원회,최인호,최인호,더불어민주당,재선,지역구,남,Representative,0.1711937203769239,6.847058063471723e-05
최혜영,0.0,외교통일위원회,최혜영,최혜영,더불어민주당,초선,비례대표,여,Representative,0.4555600514410841,0.0
홍성국,0.0,외교통일위원회,홍성국,홍성국,더불어민주당,초선,지역구,남,Representative,0.0821632285254589,0.0
황운하,0.0,외교통일위원회,황운하,황운하,더불어민주당,초선,지역구,남,Representative,0.5488281734063343,0.0
강대식,0.0,외교통일위원회,강대식,강대식,국민의힘,초선,지역구,남,Representative,0.1076879275224922,0.0
박정하,0.0,외교통일위원회,박정하,박정하,국민의힘,초선,지역구,남,Representative,0.2937123128515209,0.0
성일종,0.0,외교통일위원회,성일종,성일종,국민의힘,재선,지역구,남,Representative,0.2955294681309887,0.0
이인선,0.0,외교통일위원회,이인선,이인선,국민의힘,초선,지역구,여,Representative,0.3231681290160744,0.0
서일준,0.0005819708057635,외교통일위원회,서일준,서일준,국민의힘,초선,지역구,남,Representative,0.0727597785364597,4.234406694203726e-05
김윤덕,0.0,외교통일위원회,김윤덕,김윤덕,더불어민주당,재선,지역구,남,Representative,0.2869485044660441,0.0
안호영,0.0,외교통일위원회,안호영,안호영,더불어민주당,재선,지역구,남,Representative,0.5118923685595783,0.0
양기대,0.0,외교통일위원회,양기대,양기대,더불어민주당,초선,지역구,남,Representative,0.2301185334449006,0.0
윤준병,0.0,외교통일위원회,윤준병,윤준병,더불어민주당,초선,지역구,남,Representative,0.4344183278979442,0.0
이정문,0.0,외교통일위원회,이정문,이정문,더불어민주당,초선,지역구,남,Representative,0.0848113999966772,0.0
이학영,0.0,외교통일위원회,이학영,이학영,더불어민주당,3선,지역구,남,Representative,0.0560092720869861,0.0
김의겸,0.0,외교통일위원회,김의겸,김의겸,열린민주당,초선,비례대표,남,Representative,0.8380800716465495,0.0
민형배,0.006012264649618,외교통일위원회,민형배,민형배,더불어민주당,초선,지역구,남,Representative,0.5990186631316904,0.003601458732808095
양이원영,0.0,외교통일위원회,양이원영,양이원영,더불어민주당,초선,비례대표,여,Representative,0.538619431256871,0.0
정성호,0.0,외교통일위원회,정성호,정성호,더불어민주당,4선,지역구,남,Representative,0.4625431982315658,0.0
홍정민,0.0,외교통일위원회,홍정민,홍정민,더불어민주당,초선,지역구,여,Representative,0.1978012226072815,0.0
윤호중,0.0017504912916052,외교통일위원회,윤호중,윤호중,더불어민주당,4선,지역구,남,Representative,0.1128950186454341,0.00019762174700443906
김병기,0.0,외교통일위원회,김병기,김병기,더불어민주당,재선,지역구,남,Representative,0.1108729186430819,0.0
김한규,0.0,외교통일위원회,김한규,김한규,더불어민주당,초선,지역구,남,Representative,0.4606560544107763,0.0
신동근,0.0,외교통일위원회,신동근,신동근,더불어민주당,재선,지역구,남,Representative,0.1433568328564554,0.0
임호선,0.0,외교통일위원회,임호선,임호선,더불어민주당,초선,지역구,남,Representative,0.1630095698549976,0.0
정일영,0.0,외교통일위원회,정일영,정일영,더불어민주당,초선,지역구,남,Representative,0.1776389564691861,0.0
홍기원,0.0,외교통일위원회,홍기원,홍기원,더불어민주당,초선,지역구,남,Representative,0.1984078664960204,0.0
설훈,0.0166744641883383,외교통일위원회,설훈,설훈,더불어민주당,5선,지역구,남,Representative,0.3265334931650108,0.0054447710380729816
고민정,0.0,외교통일위원회,고민정,고민정,더불어민주당,초선,지역구,여,Representative,0.3526006355299543,0.0
김경만,0.0,외교통일위원회,김경만,김경만,더불어민주당,초선,비례대표,남,Representative,0.2607821776703825,0.0
박상혁,0.0,외교통일위원회,박상혁,박상혁,더불어민주당,초선,지역구,남,Representative,0.1910820455968065,0.0
서영교,0.0,외교통일위원회,서영교,서영교,더불어민주당,3선,지역구,여,Representative,0.4396629254011983,0.0
유기홍,0.0,외교통일위원회,유기홍,유기홍,더불어민주당,3선,지역구,남,Representative,0.533695852611625,0.0
윤후덕,0.0127787401092373,외교통일위원회,윤후덕,윤후덕,더불어민주당,3선,지역구,남,Representative,0.1665258272005472,0.0021279902672715523
어기구,0.0,외교통일위원회,어기구,어기구,더불어민주당,재선,지역구,남,Representative,0.1048322749382438,0.0
장철민,0.0,외교통일위원회,장철민,장철민,더불어민주당,초선,지역구,남,Representative,0.1714224222163959,0.0
최기상,0.0,외교통일위원회,최기상,최기상,더불어민주당,초선,지역구,남,Representative,0.2058827885501175,0.0
한정애,0.0022856141074463,외교통일위원회,한정애,한정애,더불어민주당,3선,지역구,여,Representative,0.200025913945713,0.00045718205076916127
김성원,0.001031940529073,외교통일위원회,김성원,김성원,국민의힘,재선,지역구,남,Representative,0.0969967354280285,0.00010009486247595355
노용호,0.0,외교통일위원회,노용호,노용호,국민의힘,초선,비례대표,남,Representative,0.1923972318813689,0.0
유상범,0.0,외교통일위원회,유상범,유상범,국민의힘,초선,지역구,남,Representative,0.3489284768254078,0.0
이채익,0.0,외교통일위원회,이채익,이채익,국민의힘,3선,지역구,남,Representative,0.305886901391201,0.0
임이자,0.0,외교통일위원회,임이자,임이자,국민의힘,재선,지역구,여,Representative,0.0338839582899253,0.0
최승재,0.0,외교통일위원회,최승재,최승재,국민의힘,초선,비례대표,남,Representative,0.4362396164165481,0.0
최춘식,0.0,외교통일위원회,최춘식,최춘식,국민의힘,초선,지역구,남,Representative,0.185261782253888,0.0
고영인,0.0,외교통일위원회,고영인,고영인,더불어민주당,초선,지역구,남,Representative,0.3272823183515555,0.0
김남국,0.0,외교통일위원회,김남국,김남국,더불어민주당,초선,지역구,남,Representative,0.4903679722415279,0.0
김회재,0.0,외교통일위원회,김회재,김회재,더불어민주당,초선,지역구,남,Representative,0.2705052594012662,0.0
이원욱,0.0019757758476601,외교통일위원회,이원욱,이원욱,더불어민주당,3선,지역구,남,Representative,0.2087926901604398,0.00041252755438697555
강준현,0.0,외교통일위원회,강준현,강준현,더불어민주당,초선,지역구,남,Representative,0.2442135956139989,0.0
이인영,0.0003908142944752,외교통일위원회,이인영,이인영,더불어민주당,4선,지역구,남,Representative,0.2800294833760527,0.00010943952497786678
김승남,0.002701072952325,외교통일위원회,김승남,김승남,더불어민주당,재선,지역구,남,Representative,0.2124111150114147,0.000573737917530527
김원이,0.0,외교통일위원회,김원이,김원이,더불어민주당,초선,지역구,남,Representative,0.2360613447578642,0.0
박찬대,0.0,외교통일위원회,박찬대,박찬대,더불어민주당,재선,지역구,남,Representative,0.2786489795755955,0.0
송갑석,0.0,외교통일위원회,송갑석,송갑석,더불어민주당,재선,지역구,남,Representative,0.0670810059002477,0.0
조승래,0.0,외교통일위원회,조승래,조승래,더불어민주당,재선,지역구,남,Representative,0.2359910708975734,0.0
최종윤,0.0022220294208686,외교통일위원회,최종윤,최종윤,더불어민주당,초선,지역구,남,Representative,0.1716391861609539,0.00038138732142358215
김미애,0.0,외교통일위원회,김미애,김미애,국민의힘,초선,지역구,여,Representative,0.1300450243421692,0.0
김영식,0.0,외교통일위원회,김영식,김영식,국민의힘,초선,지역구,남,Representative,0.2624749295735833,0.0
유의동,0.0,외교통일위원회,유의동,유의동,국민의힘,3선,지역구,남,Representative,0.5050232279002433,0.0
구자근,0.0042156571976707,외교통일위원회,구자근,구자근,국민의힘,초선,지역구,남,Representative,0.0584340346254918,0.00024633785865789344
안병길,0.0,외교통일위원회,안병길,안병길,국민의힘,초선,지역구,남,Representative,0.0420092157277911,0.0
윤창현,0.0,외교통일위원회,윤창현,윤창현,국민의힘,초선,비례대표,남,Representative,0.1659560286241812,0.0
홍문표,0.0,외교통일위원회,홍문표,홍문표,국민의힘,4선,지역구,남,Representative,0.5476629473060372,0.0
변재일,0.0,외교통일위원회,변재일,변재일,더불어민주당,5선,지역구,남,Representative,0.3557301750687391,0.0
강선우,0.0,외교통일위원회,강선우,강선우,더불어민주당,초선,지역구,여,Representative,0.2216826678477753,0.0
엄태영,0.000564164801859,외교통일위원회,엄태영,엄태영,국민의힘,초선,지역구,남,Representative,0.2112428656135919,0.00011917578942301945
박덕흠,0.0,외교통일위원회,박덕흠,박덕흠,국민의힘,3선,지역구,남,Representative,0.2317213323874486,0.0
박형수,0.0,외교통일위원회,박형수,박형수,국민의힘,초선,지역구,남,Representative,0.1289259726016864,0.0
한기호,0.0052309803098193,외교통일위원회,한기호,한기호,국민의힘,3선,지역구,남,Representative,0.3139152323587058,0.0016420843994207402
남인순,0.0,외교통일위원회,남인순,남인순,더불어민주당,3선,지역구,여,Representative,0.5088905772697233,0.0
서영석,0.0,외교통일위원회,서영석,서영석,더불어민주당,초선,지역구,남,Representative,0.1839691144889395,0.0
신영대,0.0,외교통일위원회,신영대,신영대,더불어민주당,초선,지역구,남,Representative,0.2397699657028943,0.0
이은주,0.0,외교통일위원회,이은주,이은주,정의당,초선,비례대표,여,Representative,1.7394356928672845,0.0
홍영표,0.0,외교통일위원회,홍영표,홍영표,더불어민주당,4선,지역구,남,Representative,0.2094480075912773,0.0
정희용,0.0002151087544066,외교통일위원회,정희용,정희용,국민의힘,초선,지역구,남,Representative,0.1013462246233544,2.180046014254126e-05
배현진,0.0,외교통일위원회,배현진,배현진,국민의힘,초선,지역구,여,Representative,0.0729943402727777,0.0
조수진,0.0,외교통일위원회,조수진,조수진,국민의힘,초선,비례대표,여,Representative,0.1152574433846105,0.0
김정호,0.0,외교통일위원회,김정호,김정호,더불어민주당,재선,지역구,남,Representative,0.2475581055450652,0.0
김상훈,0.0,외교통일위원회,김상훈,김상훈,국민의힘,3선,지역구,남,Representative,0.1882659368916839,0.0
정우택,0.0,외교통일위원회,정우택,정우택,국민의힘,5선,지역구,남,Representative,0.1586300083990965,0.0
최재형,0.0,외교통일위원회,최재형,최재형,국민의힘,초선,지역구,남,Representative,0.291581396883635,0.0
김두관,0.0,외교통일위원회,김두관,김두관,더불어민주당,재선,지역구,남,Representative,0.7087657792985883,0.0
소병철,0.0033863118915487,외교통일위원회,소병철,소병철,더불어민주당,초선,지역구,남,Representative,0.1921494526414231,0.0006506779764342248
신원식,0.0109886002596633,외교통일위원회,신원식,신원식,국민의힘,초선,비례대표,남,Representative,0.188354618593185,0.0020697536107818545
양금희,0.0,외교통일위원회,양금희,양금희,국민의힘,초선,지역구,여,Representative,0.1636013212186727,0.0
이개호,0.0,외교통일위원회,이개호,이개호,더불어민주당,3선,지역구,남,Representative,0.1131561090092011,0.0
이장섭,0.0,외교통일위원회,이장섭,이장섭,더불어민주당,초선,지역구,남,Representative,0.2854497963072183,0.0
장경태,0.0,외교통일위원회,장경태,장경태,더불어민주당,초선,지역구,남,Representative,0.403738270388732,0.0
정점식,0.0,외교통일위원회,정점식,정점식,국민의힘,재선,지역구,남,Representative,0.1256501314629642,0.0
김영배,0.0,외교통일위원회,김영배,김영배,더불어민주당,초선,지역구,남,Representative,0.3173975912495803,0.0
류성걸,0.0,외교통일위원회,류성걸,류성걸,국민의힘,재선,지역구,남,Representative,0.0750174025505985,0.0
류호정,0.0,외교통일위원회,류호정,류호정,정의당,초선,비례대표,여,Representative,1.9138526831392957,0.0
맹성규,0.0,외교통일위원회,맹성규,맹성규,더불어민주당,재선,지역구,남,Representative,0.3423921953477248,0.0
서범수,0.0,외교통일위원회,서범수,서범수,국민의힘,초선,지역구,남,Representative,0.2022344335941221,0.0
정운천,0.0,외교통일위원회,정운천,정운천,국민의힘,재선,비례대표,남,Representative,0.2095429101918529,0.0
허은아,0.0,외교통일위원회,허은아,허은아,국민의힘,초선,비례대표,여,Representative,0.290583414125627,0.0
홍석준,0.0,외교통일위원회,홍석준,홍석준,국민의힘,초선,지역구,남,Representative,0.1047310895160982,0.0
이병훈,0.0,외교통일위원회,이병훈,이병훈,더불어민주당,초선,지역구,남,Representative,0.1790578800414445,0.0
김민석,0.0,외교통일위원회,김민석,김민석,더불어민주당,3선,지역구,남,Representative,0.5124972621164758,0.0
한준호,0.0,외교통일위원회,한준호,한준호,더불어민주당,초선,지역구,남,Representative,0.1454541395520071,0.0
강은미,0.0,외교통일위원회,강은미,강은미,정의당,초선,비례대표,여,Representative,1.6918809491792466,0.0
배진교,0.0,외교통일위원회,배진교,배진교,정의당,초선,비례대표,남,Representative,1.622416384309617,0.0
이재정,0.0088601335133272,외교통일위원회,이재정,이재정,더불어민주당,재선,지역구,여,Representative,0.2573809498745986,0.002280429579675919
박정,0.0159032070889421,외교통일위원회,박정,박정,더불어민주당,재선,지역구,남,Representative,0.1086038378087208,0.0017271493233259666
오영환,0.0,외교통일위원회,오영환,오영환,더불어민주당,초선,지역구,남,Representative,0.2639159163033288,0.0
강민정,0.0,외교통일위원회,강민정,강민정,열린민주당,초선,비례대표,여,Representative,1.3217456216851513,0.0
박영순,0.0029053772885415,외교통일위원회,박영순,박영순,더불어민주당,초선,지역구,남,Representative,0.3793634271542586,0.0011021938853572506
이해식,0.0027469866858264,외교통일위원회,이해식,이해식,더불어민주당,초선,지역구,남,Representative,0.2639597631121719,0.0007250939548630267
이형석,0.0,외교통일위원회,이형석,이형석,더불어민주당,초선,지역구,남,Representative,0.1083558993299242,0.0
김영진,0.0,외교통일위원회,김영진,김영진,더불어민주당,재선,지역구,남,Representative,0.0792247561405531,0.0
문진석,0.0,외교통일위원회,문진석,문진석,더불어민주당,초선,지역구,남,Representative,0.2131284851715763,0.0
박성민,0.0,외교통일위원회,박성민,박성민,국민의힘,초선,지역구,남,Representative,0.1920963982054519,0.0
서병수,0.0,외교통일위원회,서병수,서병수,국민의힘,5선,지역구,남,Representative,0.3254004320021045,0.0
윤재옥,0.0030390269235035,외교통일위원회,윤재옥,윤재옥,국민의힘,3선,지역구,남,Representative,0.5807333195948687,0.0017648641936243688
서동용,0.0,외교통일위원회,서동용,서동용,더불어민주당,초선,지역구,남,Representative,0.3156377014497687,0.0
송기헌,0.0,외교통일위원회,송기헌,송기헌,더불어민주당,재선,지역구,남,Representative,0.3097590421845094,0.0
유정주,0.0,외교통일위원회,유정주,유정주,더불어민주당,초선,비례대표,여,Representative,0.3402755762534749,0.0
황희,0.0,외교통일위원회,황희,황희,더불어민주당,재선,지역구,남,Representative,0.2589890766385589,0.0
전주혜,0.0001434241857694,외교통일위원회,전주혜,전주혜,국민의힘,초선,비례대표,여,Representative,0.2622996745628045,3.762011725174884e-05
김도읍,0.0035055119990661,외교통일위원회,김도읍,김도읍,국민의힘,3선,지역구,남,Representative,0.0057675742475114,2.0218300730155847e-05
윤두현,0.0,외교통일위원회,윤두현,윤두현,국민의힘,초선,지역구,남,Representative,0.2056082379737857,0.0
윤주경,0.0,외교통일위원회,윤주경,윤주경,국민의힘,초선,비례대표,여,Representative,0.4248222909210703,0.0
최형두,0.0,외교통일위원회,최형두,최형두,국민의힘,초선,지역구,남,Representative,0.2907134521220806,0.0
한무경,0.0,외교통일위원회,한무경,한무경,국민의힘,초선,비례대표,여,Representative,0.1040419536269268,0.0
김태년,0.0,외교통일위원회,김태년,김태년,더불어민주당,4선,지역구,남,Representative,0.0302627005970719,0.0
양경숙,0.0012724232686578,외교통일위원회,양경숙,양경숙,더불어민주당,초선,비례대표,여,Representative,0.3342609954913604,0.00042532146846792693
김학용,0.0,외교통일위원회,김학용,김학용,국민의힘,4선,지역구,남,Representative,0.2414249164893882,0.0
조경태,0.0001443985625798,외교통일위원회,조경태,조경태,국민의힘,5선,지역구,남,Representative,0.3722224896824415,5.374839247001899e-05
조해진,0.0,외교통일위원회,조해진,조해진,국민의힘,3선,지역구,남,Representative,0.3349213368474088,0.0
최영희,0.0,외교통일위원회,최영희,최영희,국민의힘,초선,비례대표,여,Representative,0.1798744661352604,0.0
유경준,0.0,외교통일위원회,유경준,유경준,국민의힘,초선,지역구,남,Representative,0.1969803900983735,0.0
정경희,0.0,외교통일위원회,정경희,정경희,국민의힘,초선,비례대표,여,Representative,0.3356632617736524,0.0
조은희,0.0,외교통일위원회,조은희,조은희,국민의힘,초선,지역구,여,Representative,0.4971643551550483,0.0
양향자,0.0,외교통일위원회,양향자,양향자,더불어민주당,초선,지역구,여,Representative,0.9193887826618028,0.0
우상호,0.0015650579180389,외교통일위원회,우상호,우상호,더불어민주당,4선,지역구,남,Representative,0.354889315495192,0.0005554223332431555
박용진,0.0,외교통일위원회,박용진,박용진,더불어민주당,재선,지역구,남,Representative,0.7438287273758981,0.0
윤건영,0.0018768388557877,외교통일위원회,윤건영,윤건영,더불어민주당,초선,지역구,남,Representative,0.2535746445358753,0.000475918745707485
전해철,0.0011315808510258,외교통일위원회,전해철,전해철,더불어민주당,3선,지역구,남,Representative,0.111134388568907,0.00012575754599503575
조정훈,0.0,외교통일위원회,조정훈,조정훈,시대전환,초선,비례대표,남,Representative,1.7768837528753738,0.0
김민기,0.0014658268364757,외교통일위원회,김민기,김민기,더불어민주당,3선,지역구,남,Representative,0.1116766109823257,0.0001636985733845499
고용진,0.0,외교통일위원회,고용진,고용진,더불어민주당,재선,지역구,남,Representative,0.2115658202772826,0.0
정필모,0.0,외교통일위원회,정필모,정필모,더불어민주당,초선,비례대표,남,Representative,0.1873329443348586,0.0
허영,0.0022998252073408,외교통일위원회,허영,허영,더불어민주당,초선,지역구,남,Representative,0.2272084723983615,0.0005225397721431482
허종식,0.0,외교통일위원회,허종식,허종식,더불어민주당,초선,지역구,남,Representative,0.5071840623526072,0.0
이주환,0.0056874291826126,외교통일위원회,이주환,이주환,국민의힘,초선,지역구,남,Representative,0.0486042879937447,0.00027643344593573086
전봉민,0.0,외교통일위원회,전봉민,전봉민,국민의힘,초선,지역구,남,Representative,0.0399499989170311,0.0
김민철,0.0037215828303745,외교통일위원회,김민철,김민철,더불어민주당,초선,지역구,남,Representative,0.2612442298812484,0.0009722420404604629
김병주,0.0,외교통일위원회,김병주,김병주,더불어민주당,초선,비례대표,남,Representative,0.2434625119610639,0.0
김영주,0.0114180082875023,외교통일위원회,김영주,김영주,더불어민주당,4선,지역구,여,Representative,0.3478961305037666,0.003972280901281989
노웅래,0.0,외교통일위원회,노웅래,노웅래,더불어민주당,4선,지역구,남,Representative,0.2613156957741633,0.0
이양수,0.0,외교통일위원회,이양수,이양수,국민의힘,재선,지역구,남,Representative,0.4099103257016184,0.0
김선교,0.0001855670235136,외교통일위원회,김선교,김선교,국민의힘,초선,지역구,남,Representative,0.1700647696450778,3.155841310756312e-05
김정재,0.0,외교통일위원회,김정재,김정재,국민의힘,재선,지역구,여,Representative,0.2574250589731167,0.0
이상민,0.0015178040154114,외교통일위원회,이상민,이상민,더불어민주당,5선,지역구,남,Representative,0.6797803799490477,0.0010317733902845518
강병원,0.0,외교통일위원회,강병원,강병원,더불어민주당,재선,지역구,남,Representative,0.2679228198118838,0.0
박완주,0.0,외교통일위원회,박완주,박완주,더불어민주당,3선,지역구,남,Representative,0.3781620068650885,0.0
위성곤,0.0,외교통일위원회,위성곤,위성곤,더불어민주당,재선,지역구,남,Representative,0.4979833092497824,0.0
권은희,0.0,외교통일위원회,권은희,권은희,국민의당,3선,비례대표,여,Representative,1.4757029872866645,0.0
강기윤,0.0,외교통일위원회,강기윤,강기윤,국민의힘,재선,지역구,남,Representative,0.1051953896862757,0.0
용혜인,0.0,외교통일위원회,용혜인,용혜인,기본소득당,초선,비례대표,여,Representative,1.5260787063967094,0.0
조명희,0.0016841897664895,외교통일위원회,조명희,조명희,국민의힘,초선,비례대표,여,Representative,0.2553086924045825,0.00042998828704361334
소병훈,0.0,외교통일위원회,소병훈,소병훈,더불어민주당,재선,지역구,남,Representative,0.4495375269510719,0.0
이상헌,0.0048078753805567,외교통일위원회,이상헌,이상헌,더불어민주당,재선,지역구,남,Representative,0.6637862515737748,0.003191401576893568
이달곤,0.0,외교통일위원회,이달곤,이달곤,국민의힘,재선,지역구,남,Representative,0.1697317502202084,0.0
강득구,0.0021228042000958,외교통일위원회,강득구,강득구,더불어민주당,초선,지역구,남,Representative,0.5445023530105706,0.0011558718819328852
박광온,0.0,외교통일위원회,박광온,박광온,더불어민주당,3선,지역구,남,Representative,0.0636172526258988,0.0
강훈식,0.0,외교통일위원회,강훈식,강훈식,더불어민주당,재선,지역구,남,Representative,0.2333552597959055,0.0
김성환,0.0,외교통일위원회,김성환,김성환,더불어민주당,재선,지역구,남,Representative,0.2337158540241251,0.0
정찬민,0.0,외교통일위원회,정찬민,정찬민,국민의힘,초선,지역구,남,Representative,0.4442721508323407,0.0
이철규,0.0,외교통일위원회,이철규,이철규,국민의힘,재선,지역구,남,Representative,0.1840560451181021,0.0
최강욱,0.0,외교통일위원회,최강욱,최강욱,열린민주당,초선,비례대표,남,Representative,0.7842536920804917,0.0
안민석,0.0043369395557138,외교통일위원회,안민석,안민석,더불어민주당,5선,지역구,남,Representative,0.3441477269487697,0.0014925478900131115
정진석,0.0034544534917289,외교통일위원회,정진석,정진석,국민의힘,5선,지역구,남,Representative,0.0704006718058257,0.0002431958465396949
김수흥,0.0,외교통일위원회,김수흥,김수흥,더불어민주당,초선,지역구,남,Representative,0.5088102660790913,0.0
이동주,0.0,외교통일위원회,이동주,이동주,더불어민주당,초선,비례대표,남,Representative,0.2481459493801818,0.0
한병도,0.0304197985119586,외교통일위원회,한병도,한병도,더불어민주당,재선,지역구,남,Representative,0.4404702338128733,0.013399015763102899
윤영찬,0.0,외교통일위원회,윤영찬,윤영찬,더불어민주당,초선,지역구,남,Representative,0.1950263668759664,0.0
김영호,0.0039904216307203,외교통일위원회,김영호,김영호,더불어민주당,재선,지역구,남,Representative,0.4161281665252168,0.001660526836854204
주철현,0.0,외교통일위원회,주철현,주철현,더불어민주당,초선,지역구,남,Representative,0.1808273551250511,0.0
황보승희,0.0,외교통일위원회,황보승희,황보승희,국민의힘,초선,지역구,여,Representative,0.2043416232088162,0.0
이광재,0.023685834354369,외교통일위원회,이광재,이광재,더불어민주당,3선,지역구,남,Representative,0.2037976967403526,0.004827118486793919
서정숙,0.0,외교통일위원회,서정숙,서정숙,국민의힘,초선,비례대표,여,Representative,0.3409787953353209,0.0
이영,0.0,외교통일위원회,이영,이영,국민의힘,초선,비례대표,여,Representative,0.2206417648191584,0.0
조태용,0.0081861524637199,외교통일위원회,조태용,조태용,국민의힘,초선,비례대표,남,Representative,0.1545407967786547,0.0012650945242948205
박성준,0.0,외교통일위원회,박성준,박성준,더불어민주당,초선,지역구,남,Representative,0.2002255367463627,0.0
김한정,0.0,외교통일위원회,김한정,김한정,더불어민주당,재선,지역구,남,Representative,0.3115396476231169,0.0
전혜숙,0.0,외교통일위원회,전혜숙,전혜숙,더불어민주당,3선,지역구,여,Representative,0.3487897833092866,0.0
김기현,0.0013833055560583,외교통일위원회,김기현,김기현,국민의힘,4선,지역구,남,Representative,0.3033064478180708,0.0004195654944550442
추경호,0.003726315911532,외교통일위원회,추경호,추경호,국민의힘,재선,지역구,남,Representative,0.0731143995543978,0.0002724473504216607
홍익표,0.0008922836782419,외교통일위원회,홍익표,홍익표,더불어민주당,3선,지역구,남,Representative,0.165353191622152,0.00014754195402965153
김성주,0.0,외교통일위원회,김성주,김성주,더불어민주당,재선,지역구,남,Representative,0.3218992730272499,0.0
심상정,0.0,외교통일위원회,심상정,심상정,정의당,4선,지역구,여,Representative,1.7478349658369334,0.0
오영훈,0.0,외교통일위원회,오영훈,오영훈,더불어민주당,재선,지역구,남,Representative,0.671756127451087,0.0
오기형,0.0,외교통일위원회,오기형,오기형,더불어민주당,초선,지역구,남,Representative,0.3978628324702754,0.0
전재수,0.0,외교통일위원회,전재수,전재수,더불어민주당,재선,지역구,남,Representative,0.1512554413902672,0.0
기동민,0.0,외교통일위원회,기동민,기동민,더불어민주당,재선,지역구,남,Representative,0.4426922620576195,0.0
장제원,0.0,외교통일위원회,장제원,장제원,국민의힘,3선,지역구,남,Representative,0.0909064879091423,0.0
박완수,0.0,외교통일위원회,박완수,박완수,국민의힘,재선,지역구,남,Representative,0.1899346266606008,0.0
정청래,0.004268600961084,외교통일위원회,정청래,정청래,더불어민주당,3선,지역구,남,Representative,0.0751206976802892,0.00032066028231538305
서삼석,0.0,외교통일위원회,서삼석,서삼석,더불어민주당,재선,지역구,남,Representative,0.2012082502190047,0.0
이규민,0.0,외교통일위원회,이규민,이규민,더불어민주당,초선,지역구,남,Representative,0.3923416013378649,0.0
임오경,0.0,외교통일위원회,임오경,임오경,더불어민주당,초선,지역구,여,Representative,0.0586732885421386,0.0
이용호,0.0,외교통일위원회,이용호,이용호,국민의힘,재선,지역구,남,Representative,1.225607615821687,0.0
윤한홍,0.0,외교통일위원회,윤한홍,윤한홍,국민의힘,재선,지역구,남,Representative,0.0633220910364272,0.0
송언석,0.0,외교통일위원회,송언석,송언석,국민의힘,재선,지역구,남,Representative,0.1978088158038737,0.0
우원식,0.0,외교통일위원회,우원식,우원식,더불어민주당,4선,지역구,남,Representative,0.3474908272016026,0.0
윤희숙,0.0,외교통일위원회,윤희숙,윤희숙,국민의힘,초선,지역구,여,Representative,0.28306548324025,0.0
민홍철,0.0,외교통일위원회,민홍철,민홍철,더불어민주당,3선,지역구,남,Representative,0.2010526097454781,0.0
배준영,0.0,외교통일위원회,배준영,배준영,국민의힘,초선,지역구,남,Representative,0.4029858723602732,0.0
김교흥,0.0,외교통일위원회,김교흥,김교흥,더불어민주당,재선,지역구,남,Representative,0.1927891344584833,0.0
강민국,0.0,외교통일위원회,강민국,강민국,국민의힘,초선,지역구,남,Representative,0.153084768117913,0.0
김희국,0.0,외교통일위원회,김희국,김희국,국민의힘,재선,지역구,남,Representative,0.0800803641309325,0.0
윤영석,0.0,외교통일위원회,윤영석,윤영석,국민의힘,3선,지역구,남,Representative,0.194206349704839,0.0
도종환,0.0,외교통일위원회,도종환,도종환,더불어민주당,3선,지역구,남,Representative,0.2721175456087874,0.0
박성중,0.0,외교통일위원회,박성중,박성중,국민의힘,재선,지역구,남,Representative,0.1136597690819902,0.0
박수영,0.0,외교통일위원회,박수영,박수영,국민의힘,초선,지역구,남,Representative,0.3130251150523512,0.0
이탄희,0.0,외교통일위원회,이탄희,이탄희,더불어민주당,초선,지역구,남,Representative,0.6201423822658652,0.0
백혜련,0.0,외교통일위원회,백혜련,백혜련,더불어민주당,재선,지역구,여,Representative,0.262002066035241,0.0
송영길,0.0015359415107855,외교통일위원회,송영길,송영길,더불어민주당,5선,지역구,남,Representative,0.1847095725159723,0.0002837030998667264
곽상도,0.0,외교통일위원회,곽상도,곽상도,국민의힘,재선,지역구,남,Representative,0.0416731213070125,0.0
홍준표,0.0,외교통일위원회,홍준표,홍준표,국민의힘,5선,지역구,남,Representative,0.1745452207856409,0.0
김태흠,0.0,외교통일위원회,김태흠,김태흠,국민의힘,3선,지역구,남,Representative,0.0980118810479008,0.0
신현영,0.000325091574549,외교통일위원회,신현영,신현영,더불어민주당,초선,비례대표,여,Representative,0.3325126093005273,0.00010809704771490488
이용우,0.0005413089946797,외교통일위원회,이용우,이용우,더불어민주당,초선,지역구,남,Representative,0.231626157115504,0.00012538132224971572
김진표,0.0,외교통일위원회,김진표,김진표,더불어민주당,5선,지역구,남,Representative,0.4172834774907449,0.0
윤관석,0.0,외교통일위원회,윤관석,윤관석,더불어민주당,3선,지역구,남,Representative,0.0726470802193504,0.0
이상직,0.0,외교통일위원회,이상직,이상직,더불어민주당,재선,지역구,남,Representative,0.1875925759171187,0.0
유동수,0.0,외교통일위원회,유동수,유동수,더불어민주당,재선,지역구,남,Representative,0.4365284860540641,0.0
천준호,0.0,외교통일위원회,천준호,천준호,더불어민주당,초선,지역구,남,Representative,0.3993355059681581,0.0
박대출,0.0,외교통일위원회,박대출,박대출,국민의힘,3선,지역구,남,Representative,0.1127161477762168,0.0
박재호,0.0,외교통일위원회,박재호,박재호,더불어민주당,재선,지역구,남,Representative,0.2619622171748344,0.0
이낙연,0.0,외교통일위원회,이낙연,이낙연,더불어민주당,5선,지역구,남,Representative,0.1016403584957575,0.0
정정순,0.0,외교통일위원회,정정순,정정순,더불어민주당,초선,지역구,남,Representative,0.1787183559051326,0.0
김진애,0.0,외교통일위원회,김진애,김진애,열린민주당,재선,비례대표,여,Representative,1.0590950156918448,0.0
김웅,0.0,외교통일위원회,김웅,김웅,국민의힘,초선,지역구,남,Representative,0.3699621682437175,0.0
김진표,0.002073995595684,정치개혁특별위원회,김진표,김진표,더불어민주당,5선,지역구,남,Representative,0.4172834774907449,0.0008654440944675084
박용진,0.0004808507010509,정치개혁특별위원회,박용진,박용진,더불어민주당,재선,지역구,남,Representative,0.7438287273758981,0.0003576705650204994
이병훈,0.0029540898338739,정치개혁특별위원회,이병훈,이병훈,더불어민주당,초선,지역구,남,Representative,0.1790578800414445,0.0005289530631054435
홍성국,0.0,정치개혁특별위원회,홍성국,홍성국,더불어민주당,초선,지역구,남,Representative,0.0821632285254589,0.0
전혜숙,0.0,정치개혁특별위원회,전혜숙,전혜숙,더불어민주당,3선,지역구,여,Representative,0.3487897833092866,0.0
이상헌,0.0,정치개혁특별위원회,이상헌,이상헌,더불어민주당,재선,지역구,남,Representative,0.6637862515737748,0.0
송갑석,0.0,정치개혁특별위원회,송갑석,송갑석,더불어민주당,재선,지역구,남,Representative,0.0670810059002477,0.0
소병철,0.0,정치개혁특별위원회,소병철,소병철,더불어민주당,초선,지역구,남,Representative,0.1921494526414231,0.0
이개호,0.0,정치개혁특별위원회,이개호,이개호,더불어민주당,3선,지역구,남,Representative,0.1131561090092011,0.0
오영환,0.0,정치개혁특별위원회,오영환,오영환,더불어민주당,초선,지역구,남,Representative,0.2639159163033288,0.0
기동민,0.0,정치개혁특별위원회,기동민,기동민,더불어민주당,재선,지역구,남,Representative,0.4426922620576195,0.0
고용진,0.0,정치개혁특별위원회,고용진,고용진,더불어민주당,재선,지역구,남,Representative,0.2115658202772826,0.0
김상희,0.023074680349578,정치개혁특별위원회,김상희,김상희,더불어민주당,4선,지역구,여,Representative,0.5592599599039866,0.0129047448071023
강민정,0.0021098714049116,정치개혁특별위원회,강민정,강민정,열린민주당,초선,비례대표,여,Representative,1.3217456216851513,0.0027887132917606065
강준현,0.0,정치개혁특별위원회,강준현,강준현,더불어민주당,초선,지역구,남,Representative,0.2442135956139989,0.0
강훈식,0.0,정치개혁특별위원회,강훈식,강훈식,더불어민주당,재선,지역구,남,Representative,0.2333552597959055,0.0
고영인,0.0002785414420001,정치개혁특별위원회,고영인,고영인,더불어민주당,초선,지역구,남,Representative,0.3272823183515555,9.116168889477806e-05
권인숙,0.0,정치개혁특별위원회,권인숙,권인숙,더불어민주당,초선,비례대표,여,Representative,0.7127107829573963,0.0
김경만,0.0,정치개혁특별위원회,김경만,김경만,더불어민주당,초선,비례대표,남,Representative,0.2607821776703825,0.0
김두관,0.0092484218305264,정치개혁특별위원회,김두관,김두관,더불어민주당,재선,지역구,남,Representative,0.7087657792985883,0.006554964905995121
김민기,0.0,정치개혁특별위원회,김민기,김민기,더불어민주당,3선,지역구,남,Representative,0.1116766109823257,0.0
김민철,0.0066647272816694,정치개혁특별위원회,김민철,김민철,더불어민주당,초선,지역구,남,Representative,0.2612442298812484,0.0017411215460682685
김성환,0.0,정치개혁특별위원회,김성환,김성환,더불어민주당,재선,지역구,남,Representative,0.2337158540241251,0.0
김수흥,0.0,정치개혁특별위원회,김수흥,김수흥,더불어민주당,초선,지역구,남,Representative,0.5088102660790913,0.0
김영주,0.0,정치개혁특별위원회,김영주,김영주,더불어민주당,4선,지역구,여,Representative,0.3478961305037666,0.0
김의겸,0.0,정치개혁특별위원회,김의겸,김의겸,열린민주당,초선,비례대표,남,Representative,0.8380800716465495,0.0
김종민,0.0020941211492843,정치개혁특별위원회,김종민,김종민,더불어민주당,재선,지역구,남,Representative,0.6226025996525496,0.0013038052715317902
김한규,0.002688516511122,정치개혁특별위원회,김한규,김한규,더불어민주당,초선,지역구,남,Representative,0.4606560544107763,0.0012384814082316863
김한정,0.0,정치개혁특별위원회,김한정,김한정,더불어민주당,재선,지역구,남,Representative,0.3115396476231169,0.0
김홍걸,0.0023259113425212,정치개혁특별위원회,김홍걸,김홍걸,더불어민주당,초선,비례대표,남,Representative,0.5197862075653299,0.0012089766358622796
맹성규,0.0069828620527386,정치개혁특별위원회,맹성규,맹성규,더불어민주당,재선,지역구,남,Representative,0.3423921953477248,0.0023908774680474892
문정복,0.0,정치개혁특별위원회,문정복,문정복,더불어민주당,초선,지역구,여,Representative,0.5768076262279168,0.0
문진석,0.0,정치개혁특별위원회,문진석,문진석,더불어민주당,초선,지역구,남,Representative,0.2131284851715763,0.0
민병덕,0.0,정치개혁특별위원회,민병덕,민병덕,더불어민주당,초선,지역구,남,Representative,0.534492412029025,0.0
민형배,0.0168932855812294,정치개혁특별위원회,민형배,민형배,더불어민주당,초선,지역구,남,Representative,0.5990186631316904,0.010119393344769896
박광온,0.0,정치개혁특별위원회,박광온,박광온,더불어민주당,3선,지역구,남,Representative,0.0636172526258988,0.0
서동용,0.0,정치개혁특별위원회,서동용,서동용,더불어민주당,초선,지역구,남,Representative,0.3156377014497687,0.0
송재호,0.0,정치개혁특별위원회,송재호,송재호,더불어민주당,초선,지역구,남,Representative,0.3758954363478019,0.0
신영대,0.0005060191661947,정치개혁특별위원회,신영대,신영대,더불어민주당,초선,지역구,남,Representative,0.2397699657028943,0.00012132819812351038
신정훈,0.0039349860565634,정치개혁특별위원회,신정훈,신정훈,더불어민주당,재선,지역구,남,Representative,0.1277927153232575,0.0005028625529273943
양이원영,0.0,정치개혁특별위원회,양이원영,양이원영,더불어민주당,초선,비례대표,여,Representative,0.538619431256871,0.0
우원식,0.0004627618473762,정치개혁특별위원회,우원식,우원식,더불어민주당,4선,지역구,남,Representative,0.3474908272016026,0.0001608054971420975
유기홍,0.0,정치개혁특별위원회,유기홍,유기홍,더불어민주당,3선,지역구,남,Representative,0.533695852611625,0.0
유정주,0.0,정치개혁특별위원회,유정주,유정주,더불어민주당,초선,비례대표,여,Representative,0.3402755762534749,0.0
윤건영,0.0,정치개혁특별위원회,윤건영,윤건영,더불어민주당,초선,지역구,남,Representative,0.2535746445358753,0.0
윤영덕,0.0031868101428304,정치개혁특별위원회,윤영덕,윤영덕,더불어민주당,초선,지역구,남,Representative,0.5936797322448536,0.0018919445923107354
윤영찬,0.0,정치개혁특별위원회,윤영찬,윤영찬,더불어민주당,초선,지역구,남,Representative,0.1950263668759664,0.0
윤재갑,0.0,정치개혁특별위원회,윤재갑,윤재갑,더불어민주당,초선,지역구,남,Representative,0.6854440000858673,0.0
윤준병,0.0,정치개혁특별위원회,윤준병,윤준병,더불어민주당,초선,지역구,남,Representative,0.4344183278979442,0.0
이소영,0.0,정치개혁특별위원회,이소영,이소영,더불어민주당,초선,지역구,여,Representative,0.3137302400903705,0.0
이용빈,0.0,정치개혁특별위원회,이용빈,이용빈,더불어민주당,초선,지역구,남,Representative,0.4600032901867735,0.0
이용선,0.0,정치개혁특별위원회,이용선,이용선,더불어민주당,초선,지역구,남,Representative,0.5128505108380027,0.0
이용우,0.0,정치개혁특별위원회,이용우,이용우,더불어민주당,초선,지역구,남,Representative,0.231626157115504,0.0
이원욱,0.0077565466205777,정치개혁특별위원회,이원욱,이원욱,더불어민주당,3선,지역구,남,Representative,0.2087926901604398,0.0016195102352652862
이원택,0.0,정치개혁특별위원회,이원택,이원택,더불어민주당,초선,지역구,남,Representative,0.2716912161873271,0.0
이장섭,0.0,정치개혁특별위원회,이장섭,이장섭,더불어민주당,초선,지역구,남,Representative,0.2854497963072183,0.0
이정문,0.0,정치개혁특별위원회,이정문,이정문,더불어민주당,초선,지역구,남,Representative,0.0848113999966772,0.0
이탄희,0.0074180171686173,정치개혁특별위원회,이탄희,이탄희,더불어민주당,초선,지역구,남,Representative,0.6201423822658652,0.0046002268386354205
이학영,0.0,정치개혁특별위원회,이학영,이학영,더불어민주당,3선,지역구,남,Representative,0.0560092720869861,0.0
이해식,0.0077232484375616,정치개혁특별위원회,이해식,이해식,더불어민주당,초선,지역구,남,Representative,0.2639597631121719,0.0020386268280352116
이형석,0.0016091996928186,정치개혁특별위원회,이형석,이형석,더불어민주당,초선,지역구,남,Representative,0.1083558993299242,0.00017436627991679717
인재근,0.0,정치개혁특별위원회,인재근,인재근,더불어민주당,3선,지역구,여,Representative,0.2910042957726254,0.0
임호선,0.0,정치개혁특별위원회,임호선,임호선,더불어민주당,초선,지역구,남,Representative,0.1630095698549976,0.0
장철민,0.0006517265409841,정치개혁특별위원회,장철민,장철민,더불어민주당,초선,지역구,남,Representative,0.1714224222163959,0.00011172054227820763
전용기,0.0,정치개혁특별위원회,전용기,전용기,더불어민주당,초선,비례대표,남,Representative,0.1508910607377874,0.0
전재수,0.023851151397325,정치개혁특별위원회,전재수,전재수,더불어민주당,재선,지역구,남,Representative,0.1512554413902672,0.003607616432268481
전해철,0.0,정치개혁특별위원회,전해철,전해철,더불어민주당,3선,지역구,남,Representative,0.111134388568907,0.0
정필모,0.0036859431414343,정치개혁특별위원회,정필모,정필모,더불어민주당,초선,비례대표,남,Representative,0.1873329443348586,0.0006904985813357656
조오섭,0.0,정치개혁특별위원회,조오섭,조오섭,더불어민주당,초선,지역구,남,Representative,0.3537241914215748,0.0
조응천,0.0017437417097457,정치개혁특별위원회,조응천,조응천,더불어민주당,재선,지역구,남,Representative,0.254488173419614,0.0004437616426287779
진선미,0.0002684134649764,정치개혁특별위원회,진선미,진선미,더불어민주당,3선,지역구,여,Representative,0.0766752551488706,2.058067091245791e-05
최인호,0.0059623022427952,정치개혁특별위원회,최인호,최인호,더불어민주당,재선,지역구,남,Representative,0.1711937203769239,0.0010207087029557877
최혜영,0.0,정치개혁특별위원회,최혜영,최혜영,더불어민주당,초선,비례대표,여,Representative,0.4555600514410841,0.0
허숙정,0.0,정치개혁특별위원회,허숙정,허숙정,더불어민주당,초선,비례대표,여,Representative,1.1015877581031428,0.0
허영,0.0048680776622766,정치개혁특별위원회,허영,허영,더불어민주당,초선,지역구,남,Representative,0.2272084723983615,0.0011060684891624531
허종식,0.0,정치개혁특별위원회,허종식,허종식,더불어민주당,초선,지역구,남,Representative,0.5071840623526072,0.0
홍기원,0.0,정치개혁특별위원회,홍기원,홍기원,더불어민주당,초선,지역구,남,Representative,0.1984078664960204,0.0
홍영표,0.0003575187619355,정치개혁특별위원회,홍영표,홍영표,더불어민주당,4선,지역구,남,Representative,0.2094480075912773,7.488159236389066e-05
황운하,0.0,정치개혁특별위원회,황운하,황운하,더불어민주당,초선,지역구,남,Representative,0.5488281734063343,0.0
지성호,0.0034057416607752,정치개혁특별위원회,지성호,지성호,국민의힘,초선,비례대표,남,Representative,0.152368783397105,0.0005189287134171531
권명호,0.0,정치개혁특별위원회,권명호,권명호,국민의힘,초선,지역구,남,Representative,0.101862293500913,0.0
권성동,0.0007836164995001,정치개혁특별위원회,권성동,권성동,국민의힘,4선,지역구,남,Representative,0.1650123478378992,0.00012930639838702748
김성원,0.0054319696377861,정치개혁특별위원회,김성원,김성원,국민의힘,재선,지역구,남,Representative,0.0969967354280285,0.0005268833218094221
김승수,0.0,정치개혁특별위원회,김승수,김승수,국민의힘,초선,지역구,남,Representative,0.1092543380607149,0.0
김희국,0.0,정치개혁특별위원회,김희국,김희국,국민의힘,재선,지역구,남,Representative,0.0800803641309325,0.0
박대수,0.0,정치개혁특별위원회,박대수,박대수,국민의힘,초선,비례대표,남,Representative,0.2414175298978371,0.0
이용,0.0,정치개혁특별위원회,이용,이용,국민의힘,초선,비례대표,남,Representative,0.0598766122576743,0.0
정우택,0.0171311226680354,정치개혁특별위원회,정우택,정우택,국민의힘,5선,지역구,남,Representative,0.1586300083990965,0.002717510132716408
한무경,0.0,정치개혁특별위원회,한무경,한무경,국민의힘,초선,비례대표,여,Representative,0.1040419536269268,0.0
권칠승,0.0009081111284668,정치개혁특별위원회,권칠승,권칠승,더불어민주당,재선,지역구,남,Representative,0.1859285040914948,0.00016884374366467138
김성주,0.0,정치개혁특별위원회,김성주,김성주,더불어민주당,재선,지역구,남,Representative,0.3218992730272499,0.0
김원이,0.0,정치개혁특별위원회,김원이,김원이,더불어민주당,초선,지역구,남,Representative,0.2360613447578642,0.0
김철민,0.0010746300206678,정치개혁특별위원회,김철민,김철민,더불어민주당,재선,지역구,남,Representative,0.1469147406376817,0.00015787899076787635
남인순,0.0438769614420547,정치개혁특별위원회,남인순,남인순,더불어민주당,3선,지역구,여,Representative,0.5088905772697233,0.022328572237088607
박정,0.0,정치개혁특별위원회,박정,박정,더불어민주당,재선,지역구,남,Representative,0.1086038378087208,0.0
변재일,0.0,정치개혁특별위원회,변재일,변재일,더불어민주당,5선,지역구,남,Representative,0.3557301750687391,0.0
송기헌,0.0,정치개혁특별위원회,송기헌,송기헌,더불어민주당,재선,지역구,남,Representative,0.3097590421845094,0.0
정성호,0.0,정치개혁특별위원회,정성호,정성호,더불어민주당,4선,지역구,남,Representative,0.4625431982315658,0.0
김영배,0.0264720493172042,정치개혁특별위원회,김영배,김영배,더불어민주당,초선,지역구,남,Representative,0.3173975912495803,0.008402164688720709
이은주,0.0043345781518526,정치개혁특별위원회,이은주,이은주,정의당,초선,비례대표,여,Representative,1.7394356928672845,0.0075397199508551215
최기상,0.0022041151301062,정치개혁특별위원회,최기상,최기상,더불어민주당,초선,지역구,남,Representative,0.2058827885501175,0.0004537893692717695
심상정,0.0020924514930633,정치개혁특별위원회,심상정,심상정,정의당,4선,지역구,여,Representative,1.7478349658369334,0.0036572598838937338
진성준,0.0022774292189888,정치개혁특별위원회,진성준,진성준,더불어민주당,재선,지역구,남,Representative,0.137191834935949,0.0003124446934898187
용혜인,0.004790947740743,정치개혁특별위원회,용혜인,용혜인,기본소득당,초선,비례대표,여,Representative,1.5260787063967094,0.007311363330607315
강성희,0.0,정치개혁특별위원회,강성희,강성희,진보당,초선,지역구,남,Representative,1.777874656814911,0.0
강은미,0.0,정치개혁특별위원회,강은미,강은미,정의당,초선,비례대표,여,Representative,1.6918809491792466,0.0
류호정,0.0,정치개혁특별위원회,류호정,류호정,정의당,초선,비례대표,여,Representative,1.9138526831392957,0.0
배진교,0.0003384899510585,정치개혁특별위원회,배진교,배진교,정의당,초선,비례대표,남,Representative,1.622416384309617,0.0005491716425214708
윤미향,0.0,정치개혁특별위원회,윤미향,윤미향,더불어민주당,초선,비례대표,여,Representative,1.0539381495296805,0.0
이성만,0.0,정치개혁특별위원회,이성만,이성만,더불어민주당,초선,지역구,남,Representative,0.2194435071327558,0.0
양정숙,0.0031044444932974,정치개혁특별위원회,양정숙,양정숙,국민의힘,초선,비례대표,여,Representative,0.754948281969812,0.0023436950366855155
장혜영,0.0,정치개혁특별위원회,장혜영,장혜영,정의당,초선,비례대표,여,Representative,1.7094637667725767,0.0
정희용,0.0095001630236529,정치개혁특별위원회,정희용,정희용,국민의힘,초선,지역구,남,Representative,0.1013462246233544,0.0009628056557536125
구자근,0.0,정치개혁특별위원회,구자근,구자근,국민의힘,초선,지역구,남,Representative,0.0584340346254918,0.0
김상훈,0.0,정치개혁특별위원회,김상훈,김상훈,국민의힘,3선,지역구,남,Representative,0.1882659368916839,0.0
김영식,0.0,정치개혁특별위원회,김영식,김영식,국민의힘,초선,지역구,남,Representative,0.2624749295735833,0.0
김희곤,0.0016751352881106,정치개혁특별위원회,김희곤,김희곤,국민의힘,초선,지역구,남,Representative,0.172954273871935,0.0002897218073924234
박덕흠,0.0,정치개혁특별위원회,박덕흠,박덕흠,국민의힘,3선,지역구,남,Representative,0.2317213323874486,0.0
박수영,0.0,정치개혁특별위원회,박수영,박수영,국민의힘,초선,지역구,남,Representative,0.3130251150523512,0.0
양금희,0.0451893495517656,정치개혁특별위원회,양금희,양금희,국민의힘,초선,지역구,여,Representative,0.1636013212186727,0.007393037291681288
윤창현,0.0,정치개혁특별위원회,윤창현,윤창현,국민의힘,초선,비례대표,남,Representative,0.1659560286241812,0.0
최영희,0.0,정치개혁특별위원회,최영희,최영희,국민의힘,초선,비례대표,여,Representative,0.1798744661352604,0.0
양기대,0.0,정치개혁특별위원회,양기대,양기대,더불어민주당,초선,지역구,남,Representative,0.2301185334449006,0.0
정일영,0.0,정치개혁특별위원회,정일영,정일영,더불어민주당,초선,지역구,남,Representative,0.1776389564691861,0.0
한병도,0.0,정치개혁특별위원회,한병도,한병도,더불어민주당,재선,지역구,남,Representative,0.4404702338128733,0.0
김민석,0.0,정치개혁특별위원회,김민석,김민석,더불어민주당,3선,지역구,남,Representative,0.5124972621164758,0.0
김병기,0.0,정치개혁특별위원회,김병기,김병기,더불어민주당,재선,지역구,남,Representative,0.1108729186430819,0.0
유동수,0.0,정치개혁특별위원회,유동수,유동수,더불어민주당,재선,지역구,남,Representative,0.4365284860540641,0.0
조정식,0.0,정치개혁특별위원회,조정식,조정식,더불어민주당,5선,지역구,남,Representative,0.0982721838798874,0.0
주철현,0.0,정치개혁특별위원회,주철현,주철현,더불어민주당,초선,지역구,남,Representative,0.1808273551250511,0.0
송석준,0.0035749795816909,정치개혁특별위원회,송석준,송석준,국민의힘,재선,지역구,남,Representative,0.2718885877183796,0.0009719961495879823
김학용,0.0,정치개혁특별위원회,김학용,김학용,국민의힘,4선,지역구,남,Representative,0.2414249164893882,0.0
서일준,0.0,정치개혁특별위원회,서일준,서일준,국민의힘,초선,지역구,남,Representative,0.0727597785364597,0.0
성일종,0.0,정치개혁특별위원회,성일종,성일종,국민의힘,재선,지역구,남,Representative,0.2955294681309887,0.0
유상범,0.0055681455010314,정치개혁특별위원회,유상범,유상범,국민의힘,초선,지역구,남,Representative,0.3489284768254078,0.0019428845284171334
이종배,0.0,정치개혁특별위원회,이종배,이종배,국민의힘,3선,지역구,남,Representative,0.121959560331773,0.0
이채익,0.0,정치개혁특별위원회,이채익,이채익,국민의힘,3선,지역구,남,Representative,0.305886901391201,0.0
하영제,0.0,정치개혁특별위원회,하영제,하영제,국민의힘,초선,지역구,남,Representative,0.1478614433724366,0.0
이동주,0.0,정치개혁특별위원회,이동주,이동주,더불어민주당,초선,비례대표,남,Representative,0.2481459493801818,0.0
김승남,0.0005197473800734,정치개혁특별위원회,김승남,김승남,더불어민주당,재선,지역구,남,Representative,0.2124111150114147,0.00011040012052565243
김정호,0.0039841718951291,정치개혁특별위원회,김정호,김정호,더불어민주당,재선,지역구,남,Representative,0.2475581055450652,0.000986314046524052
민홍철,0.0,정치개혁특별위원회,민홍철,민홍철,더불어민주당,3선,지역구,남,Representative,0.2010526097454781,0.0
박재호,0.0014095079969089,정치개혁특별위원회,박재호,박재호,더불어민주당,재선,지역구,남,Representative,0.2619622171748344,0.0003692378399959151
안규백,0.0030910417562471,정치개혁특별위원회,안규백,안규백,더불어민주당,4선,지역구,남,Representative,0.3809557196948137,0.0011775500368578348
홍익표,0.0027201667045376,정치개혁특별위원회,홍익표,홍익표,더불어민주당,3선,지역구,남,Representative,0.165353191622152,0.0004497882463396035
김용판,0.0,정치개혁특별위원회,김용판,김용판,국민의힘,초선,지역구,남,Representative,0.0784323016946945,0.0
이주환,0.0,정치개혁특별위원회,이주환,이주환,국민의힘,초선,지역구,남,Representative,0.0486042879937447,0.0
최춘식,0.0,정치개혁특별위원회,최춘식,최춘식,국민의힘,초선,지역구,남,Representative,0.185261782253888,0.0
태영호,0.0,정치개혁특별위원회,태영호,태영호,국민의힘,초선,지역구,남,Representative,0.1778687283130429,0.0
최형두,0.0068295073887915,정치개혁특별위원회,최형두,최형두,국민의힘,초선,지역구,남,Representative,0.2907134521220806,0.0019854296692888335
강기윤,0.0,정치개혁특별위원회,강기윤,강기윤,국민의힘,재선,지역구,남,Representative,0.1051953896862757,0.0
김영선,0.0,정치개혁특별위원회,김영선,김영선,국민의힘,5선,,여,Representative,0.2168412076010161,0.0
김예지,0.0,정치개혁특별위원회,김예지,김예지,국민의힘,초선,비례대표,여,Representative,0.5578154035188375,0.0
김태호,0.0,정치개혁특별위원회,김태호,김태호,국민의힘,3선,지역구,남,Representative,0.2550454797747435,0.0
서범수,0.0,정치개혁특별위원회,서범수,서범수,국민의힘,초선,지역구,남,Representative,0.2022344335941221,0.0
서병수,0.0125505077406643,정치개혁특별위원회,서병수,서병수,국민의힘,5선,지역구,남,Representative,0.3254004320021045,0.004083940640657919
안병길,0.0,정치개혁특별위원회,안병길,안병길,국민의힘,초선,지역구,남,Representative,0.0420092157277911,0.0
엄태영,0.0,정치개혁특별위원회,엄태영,엄태영,국민의힘,초선,지역구,남,Representative,0.2112428656135919,0.0
임이자,0.0,정치개혁특별위원회,임이자,임이자,국민의힘,재선,지역구,여,Representative,0.0338839582899253,0.0
조명희,0.0,정치개혁특별위원회,조명희,조명희,국민의힘,초선,비례대표,여,Representative,0.2553086924045825,0.0
조해진,0.0,정치개혁특별위원회,조해진,조해진,국민의힘,3선,지역구,남,Representative,0.3349213368474088,0.0
박성준,0.0044243468538041,정치개혁특별위원회,박성준,박성준,더불어민주당,초선,지역구,남,Representative,0.2002255367463627,0.0008858672235550071
김경협,0.0022333870681967,정치개혁특별위원회,김경협,김경협,더불어민주당,3선,지역구,남,Representative,0.3651315668203744,0.0008154801195270234
김윤덕,0.0,정치개혁특별위원회,김윤덕,김윤덕,더불어민주당,재선,지역구,남,Representative,0.2869485044660441,0.0
박찬대,0.0,정치개혁특별위원회,박찬대,박찬대,더불어민주당,재선,지역구,남,Representative,0.2786489795755955,0.0
윤관석,0.0,정치개혁특별위원회,윤관석,윤관석,더불어민주당,3선,지역구,남,Representative,0.0726470802193504,0.0
임오경,0.0,정치개혁특별위원회,임오경,임오경,더불어민주당,초선,지역구,여,Representative,0.0586732885421386,0.0
노웅래,0.0,정치개혁특별위원회,노웅래,노웅래,더불어민주당,4선,지역구,남,Representative,0.2613156957741633,0.0
안민석,0.0,정치개혁특별위원회,안민석,안민석,더불어민주당,5선,지역구,남,Representative,0.3441477269487697,0.0
임종성,0.0,정치개혁특별위원회,임종성,임종성,더불어민주당,재선,지역구,남,Representative,0.2168072376798863,0.0
최강욱,0.0,정치개혁특별위원회,최강욱,최강욱,열린민주당,초선,비례대표,남,Representative,0.7842536920804917,0.0
김주영,0.0,정치개혁특별위원회,김주영,김주영,더불어민주당,초선,지역구,남,Representative,0.3630556068353552,0.0
박상혁,0.0,정치개혁특별위원회,박상혁,박상혁,더불어민주당,초선,지역구,남,Representative,0.1910820455968065,0.0
서영교,0.001984273137014,정치개혁특별위원회,서영교,서영교,더불어민주당,3선,지역구,여,Representative,0.4396629254011983,0.0008724113322145879
김영호,0.0,정치개혁특별위원회,김영호,김영호,더불어민주당,재선,지역구,남,Representative,0.4161281665252168,0.0
양경숙,0.0011148548429583,정치개혁특별위원회,양경숙,양경숙,더불어민주당,초선,비례대표,여,Representative,0.3342609954913604,0.0003726524896356056
한정애,0.0,정치개혁특별위원회,한정애,한정애,더불어민주당,3선,지역구,여,Representative,0.200025913945713,0.0
김태년,0.0135042703857801,정치개혁특별위원회,김태년,김태년,더불어민주당,4선,지역구,남,Representative,0.0302627005970719,0.0004086756914667678
강득구,0.0,정치개혁특별위원회,강득구,강득구,더불어민주당,초선,지역구,남,Representative,0.5445023530105706,0.0
김회재,0.0015078903320943,정치개혁특별위원회,김회재,김회재,더불어민주당,초선,지역구,남,Representative,0.2705052594012662,0.00040789226543183003
박성민,0.0,정치개혁특별위원회,박성민,박성민,국민의힘,초선,지역구,남,Representative,0.1920963982054519,0.0
조은희,0.0058670760013041,정치개혁특별위원회,조은희,조은희,국민의힘,초선,지역구,여,Representative,0.4971643551550483,0.0029169010568340123
황보승희,0.0,정치개혁특별위원회,황보승희,황보승희,국민의힘,초선,지역구,여,Representative,0.2043416232088162,0.0
도종환,0.0,정치개혁특별위원회,도종환,도종환,더불어민주당,3선,지역구,남,Representative,0.2721175456087874,0.0
윤호중,0.0009120402053462,정치개혁특별위원회,윤호중,윤호중,더불어민주당,4선,지역구,남,Representative,0.1128950186454341,0.0001029647959879448
최종윤,0.0,정치개혁특별위원회,최종윤,최종윤,더불어민주당,초선,지역구,남,Representative,0.1716391861609539,0.0
홍석준,0.0015871939809299,정치개혁특별위원회,홍석준,홍석준,국민의힘,초선,지역구,남,Representative,0.1047310895160982,0.00016622855489618164
김석기,0.0,정치개혁특별위원회,김석기,김석기,국민의힘,재선,지역구,남,Representative,0.2160995399392338,0.0
이달곤,0.0,정치개혁특별위원회,이달곤,이달곤,국민의힘,재선,지역구,남,Representative,0.1697317502202084,0.0
임병헌,0.0,정치개혁특별위원회,임병헌,임병헌,국민의힘,초선,지역구,남,Representative,0.2574402072023462,0.0
박주민,0.0031691781430431,정치개혁특별위원회,박주민,박주민,더불어민주당,재선,지역구,남,Representative,0.7084504412298533,0.0022452056537748915
조승래,0.0,정치개혁특별위원회,조승래,조승래,더불어민주당,재선,지역구,남,Representative,0.2359910708975734,0.0
강병원,0.0,정치개혁특별위원회,강병원,강병원,더불어민주당,재선,지역구,남,Representative,0.2679228198118838,0.0
오기형,0.0,정치개혁특별위원회,오기형,오기형,더불어민주당,초선,지역구,남,Representative,0.3978628324702754,0.0
김정재,0.0,정치개혁특별위원회,김정재,김정재,국민의힘,재선,지역구,여,Representative,0.2574250589731167,0.0
이헌승,0.0,정치개혁특별위원회,이헌승,이헌승,국민의힘,3선,지역구,남,Representative,0.1758853015028908,0.0
위성곤,0.0024555176272584,정치개혁특별위원회,위성곤,위성곤,더불어민주당,재선,지역구,남,Representative,0.4979833092497824,0.0012228067939433118
신현영,0.0,정치개혁특별위원회,신현영,신현영,더불어민주당,초선,비례대표,여,Representative,0.3325126093005273,0.0
홍정민,0.0,정치개혁특별위원회,홍정민,홍정민,더불어민주당,초선,지역구,여,Representative,0.1978012226072815,0.0
김용민,0.0001511650241977,정치개혁특별위원회,김용민,김용민,더불어민주당,초선,지역구,남,Representative,0.5183906276468344,7.836253177209461e-05
윤후덕,0.0,정치개혁특별위원회,윤후덕,윤후덕,더불어민주당,3선,지역구,남,Representative,0.1665258272005472,0.0
장경태,0.0014216333332819,정치개혁특별위원회,장경태,장경태,더불어민주당,초선,지역구,남,Representative,0.403738270388732,0.000573967783106202
김남국,0.0,정치개혁특별위원회,김남국,김남국,더불어민주당,초선,지역구,남,Representative,0.4903679722415279,0.0
김영진,0.0,정치개혁특별위원회,김영진,김영진,더불어민주당,재선,지역구,남,Representative,0.0792247561405531,0.0
한준호,0.0,정치개혁특별위원회,한준호,한준호,더불어민주당,초선,지역구,남,Representative,0.1454541395520071,0.0
정태호,0.0,정치개혁특별위원회,정태호,정태호,더불어민주당,초선,지역구,남,Representative,0.2629825046404378,0.0
백혜련,0.0005003748355735,정치개혁특별위원회,백혜련,백혜련,더불어민주당,재선,지역구,여,Representative,0.262002066035241,0.000131099240712301
설훈,0.0,정치개혁특별위원회,설훈,설훈,더불어민주당,5선,지역구,남,Representative,0.3265334931650108,0.0
이양수,0.0,정치개혁특별위원회,이양수,이양수,국민의힘,재선,지역구,남,Representative,0.4099103257016184,0.0
김형동,0.0,정치개혁특별위원회,김형동,김형동,국민의힘,초선,지역구,남,Representative,0.2200235295412783,0.0
노용호,0.0007514690959881,정치개혁특별위원회,노용호,노용호,국민의힘,초선,비례대표,남,Representative,0.1923972318813689,0.00014458057391250514
이명수,0.0,정치개혁특별위원회,이명수,이명수,국민의힘,4선,지역구,남,Representative,0.4078212172780129,0.0
전봉민,0.0,정치개혁특별위원회,전봉민,전봉민,국민의힘,초선,지역구,남,Representative,0.0399499989170311,0.0
조정훈,0.0,정치개혁특별위원회,조정훈,조정훈,시대전환,초선,비례대표,남,Representative,1.7768837528753738,0.0
유경준,0.0020971405758877,정치개혁특별위원회,유경준,유경준,국민의힘,초선,지역구,남,Representative,0.1969803900983735,0.0004130955687294868
최재형,0.0,정치개혁특별위원회,최재형,최재형,국민의힘,초선,지역구,남,Representative,0.291581396883635,0.0
박정하,0.0,정치개혁특별위원회,박정하,박정하,국민의힘,초선,지역구,남,Representative,0.2937123128515209,0.0
배현진,0.0,정치개혁특별위원회,배현진,배현진,국민의힘,초선,지역구,여,Representative,0.0729943402727777,0.0
서정숙,0.0,정치개혁특별위원회,서정숙,서정숙,국민의힘,초선,비례대표,여,Representative,0.3409787953353209,0.0
윤영석,0.0,정치개혁특별위원회,윤영석,윤영석,국민의힘,3선,지역구,남,Representative,0.194206349704839,0.0
이만희,0.0,정치개혁특별위원회,이만희,이만희,국민의힘,재선,지역구,남,Representative,0.1771920077790279,0.0
이태규,0.0,정치개혁특별위원회,이태규,이태규,국민의당,재선,비례대표,남,Representative,0.7108411718546286,0.0
전주혜,0.0033441370130408,정치개혁특별위원회,전주혜,전주혜,국민의힘,초선,비례대표,여,Representative,0.2622996745628045,0.0008771660502140309
최연숙,0.0,정치개혁특별위원회,최연숙,최연숙,국민의당,초선,비례대표,여,Representative,1.4543314865112702,0.0
하태경,0.0,정치개혁특별위원회,하태경,하태경,국민의힘,3선,지역구,남,Representative,0.5914732693738115,0.0
어기구,0.0,정치개혁특별위원회,어기구,어기구,더불어민주당,재선,지역구,남,Representative,0.1048322749382438,0.0
정춘숙,0.0,정치개혁특별위원회,정춘숙,정춘숙,더불어민주당,재선,지역구,여,Representative,0.1638501850633351,0.0
이상민,0.0015769175724432,정치개혁특별위원회,이상민,이상민,더불어민주당,5선,지역구,남,Representative,0.6797803799490477,0.0010719576265437684
이용호,7.849884807379215e-05,정치개혁특별위원회,이용호,이용호,국민의힘,재선,지역구,남,Representative,1.225607615821687,9.620878603246923e-05
소병훈,0.0,정치개혁특별위원회,소병훈,소병훈,더불어민주당,재선,지역구,남,Representative,0.4495375269510719,0.0
김병주,0.0,정치개혁특별위원회,김병주,김병주,더불어민주당,초선,비례대표,남,Representative,0.2434625119610639,0.0
조수진,0.0,정치개혁특별위원회,조수진,조수진,국민의힘,초선,비례대표,여,Representative,0.1152574433846105,0.0
최승재,0.0,정치개혁특별위원회,최승재,최승재,국민의힘,초선,비례대표,남,Representative,0.4362396164165481,0.0
유의동,0.0,정치개혁특별위원회,유의동,유의동,국민의힘,3선,지역구,남,Representative,0.5050232279002433,0.0
배준영,0.0100820175764247,정치개혁특별위원회,배준영,배준영,국민의힘,초선,지역구,남,Representative,0.4029858723602732,0.004062910648187115
장동혁,0.0,정치개혁특별위원회,장동혁,장동혁,국민의힘,초선,지역구,남,Representative,0.2751477089855504,0.0
강선우,0.0,정치개혁특별위원회,강선우,강선우,더불어민주당,초선,지역구,여,Representative,0.2216826678477753,0.0
김선교,2.994147289449303e-05,정치개혁특별위원회,김선교,김선교,국민의힘,초선,지역구,남,Representative,0.1700647696450778,5.091989690636298e-06
이철규,0.0,정치개혁특별위원회,이철규,이철규,국민의힘,재선,지역구,남,Representative,0.1840560451181021,0.0
박홍근,0.0,정치개혁특별위원회,박홍근,박홍근,더불어민주당,3선,지역구,남,Representative,0.2914629024230286,0.0
서삼석,0.0,정치개혁특별위원회,서삼석,서삼석,더불어민주당,재선,지역구,남,Representative,0.2012082502190047,0.0
송옥주,0.0010493247408147,정치개혁특별위원회,송옥주,송옥주,더불어민주당,재선,지역구,여,Representative,0.2621477343853833,0.0002750781034391032
천준호,0.0,정치개혁특별위원회,천준호,천준호,더불어민주당,초선,지역구,남,Representative,0.3993355059681581,0.0
김기현,0.0016408626587597,정치개혁특별위원회,김기현,김기현,국민의힘,4선,지역구,남,Representative,0.3033064478180708,0.0004976842243857199
김미애,0.0,정치개혁특별위원회,김미애,김미애,국민의힘,초선,지역구,여,Representative,0.1300450243421692,0.0
박형수,0.0,정치개혁특별위원회,박형수,박형수,국민의힘,초선,지역구,남,Representative,0.1289259726016864,0.0
윤한홍,0.0,정치개혁특별위원회,윤한홍,윤한홍,국민의힘,재선,지역구,남,Representative,0.0633220910364272,0.0
장제원,0.0018644148957348,정치개혁특별위원회,장제원,장제원,국민의힘,3선,지역구,남,Representative,0.0909064879091423,0.00016948741017674038
정점식,0.0,정치개혁특별위원회,정점식,정점식,국민의힘,재선,지역구,남,Representative,0.1256501314629642,0.0
정진석,0.0,정치개혁특별위원회,정진석,정진석,국민의힘,5선,지역구,남,Representative,0.0704006718058257,0.0
주호영,0.0,정치개혁특별위원회,주호영,주호영,국민의힘,5선,지역구,남,Representative,0.2385724628270604,0.0
서영석,0.0,정치개혁특별위원회,서영석,서영석,더불어민주당,초선,지역구,남,Representative,0.1839691144889395,0.0
신동근,0.0,정치개혁특별위원회,신동근,신동근,더불어민주당,재선,지역구,남,Representative,0.1433568328564554,0.0
박완수,0.0,정치개혁특별위원회,박완수,박완수,국민의힘,재선,지역구,남,Representative,0.1899346266606008,0.0
이영,0.0016883977734089,정치개혁특별위원회,이영,이영,국민의힘,초선,비례대표,여,Representative,0.2206417648191584,0.0003725310644416772
강민국,0.0,정치개혁특별위원회,강민국,강민국,국민의힘,초선,지역구,남,Representative,0.153084768117913,0.0
김도읍,0.0,정치개혁특별위원회,김도읍,김도읍,국민의힘,3선,지역구,남,Representative,0.0057675742475114,0.0
박대출,0.0,정치개혁특별위원회,박대출,박대출,국민의힘,3선,지역구,남,Representative,0.1127161477762168,0.0
정동만,0.0,정치개혁특별위원회,정동만,정동만,국민의힘,초선,지역구,남,Representative,0.0224883277952201,0.0
고민정,0.0,정치개혁특별위원회,고민정,고민정,더불어민주당,초선,지역구,여,Representative,0.3526006355299543,0.0
안호영,0.0,정치개혁특별위원회,안호영,안호영,더불어민주당,재선,지역구,남,Representative,0.5118923685595783,0.0
양향자,0.0,정치개혁특별위원회,양향자,양향자,더불어민주당,초선,지역구,여,Representative,0.9193887826618028,0.0
김은혜,0.0017206258816997,정치개혁특별위원회,김은혜,김은혜,국민의힘,초선,지역구,여,Representative,0.162439713102269,0.00027949797457963794
박진,0.0,정치개혁특별위원회,박진,박진,국민의힘,4선,지역구,남,Representative,0.2849925584102457,0.0
박영순,0.0,정치개혁특별위원회,박영순,박영순,더불어민주당,초선,지역구,남,Representative,0.3793634271542586,0.0
이규민,0.0,정치개혁특별위원회,이규민,이규민,더불어민주당,초선,지역구,남,Representative,0.3923416013378649,0.0
이상직,0.0,정치개혁특별위원회,이상직,이상직,더불어민주당,재선,지역구,남,Representative,0.1875925759171187,0.0
송영길,0.0,정치개혁특별위원회,송영길,송영길,더불어민주당,5선,지역구,남,Representative,0.1847095725159723,0.0
이재정,0.0,정치개혁특별위원회,이재정,이재정,더불어민주당,재선,지역구,여,Representative,0.2573809498745986,0.0
홍준표,0.0,정치개혁특별위원회,홍준표,홍준표,국민의힘,5선,지역구,남,Representative,0.1745452207856409,0.0
박범계,7.532446011193215e-07,정치개혁특별위원회,박범계,박범계,더불어민주당,3선,지역구,남,Representative,0.3504014522294029,2.639380021161676e-07
권영세,0.0,정치개혁특별위원회,권영세,권영세,국민의힘,4선,지역구,남,Representative,0.3767193328116696,0.0
김태흠,0.0,정치개혁특별위원회,김태흠,김태흠,국민의힘,3선,지역구,남,Representative,0.0980118810479008,0.0
송언석,0.0,정치개혁특별위원회,송언석,송언석,국민의힘,재선,지역구,남,Representative,0.1978088158038737,0.0
정운천,0.0,정치개혁특별위원회,정운천,정운천,국민의힘,재선,비례대표,남,Representative,0.2095429101918529,0.0
조태용,0.0,정치개혁특별위원회,조태용,조태용,국민의힘,초선,비례대표,남,Representative,0.1545407967786547,0.0
정청래,0.0001806755814958,정치개혁특별위원회,정청래,정청래,더불어민주당,3선,지역구,남,Representative,0.0751206976802892,1.3572475735756446e-05
이광재,0.0,정치개혁특별위원회,이광재,이광재,더불어민주당,3선,지역구,남,Representative,0.2037976967403526,0.0
곽상도,0.0,정치개혁특별위원회,곽상도,곽상도,국민의힘,재선,지역구,남,Representative,0.0416731213070125,0.0
윤두현,0.0,정치개혁특별위원회,윤두현,윤두현,국민의힘,초선,지역구,남,Representative,0.2056082379737857,0.0
김교흥,0.0,정치개혁특별위원회,김교흥,김교흥,더불어민주당,재선,지역구,남,Representative,0.1927891344584833,0.0
박완주,0.0,정치개혁특별위원회,박완주,박완주,더불어민주당,3선,지역구,남,Representative,0.3781620068650885,0.0
오영훈,0.0,정치개혁특별위원회,오영훈,오영훈,더불어민주당,재선,지역구,남,Representative,0.671756127451087,0.0
우상호,0.0,정치개혁특별위원회,우상호,우상호,더불어민주당,4선,지역구,남,Representative,0.354889315495192,0.0
이낙연,0.0,정치개혁특별위원회,이낙연,이낙연,더불어민주당,5선,지역구,남,Representative,0.1016403584957575,0.0
이인영,0.0,정치개혁특별위원회,이인영,이인영,더불어민주당,4선,지역구,남,Representative,0.2800294833760527,0.0
정정순,0.0,정치개혁특별위원회,정정순,정정순,더불어민주당,초선,지역구,남,Representative,0.1787183559051326,0.0
황희,0.0,정치개혁특별위원회,황희,황희,더불어민주당,재선,지역구,남,Representative,0.2589890766385589,0.0
류성걸,0.0,정치개혁특별위원회,류성걸,류성걸,국민의힘,재선,지역구,남,Representative,0.0750174025505985,0.0
윤주경,0.0,정치개혁특별위원회,윤주경,윤주경,국민의힘,초선,비례대표,여,Representative,0.4248222909210703,0.0
이종성,0.0,정치개혁특별위원회,이종성,이종성,국민의힘,초선,비례대표,남,Representative,0.2162605302271925,0.0
박성중,0.0,정치개혁특별위원회,박성중,박성중,국민의힘,재선,지역구,남,Representative,0.1136597690819902,0.0
홍문표,0.0,정치개혁특별위원회,홍문표,홍문표,국민의힘,4선,지역구,남,Representative,0.5476629473060372,0.0
추경호,0.0,정치개혁특별위원회,추경호,추경호,국민의힘,재선,지역구,남,Representative,0.0731143995543978,0.0
한기호,0.0,정치개혁특별위원회,한기호,한기호,국민의힘,3선,지역구,남,Representative,0.3139152323587058,0.0
신원식,0.0,정치개혁특별위원회,신원식,신원식,국민의힘,초선,비례대표,남,Representative,0.188354618593185,0.0
정경희,0.0,정치개혁특별위원회,정경희,정경희,국민의힘,초선,비례대표,여,Representative,0.3356632617736524,0.0
허은아,0.0,정치개혁특별위원회,허은아,허은아,국민의힘,초선,비례대표,여,Representative,0.290583414125627,0.0
하태경,0.0094194911362175,정보위원회,하태경,하태경,국민의힘,3선,지역구,남,Representative,0.5914732693738115,0.0055713772181762026
배준영,0.0,정보위원회,배준영,배준영,국민의힘,초선,지역구,남,Representative,0.4029858723602732,0.0
백종헌,0.0,정보위원회,백종헌,백종헌,국민의힘,초선,지역구,남,Representative,0.1748090064444665,0.0
서범수,0.0,정보위원회,서범수,서범수,국민의힘,초선,지역구,남,Representative,0.2022344335941221,0.0
엄태영,0.0,정보위원회,엄태영,엄태영,국민의힘,초선,지역구,남,Representative,0.2112428656135919,0.0
이종배,0.0,정보위원회,이종배,이종배,국민의힘,3선,지역구,남,Representative,0.121959560331773,0.0
조해진,0.0,정보위원회,조해진,조해진,국민의힘,3선,지역구,남,Representative,0.3349213368474088,0.0
최재형,0.0,정보위원회,최재형,최재형,국민의힘,초선,지역구,남,Representative,0.291581396883635,0.0
홍석준,0.0,정보위원회,홍석준,홍석준,국민의힘,초선,지역구,남,Representative,0.1047310895160982,0.0
김경협,0.0072196197299531,정보위원회,김경협,김경협,더불어민주당,3선,지역구,남,Representative,0.3651315668203744,0.002636111063845064
기동민,0.0,정보위원회,기동민,기동민,더불어민주당,재선,지역구,남,Representative,0.4426922620576195,0.0
김영진,0.0,정보위원회,김영진,김영진,더불어민주당,재선,지역구,남,Representative,0.0792247561405531,0.0
김주영,0.0,정보위원회,김주영,김주영,더불어민주당,초선,지역구,남,Representative,0.3630556068353552,0.0
김철민,0.0,정보위원회,김철민,김철민,더불어민주당,재선,지역구,남,Representative,0.1469147406376817,0.0
김태년,0.0,정보위원회,김태년,김태년,더불어민주당,4선,지역구,남,Representative,0.0302627005970719,0.0
유동수,0.0,정보위원회,유동수,유동수,더불어민주당,재선,지역구,남,Representative,0.4365284860540641,0.0
윤후덕,0.0,정보위원회,윤후덕,윤후덕,더불어민주당,3선,지역구,남,Representative,0.1665258272005472,0.0
이동주,0.0,정보위원회,이동주,이동주,더불어민주당,초선,비례대표,남,Representative,0.2481459493801818,0.0
정춘숙,0.0,정보위원회,정춘숙,정춘숙,더불어민주당,재선,지역구,여,Representative,0.1638501850633351,0.0
진선미,0.0,정보위원회,진선미,진선미,더불어민주당,3선,지역구,여,Representative,0.0766752551488706,0.0
한준호,0.0,정보위원회,한준호,한준호,더불어민주당,초선,지역구,남,Representative,0.1454541395520071,0.0
홍정민,0.0,정보위원회,홍정민,홍정민,더불어민주당,초선,지역구,여,Representative,0.1978012226072815,0.0
김병기,0.0206117387710112,정보위원회,김병기,김병기,더불어민주당,재선,지역구,남,Representative,0.1108729186430819,0.0022852836358507817
강선우,0.0,정보위원회,강선우,강선우,더불어민주당,초선,지역구,여,Representative,0.2216826678477753,0.0
강준현,0.0,정보위원회,강준현,강준현,더불어민주당,초선,지역구,남,Representative,0.2442135956139989,0.0
박재호,0.0,정보위원회,박재호,박재호,더불어민주당,재선,지역구,남,Representative,0.2619622171748344,0.0
오영환,0.0,정보위원회,오영환,오영환,더불어민주당,초선,지역구,남,Representative,0.2639159163033288,0.0
윤영덕,0.0,정보위원회,윤영덕,윤영덕,더불어민주당,초선,지역구,남,Representative,0.5936797322448536,0.0
이개호,0.0,정보위원회,이개호,이개호,더불어민주당,3선,지역구,남,Representative,0.1131561090092011,0.0
이상헌,0.0,정보위원회,이상헌,이상헌,더불어민주당,재선,지역구,남,Representative,0.6637862515737748,0.0
정성호,0.0,정보위원회,정성호,정성호,더불어민주당,4선,지역구,남,Representative,0.4625431982315658,0.0
정일영,0.0,정보위원회,정일영,정일영,더불어민주당,초선,지역구,남,Representative,0.1776389564691861,0.0
조오섭,0.0,정보위원회,조오섭,조오섭,더불어민주당,초선,지역구,남,Representative,0.3537241914215748,0.0
이명수,0.0008909708827041,정보위원회,이명수,이명수,국민의힘,4선,지역구,남,Representative,0.4078212172780129,0.0003633568299436517
구자근,0.0,정보위원회,구자근,구자근,국민의힘,초선,지역구,남,Representative,0.0584340346254918,0.0
김영선,0.0,정보위원회,김영선,김영선,국민의힘,5선,,여,Representative,0.2168412076010161,0.0
김예지,0.0,정보위원회,김예지,김예지,국민의힘,초선,비례대표,여,Representative,0.5578154035188375,0.0
김희곤,0.0,정보위원회,김희곤,김희곤,국민의힘,초선,지역구,남,Representative,0.172954273871935,0.0
노용호,0.0,정보위원회,노용호,노용호,국민의힘,초선,비례대표,남,Representative,0.1923972318813689,0.0
유경준,0.0,정보위원회,유경준,유경준,국민의힘,초선,지역구,남,Representative,0.1969803900983735,0.0
윤재옥,0.0,정보위원회,윤재옥,윤재옥,국민의힘,3선,지역구,남,Representative,0.5807333195948687,0.0
이달곤,0.0,정보위원회,이달곤,이달곤,국민의힘,재선,지역구,남,Representative,0.1697317502202084,0.0
최승재,0.0,정보위원회,최승재,최승재,국민의힘,초선,비례대표,남,Representative,0.4362396164165481,0.0
유상범,0.0085422981537613,정보위원회,유상범,유상범,국민의힘,초선,지역구,남,Representative,0.3489284768254078,0.0029806510833804236
권성동,0.0,정보위원회,권성동,권성동,국민의힘,4선,지역구,남,Representative,0.1650123478378992,0.0
김성원,0.0,정보위원회,김성원,김성원,국민의힘,재선,지역구,남,Representative,0.0969967354280285,0.0
서일준,0.0,정보위원회,서일준,서일준,국민의힘,초선,지역구,남,Representative,0.0727597785364597,0.0
송언석,0.0,정보위원회,송언석,송언석,국민의힘,재선,지역구,남,Representative,0.1978088158038737,0.0
장동혁,0.0,정보위원회,장동혁,장동혁,국민의힘,초선,지역구,남,Representative,0.2751477089855504,0.0
주호영,0.0,정보위원회,주호영,주호영,국민의힘,5선,지역구,남,Representative,0.2385724628270604,0.0
강민정,0.0011435657205841,정보위원회,강민정,강민정,열린민주당,초선,비례대표,여,Representative,1.3217456216851513,0.0015115029842912592
김용민,0.0,정보위원회,김용민,김용민,더불어민주당,초선,지역구,남,Representative,0.5183906276468344,0.0
김의겸,0.0,정보위원회,김의겸,김의겸,열린민주당,초선,비례대표,남,Representative,0.8380800716465495,0.0
노웅래,0.0,정보위원회,노웅래,노웅래,더불어민주당,4선,지역구,남,Representative,0.2613156957741633,0.0
민병덕,0.0,정보위원회,민병덕,민병덕,더불어민주당,초선,지역구,남,Representative,0.534492412029025,0.0
민형배,0.0,정보위원회,민형배,민형배,더불어민주당,초선,지역구,남,Representative,0.5990186631316904,0.0
우원식,0.0,정보위원회,우원식,우원식,더불어민주당,4선,지역구,남,Representative,0.3474908272016026,0.0
유정주,0.0,정보위원회,유정주,유정주,더불어민주당,초선,비례대표,여,Representative,0.3402755762534749,0.0
윤미향,0.0,정보위원회,윤미향,윤미향,더불어민주당,초선,비례대표,여,Representative,1.0539381495296805,0.0
최강욱,0.0,정보위원회,최강욱,최강욱,열린민주당,초선,비례대표,남,Representative,0.7842536920804917,0.0
윤준병,0.0009231193166161,정보위원회,윤준병,윤준병,더불어민주당,초선,지역구,남,Representative,0.4344183278979442,0.0004010199499746591
김성환,0.0,정보위원회,김성환,김성환,더불어민주당,재선,지역구,남,Representative,0.2337158540241251,0.0
서영교,0.0,정보위원회,서영교,서영교,더불어민주당,3선,지역구,여,Representative,0.4396629254011983,0.0
양정숙,0.0,정보위원회,양정숙,양정숙,국민의힘,초선,비례대표,여,Representative,0.754948281969812,0.0
이성만,0.0,정보위원회,이성만,이성만,더불어민주당,초선,지역구,남,Representative,0.2194435071327558,0.0
임오경,0.0,정보위원회,임오경,임오경,더불어민주당,초선,지역구,여,Representative,0.0586732885421386,0.0
한병도,0.0,정보위원회,한병도,한병도,더불어민주당,재선,지역구,남,Representative,0.4404702338128733,0.0
신원식,0.0094654174703775,정보위원회,신원식,신원식,국민의힘,초선,비례대표,남,Representative,0.188354618593185,0.0017828550974582239
김도읍,0.0,정보위원회,김도읍,김도읍,국민의힘,3선,지역구,남,Representative,0.0057675742475114,0.0
김미애,0.0,정보위원회,김미애,김미애,국민의힘,초선,지역구,여,Representative,0.1300450243421692,0.0
김승수,0.0,정보위원회,김승수,김승수,국민의힘,초선,지역구,남,Representative,0.1092543380607149,0.0
박대수,0.0,정보위원회,박대수,박대수,국민의힘,초선,비례대표,남,Representative,0.2414175298978371,0.0
박수영,0.0,정보위원회,박수영,박수영,국민의힘,초선,지역구,남,Representative,0.3130251150523512,0.0
안병길,0.0013456415908882,정보위원회,안병길,안병길,국민의힘,초선,지역구,남,Representative,0.0420092157277911,5.6529347883910407e-05
이양수,0.0,정보위원회,이양수,이양수,국민의힘,재선,지역구,남,Representative,0.4099103257016184,0.0
정찬민,0.0,정보위원회,정찬민,정찬민,국민의힘,초선,지역구,남,Representative,0.4442721508323407,0.0
최연숙,0.0,정보위원회,최연숙,최연숙,국민의당,초선,비례대표,여,Representative,1.4543314865112702,0.0
하영제,0.0,정보위원회,하영제,하영제,국민의힘,초선,지역구,남,Representative,0.1478614433724366,0.0
김남국,0.0,정보위원회,김남국,김남국,더불어민주당,초선,지역구,남,Representative,0.4903679722415279,0.0
김두관,0.0,정보위원회,김두관,김두관,더불어민주당,재선,지역구,남,Representative,0.7087657792985883,0.0
김민철,0.0,정보위원회,김민철,김민철,더불어민주당,초선,지역구,남,Representative,0.2612442298812484,0.0
김원이,0.0,정보위원회,김원이,김원이,더불어민주당,초선,지역구,남,Representative,0.2360613447578642,0.0
김한정,0.0,정보위원회,김한정,김한정,더불어민주당,재선,지역구,남,Representative,0.3115396476231169,0.0
문정복,0.0,정보위원회,문정복,문정복,더불어민주당,초선,지역구,여,Representative,0.5768076262279168,0.0
용혜인,0.0,정보위원회,용혜인,용혜인,기본소득당,초선,비례대표,여,Representative,1.5260787063967094,0.0
윤건영,0.0,정보위원회,윤건영,윤건영,더불어민주당,초선,지역구,남,Representative,0.2535746445358753,0.0
홍기원,0.0,정보위원회,홍기원,홍기원,더불어민주당,초선,지역구,남,Representative,0.1984078664960204,0.0
박주민,0.0,정보위원회,박주민,박주민,더불어민주당,재선,지역구,남,Representative,0.7084504412298533,0.0
김종민,0.0,정보위원회,김종민,김종민,더불어민주당,재선,지역구,남,Representative,0.6226025996525496,0.0
박성준,0.0,정보위원회,박성준,박성준,더불어민주당,초선,지역구,남,Representative,0.2002255367463627,0.0
소병철,0.0,정보위원회,소병철,소병철,더불어민주당,초선,지역구,남,Representative,0.1921494526414231,0.0
위성곤,0.0,정보위원회,위성곤,위성곤,더불어민주당,재선,지역구,남,Representative,0.4979833092497824,0.0
이형석,0.0,정보위원회,이형석,이형석,더불어민주당,초선,지역구,남,Representative,0.1083558993299242,0.0
최기상,0.0,정보위원회,최기상,최기상,더불어민주당,초선,지역구,남,Representative,0.2058827885501175,0.0
강병원,0.0,정보위원회,강병원,강병원,더불어민주당,재선,지역구,남,Representative,0.2679228198118838,0.0
김민기,0.0,정보위원회,김민기,김민기,더불어민주당,3선,지역구,남,Representative,0.1116766109823257,0.0
김진표,0.0,정보위원회,김진표,김진표,더불어민주당,5선,지역구,남,Representative,0.4172834774907449,0.0
민홍철,0.0,정보위원회,민홍철,민홍철,더불어민주당,3선,지역구,남,Representative,0.2010526097454781,0.0
강훈식,0.0,정보위원회,강훈식,강훈식,더불어민주당,재선,지역구,남,Representative,0.2333552597959055,0.0
고영인,0.0,정보위원회,고영인,고영인,더불어민주당,초선,지역구,남,Representative,0.3272823183515555,0.0
안민석,0.0,정보위원회,안민석,안민석,더불어민주당,5선,지역구,남,Representative,0.3441477269487697,0.0
이정문,0.0,정보위원회,이정문,이정문,더불어민주당,초선,지역구,남,Representative,0.0848113999966772,0.0
전용기,0.0,정보위원회,전용기,전용기,더불어민주당,초선,비례대표,남,Representative,0.1508910607377874,0.0
조승래,0.0,정보위원회,조승래,조승래,더불어민주당,재선,지역구,남,Representative,0.2359910708975734,0.0
조태용,0.0091760815651694,정보위원회,조태용,조태용,국민의힘,초선,비례대표,남,Representative,0.1545407967786547,0.001418078956387204
김홍걸,0.0,정보위원회,김홍걸,김홍걸,더불어민주당,초선,비례대표,남,Representative,0.5197862075653299,0.0
임호선,0.0,정보위원회,임호선,임호선,더불어민주당,초선,지역구,남,Representative,0.1630095698549976,0.0
김정호,0.0,정보위원회,김정호,김정호,더불어민주당,재선,지역구,남,Representative,0.2475581055450652,0.0
윤영찬,0.0,정보위원회,윤영찬,윤영찬,더불어민주당,초선,지역구,남,Representative,0.1950263668759664,0.0
인재근,0.0,정보위원회,인재근,인재근,더불어민주당,3선,지역구,여,Representative,0.2910042957726254,0.0
조정식,0.0,정보위원회,조정식,조정식,더불어민주당,5선,지역구,남,Representative,0.0982721838798874,0.0
김상훈,0.0,정보위원회,김상훈,김상훈,국민의힘,3선,지역구,남,Representative,0.1882659368916839,0.0
김석기,0.0,정보위원회,김석기,김석기,국민의힘,재선,지역구,남,Representative,0.2160995399392338,0.0
배현진,0.0,정보위원회,배현진,배현진,국민의힘,초선,지역구,여,Representative,0.0729943402727777,0.0
이만희,0.0,정보위원회,이만희,이만희,국민의힘,재선,지역구,남,Representative,0.1771920077790279,0.0
이철규,0.0,정보위원회,이철규,이철규,국민의힘,재선,지역구,남,Representative,0.1840560451181021,0.0
정진석,0.0,정보위원회,정진석,정진석,국민의힘,5선,지역구,남,Representative,0.0704006718058257,0.0
한무경,0.0,정보위원회,한무경,한무경,국민의힘,초선,비례대표,여,Representative,0.1040419536269268,0.0
김기현,0.0,정보위원회,김기현,김기현,국민의힘,4선,지역구,남,Representative,0.3033064478180708,0.0
김태흠,0.0,정보위원회,김태흠,김태흠,국민의힘,3선,지역구,남,Representative,0.0980118810479008,0.0
이주환,0.0,정보위원회,이주환,이주환,국민의힘,초선,지역구,남,Representative,0.0486042879937447,0.0
조수진,0.0,정보위원회,조수진,조수진,국민의힘,초선,비례대표,여,Representative,0.1152574433846105,0.0
황보승희,0.0,정보위원회,황보승희,황보승희,국민의힘,초선,지역구,여,Representative,0.2043416232088162,0.0
권명호,0.0,정보위원회,권명호,권명호,국민의힘,초선,지역구,남,Representative,0.101862293500913,0.0
김용판,0.0,정보위원회,김용판,김용판,국민의힘,초선,지역구,남,Representative,0.0784323016946945,0.0
김웅,0.0,정보위원회,김웅,김웅,국민의힘,초선,지역구,남,Representative,0.3699621682437175,0.0
서정숙,0.0,정보위원회,서정숙,서정숙,국민의힘,초선,비례대표,여,Representative,0.3409787953353209,0.0
송석준,0.0,정보위원회,송석준,송석준,국민의힘,재선,지역구,남,Representative,0.2718885877183796,0.0
윤주경,0.0,정보위원회,윤주경,윤주경,국민의힘,초선,비례대표,여,Representative,0.4248222909210703,0.0
이용,0.0,정보위원회,이용,이용,국민의힘,초선,비례대표,남,Representative,0.0598766122576743,0.0
전주혜,0.0,정보위원회,전주혜,전주혜,국민의힘,초선,비례대표,여,Representative,0.2622996745628045,0.0
정운천,0.0,정보위원회,정운천,정운천,국민의힘,재선,비례대표,남,Representative,0.2095429101918529,0.0
정희용,0.0,정보위원회,정희용,정희용,국민의힘,초선,지역구,남,Representative,0.1013462246233544,0.0
최춘식,0.0,정보위원회,최춘식,최춘식,국민의힘,초선,지역구,남,Representative,0.185261782253888,0.0
최형두,0.0,정보위원회,최형두,최형두,국민의힘,초선,지역구,남,Representative,0.2907134521220806,0.0
추경호,0.0,정보위원회,추경호,추경호,국민의힘,재선,지역구,남,Representative,0.0731143995543978,0.0
한기호,0.0008128961146321,정보위원회,한기호,한기호,국민의힘,3선,지역구,남,Representative,0.3139152323587058,0.0002551804727082248
이병훈,0.0,정보위원회,이병훈,이병훈,더불어민주당,초선,지역구,남,Representative,0.1790578800414445,0.0
신정훈,0.0,정보위원회,신정훈,신정훈,더불어민주당,재선,지역구,남,Representative,0.1277927153232575,0.0
양경숙,0.0,정보위원회,양경숙,양경숙,더불어민주당,초선,비례대표,여,Representative,0.3342609954913604,0.0
장경태,0.0,정보위원회,장경태,장경태,더불어민주당,초선,지역구,남,Representative,0.403738270388732,0.0
장철민,0.0,정보위원회,장철민,장철민,더불어민주당,초선,지역구,남,Representative,0.1714224222163959,0.0
정청래,0.0,정보위원회,정청래,정청래,더불어민주당,3선,지역구,남,Representative,0.0751206976802892,0.0
주철현,0.0,정보위원회,주철현,주철현,더불어민주당,초선,지역구,남,Representative,0.1808273551250511,0.0
홍성국,0.0,정보위원회,홍성국,홍성국,더불어민주당,초선,지역구,남,Representative,0.0821632285254589,0.0
이낙연,0.0,정보위원회,이낙연,이낙연,더불어민주당,5선,지역구,남,Representative,0.1016403584957575,0.0
강대식,0.0,정보위원회,강대식,강대식,국민의힘,초선,지역구,남,Representative,0.1076879275224922,0.0
홍준표,0.0,정보위원회,홍준표,홍준표,국민의힘,5선,지역구,남,Representative,0.1745452207856409,0.0
고용진,0.0,정보위원회,고용진,고용진,더불어민주당,재선,지역구,남,Representative,0.2115658202772826,0.0
김영배,0.0,정보위원회,김영배,김영배,더불어민주당,초선,지역구,남,Representative,0.3173975912495803,0.0
도종환,0.0,정보위원회,도종환,도종환,더불어민주당,3선,지역구,남,Representative,0.2721175456087874,0.0
박영순,0.0,정보위원회,박영순,박영순,더불어민주당,초선,지역구,남,Representative,0.3793634271542586,0.0
박완주,0.0,정보위원회,박완주,박완주,더불어민주당,3선,지역구,남,Representative,0.3781620068650885,0.0
박홍근,0.0,정보위원회,박홍근,박홍근,더불어민주당,3선,지역구,남,Representative,0.2914629024230286,0.0
백혜련,0.0,정보위원회,백혜련,백혜련,더불어민주당,재선,지역구,여,Representative,0.262002066035241,0.0
변재일,0.0,정보위원회,변재일,변재일,더불어민주당,5선,지역구,남,Representative,0.3557301750687391,0.0
서동용,0.0,정보위원회,서동용,서동용,더불어민주당,초선,지역구,남,Representative,0.3156377014497687,0.0
설훈,0.0,정보위원회,설훈,설훈,더불어민주당,5선,지역구,남,Representative,0.3265334931650108,0.0
송갑석,0.0007164508128961,정보위원회,송갑석,송갑석,더불어민주당,재선,지역구,남,Representative,0.0670810059002477,4.8060241207120545e-05
송영길,0.0,정보위원회,송영길,송영길,더불어민주당,5선,지역구,남,Representative,0.1847095725159723,0.0
송옥주,0.0,정보위원회,송옥주,송옥주,더불어민주당,재선,지역구,여,Representative,0.2621477343853833,0.0
양향자,0.0,정보위원회,양향자,양향자,더불어민주당,초선,지역구,여,Representative,0.9193887826618028,0.0
윤재갑,0.0,정보위원회,윤재갑,윤재갑,더불어민주당,초선,지역구,남,Representative,0.6854440000858673,0.0
이상직,0.0,정보위원회,이상직,이상직,더불어민주당,재선,지역구,남,Representative,0.1875925759171187,0.0
이용우,0.0,정보위원회,이용우,이용우,더불어민주당,초선,지역구,남,Representative,0.231626157115504,0.0
이장섭,0.0,정보위원회,이장섭,이장섭,더불어민주당,초선,지역구,남,Representative,0.2854497963072183,0.0
전해철,0.0,정보위원회,전해철,전해철,더불어민주당,3선,지역구,남,Representative,0.111134388568907,0.0
전혜숙,0.0,정보위원회,전혜숙,전혜숙,더불어민주당,3선,지역구,여,Representative,0.3487897833092866,0.0
정필모,0.0,정보위원회,정필모,정필모,더불어민주당,초선,비례대표,남,Representative,0.1873329443348586,0.0
진성준,0.0,정보위원회,진성준,진성준,더불어민주당,재선,지역구,남,Representative,0.137191834935949,0.0
최종윤,0.0,정보위원회,최종윤,최종윤,더불어민주당,초선,지역구,남,Representative,0.1716391861609539,0.0
홍영표,0.0,정보위원회,홍영표,홍영표,더불어민주당,4선,지역구,남,Representative,0.2094480075912773,0.0
황운하,0.0,정보위원회,황운하,황운하,더불어민주당,초선,지역구,남,Representative,0.5488281734063343,0.0
황희,0.0,정보위원회,황희,황희,더불어민주당,재선,지역구,남,Representative,0.2589890766385589,0.0
김형동,0.0,정보위원회,김형동,김형동,국민의힘,초선,지역구,남,Representative,0.2200235295412783,0.0
윤상현,0.0,정보위원회,윤상현,윤상현,국민의힘,4선,지역구,남,Representative,0.6145800382735443,0.0
이종성,0.0,정보위원회,이종성,이종성,국민의힘,초선,비례대표,남,Representative,0.2162605302271925,0.0
전봉민,0.0,정보위원회,전봉민,전봉민,국민의힘,초선,지역구,남,Representative,0.0399499989170311,0.0
정경희,0.0,정보위원회,정경희,정경희,국민의힘,초선,비례대표,여,Representative,0.3356632617736524,0.0
조경태,0.0,정보위원회,조경태,조경태,국민의힘,5선,지역구,남,Representative,0.3722224896824415,0.0
김경만,0.0,정보위원회,김경만,김경만,더불어민주당,초선,비례대표,남,Representative,0.2607821776703825,0.0
문진석,0.0,정보위원회,문진석,문진석,더불어민주당,초선,지역구,남,Representative,0.2131284851715763,0.0
서삼석,0.0,정보위원회,서삼석,서삼석,더불어민주당,재선,지역구,남,Representative,0.2012082502190047,0.0
김희국,0.0,정보위원회,김희국,김희국,국민의힘,재선,지역구,남,Representative,0.0800803641309325,0.0
박덕흠,0.0,정보위원회,박덕흠,박덕흠,국민의힘,3선,지역구,남,Representative,0.2317213323874486,0.0
박진,0.0,정보위원회,박진,박진,국민의힘,4선,지역구,남,Representative,0.2849925584102457,0.0
유의동,0.0,정보위원회,유의동,유의동,국민의힘,3선,지역구,남,Representative,0.5050232279002433,0.0
윤두현,0.0,정보위원회,윤두현,윤두현,국민의힘,초선,지역구,남,Representative,0.2056082379737857,0.0
조명희,0.0,정보위원회,조명희,조명희,국민의힘,초선,비례대표,여,Representative,0.2553086924045825,0.0
태영호,0.0,정보위원회,태영호,태영호,국민의힘,초선,지역구,남,Representative,0.1778687283130429,0.0
홍문표,0.0,정보위원회,홍문표,홍문표,국민의힘,4선,지역구,남,Representative,0.5476629473060372,0.0
신영대,0.0,민생경제안정 특별위원회,신영대,신영대,더불어민주당,초선,지역구,남,Representative,0.2397699657028943,0.0
강민정,0.0,민생경제안정 특별위원회,강민정,강민정,열린민주당,초선,비례대표,여,Representative,1.3217456216851513,0.0
김민기,0.0,민생경제안정 특별위원회,김민기,김민기,더불어민주당,3선,지역구,남,Representative,0.1116766109823257,0.0
김성환,0.0,민생경제안정 특별위원회,김성환,김성환,더불어민주당,재선,지역구,남,Representative,0.2337158540241251,0.0
김윤덕,0.0,민생경제안정 특별위원회,김윤덕,김윤덕,더불어민주당,재선,지역구,남,Representative,0.2869485044660441,0.0
박상혁,0.0,민생경제안정 특별위원회,박상혁,박상혁,더불어민주당,초선,지역구,남,Representative,0.1910820455968065,0.0
윤영찬,0.0,민생경제안정 특별위원회,윤영찬,윤영찬,더불어민주당,초선,지역구,남,Representative,0.1950263668759664,0.0
전용기,0.0,민생경제안정 특별위원회,전용기,전용기,더불어민주당,초선,비례대표,남,Representative,0.1508910607377874,0.0
천준호,0.0,민생경제안정 특별위원회,천준호,천준호,더불어민주당,초선,지역구,남,Representative,0.3993355059681581,0.0
홍기원,0.0,민생경제안정 특별위원회,홍기원,홍기원,더불어민주당,초선,지역구,남,Representative,0.1984078664960204,0.0
김정호,0.0,민생경제안정 특별위원회,김정호,김정호,더불어민주당,재선,지역구,남,Representative,0.2475581055450652,0.0
서동용,0.0,민생경제안정 특별위원회,서동용,서동용,더불어민주당,초선,지역구,남,Representative,0.3156377014497687,0.0
소병철,0.0,민생경제안정 특별위원회,소병철,소병철,더불어민주당,초선,지역구,남,Representative,0.1921494526414231,0.0
신현영,0.0,민생경제안정 특별위원회,신현영,신현영,더불어민주당,초선,비례대표,여,Representative,0.3325126093005273,0.0
어기구,0.0,민생경제안정 특별위원회,어기구,어기구,더불어민주당,재선,지역구,남,Representative,0.1048322749382438,0.0
윤후덕,0.0,민생경제안정 특별위원회,윤후덕,윤후덕,더불어민주당,3선,지역구,남,Representative,0.1665258272005472,0.0
허종식,0.0,민생경제안정 특별위원회,허종식,허종식,더불어민주당,초선,지역구,남,Representative,0.5071840623526072,0.0
홍정민,0.0,민생경제안정 특별위원회,홍정민,홍정민,더불어민주당,초선,지역구,여,Representative,0.1978012226072815,0.0
김수흥,0.0,민생경제안정 특별위원회,김수흥,김수흥,더불어민주당,초선,지역구,남,Representative,0.5088102660790913,0.0
김한규,0.0,민생경제안정 특별위원회,김한규,김한규,더불어민주당,초선,지역구,남,Representative,0.4606560544107763,0.0
김한정,0.0,민생경제안정 특별위원회,김한정,김한정,더불어민주당,재선,지역구,남,Representative,0.3115396476231169,0.0
맹성규,0.0,민생경제안정 특별위원회,맹성규,맹성규,더불어민주당,재선,지역구,남,Representative,0.3423921953477248,0.0
민병덕,0.0,민생경제안정 특별위원회,민병덕,민병덕,더불어민주당,초선,지역구,남,Representative,0.534492412029025,0.0
신정훈,0.0,민생경제안정 특별위원회,신정훈,신정훈,더불어민주당,재선,지역구,남,Representative,0.1277927153232575,0.0
윤준병,0.0,민생경제안정 특별위원회,윤준병,윤준병,더불어민주당,초선,지역구,남,Representative,0.4344183278979442,0.0
이명수,0.0,민생경제안정 특별위원회,이명수,이명수,국민의힘,4선,지역구,남,Representative,0.4078212172780129,0.0
강득구,0.0,민생경제안정 특별위원회,강득구,강득구,더불어민주당,초선,지역구,남,Representative,0.5445023530105706,0.0
강선우,0.0,민생경제안정 특별위원회,강선우,강선우,더불어민주당,초선,지역구,여,Representative,0.2216826678477753,0.0
김민석,0.0012658227848101,민생경제안정 특별위원회,김민석,김민석,더불어민주당,3선,지역구,남,Representative,0.5124972621164758,0.0006487307115398291
김성주,0.0,민생경제안정 특별위원회,김성주,김성주,더불어민주당,재선,지역구,남,Representative,0.3218992730272499,0.0
안규백,0.0,민생경제안정 특별위원회,안규백,안규백,더불어민주당,4선,지역구,남,Representative,0.3809557196948137,0.0
최인호,0.0,민생경제안정 특별위원회,최인호,최인호,더불어민주당,재선,지역구,남,Representative,0.1711937203769239,0.0
유경준,0.0,민생경제안정 특별위원회,유경준,유경준,국민의힘,초선,지역구,남,Representative,0.1969803900983735,0.0
강대식,0.0,민생경제안정 특별위원회,강대식,강대식,국민의힘,초선,지역구,남,Representative,0.1076879275224922,0.0
김상훈,0.0,민생경제안정 특별위원회,김상훈,김상훈,국민의힘,3선,지역구,남,Representative,0.1882659368916839,0.0
배준영,0.0014240506329113,민생경제안정 특별위원회,배준영,배준영,국민의힘,초선,지역구,남,Representative,0.4029858723602732,0.0005738722865889595
배현진,0.0,민생경제안정 특별위원회,배현진,배현진,국민의힘,초선,지역구,여,Representative,0.0729943402727777,0.0
신원식,0.0,민생경제안정 특별위원회,신원식,신원식,국민의힘,초선,비례대표,남,Representative,0.188354618593185,0.0
이채익,0.0,민생경제안정 특별위원회,이채익,이채익,국민의힘,3선,지역구,남,Representative,0.305886901391201,0.0
정우택,0.0,민생경제안정 특별위원회,정우택,정우택,국민의힘,5선,지역구,남,Representative,0.1586300083990965,0.0
조명희,0.0,민생경제안정 특별위원회,조명희,조명희,국민의힘,초선,비례대표,여,Representative,0.2553086924045825,0.0
홍문표,0.0,민생경제안정 특별위원회,홍문표,홍문표,국민의힘,4선,지역구,남,Representative,0.5476629473060372,0.0
김용판,0.0,민생경제안정 특별위원회,김용판,김용판,국민의힘,초선,지역구,남,Representative,0.0784323016946945,0.0
류성걸,0.0,민생경제안정 특별위원회,류성걸,류성걸,국민의힘,재선,지역구,남,Representative,0.0750174025505985,0.0
박수영,0.0,민생경제안정 특별위원회,박수영,박수영,국민의힘,초선,지역구,남,Representative,0.3130251150523512,0.0
서일준,0.0,민생경제안정 특별위원회,서일준,서일준,국민의힘,초선,지역구,남,Representative,0.0727597785364597,0.0
윤창현,0.0,민생경제안정 특별위원회,윤창현,윤창현,국민의힘,초선,비례대표,남,Representative,0.1659560286241812,0.0
정동만,0.0,민생경제안정 특별위원회,정동만,정동만,국민의힘,초선,지역구,남,Representative,0.0224883277952201,0.0
정운천,0.0,민생경제안정 특별위원회,정운천,정운천,국민의힘,재선,비례대표,남,Representative,0.2095429101918529,0.0
최승재,0.0,민생경제안정 특별위원회,최승재,최승재,국민의힘,초선,비례대표,남,Representative,0.4362396164165481,0.0
홍석준,0.0,민생경제안정 특별위원회,홍석준,홍석준,국민의힘,초선,지역구,남,Representative,0.1047310895160982,0.0
조수진,0.0011075949367088,민생경제안정 특별위원회,조수진,조수진,국민의힘,초선,비례대표,여,Representative,0.1152574433846105,0.00012765856071079578
강기윤,0.0,민생경제안정 특별위원회,강기윤,강기윤,국민의힘,재선,지역구,남,Representative,0.1051953896862757,0.0
김선교,0.0,민생경제안정 특별위원회,김선교,김선교,국민의힘,초선,지역구,남,Representative,0.1700647696450778,0.0
김영식,0.0,민생경제안정 특별위원회,김영식,김영식,국민의힘,초선,지역구,남,Representative,0.2624749295735833,0.0
유상범,0.0,민생경제안정 특별위원회,유상범,유상범,국민의힘,초선,지역구,남,Representative,0.3489284768254078,0.0
이주환,0.0,민생경제안정 특별위원회,이주환,이주환,국민의힘,초선,지역구,남,Representative,0.0486042879937447,0.0
고영인,0.0,민생경제안정 특별위원회,고영인,고영인,더불어민주당,초선,지역구,남,Representative,0.3272823183515555,0.0
박성준,0.0,민생경제안정 특별위원회,박성준,박성준,더불어민주당,초선,지역구,남,Representative,0.2002255367463627,0.0
양이원영,0.0,민생경제안정 특별위원회,양이원영,양이원영,더불어민주당,초선,비례대표,여,Representative,0.538619431256871,0.0
양정숙,0.0,민생경제안정 특별위원회,양정숙,양정숙,국민의힘,초선,비례대표,여,Representative,0.754948281969812,0.0
오영환,0.0,민생경제안정 특별위원회,오영환,오영환,더불어민주당,초선,지역구,남,Representative,0.2639159163033288,0.0
이원욱,0.0,민생경제안정 특별위원회,이원욱,이원욱,더불어민주당,3선,지역구,남,Representative,0.2087926901604398,0.0
최연숙,0.0,민생경제안정 특별위원회,최연숙,최연숙,국민의당,초선,비례대표,여,Representative,1.4543314865112702,0.0
최혜영,0.0,민생경제안정 특별위원회,최혜영,최혜영,더불어민주당,초선,비례대표,여,Representative,0.4555600514410841,0.0
송언석,0.0,민생경제안정 특별위원회,송언석,송언석,국민의힘,재선,지역구,남,Representative,0.1978088158038737,0.0
권성동,0.0,민생경제안정 특별위원회,권성동,권성동,국민의힘,4선,지역구,남,Representative,0.1650123478378992,0.0
양금희,0.0,민생경제안정 특별위원회,양금희,양금희,국민의힘,초선,지역구,여,Representative,0.1636013212186727,0.0
윤재옥,0.0,민생경제안정 특별위원회,윤재옥,윤재옥,국민의힘,3선,지역구,남,Representative,0.5807333195948687,0.0
최춘식,0.0,민생경제안정 특별위원회,최춘식,최춘식,국민의힘,초선,지역구,남,Representative,0.185261782253888,0.0
한무경,0.0,민생경제안정 특별위원회,한무경,한무경,국민의힘,초선,비례대표,여,Representative,0.1040419536269268,0.0
서병수,0.0,민생경제안정 특별위원회,서병수,서병수,국민의힘,5선,지역구,남,Representative,0.3254004320021045,0.0
김승수,0.0,민생경제안정 특별위원회,김승수,김승수,국민의힘,초선,지역구,남,Representative,0.1092543380607149,0.0
김태호,0.0,민생경제안정 특별위원회,김태호,김태호,국민의힘,3선,지역구,남,Representative,0.2550454797747435,0.0
김형동,0.0,민생경제안정 특별위원회,김형동,김형동,국민의힘,초선,지역구,남,Representative,0.2200235295412783,0.0
박성민,0.0,민생경제안정 특별위원회,박성민,박성민,국민의힘,초선,지역구,남,Representative,0.1920963982054519,0.0
백종헌,0.0,민생경제안정 특별위원회,백종헌,백종헌,국민의힘,초선,지역구,남,Representative,0.1748090064444665,0.0
안병길,0.0,민생경제안정 특별위원회,안병길,안병길,국민의힘,초선,지역구,남,Representative,0.0420092157277911,0.0
이종배,0.0,민생경제안정 특별위원회,이종배,이종배,국민의힘,3선,지역구,남,Representative,0.121959560331773,0.0
이헌승,0.0,민생경제안정 특별위원회,이헌승,이헌승,국민의힘,3선,지역구,남,Representative,0.1758853015028908,0.0
전봉민,0.0,민생경제안정 특별위원회,전봉민,전봉민,국민의힘,초선,지역구,남,Representative,0.0399499989170311,0.0
