노드,Betweenness,소관위원회
문진석,0.004498651938112161,행정안전위원회
서영석,0.000511270312714799,행정안전위원회
송재호,0.015629429271531627,행정안전위원회
정성호,0.0019725912273410623,행정안전위원회
이정문,0.0006057171299929349,행정안전위원회
허숙정,0.0,행정안전위원회
강병원,0.004420988562582632,행정안전위원회
임호선,0.021443839157881967,행정안전위원회
이동주,0.0050703518899499955,행정안전위원회
윤재옥,0.009668320566423975,행정안전위원회
이양수,0.004195609288436612,행정안전위원회
이인선,0.001086545541281764,행정안전위원회
권성동,0.006417251661445033,행정안전위원회
정희용,0.0058644872653728225,행정안전위원회
김웅,0.00043063427060268126,행정안전위원회
전주혜,0.003201061180618089,행정안전위원회
조은희,0.004816060181345086,행정안전위원회
전봉민,0.002970941070641602,행정안전위원회
서범수,0.01367708912661043,행정안전위원회
최혜영,0.004090535828808112,행정안전위원회
홍성국,0.0024452910579797846,행정안전위원회
주철현,0.0006800916819911532,행정안전위원회
이병훈,0.005853842732727651,행정안전위원회
박주민,0.0018544491113003418,행정안전위원회
문정복,0.00045845027019632707,행정안전위원회
유정주,0.00089113793003975,행정안전위원회
윤재갑,0.013305993107604669,행정안전위원회
신영대,0.0014931971078844476,행정안전위원회
임오경,0.0018842430910170137,행정안전위원회
강준현,0.0035183730337729055,행정안전위원회
유동수,0.0016673661395896786,행정안전위원회
홍익표,0.007107201524872644,행정안전위원회
이자스민,0.0,행정안전위원회
양경규,0.0,행정안전위원회
강은미,0.0003185676310181137,행정안전위원회
심상정,0.0012889769015313908,행정안전위원회
강민정,0.0041669442406043495,행정안전위원회
김민석,0.003914112830400021,행정안전위원회
배진교,0.0005079033061905315,행정안전위원회
장혜영,0.0017037507664853862,행정안전위원회
인재근,0.0009710488058034042,행정안전위원회
도종환,0.0015300178818252745,행정안전위원회
김영주,0.0029379504846520446,행정안전위원회
하태경,0.008788911604003864,행정안전위원회
한정애,0.001010581770350439,행정안전위원회
김승수,0.008017844242707958,행정안전위원회
박대수,0.001913132033393526,행정안전위원회
김석기,0.0019719993376496117,행정안전위원회
지성호,0.0015238138496548176,행정안전위원회
김예지,0.023344764440048755,행정안전위원회
황보승희,0.0027567063032513323,행정안전위원회
성일종,0.0014581215506602994,행정안전위원회
최영희,0.0007000548941502097,행정안전위원회
이주환,0.0018236838397460834,행정안전위원회
정진석,0.0009175563442530475,행정안전위원회
이명수,0.024662969419512633,행정안전위원회
유상범,0.0008565104015751468,행정안전위원회
최형두,0.0193798718784747,행정안전위원회
구자근,0.005616009168707743,행정안전위원회
정동만,0.0005025031510406755,행정안전위원회
김은희,0.0,행정안전위원회
태영호,0.0033604535659550595,행정안전위원회
주호영,0.002193869336294231,행정안전위원회
송언석,0.0003087050628295571,행정안전위원회
박형수,0.0002590075997445179,행정안전위원회
이헌승,0.0013022136522190155,행정안전위원회
김영식,0.0011888134229799912,행정안전위원회
임이자,0.0007419431268008946,행정안전위원회
정운천,0.005785207120866043,행정안전위원회
김도읍,0.0022722692506659033,행정안전위원회
박진,0.005490967337345529,행정안전위원회
장동혁,0.0009595149896814531,행정안전위원회
권명호,0.0018619659870727423,행정안전위원회
김미애,0.002707444939369553,행정안전위원회
김근태,0.0,행정안전위원회
윤한홍,0.0001851599480798674,행정안전위원회
하영제,0.0014527189953989442,행정안전위원회
권영세,0.008229482609174322,행정안전위원회
박정하,0.00014011379565580505,행정안전위원회
박성중,0.00038390633843895643,행정안전위원회
이원욱,0.0020357106232548913,행정안전위원회
김철민,0.0019195059177419883,행정안전위원회
윤미향,0.0026034780295592377,행정안전위원회
김종민,0.0017485422991322082,행정안전위원회
양향자,0.012486540849315815,행정안전위원회
조응천,0.0030414426286294056,행정안전위원회
오영환,0.032156507539561445,행정안전위원회
양정숙,0.017689771140940964,행정안전위원회
김교흥,0.003862691495596561,행정안전위원회
이성만,0.004444703216334781,행정안전위원회
정일영,0.003654557002874776,행정안전위원회
허종식,0.004349265986604566,행정안전위원회
박찬대,0.00036072068072914073,행정안전위원회
신동근,0.0010581057578188868,행정안전위원회
윤상현,0.0056004597301661015,행정안전위원회
이채익,0.009650978277229418,행정안전위원회
최춘식,0.005420153868609124,행정안전위원회
백종헌,0.0006839886415931737,행정안전위원회
김성원,0.009200117819435432,행정안전위원회
송석준,0.003330606478599944,행정안전위원회
서병수,0.002880299699122007,행정안전위원회
김희곤,0.0006225947818553683,행정안전위원회
박덕흠,0.00467674845970549,행정안전위원회
진선미,0.0006885905934898347,행정안전위원회
이학영,0.00047026783030169493,행정안전위원회
최기상,0.0013967399658124592,행정안전위원회
이해식,0.012149072561195738,행정안전위원회
정태호,0.0006203309820515777,행정안전위원회
김주영,0.0026858291378611832,행정안전위원회
김용판,0.020679174495354877,행정안전위원회
조수진,0.0004980383423004224,행정안전위원회
최재형,0.0,행정안전위원회
박병석,8.83609346567663e-05,행정안전위원회
김홍걸,0.0050362917275732395,행정안전위원회
홍정민,0.0028833710590900146,행정안전위원회
김상희,0.0009710727298049106,행정안전위원회
김영배,0.014946428871764957,행정안전위원회
이원택,0.0023935999781879713,행정안전위원회
한병도,0.008281123589841056,행정안전위원회
송갑석,0.002233812517387649,행정안전위원회
이형석,0.005050056883132118,행정안전위원회
신정훈,0.0027767730904986157,행정안전위원회
조오섭,0.0029116576763281604,행정안전위원회
소병철,0.0031209620376967786,행정안전위원회
김회재,0.00449741788008669,행정안전위원회
민형배,0.0052029067783422285,행정안전위원회
강훈식,0.002461554201261984,행정안전위원회
김승남,0.0063203664694323775,행정안전위원회
이개호,0.0013923428698556551,행정안전위원회
이용빈,0.004326839388680788,행정안전위원회
서동용,0.0012734292288107333,행정안전위원회
윤영덕,0.002461877392665413,행정안전위원회
송기헌,0.0023564862525301843,행정안전위원회
정점식,0.0012273481181800463,행정안전위원회
윤창현,0.001768927962163182,행정안전위원회
조정훈,0.012171298309261006,행정안전위원회
용혜인,0.005308282812279713,행정안전위원회
서삼석,0.005792195540373086,행정안전위원회
유경준,0.003981384234998195,행정안전위원회
김형동,0.012524685529595517,행정안전위원회
전재수,0.0028315776488487807,행정안전위원회
이상헌,0.007432374562743499,행정안전위원회
김승원,0.004324137278956364,행정안전위원회
고민정,0.00043917945669730865,행정안전위원회
남인순,0.018194643516485788,행정안전위원회
이장섭,0.0033246708894632184,행정안전위원회
박성민,0.00668136170193785,행정안전위원회
김기현,0.007108328377738028,행정안전위원회
김정재,0.001642908290343491,행정안전위원회
우신구,7.25418767584495e-06,행정안전위원회
정경희,0.0021264662545396,행정안전위원회
이용,0.0015730736290247636,행정안전위원회
윤주경,0.0008181711239449517,행정안전위원회
이종성,0.003188783302100107,행정안전위원회
최승재,0.0036413188859802524,행정안전위원회
이상민,0.0020743959021930175,행정안전위원회
박대출,0.0018371518490412596,행정안전위원회
신현영,0.0010042825833642525,행정안전위원회
이소영,0.001242296448126171,행정안전위원회
위성곤,0.004758177014529919,행정안전위원회
이용선,0.0015793047073561673,행정안전위원회
안병길,0.0009544043586224133,행정안전위원회
박수영,0.0029800235382174355,행정안전위원회
장제원,0.0006096978342879001,행정안전위원회
조경태,0.0032898899757329114,행정안전위원회
박재호,0.005807355357879169,행정안전위원회
최인호,0.0012261965729151803,행정안전위원회
엄태영,0.005094270712257232,행정안전위원회
홍문표,0.009860558958160048,행정안전위원회
한무경,0.0012106747664361087,행정안전위원회
노용호,0.0008126423122472355,행정안전위원회
김태호,0.0010391658445636316,행정안전위원회
안철수,0.0005576664816695193,행정안전위원회
서정숙,0.0005410603752743269,행정안전위원회
최종윤,0.0016203117517508275,행정안전위원회
허영,0.05037733257963047,행정안전위원회
박광온,0.0010102581608528109,행정안전위원회
기동민,0.0008427463194407702,행정안전위원회
고영인,0.0007028579938890689,행정안전위원회
안호영,0.0009118488325796458,행정안전위원회
윤준병,0.006678938554314431,행정안전위원회
어기구,0.0008079802273466853,행정안전위원회
김윤덕,0.0011823877129126046,행정안전위원회
김정호,0.0037487538568564804,행정안전위원회
이달곤,0.00020164830788349338,행정안전위원회
강대식,0.0033842424539087704,행정안전위원회
민병덕,0.006218787831136424,행정안전위원회
이은주,0.0058585725657617415,행정안전위원회
강성희,8.59547013520223e-05,행정안전위원회
강기윤,0.002842788345858169,행정안전위원회
서일준,0.0061127158345608,행정안전위원회
박정,0.002142161012839988,행정안전위원회
전혜숙,0.0028321060631110156,행정안전위원회
한준호,0.004041724867227405,행정안전위원회
노웅래,0.004692578328898614,행정안전위원회
김병기,0.0019977522138221503,행정안전위원회
김영진,0.0006867518775553305,행정안전위원회
양기대,0.003668935095758418,행정안전위원회
김경협,0.0014307661983611823,행정안전위원회
윤후덕,0.0003043015923900601,행정안전위원회
천준호,0.0014453862827201482,행정안전위원회
김학용,0.007479867768908686,행정안전위원회
정우택,0.01065112754268126,행정안전위원회
강득구,0.00392579299598698,행정안전위원회
김성주,0.0007249517207763478,행정안전위원회
김성환,0.00014607281077384828,행정안전위원회
김한규,0.0002560327992486886,행정안전위원회
서영교,0.018742084938355955,행정안전위원회
안규백,0.0024708855117374262,행정안전위원회
황운하,0.0028807460579698563,행정안전위원회
강민국,0.00020051503476251387,행정안전위원회
홍석준,0.0003448677965467275,행정안전위원회
김민기,0.002322221868539947,행정안전위원회
정춘숙,0.001990930664803302,행정안전위원회
백혜련,0.0032921990717670094,행정안전위원회
권인숙,0.0017356957291008387,행정안전위원회
이탄희,0.0020187841173646805,행정안전위원회
권은희,0.0013883542154975537,행정안전위원회
류성걸,0.000575478856589593,행정안전위원회
조명희,0.002150515416051406,행정안전위원회
양경숙,0.0026838265647782084,행정안전위원회
임병헌,0.00020078673772988578,행정안전위원회
한기호,0.006497292474113358,행정안전위원회
우원식,0.0015596936615215364,행정안전위원회
이종배,0.0024359120714299407,행정안전위원회
설훈,0.0021573269254154255,행정안전위원회
권칠승,0.001331200475112259,행정안전위원회
임종성,0.002956934390537463,행정안전위원회
김영선,0.0007658639397879614,행정안전위원회
최연숙,0.003286707709620829,행정안전위원회
이만희,0.003304097908172563,행정안전위원회
유의동,0.0005973473086991994,행정안전위원회
이용호,0.01980077183763755,행정안전위원회
양금희,0.012049800207576858,행정안전위원회
조해진,0.0008595794766754639,행정안전위원회
김상훈,0.00210573365314016,행정안전위원회
이태규,0.003285373258086,행정안전위원회
소병훈,0.003104738272954324,행정안전위원회
박상혁,0.008498950107680602,행정안전위원회
이인영,0.0005695896258238103,행정안전위원회
홍영표,0.003077801664290708,행정안전위원회
박용진,0.000456035466655916,행정안전위원회
전용기,0.0023165451609267335,행정안전위원회
김경만,0.0035976889438468778,행정안전위원회
고용진,0.0,행정안전위원회
김용민,0.0008804654715743244,행정안전위원회
배준영,0.0039141807745247115,행정안전위원회
이용우,0.0006908246338535164,행정안전위원회
김원이,0.0011208527648095333,행정안전위원회
송옥주,0.0013442185813510705,행정안전위원회
윤영찬,0.000874576227374446,행정안전위원회
장철민,0.000384970311129449,행정안전위원회
박영순,0.002156586906116921,행정안전위원회
윤두현,0.0018025679010076853,행정안전위원회
윤영석,0.000674403021172079,행정안전위원회
장경태,0.003514728149354685,행정안전위원회
김희국,0.0,행정안전위원회
양이원영,0.00039303342591475896,행정안전위원회
김수흥,0.0013950454129158388,행정안전위원회
박홍근,0.0020291180738908274,행정안전위원회
진성준,0.0007328368055190574,행정안전위원회
정청래,0.0031105202729442777,행정안전위원회
강선우,0.0009601190504749635,행정안전위원회
변재일,0.0019940039065620223,행정안전위원회
유기홍,0.0025102194448718617,행정안전위원회
정필모,0.0,행정안전위원회
조승래,0.0045050941510152,행정안전위원회
김민철,0.02432108636373091,행정안전위원회
황희,9.71356412184938e-05,행정안전위원회
전해철,0.0,행정안전위원회
김태년,0.0001717501405195263,행정안전위원회
조정식,0.00040105996356416373,행정안전위원회
김두관,0.01304585783082577,행정안전위원회
김영호,0.006083288927022191,행정안전위원회
민홍철,0.0016743195947378062,행정안전위원회
김의겸,0.0013125801361460218,행정안전위원회
김병주,0.0006298368135468648,행정안전위원회
박성준,0.002544016521546265,행정안전위원회
박범계,0.00020745638052897683,행정안전위원회
김남국,0.0014911266258913851,행정안전위원회
안민석,0.0006444117360954282,행정안전위원회
류호정,0.002056564440294271,행정안전위원회
윤건영,0.0018102219713327003,행정안전위원회
윤호중,0.0005409877382402602,행정안전위원회
최강욱,0.000714112647480432,행정안전위원회
맹성규,0.002192355948100369,행정안전위원회
허은아,0.0005752778138063058,행정안전위원회
우상호,7.708063703980314e-05,행정안전위원회
홍기원,0.0022944837698665654,행정안전위원회
이철규,0.0005549516862138622,행정안전위원회
신원식,0.0006555789219297313,행정안전위원회
윤관석,0.000633038407990766,행정안전위원회
이재명,3.4297773560912943e-06,행정안전위원회
박완주,0.0031752283097655947,행정안전위원회
김한정,0.00018120921484029263,행정안전위원회
오기형,9.571458156154637e-05,행정안전위원회
이재정,0.0003352803684444614,행정안전위원회
김선교,0.0014698455450641204,행정안전위원회
배현진,0.00024755618532208614,행정안전위원회
정찬민,0.0017778967372107767,행정안전위원회
추경호,0.0023952928508811267,행정안전위원회
김진표,0.0008250774192221813,행정안전위원회
이광재,0.0,행정안전위원회
조태용,0.00022952884627729705,행정안전위원회
박완수,0.004373397541620974,행정안전위원회
김태흠,0.00018156000194379266,행정안전위원회
이영,0.0012494450500970405,행정안전위원회
오영훈,0.002625404803639153,행정안전위원회
김은혜,0.0003417195523542085,행정안전위원회
송영길,0.0005704006029582052,행정안전위원회
홍준표,0.0,행정안전위원회
이규민,0.00044812617678289147,행정안전위원회
정정순,0.00024018716439542278,행정안전위원회
곽상도,0.00041446274193315244,행정안전위원회
윤희숙,0.0,행정안전위원회
이낙연,0.00031143768529598854,행정안전위원회
김진애,0.00010002804497795591,행정안전위원회
이상직,0.0,행정안전위원회
김웅,0.009679636358483098,법제사법위원회
이용우,0.004473808044638684,법제사법위원회
조응천,0.005264719388993379,법제사법위원회
유의동,0.00039346023837981203,법제사법위원회
오영환,0.00788280168046715,법제사법위원회
홍정민,0.00394185613647707,법제사법위원회
강병원,0.0041212059389491166,법제사법위원회
유경준,0.0043458863984910286,법제사법위원회
김희국,0.0,법제사법위원회
김영식,0.0020458756131638946,법제사법위원회
이탄희,0.005551179523489844,법제사법위원회
용혜인,0.0050828326935865665,법제사법위원회
박용진,0.004408514291062072,법제사법위원회
장혜영,0.01185854456357703,법제사법위원회
한준호,0.0029839423708063768,법제사법위원회
정필모,0.00044897018883656935,법제사법위원회
양이원영,0.0013699652804392349,법제사법위원회
황운하,0.005974415008359127,법제사법위원회
강민정,0.003589606041168149,법제사법위원회
전용기,0.006495456575785096,법제사법위원회
강은미,0.00212748167029628,법제사법위원회
김홍걸,0.00781342946144401,법제사법위원회
윤미향,0.002768707478943662,법제사법위원회
양경규,0.0,법제사법위원회
배진교,0.001013894234488147,법제사법위원회
이자스민,2.993058304579936e-05,법제사법위원회
심상정,0.0009772397271805772,법제사법위원회
강성희,0.00011543229970194892,법제사법위원회
김민석,0.0049661660220075106,법제사법위원회
도종환,0.0011682667363796596,법제사법위원회
김영주,0.0020291996243944088,법제사법위원회
하태경,0.008018745302097082,법제사법위원회
한정애,0.0011125655490359613,법제사법위원회
인재근,0.012119978199290105,법제사법위원회
윤주경,0.0009425600904987611,법제사법위원회
서병수,0.0007640390199170297,법제사법위원회
조명희,0.001052308804213251,법제사법위원회
조수진,0.026390598763440184,법제사법위원회
서일준,0.021089139156032367,법제사법위원회
윤창현,0.0010327260601501842,법제사법위원회
배준영,0.010333962265692281,법제사법위원회
이헌승,0.004222056730327404,법제사법위원회
강기윤,0.0032618120004353655,법제사법위원회
허종식,0.002003854679259353,법제사법위원회
최춘식,0.0005077383462199642,법제사법위원회
이종성,0.006660701298105814,법제사법위원회
윤상현,0.01484902300589672,법제사법위원회
박찬대,0.000785045431222467,법제사법위원회
강대식,0.00409780011897656,법제사법위원회
조경태,0.011482542710860657,법제사법위원회
유동수,0.004896123797384919,법제사법위원회
이성만,0.011426681395188359,법제사법위원회
노용호,0.00012239758277065918,법제사법위원회
김두관,0.004872678317793883,법제사법위원회
이원택,0.00033949453970546356,법제사법위원회
우상호,0.0,법제사법위원회
조정식,0.0004942369627447738,법제사법위원회
고영인,0.0037999208798609545,법제사법위원회
노웅래,0.0011237122376667578,법제사법위원회
박정,0.0025056933761308364,법제사법위원회
강득구,0.00289081968015039,법제사법위원회
허숙정,0.0,법제사법위원회
박주민,0.011719348305981031,법제사법위원회
강선우,0.005626529726058892,법제사법위원회
강준현,0.004155347831737477,법제사법위원회
강훈식,0.0034384757620156306,법제사법위원회
고민정,0.0018185012300653372,법제사법위원회
고용진,0.000617727518968426,법제사법위원회
권인숙,0.005633666734682576,법제사법위원회
권칠승,0.0053834847208707685,법제사법위원회
기동민,0.002783295191973017,법제사법위원회
김경만,0.0,법제사법위원회
김경협,0.0016785287854022232,법제사법위원회
김교흥,0.0008870614585510568,법제사법위원회
김민기,0.003778350355928601,법제사법위원회
김민철,0.0022315185486261996,법제사법위원회
김병기,0.00194258133430463,법제사법위원회
김병주,0.00020982496719116267,법제사법위원회
김상희,0.0021096398133556905,법제사법위원회
김성주,0.0,법제사법위원회
김성환,0.0,법제사법위원회
김수흥,0.0,법제사법위원회
김승남,0.0007989952764215737,법제사법위원회
김승원,0.005296333969925805,법제사법위원회
김영배,0.005705700586341731,법제사법위원회
김영진,0.0009375992352091504,법제사법위원회
김영호,0.005704499163873928,법제사법위원회
김용민,0.003589183940133711,법제사법위원회
김원이,0.0006777467998391269,법제사법위원회
김윤덕,0.0,법제사법위원회
김의겸,0.0006155783990197868,법제사법위원회
김정호,0.0022369634366752795,법제사법위원회
김주영,0.001525141323893331,법제사법위원회
김철민,0.001846068509482791,법제사법위원회
김태년,0.0001571202533506708,법제사법위원회
김한규,0.0,법제사법위원회
김한정,0.0,법제사법위원회
김회재,0.003637270834953543,법제사법위원회
남인순,0.004499046171670284,법제사법위원회
맹성규,0.0012137693176508002,법제사법위원회
문정복,0.0,법제사법위원회
문진석,0.005311453129377682,법제사법위원회
민병덕,0.005295459820200593,법제사법위원회
민형배,0.007968299886522508,법제사법위원회
민홍철,0.002283552952411805,법제사법위원회
박광온,0.0005053256327817925,법제사법위원회
박범계,0.0008296998402094854,법제사법위원회
박병석,0.0,법제사법위원회
박상혁,0.021212533242210486,법제사법위원회
박성준,0.0035006436091446036,법제사법위원회
박재호,0.0012259258074775207,법제사법위원회
박홍근,0.005516148072395211,법제사법위원회
백혜련,0.012044369343122991,법제사법위원회
변재일,0.00024491538252401855,법제사법위원회
서동용,0.0011277150561188514,법제사법위원회
서삼석,0.0006434994396132494,법제사법위원회
서영교,0.01639018150440914,법제사법위원회
서영석,0.004604059482297175,법제사법위원회
소병철,0.0035148208172160285,법제사법위원회
소병훈,0.0030414620080707003,법제사법위원회
송갑석,0.002001912398467614,법제사법위원회
송기헌,0.0017210592549320447,법제사법위원회
송옥주,0.0014788918808028052,법제사법위원회
송재호,0.0027261120370662877,법제사법위원회
신동근,0.007000059228236809,법제사법위원회
신영대,0.0012764905329077463,법제사법위원회
신정훈,0.006299075606267818,법제사법위원회
신현영,0.0011201675902564486,법제사법위원회
안규백,0.02917679602203003,법제사법위원회
안민석,0.0004471651164348179,법제사법위원회
안호영,0.0011507790146518056,법제사법위원회
양경숙,0.002591682252203614,법제사법위원회
양기대,0.0010265663129720689,법제사법위원회
어기구,0.00023683188236260958,법제사법위원회
오기형,0.0005930327178319589,법제사법위원회
우원식,0.0013828722214538952,법제사법위원회
위성곤,0.0029306864237701293,법제사법위원회
유기홍,0.0002513059048007405,법제사법위원회
유정주,0.0030234956213547205,법제사법위원회
윤건영,0.0019390446294400253,법제사법위원회
윤영찬,0.0023836015248252305,법제사법위원회
윤재갑,0.013148923010172849,법제사법위원회
윤준병,0.006261433745453953,법제사법위원회
윤호중,0.00045410100296088885,법제사법위원회
윤후덕,0.001658070957902992,법제사법위원회
이개호,0.002691872324042031,법제사법위원회
이동주,0.004592386675199851,법제사법위원회
이병훈,0.008746236104824638,법제사법위원회
이소영,0.0034832491503494502,법제사법위원회
이용빈,0.005175546478459199,법제사법위원회
이용선,0.0015735666113921116,법제사법위원회
이인영,0.0005293507255250158,법제사법위원회
이장섭,0.0006834657893968524,법제사법위원회
이재명,0.0,법제사법위원회
이재정,0.00437208270949749,법제사법위원회
이정문,0.0007833258427125382,법제사법위원회
이학영,0.0031814230160040553,법제사법위원회
이해식,0.001357510361303578,법제사법위원회
이형석,0.010840978077596883,법제사법위원회
임오경,0.000753806383343708,법제사법위원회
임호선,0.004627644990391796,법제사법위원회
장경태,0.0014814851837346831,법제사법위원회
장철민,0.0003982884798296737,법제사법위원회
전재수,0.00017228641297418454,법제사법위원회
전해철,0.00023863074752968134,법제사법위원회
전혜숙,0.0,법제사법위원회
정성호,0.011410105277388134,법제사법위원회
정일영,0.006110496305312147,법제사법위원회
정청래,0.0010216803238022039,법제사법위원회
정춘숙,0.005830700426693609,법제사법위원회
정태호,0.001952493352939291,법제사법위원회
조승래,0.0005728515125255186,법제사법위원회
조오섭,0.005769617601662599,법제사법위원회
주철현,0.0,법제사법위원회
진선미,0.000448942723402066,법제사법위원회
진성준,0.0005659732230650691,법제사법위원회
천준호,0.0,법제사법위원회
최기상,0.004960879537817182,법제사법위원회
최인호,0.0,법제사법위원회
최종윤,0.001177673868974319,법제사법위원회
최혜영,0.023511259396400058,법제사법위원회
한병도,0.009593670123762665,법제사법위원회
허영,0.0008838703714602836,법제사법위원회
홍기원,0.0006148305660936285,법제사법위원회
홍성국,0.0025930412636341153,법제사법위원회
홍익표,0.0036231842820745983,법제사법위원회
황희,0.0,법제사법위원회
김은희,0.0,법제사법위원회
김희곤,0.0017850446655637336,법제사법위원회
박덕흠,0.011111709677625505,법제사법위원회
정경희,0.0005310948443500177,법제사법위원회
황보승희,0.001974964016670906,법제사법위원회
송석준,0.006698677638850687,법제사법위원회
지성호,0.0008378805976953519,법제사법위원회
정우택,0.0011702692077947394,법제사법위원회
태영호,0.01650531987411082,법제사법위원회
이인선,0.0,법제사법위원회
김미애,0.010100226692475633,법제사법위원회
김근태,0.0,법제사법위원회
윤영석,0.0012324222705396484,법제사법위원회
김예지,0.06005753593478765,법제사법위원회
권명호,0.0015420451404625942,법제사법위원회
백종헌,0.0002768352848476138,법제사법위원회
윤한홍,0.0019495638522071827,법제사법위원회
박진,0.0,법제사법위원회
이양수,0.0025910155031262975,법제사법위원회
박성중,0.0,법제사법위원회
조정훈,0.025932298657638162,법제사법위원회
임병헌,0.00010590908163548789,법제사법위원회
이주환,0.0015332021036768247,법제사법위원회
김성원,0.008492684525906034,법제사법위원회
김학용,0.0005840088490950603,법제사법위원회
김용판,0.0037090208737321165,법제사법위원회
구자근,0.0034955779868765446,법제사법위원회
정운천,0.006159450010124476,법제사법위원회
정동만,0.0,법제사법위원회
김형동,0.0015062773405668678,법제사법위원회
김도읍,0.0015697090751040817,법제사법위원회
김석기,0.006544176024897695,법제사법위원회
권성동,0.0012957190794304955,법제사법위원회
박형수,0.0004114828607169552,법제사법위원회
유상범,0.006058715976384518,법제사법위원회
장동혁,0.0010151727758892987,법제사법위원회
전주혜,0.0271372447096736,법제사법위원회
우신구,0.0,법제사법위원회
이명수,0.011161463677689604,법제사법위원회
홍문표,0.0,법제사법위원회
이태규,0.007585624714012668,법제사법위원회
박대수,0.0036056113428811517,법제사법위원회
정희용,0.0,법제사법위원회
양정숙,0.023333556363251184,법제사법위원회
윤영덕,0.002225911771482566,법제사법위원회
김남국,0.006005968815304396,법제사법위원회
주호영,0.0016988197612587404,법제사법위원회
임종성,0.0006193626693242536,법제사법위원회
류성걸,0.0004993217938531529,법제사법위원회
안병길,0.002593038316673567,법제사법위원회
한무경,0.001429696335931854,법제사법위원회
하영제,0.0014463704604689494,법제사법위원회
이채익,0.002584746098161396,법제사법위원회
최영희,0.003926801446834366,법제사법위원회
류호정,0.011627284680529407,법제사법위원회
이은주,0.003852850453294175,법제사법위원회
박정하,0.0,법제사법위원회
성일종,0.0,법제사법위원회
설훈,0.0003956768806169033,법제사법위원회
이상민,0.0011864143502491231,법제사법위원회
이원욱,0.01157537966131971,법제사법위원회
홍영표,0.0005322515378444719,법제사법위원회
이용호,0.028275853559475487,법제사법위원회
서범수,0.0064994473492406245,법제사법위원회
이달곤,0.0003904097083292718,법제사법위원회
최승재,0.006878087236250482,법제사법위원회
전봉민,0.0004372454336491928,법제사법위원회
김정재,0.002559936229522205,법제사법위원회
박성민,0.003519433348634818,법제사법위원회
이용,0.0,법제사법위원회
박수영,0.0039159194294491936,법제사법위원회
정점식,0.0016491695385772271,법제사법위원회
김상훈,0.0007844238216924375,법제사법위원회
김태호,0.007684839781745321,법제사법위원회
임이자,0.00215071387109946,법제사법위원회
김종민,0.007144024628459545,법제사법위원회
박대출,0.0019388265038628916,법제사법위원회
이종배,0.009832038626558084,법제사법위원회
양금희,0.0059075563583222915,법제사법위원회
이상헌,0.0029663633954323744,법제사법위원회
양향자,0.028277835436635604,법제사법위원회
권은희,0.0032013344137590475,법제사법위원회
최연숙,0.014816528553314725,법제사법위원회
윤관석,0.0,법제사법위원회
박영순,0.005120230499237937,법제사법위원회
조은희,0.0020716979160045087,법제사법위원회
최강욱,0.0019986533550179863,법제사법위원회
한기호,0.0005048824076436006,법제사법위원회
김영선,0.00045363082596058953,법제사법위원회
신원식,0.0,법제사법위원회
엄태영,0.0023601590025710607,법제사법위원회
안철수,0.0,법제사법위원회
강민국,0.001690322723452813,법제사법위원회
김승수,0.00794491033121059,법제사법위원회
배현진,0.0,법제사법위원회
송언석,0.001521646568535851,법제사법위원회
윤두현,0.0,법제사법위원회
이만희,0.00011448966280846223,법제사법위원회
정진석,0.0007057631390026175,법제사법위원회
서정숙,0.0007729731970980875,법제사법위원회
박완주,0.0005052865174956416,법제사법위원회
홍석준,0.0028816264920916504,법제사법위원회
최재형,8.967494159544995e-05,법제사법위원회
최형두,0.0023021617706048937,법제사법위원회
조해진,5.107781886352555e-05,법제사법위원회
김선교,0.0013710167294652678,법제사법위원회
장제원,0.00028837493648933057,법제사법위원회
이철규,0.000820588864214206,법제사법위원회
김기현,0.007181796639301175,법제사법위원회
윤재옥,0.00026007632663195795,법제사법위원회
,0.0,법제사법위원회
허은아,0.0009435463544445737,법제사법위원회
정찬민,0.00987018077972694,법제사법위원회
조태용,0.0,법제사법위원회
김진표,0.0009146210349146481,법제사법위원회
박완수,7.260108574587326e-05,법제사법위원회
송영길,0.0009337758941121884,법제사법위원회
추경호,0.011803524831208298,법제사법위원회
이광재,0.0,법제사법위원회
오영훈,0.00043888851844441236,법제사법위원회
김태흠,0.0,법제사법위원회
김은혜,0.00012767543422420106,법제사법위원회
홍준표,9.675178515620649e-05,법제사법위원회
권영세,0.0,법제사법위원회
이영,4.4390024347725496e-05,법제사법위원회
곽상도,0.00010544925320697924,법제사법위원회
이규민,0.002182393237557451,법제사법위원회
이낙연,0.0,법제사법위원회
정정순,0.0,법제사법위원회
윤희숙,0.0,법제사법위원회
이상직,0.0,법제사법위원회
김진애,0.0002551686870733778,법제사법위원회
이원택,0.001001261158794443,국토교통위원회
한병도,0.0007429151732737472,국토교통위원회
윤준병,0.006711323291789814,국토교통위원회
김윤덕,0.009233596174398983,국토교통위원회
허영,0.011245095358693035,국토교통위원회
서삼석,0.0008956827722610641,국토교통위원회
김민철,0.010971853911346198,국토교통위원회
신영대,0.005102554372646975,국토교통위원회
허숙정,0.0,국토교통위원회
김승남,0.002900841523305924,국토교통위원회
김성주,0.0005282313530313509,국토교통위원회
양정숙,0.007776423202470909,국토교통위원회
양경숙,0.0038275050115775637,국토교통위원회
유정주,0.0013919007977421284,국토교통위원회
서범수,0.008313566127558854,국토교통위원회
최승재,0.0,국토교통위원회
이헌승,0.025185401039946455,국토교통위원회
이종성,0.006595636639786849,국토교통위원회
박정하,0.0054764969676519325,국토교통위원회
김희국,0.004734408601135999,국토교통위원회
엄태영,0.015259502354747566,국토교통위원회
김은희,0.0,국토교통위원회
박대수,0.000938294946585504,국토교통위원회
이달곤,0.00042206491376332736,국토교통위원회
권영세,0.002014291974211958,국토교통위원회
정진석,0.0018458837568581788,국토교통위원회
이명수,0.0024463639537415072,국토교통위원회
유상범,0.0,국토교통위원회
지성호,0.0011828080073565121,국토교통위원회
최형두,0.0049223206493217795,국토교통위원회
구자근,0.008941329453679496,국토교통위원회
정동만,0.004694395743375397,국토교통위원회
태영호,0.0046232428450419995,국토교통위원회
김정재,0.0025100904989811142,국토교통위원회
서일준,0.009852097179022211,국토교통위원회
유경준,0.013951998474369702,국토교통위원회
강대식,0.0030475102440032796,국토교통위원회
김예지,0.015235502231981701,국토교통위원회
김상훈,0.006577456144800871,국토교통위원회
강기윤,0.005303978726171647,국토교통위원회
윤한홍,0.0,국토교통위원회
우신구,0.0,국토교통위원회
김용판,0.005341569973504372,국토교통위원회
윤주경,0.0,국토교통위원회
하영제,0.014750332435164914,국토교통위원회
김근태,0.0,국토교통위원회
정운천,0.003457822242675002,국토교통위원회
김희곤,0.0004641768034282481,국토교통위원회
김영식,0.0018683795285511977,국토교통위원회
백종헌,0.002898024577913301,국토교통위원회
김학용,0.006430511871620456,국토교통위원회
윤상현,0.002166025000137351,국토교통위원회
조수진,0.0005337701969089978,국토교통위원회
이태규,0.0014860023318823466,국토교통위원회
조명희,0.0014658082342389627,국토교통위원회
권성동,0.0,국토교통위원회
박성중,0.0007419765699180641,국토교통위원회
안철수,0.0006175884102812749,국토교통위원회
설훈,0.00263619582197837,국토교통위원회
전주혜,0.0012266495596299598,국토교통위원회
홍문표,0.006342555238652649,국토교통위원회
윤창현,0.010272344524423445,국토교통위원회
박대출,0.0003063447693742757,국토교통위원회
배준영,0.005183289933933099,국토교통위원회
박덕흠,0.007824713053374044,국토교통위원회
이용호,0.00930197204107285,국토교통위원회
김성원,0.006689409744496012,국토교통위원회
허종식,0.009423180129038242,국토교통위원회
박찬대,0.0004483560782562764,국토교통위원회
김교흥,0.006420011595673823,국토교통위원회
이성만,0.0,국토교통위원회
서영석,0.0,국토교통위원회
어기구,0.0016680863623800323,국토교통위원회
김정호,0.006540000042782432,국토교통위원회
배진교,0.0,국토교통위원회
이동주,0.0005148838784005732,국토교통위원회
유동수,0.006144188852470655,국토교통위원회
오기형,0.0002487571827857443,국토교통위원회
이원욱,0.0028182737769143155,국토교통위원회
오영환,0.011799541580296285,국토교통위원회
고영인,0.0011936641511705295,국토교통위원회
김철민,0.006273443183391612,국토교통위원회
김종민,0.000829560628822627,국토교통위원회
양향자,0.014609912693127343,국토교통위원회
윤미향,0.0,국토교통위원회
한정애,0.006818236319792716,국토교통위원회
김영주,0.0005397176749341533,국토교통위원회
노용호,0.0,국토교통위원회
박형수,0.0001100376975213932,국토교통위원회
홍석준,0.00037770243103575683,국토교통위원회
한무경,0.001592510915444917,국토교통위원회
김태호,0.0023571757476437832,국토교통위원회
장동혁,0.0001061869236798279,국토교통위원회
조오섭,0.010854419005062774,국토교통위원회
민형배,0.0024539127714875214,국토교통위원회
이형석,0.0005451543652898169,국토교통위원회
송갑석,0.0016105805820366896,국토교통위원회
윤영덕,0.0,국토교통위원회
이병훈,0.011218439114628328,국토교통위원회
이용빈,0.0070848968067875676,국토교통위원회
김승수,0.0032016345336894725,국토교통위원회
최영희,0.00017268315393092413,국토교통위원회
이인선,0.0,국토교통위원회
장철민,0.006907267737089199,국토교통위원회
김두관,0.007461731696855122,국토교통위원회
김병기,0.0014789764730772448,국토교통위원회
김주영,0.0037785341116086907,국토교통위원회
박상혁,0.02056342494541049,국토교통위원회
이상헌,0.0040452388459646695,국토교통위원회
정일영,0.00949190542512692,국토교통위원회
김도읍,0.0012408261378987731,국토교통위원회
박성민,0.018989978145788025,국토교통위원회
이주환,0.0018441142023958028,국토교통위원회
전봉민,0.0003485952682640612,국토교통위원회
최인호,0.004254099629183404,국토교통위원회
서영교,0.004950003903384529,국토교통위원회
송옥주,0.0018247603174921176,국토교통위원회
신정훈,0.009167535990083705,국토교통위원회
안규백,0.006640166273274928,국토교통위원회
위성곤,0.005401271434505913,국토교통위원회
조승래,0.0006410840084875855,국토교통위원회
한준호,0.005211986550502881,국토교통위원회
하태경,0.010072747937364547,국토교통위원회
맹성규,0.017419005153892886,국토교통위원회
홍정민,0.0031614470446927963,국토교통위원회
강준현,0.013947041125496436,국토교통위원회
이학영,0.0018817752481813433,국토교통위원회
최혜영,0.0072177496573005,국토교통위원회
전해철,7.281888632867641e-05,국토교통위원회
이종배,0.014611151259339343,국토교통위원회
권명호,0.0016928070219156335,국토교통위원회
김한규,0.0006075528529941547,국토교통위원회
홍성국,0.002659274950542369,국토교통위원회
강훈식,0.0010301263058007989,국토교통위원회
민병덕,0.0044067389882308135,국토교통위원회
박용진,0.0009480354086756859,국토교통위원회
류성걸,0.0008765168111009155,국토교통위원회
성일종,0.006077003265762846,국토교통위원회
김형동,0.004990916249502678,국토교통위원회
이용,0.001163917141436373,국토교통위원회
심상정,0.012873005145347753,국토교통위원회
윤영석,0.0040654692213228346,국토교통위원회
정우택,0.0009594243195785424,국토교통위원회
장혜영,7.911052682205432e-05,국토교통위원회
강민정,0.0018136761568407426,국토교통위원회
강은미,0.0,국토교통위원회
정성호,0.002526986746334968,국토교통위원회
류호정,0.0,국토교통위원회
이소영,0.002701097467571166,국토교통위원회
이은주,0.001750808128616665,국토교통위원회
박성준,0.0006703224411753415,국토교통위원회
주철현,0.0,국토교통위원회
인재근,0.0007064744469126626,국토교통위원회
김민석,0.000603087122408815,국토교통위원회
도종환,0.00023458032056706483,국토교통위원회
서동용,0.001143031021203255,국토교통위원회
소병훈,0.015635526503079766,국토교통위원회
윤건영,0.00033389721163752136,국토교통위원회
최종윤,0.005065730898952586,국토교통위원회
최연숙,0.001313251308463249,국토교통위원회
김미애,0.0006605966778591794,국토교통위원회
이양수,0.0,국토교통위원회
임호선,0.0067875411518689,국토교통위원회
안병길,0.0010326084294401167,국토교통위원회
조경태,0.0002679211694051014,국토교통위원회
주호영,0.011514894739287766,국토교통위원회
고용진,0.0003652199815482478,국토교통위원회
김용민,0.0014377634514763432,국토교통위원회
김홍걸,0.0008475455614574989,국토교통위원회
전용기,0.001565121151773978,국토교통위원회
김경협,0.0037733423878108813,국토교통위원회
김경만,0.003238395935038364,국토교통위원회
기동민,0.0,국토교통위원회
소병철,0.0004683957637442762,국토교통위원회
김원이,0.001025036598366362,국토교통위원회
김회재,0.007712932563725922,국토교통위원회
윤재갑,0.002320718480995328,국토교통위원회
이개호,0.0003655686865357315,국토교통위원회
이용선,0.003208059225554523,국토교통위원회
신동근,0.00322027610730855,국토교통위원회
장경태,0.006973713918963736,국토교통위원회
정태호,0.0019238956042645014,국토교통위원회
김영진,0.0008600493817647395,국토교통위원회
유기홍,0.0002309941343501503,국토교통위원회
전재수,0.000602013886055534,국토교통위원회
홍기원,0.008033023412044654,국토교통위원회
윤두현,0.0003069559064656595,국토교통위원회
김영선,0.0003672706204324837,국토교통위원회
조해진,0.0,국토교통위원회
양금희,0.0028214531833782148,국토교통위원회
이채익,0.002095015560989201,국토교통위원회
황보승희,0.004800539275832065,국토교통위원회
강민국,0.0,국토교통위원회
서병수,0.0014897289152012883,국토교통위원회
박수영,0.0007204824485380556,국토교통위원회
장제원,0.00010948509293750434,국토교통위원회
김상희,0.0013832615467620016,국토교통위원회
문정복,0.010399807397507174,국토교통위원회
박광온,0.0005077654633666637,국토교통위원회
송재호,0.009708903844762673,국토교통위원회
홍영표,0.0,국토교통위원회
황운하,0.0,국토교통위원회
박정,0.0015777391185599829,국토교통위원회
임이자,0.0007689744595337188,국토교통위원회
조정훈,0.0037895490994096586,국토교통위원회
민홍철,0.0018033735342627081,국토교통위원회
박재호,0.0019959907000160503,국토교통위원회
김민기,0.0009780649093797235,국토교통위원회
김성환,0.0022102149092474337,국토교통위원회
노웅래,0.00126343612946471,국토교통위원회
우원식,0.0009886356273426642,국토교통위원회
강성희,0.0,국토교통위원회
용혜인,0.0005629829948413464,국토교통위원회
양이원영,0.0024922179498214807,국토교통위원회
김승원,0.0017067517979830144,국토교통위원회
정점식,0.00036100270457810736,국토교통위원회
최춘식,0.0021478153824410233,국토교통위원회
박주민,0.0004275268093726603,국토교통위원회
안민석,0.0003147360156259621,국토교통위원회
이인영,0.0009573674362131264,국토교통위원회
박홍근,0.004869444824571173,국토교통위원회
최기상,0.000696739967199599,국토교통위원회
백혜련,0.0021414864158727336,국토교통위원회
송석준,0.027350057907687197,국토교통위원회
남인순,0.0,국토교통위원회
김영호,0.0017593439157701399,국토교통위원회
윤후덕,0.0006576838673228207,국토교통위원회
정청래,0.001545398368391883,국토교통위원회
강선우,0.001812425496931925,국토교통위원회
임오경,0.0004332402235010309,국토교통위원회
김진표,0.00143210650865266,국토교통위원회
서정숙,0.002549828907081718,국토교통위원회
안호영,0.0004695524937690384,국토교통위원회
양기대,0.0019386499581059886,국토교통위원회
윤영찬,0.00022244282996646133,국토교통위원회
전혜숙,0.014035496904350598,국토교통위원회
황희,0.0034003856245112935,국토교통위원회
신현영,0.0,국토교통위원회
강득구,0.006010494851923078,국토교통위원회
김석기,0.0032679873444991124,국토교통위원회
문진석,0.021684256865793596,국토교통위원회
김수흥,0.006527217758208559,국토교통위원회
김의겸,0.0,국토교통위원회
박진,0.006080575030040885,국토교통위원회
김태년,0.00023558840424251797,국토교통위원회
정필모,0.0,국토교통위원회
강병원,0.002170385846847437,국토교통위원회
고민정,0.0002963033918093854,국토교통위원회
이정문,0.0009063646286646896,국토교통위원회
임종성,0.007622939242672537,국토교통위원회
김병주,0.0,국토교통위원회
이재정,0.001807213918295135,국토교통위원회
진성준,0.004433624106843088,국토교통위원회
박영순,0.009939186299643006,국토교통위원회
변재일,0.0,국토교통위원회
조정식,0.0003341630967836411,국토교통위원회
진선미,0.0007274609313406206,국토교통위원회
김남국,0.0009517912817620741,국토교통위원회
정춘숙,0.0,국토교통위원회
이해식,0.001214256190361714,국토교통위원회
김영배,0.004566904026028146,국토교통위원회
이장섭,0.0016681767442806872,국토교통위원회
홍익표,0.0008467394907178008,국토교통위원회
조은희,0.0010071789721561642,국토교통위원회
윤호중,0.0002693289827173407,국토교통위원회
우상호,6.392098729125073e-05,국토교통위원회
천준호,0.007508623973512373,국토교통위원회
임병헌,0.0,국토교통위원회
조응천,0.006633021775195127,국토교통위원회
신원식,0.001222402362238526,국토교통위원회
김웅,0.0,국토교통위원회
정희용,0.0026417578258207753,국토교통위원회
박완주,0.00013954178516984437,국토교통위원회
권칠승,0.000443615733443996,국토교통위원회
유의동,0.0014611800782024188,국토교통위원회
한기호,0.0001261909679857421,국토교통위원회
윤재옥,0.06384354541522637,국토교통위원회
권은희,0.0,국토교통위원회
권인숙,0.0,국토교통위원회
김기현,0.0001821020133770179,국토교통위원회
김한정,9.938601217929528e-05,국토교통위원회
박범계,7.31952994934074e-05,국토교통위원회
배현진,0.00043226637560930375,국토교통위원회
송기헌,0.0030422695197355387,국토교통위원회
송언석,0.0222709547841346,국토교통위원회
이만희,0.00014603847643799615,국토교통위원회
이상민,0.0003823092768235865,국토교통위원회
이용우,0.0028140367162941735,국토교통위원회
이재명,0.0,국토교통위원회
이철규,0.0,국토교통위원회
이탄희,0.0,국토교통위원회
정경희,0.0,국토교통위원회
최강욱,0.00033915110391030093,국토교통위원회
최재형,0.0,국토교통위원회
허은아,0.0,국토교통위원회
윤관석,0.0009122263368494748,국토교통위원회
김선교,0.002375815106563881,국토교통위원회
정찬민,0.0030089566866719495,국토교통위원회
송영길,0.00017922747744868146,국토교통위원회
이광재,0.004348125607899438,국토교통위원회
박완수,0.0005282200247889088,국토교통위원회
김태흠,0.0,국토교통위원회
추경호,0.005604369032911836,국토교통위원회
오영훈,0.0011859805889374625,국토교통위원회
김은혜,0.00200761508933163,국토교통위원회
,0.0,국토교통위원회
이영,0.0,국토교통위원회
조태용,0.0,국토교통위원회
홍준표,0.0006477017116413256,국토교통위원회
곽상도,0.0008867215816561067,국토교통위원회
정정순,0.00013305279022472912,국토교통위원회
이규민,0.00356198638403387,국토교통위원회
이낙연,6.140326393675202e-05,국토교통위원회
윤희숙,2.415662868308554e-05,국토교통위원회
이상직,0.0,국토교통위원회
김진애,6.350442677612142e-05,국토교통위원회
조명희,0.02377603731842383,보건복지위원회
태영호,0.0023563800781990995,보건복지위원회
김근태,0.0,보건복지위원회
윤창현,0.0007363216769421559,보건복지위원회
박대수,0.003022885627303019,보건복지위원회
지성호,0.002145486148782651,보건복지위원회
한무경,0.002011879471809339,보건복지위원회
이용,0.0018509425063406987,보건복지위원회
강기윤,0.015306399092872468,보건복지위원회
황보승희,0.0017915065703340038,보건복지위원회
김은희,0.0006210176345747576,보건복지위원회
김승수,0.0034428386914743775,보건복지위원회
우신구,0.0,보건복지위원회
정경희,0.0,보건복지위원회
이자스민,0.0,보건복지위원회
박덕흠,0.004643091813285624,보건복지위원회
권명호,0.002029480475952077,보건복지위원회
노용호,0.0003121420397058827,보건복지위원회
김태호,0.0015019720586306122,보건복지위원회
소병철,0.0017444278911964682,보건복지위원회
박용진,0.001110971444345531,보건복지위원회
전해철,0.00022026942707614513,보건복지위원회
민병덕,0.0045327463955338555,보건복지위원회
한준호,0.0011453638477200553,보건복지위원회
양경숙,0.0023999075520017587,보건복지위원회
백혜련,0.0014291143366407914,보건복지위원회
허숙정,0.0,보건복지위원회
김승원,0.010281328100224925,보건복지위원회
이달곤,0.00022513110008643672,보건복지위원회
김미애,0.003468133060941324,보건복지위원회
이종성,0.03862695150622976,보건복지위원회
이용호,0.025793789108138843,보건복지위원회
정운천,0.0010532229356355301,보건복지위원회
최영희,0.011944391950879133,보건복지위원회
최재형,0.0011659434402413206,보건복지위원회
윤주경,0.0024591582083126305,보건복지위원회
백종헌,0.01749067802510595,보건복지위원회
강은미,0.00688343179069805,보건복지위원회
심상정,0.00012682684024591334,보건복지위원회
배진교,0.0023428780050868915,보건복지위원회
장혜영,0.0018861908341044347,보건복지위원회
윤미향,0.00176570892853752,보건복지위원회
이용빈,0.011664887274207692,보건복지위원회
조오섭,0.003967270022967901,보건복지위원회
강성희,0.0,보건복지위원회
양향자,0.010708951310305173,보건복지위원회
양정숙,0.025802173498605384,보건복지위원회
송갑석,0.0,보건복지위원회
양경규,0.0,보건복지위원회
강민정,0.004745686534404886,보건복지위원회
송언석,0.0003863665316472013,보건복지위원회
서정숙,0.018249736226586037,보건복지위원회
이헌승,0.0014581131532655962,보건복지위원회
장동혁,0.0009553321117263037,보건복지위원회
정우택,0.0005159987423577441,보건복지위원회
성일종,0.0073852891890966756,보건복지위원회
최연숙,0.05854663702107559,보건복지위원회
김원이,0.02283899692662598,보건복지위원회
윤두현,0.001379003872491762,보건복지위원회
정성호,0.0006376747038345306,보건복지위원회
서영석,0.025610322565475623,보건복지위원회
이탄희,0.001218279922924071,보건복지위원회
양이원영,0.0004343469361074549,보건복지위원회
장경태,0.0030832332041658326,보건복지위원회
윤영덕,0.0,보건복지위원회
최기상,0.001039302739252003,보건복지위원회
유정주,0.0,보건복지위원회
최혜영,0.04682201458287288,보건복지위원회
민형배,0.005671417560157616,보건복지위원회
유의동,0.00389571387340277,보건복지위원회
박정하,0.0,보건복지위원회
서병수,0.0008473955953027886,보건복지위원회
서범수,0.0006130205944021972,보건복지위원회
임병헌,0.0004249145772947403,보건복지위원회
이상민,0.0,보건복지위원회
하태경,0.0,보건복지위원회
이태규,0.0007372430170336149,보건복지위원회
임이자,0.0007775505746697854,보건복지위원회
최형두,0.0016987020462761685,보건복지위원회
윤영석,0.0012067187924471793,보건복지위원회
신현영,0.005509177756707519,보건복지위원회
이소영,0.0025683867795662885,보건복지위원회
이학영,0.002959959928993967,보건복지위원회
정태호,0.0008461953928333983,보건복지위원회
강준현,0.0032332611581869937,보건복지위원회
서동용,0.0018494172456447742,보건복지위원회
정필모,0.0,보건복지위원회
최종윤,0.010800031348020147,보건복지위원회
이형석,0.0,보건복지위원회
허종식,0.01469678896895524,보건복지위원회
안병길,0.0005786836659781899,보건복지위원회
박성중,0.0003601341967453432,보건복지위원회
유경준,0.0015119482727852795,보건복지위원회
송석준,0.0012227704801946351,보건복지위원회
이인선,0.0,보건복지위원회
하영제,0.0034736661665981205,보건복지위원회
배준영,0.0018858672065445565,보건복지위원회
조정훈,0.011060528810628361,보건복지위원회
김형동,0.00609691922002084,보건복지위원회
엄태영,0.006975100798669283,보건복지위원회
권성동,0.00033583862264250324,보건복지위원회
김상훈,0.0012220015746114373,보건복지위원회
홍문표,0.0022507989251197933,보건복지위원회
윤한홍,0.0,보건복지위원회
유상범,0.0015187534398872938,보건복지위원회
김희곤,0.0015244519306608076,보건복지위원회
김예지,0.04677546355311959,보건복지위원회
서일준,0.009112800056317141,보건복지위원회
전주혜,0.0005693853941881261,보건복지위원회
임호선,0.00576778704157749,보건복지위원회
이주환,0.001944085056342036,보건복지위원회
전혜숙,0.008355558031325197,보건복지위원회
서영교,0.004316626378069215,보건복지위원회
박찬대,0.0007954773458694766,보건복지위원회
신정훈,0.0013652891912182819,보건복지위원회
이병훈,0.00492521842506312,보건복지위원회
허영,0.006322724462067253,보건복지위원회
이인영,0.00015796854813146332,보건복지위원회
이상헌,0.006306473661243337,보건복지위원회
신영대,0.0012634185499059798,보건복지위원회
조수진,0.004256501739636951,보건복지위원회
최춘식,0.0020274772802823552,보건복지위원회
김도읍,0.0017802270749409151,보건복지위원회
박형수,0.001316494669692512,보건복지위원회
조경태,0.006289032114680664,보건복지위원회
추경호,0.0009594161982490776,보건복지위원회
유동수,0.0010929409512587828,보건복지위원회
한병도,0.00277133986174489,보건복지위원회
홍성국,0.0017499624794067106,보건복지위원회
김경협,0.0007826355100406901,보건복지위원회
이용우,0.0021024193632044287,보건복지위원회
김주영,0.0010412032683352578,보건복지위원회
김용판,0.0027723860484554766,보건복지위원회
이만희,0.00013260589101179114,보건복지위원회
정동만,0.0014087673689603744,보건복지위원회
권영세,0.0,보건복지위원회
강훈식,0.016496112611234882,보건복지위원회
김한규,0.0012405758255790407,보건복지위원회
한정애,0.00817347584267141,보건복지위원회
기동민,0.0015161130920266013,보건복지위원회
서삼석,0.0005386181773300389,보건복지위원회
오기형,0.0,보건복지위원회
박재호,0.0017103834432101808,보건복지위원회
정춘숙,0.010263467678830102,보건복지위원회
김성주,0.007384639835851372,보건복지위원회
전용기,0.007342786722464953,보건복지위원회
김교흥,0.00017124550377814492,보건복지위원회
김윤덕,0.002564751409966662,보건복지위원회
문정복,0.00030169300377832223,보건복지위원회
김민석,0.031092518723433278,보건복지위원회
설훈,0.0010713924970935365,보건복지위원회
김회재,0.0014257714322935635,보건복지위원회
김홍걸,0.014596193666217649,보건복지위원회
정일영,0.003365882168409002,보건복지위원회
이명수,0.020701907054976244,보건복지위원회
김학용,0.0004321693728054727,보건복지위원회
김석기,0.0021003281146598396,보건복지위원회
이채익,0.0014132280561709835,보건복지위원회
박대출,0.0010844337749439286,보건복지위원회
류성걸,0.0010168103011418187,보건복지위원회
박성민,0.0036434988775761574,보건복지위원회
김영주,0.004800997856138172,보건복지위원회
전재수,0.0008839201382986216,보건복지위원회
임오경,0.0006891536095887824,보건복지위원회
이동주,0.0007451198805793846,보건복지위원회
오영환,0.005535112476593394,보건복지위원회
김영진,0.00039570849892840276,보건복지위원회
김영식,0.0009067425780338266,보건복지위원회
김영선,0.0002770275540595186,보건복지위원회
김성원,0.02310548640003214,보건복지위원회
구자근,0.002906911157413284,보건복지위원회
전봉민,0.000867590675099184,보건복지위원회
이원욱,0.0020749798762997227,보건복지위원회
이성만,0.005203009232108583,보건복지위원회
최인호,0.0,보건복지위원회
박홍근,0.0013351423501230502,보건복지위원회
강대식,0.0012391757109153027,보건복지위원회
소병훈,0.004189451037103023,보건복지위원회
어기구,0.0006833222856498237,보건복지위원회
주철현,0.0003339390885879124,보건복지위원회
이개호,0.0,보건복지위원회
김승남,0.004113078962048535,보건복지위원회
김병기,0.0006577387202213962,보건복지위원회
김민기,0.0013013298278621516,보건복지위원회
위성곤,0.004421757192131825,보건복지위원회
고영인,0.012673229323525537,보건복지위원회
이용선,0.0007142721078321702,보건복지위원회
강민국,0.0005067926766547297,보건복지위원회
김정재,0.0038644994831011307,보건복지위원회
조은희,0.005741785493556874,보건복지위원회
송옥주,0.00281642458683363,보건복지위원회
윤재갑,0.007822303660245417,보건복지위원회
김웅,0.0,보건복지위원회
주호영,0.000349814380139443,보건복지위원회
홍정민,0.0032085451651721027,보건복지위원회
김정호,0.0027788143838032553,보건복지위원회
김종민,0.0,보건복지위원회
장철민,0.0065583095214881955,보건복지위원회
김두관,0.00027596425599108246,보건복지위원회
맹성규,0.0026222894321662952,보건복지위원회
인재근,0.011361969360861745,보건복지위원회
김상희,0.013968530606625708,보건복지위원회
노웅래,0.0031145127519140634,보건복지위원회
이해식,0.009309342950085491,보건복지위원회
도종환,0.0007406165327238686,보건복지위원회
윤건영,0.0,보건복지위원회
안철수,0.0001832618811887391,보건복지위원회
황희,0.0007568237688780878,보건복지위원회
강선우,0.01712783735798888,보건복지위원회
박상혁,0.006611176940246078,보건복지위원회
박정,0.0009908473879673431,보건복지위원회
안규백,0.012860923883803223,보건복지위원회
김민철,0.004327027973103985,보건복지위원회
용혜인,0.0,보건복지위원회
김남국,0.00120433349862507,보건복지위원회
김영호,0.0015205915842540021,보건복지위원회
김철민,0.0017206854110221998,보건복지위원회
박성준,0.0019387488008194022,보건복지위원회
권칠승,0.0029722022208988155,보건복지위원회
김성환,0.0,보건복지위원회
조정식,0.00023601670942647015,보건복지위원회
진성준,0.0008816987515362381,보건복지위원회
임종성,0.000890659183181862,보건복지위원회
홍기원,0.0,보건복지위원회
김희국,0.0,보건복지위원회
강병원,0.0066499016773185335,보건복지위원회
권인숙,0.002193808087404784,보건복지위원회
홍석준,0.0031057578792277924,보건복지위원회
류호정,0.0024860236472003094,보건복지위원회
이은주,0.004332572590875385,보건복지위원회
남인순,0.018708111676832548,보건복지위원회
박주민,0.002042234115614321,보건복지위원회
강득구,0.004616582390910373,보건복지위원회
양기대,0.0006839997523692786,보건복지위원회
황운하,0.0025685603147931374,보건복지위원회
윤후덕,0.0018045933608816175,보건복지위원회
신동근,0.001556953153170629,보건복지위원회
이양수,0.0,보건복지위원회
윤관석,0.0,보건복지위원회
안호영,0.0005515322331314219,보건복지위원회
우원식,0.0016587187871660225,보건복지위원회
김용민,0.0013985184640905274,보건복지위원회
김태년,0.0008341269936425981,보건복지위원회
이장섭,0.0004784703038336422,보건복지위원회
송재호,0.0053163135900649245,보건복지위원회
윤준병,0.002632030520685422,보건복지위원회
윤영찬,0.0005501326965283786,보건복지위원회
이정문,0.0007556640385066629,보건복지위원회
김영배,0.0027674347222074232,보건복지위원회
박완주,0.00012762252229848704,보건복지위원회
김경만,0.0012474284188015257,보건복지위원회
김의겸,0.0,보건복지위원회
문진석,0.0010405228254060284,보건복지위원회
김병주,0.00020563396640616084,보건복지위원회
이원택,0.0014401753654705379,보건복지위원회
이재정,0.0008585031319192698,보건복지위원회
진선미,0.00023944736366863527,보건복지위원회
윤호중,0.003135325888788004,보건복지위원회
변재일,0.0003746888128098167,보건복지위원회
박수영,0.0012385613797427323,보건복지위원회
홍영표,0.0,보건복지위원회
조해진,0.00010760438926613999,보건복지위원회
한기호,0.000575196254127469,보건복지위원회
정점식,0.0009987023115129578,보건복지위원회
윤상현,0.0007721583034680202,보건복지위원회
고민정,0.0018216838413331932,보건복지위원회
양금희,0.004322702663013224,보건복지위원회
고용진,0.0,보건복지위원회
김한정,0.00014453787866091253,보건복지위원회
조승래,0.0013749670773790868,보건복지위원회
권은희,0.0019358924779339802,보건복지위원회
최승재,0.011808326882835986,보건복지위원회
홍익표,0.0004902683639555908,보건복지위원회
정희용,0.007813587983280357,보건복지위원회
최강욱,0.00030033107251919224,보건복지위원회
김수흥,0.0007426306212539235,보건복지위원회
박영순,0.0005433860242725411,보건복지위원회
안민석,0.0015025012694993099,보건복지위원회
유기홍,0.0004787991535604649,보건복지위원회
이철규,0.0004470782756854788,보건복지위원회
신원식,0.0027721644527948894,보건복지위원회
조응천,0.00014010855714360364,보건복지위원회
박범계,1.1398901951815124e-05,보건복지위원회
이종배,0.0057371961223403245,보건복지위원회
송기헌,0.00028805771088296386,보건복지위원회
민홍철,0.001499987621317032,보건복지위원회
박광온,0.0012241691477644307,보건복지위원회
우상호,1.999575829300918e-05,보건복지위원회
허은아,0.0,보건복지위원회
정진석,0.0008389560597665198,보건복지위원회
배현진,0.0006717631536661594,보건복지위원회
김선교,0.0001607267007804526,보건복지위원회
김기현,0.0035774020513968177,보건복지위원회
윤재옥,0.00034988823161034583,보건복지위원회
박병석,0.0,보건복지위원회
박진,0.0004913429019420864,보건복지위원회
김진표,0.00046702824608938485,보건복지위원회
정찬민,0.0026821245609941293,보건복지위원회
천준호,0.000292008669027192,보건복지위원회
조태용,0.0011749564950931063,보건복지위원회
송영길,0.0,보건복지위원회
김태흠,0.000151177372257569,보건복지위원회
정청래,0.0007738004257712869,보건복지위원회
박완수,0.00014024504966236832,보건복지위원회
장제원,0.0005061331012031797,보건복지위원회
김은혜,0.0,보건복지위원회
이영,0.0005684754494395897,보건복지위원회
홍준표,0.0015934963662790499,보건복지위원회
이광재,0.0,보건복지위원회
,0.0,보건복지위원회
이규민,0.0013871016664470921,보건복지위원회
오영훈,0.0023016675812074405,보건복지위원회
이낙연,4.561731757785339e-05,보건복지위원회
곽상도,0.00022696254210205477,보건복지위원회
윤희숙,0.0,보건복지위원회
정정순,5.6804224124232066e-05,보건복지위원회
김진애,0.0,보건복지위원회
이상직,0.0,보건복지위원회
장혜영,0.011289656284677244,기획재정위원회
배진교,0.0,기획재정위원회
심상정,0.0012989195222682431,기획재정위원회
강은미,0.0002739533878073193,기획재정위원회
용혜인,0.0023673820490883145,기획재정위원회
윤미향,0.002055210368868595,기획재정위원회
허숙정,0.0,기획재정위원회
이자스민,0.0,기획재정위원회
강성희,6.476168897801517e-05,기획재정위원회
양경규,0.0,기획재정위원회
송기헌,0.00474861261164295,기획재정위원회
오영환,0.004532482247860513,기획재정위원회
이형석,0.0018462821768429074,기획재정위원회
조정훈,0.015949585369997105,기획재정위원회
서영석,0.0011952823182038112,기획재정위원회
박성준,0.010063410689447735,기획재정위원회
소병훈,0.0036999783667849714,기획재정위원회
김영배,0.005421810101947568,기획재정위원회
조오섭,0.0027279611429927783,기획재정위원회
최종윤,0.001706992704858917,기획재정위원회
김홍걸,0.0036317054774535227,기획재정위원회
박정하,0.0,기획재정위원회
배준영,0.027857501524305453,기획재정위원회
이양수,0.0006742651994110444,기획재정위원회
김형동,0.00477235423390816,기획재정위원회
강대식,0.0038822511661683566,기획재정위원회
김성원,0.0022812688652491774,기획재정위원회
김상훈,0.004500268629716602,기획재정위원회
김태호,0.0009734125948771638,기획재정위원회
엄태영,0.0114477516498288,기획재정위원회
윤영석,0.009540245691965288,기획재정위원회
유상범,0.0011272200555126543,기획재정위원회
최춘식,0.002177235190525015,기획재정위원회
박진,0.006602446441699867,기획재정위원회
김기현,0.003705890104594429,기획재정위원회
김석기,0.005222457258076401,기획재정위원회
구자근,0.012166637371653452,기획재정위원회
최재형,8.332791887949411e-05,기획재정위원회
지성호,0.001114711938718507,기획재정위원회
김정재,0.003255453787580155,기획재정위원회
태영호,0.007021773480031323,기획재정위원회
김예지,0.024659172705264326,기획재정위원회
이용호,0.03805926516339946,기획재정위원회
고용진,0.015854002259676675,기획재정위원회
진선미,0.0006429193596001912,기획재정위원회
강준현,0.0035761401852516944,기획재정위원회
정태호,0.007062422517542951,기획재정위원회
백혜련,0.0002760874443212553,기획재정위원회
정일영,0.007776061893952782,기획재정위원회
오기형,4.878639148632329e-05,기획재정위원회
이원욱,0.00466749501470384,기획재정위원회
맹성규,0.0010942362368629138,기획재정위원회
유동수,0.006975765461067336,기획재정위원회
김주영,0.012742530410675402,기획재정위원회
윤영덕,0.0006436823436504923,기획재정위원회
김경협,0.00492425913674028,기획재정위원회
강병원,0.005011138077865092,기획재정위원회
홍성국,0.00993272576657188,기획재정위원회
최혜영,0.01114430318087795,기획재정위원회
양경숙,0.01097771390736661,기획재정위원회
김태년,0.0005547248379037085,기획재정위원회
윤상현,0.002939277100811954,기획재정위원회
이헌승,0.0043005908529795646,기획재정위원회
윤두현,0.0044940537044423695,기획재정위원회
정동만,0.0006077597487350385,기획재정위원회
김학용,0.0008923101997451808,기획재정위원회
이상민,0.002828939935482911,기획재정위원회
이명수,0.008941727714069909,기획재정위원회
성일종,0.010514891620075371,기획재정위원회
박대출,0.009124829826081425,기획재정위원회
윤한홍,0.0007203591611149727,기획재정위원회
김용판,0.010553267971781835,기획재정위원회
박성민,0.0034399699736698173,기획재정위원회
송석준,0.0006076655060392465,기획재정위원회
정희용,0.0011546476718908383,기획재정위원회
권명호,0.002318973013545529,기획재정위원회
김은희,0.0,기획재정위원회
김근태,0.0,기획재정위원회
권성동,0.001513909829819699,기획재정위원회
류성걸,0.009559883291763773,기획재정위원회
김미애,0.000522972741707819,기획재정위원회
이인선,0.0016595790438016019,기획재정위원회
양금희,0.004041630394516088,기획재정위원회
유경준,0.004015041061808744,기획재정위원회
임이자,0.0010896348254079663,기획재정위원회
변재일,0.004130136711042251,기획재정위원회
김병기,0.00026408772937237856,기획재정위원회
조승래,0.002462683119995602,기획재정위원회
김영진,0.0022224542324887253,기획재정위원회
이원택,0.00308082969939129,기획재정위원회
김정호,0.00557277314466686,기획재정위원회
진성준,0.0008237734439957768,기획재정위원회
윤창현,0.00401687825031296,기획재정위원회
김영선,0.0003174870575581966,기획재정위원회
주호영,0.0010541496662712531,기획재정위원회
박대수,0.0,기획재정위원회
이용,0.009785363721006414,기획재정위원회
박덕흠,0.005156381791256302,기획재정위원회
서병수,0.005522337810759068,기획재정위원회
전주혜,0.0015754362987644142,기획재정위원회
한무경,0.0032382716607580815,기획재정위원회
최연숙,0.0011656490829591716,기획재정위원회
홍석준,0.001086978185055033,기획재정위원회
김도읍,0.002312471741344686,기획재정위원회
황보승희,0.0006604128272328876,기획재정위원회
박형수,0.0023051334544522783,기획재정위원회
조수진,0.0012040319596644008,기획재정위원회
서범수,0.0027858381112155256,기획재정위원회
권영세,0.00046604823124392797,기획재정위원회
장동혁,0.0045711333859689285,기획재정위원회
전봉민,0.0005068147970957778,기획재정위원회
이주환,0.002756450031554698,기획재정위원회
홍문표,0.008106779489900615,기획재정위원회
노용호,0.0002630982424932811,기획재정위원회
우신구,0.0,기획재정위원회
김교흥,0.0005600512017714896,기획재정위원회
김성주,0.01031745499851543,기획재정위원회
전재수,0.001766919047385949,기획재정위원회
문정복,0.0005347165428912801,기획재정위원회
송재호,0.008038091064318008,기획재정위원회
장경태,0.002291701423809573,기획재정위원회
정운천,0.004791168861194586,기획재정위원회
안철수,0.0,기획재정위원회
유정주,0.0029743387175502635,기획재정위원회
이상헌,0.006976973638232183,기획재정위원회
임종성,0.0,기획재정위원회
박정,0.006096212349704116,기획재정위원회
민병덕,0.0013549195192610487,기획재정위원회
윤재갑,0.03130831000190537,기획재정위원회
이용빈,0.007798004599175926,기획재정위원회
김의겸,0.0,기획재정위원회
김희곤,0.0013070479944993854,기획재정위원회
이종성,0.001637759400820509,기획재정위원회
박성중,0.0012453104511598967,기획재정위원회
백종헌,0.001850851251106586,기획재정위원회
이종배,0.010092947892219298,기획재정위원회
양향자,0.049180646362025675,기획재정위원회
정우택,0.0018430229198574308,기획재정위원회
박용진,0.001457660653067285,기획재정위원회
양이원영,0.001921752094380079,기획재정위원회
박주민,0.0002874149896487504,기획재정위원회
김한규,0.0,기획재정위원회
권칠승,0.0009494720857978969,기획재정위원회
윤건영,0.0004523943560700294,기획재정위원회
이탄희,0.0,기획재정위원회
소병철,0.0005792637456138513,기획재정위원회
이은주,0.0006879939975174552,기획재정위원회
박범계,0.0005478398597325562,기획재정위원회
김승원,0.006207739799185382,기획재정위원회
강훈식,0.005575417170666055,기획재정위원회
기동민,0.003444728837928075,기획재정위원회
신영대,0.010342208506048578,기획재정위원회
최인호,0.0034756415386430987,기획재정위원회
한준호,0.0014747447151532342,기획재정위원회
최영희,0.0,기획재정위원회
김영식,0.0017880755371983933,기획재정위원회
박수영,0.0007490229294055917,기획재정위원회
정경희,0.00011744081112166536,기획재정위원회
이채익,0.001981624670995894,기획재정위원회
조명희,0.005432286852490439,기획재정위원회
김승수,0.0009184320533259575,기획재정위원회
배현진,0.00046842083600298417,기획재정위원회
유의동,0.03294401420311992,기획재정위원회
하영제,0.0038417670047901802,기획재정위원회
하태경,0.003354948154534796,기획재정위원회
고민정,0.00156812905447111,기획재정위원회
류호정,0.0013081406082059383,기획재정위원회
양정숙,0.008886764114530982,기획재정위원회
황희,0.0005077926032666151,기획재정위원회
강선우,0.0028901761438925866,기획재정위원회
김종민,0.0003252704853529566,기획재정위원회
박상혁,0.005487481437352929,기획재정위원회
안규백,0.0023864764444690486,기획재정위원회
어기구,0.005379866899620222,기획재정위원회
이용선,0.0025169477571773146,기획재정위원회
전해철,0.00015534727049832167,기획재정위원회
강기윤,0.00094971591611767,기획재정위원회
최형두,0.003681772328356646,기획재정위원회
이만희,0.00021271065383985356,기획재정위원회
안병길,0.0018701760731531986,기획재정위원회
김경만,0.013728850419859542,기획재정위원회
허종식,0.0,기획재정위원회
김윤덕,0.002062468580416521,기획재정위원회
장철민,0.002580636121824171,기획재정위원회
김남국,0.0015540322157132941,기획재정위원회
허영,0.015453852004338246,기획재정위원회
홍기원,0.001947848056327798,기획재정위원회
민형배,0.0069155633318592254,기획재정위원회
김민기,0.0010023441330411758,기획재정위원회
김희국,0.0,기획재정위원회
이태규,0.0017883108682276996,기획재정위원회
조해진,0.002708378061566873,기획재정위원회
서삼석,0.004555356670648227,기획재정위원회
김상희,0.0,기획재정위원회
남인순,0.0020793323219810826,기획재정위원회
고영인,0.0019809323184589774,기획재정위원회
김철민,0.002114001801834412,기획재정위원회
송옥주,0.002493907253092998,기획재정위원회
신현영,0.001154070164662547,기획재정위원회
위성곤,0.007303466797929083,기획재정위원회
이병훈,0.011074516372783576,기획재정위원회
강민정,0.003647063732701732,기획재정위원회
김용민,0.0007779484276143421,기획재정위원회
신정훈,0.0123781406374185,기획재정위원회
윤준병,0.0056714679621463196,기획재정위원회
윤주경,0.0015212318919116238,기획재정위원회
강민국,0.0,기획재정위원회
이달곤,0.0009593914899366971,기획재정위원회
한기호,0.010870629522353424,기획재정위원회
정진석,0.0012047811947315974,기획재정위원회
조은희,0.0,기획재정위원회
박영순,0.0024659950470380075,기획재정위원회
박홍근,0.0051126807680529265,기획재정위원회
우원식,0.0023933777730151687,기획재정위원회
도종환,0.0019062315593276272,기획재정위원회
박완주,0.0009630501329130218,기획재정위원회
이소영,0.0008470937439385299,기획재정위원회
김민석,0.005583170035167846,기획재정위원회
김성환,0.0017547927028799923,기획재정위원회
김수흥,0.01591918633757851,기획재정위원회
김한정,0.0003522321239960183,기획재정위원회
박찬대,0.0003528033508826818,기획재정위원회
안호영,0.001087165659903081,기획재정위원회
윤후덕,0.0030161451588821653,기획재정위원회
이개호,0.0007290154917499902,기획재정위원회
이동주,0.0012446272325105801,기획재정위원회
이재명,2.8891856019735076e-06,기획재정위원회
인재근,0.0,기획재정위원회
임호선,0.007556535147919938,기획재정위원회
전용기,0.007304190815996076,기획재정위원회
정성호,0.013005711121165955,기획재정위원회
정춘숙,0.0008760843722136554,기획재정위원회
조정식,0.001573819377760353,기획재정위원회
주철현,0.0004176966816759076,기획재정위원회
천준호,0.00035597225744066506,기획재정위원회
최기상,0.0,기획재정위원회
한병도,0.009630198004440201,기획재정위원회
홍익표,0.002314655623991476,기획재정위원회
황운하,0.0013465899094319905,기획재정위원회
김원이,0.0029084153026868115,기획재정위원회
서정숙,0.0018673800522868535,기획재정위원회
홍영표,0.006603462232301056,기획재정위원회
임오경,0.001179666523147118,기획재정위원회
김민철,0.007893388551309617,기획재정위원회
서영교,0.020930140480144136,기획재정위원회
윤관석,0.00037262210079199744,기획재정위원회
이학영,0.003491666527701479,기획재정위원회
조경태,0.0023633901102253405,기획재정위원회
김영호,0.0,기획재정위원회
박광온,0.0019039118894690521,기획재정위원회
양기대,0.0013061369689305769,기획재정위원회
윤영찬,0.0004223881128958393,기획재정위원회
서일준,0.004309536069070909,기획재정위원회
임병헌,0.00015650496718208756,기획재정위원회
김승남,0.003369620119187805,기획재정위원회
이철규,0.012575019265673561,기획재정위원회
노웅래,0.001994703452553538,기획재정위원회
설훈,0.0,기획재정위원회
신동근,0.005625572948127683,기획재정위원회
이성만,0.004355173636744584,기획재정위원회
이해식,0.0037293780868744297,기획재정위원회
윤호중,0.0031362795811156617,기획재정위원회
이장섭,0.0019821647259599257,기획재정위원회
박재호,0.0007493522802138841,기획재정위원회
유기홍,0.0015365195090524628,기획재정위원회
이정문,0.0016551590177844445,기획재정위원회
문진석,0.0030966571859365787,기획재정위원회
안민석,0.0010427800585799903,기획재정위원회
송갑석,0.004901195444772798,기획재정위원회
홍정민,0.006285376744993795,기획재정위원회
한정애,0.0006153314095630125,기획재정위원회
정필모,0.0,기획재정위원회
권인숙,0.0013432129350176689,기획재정위원회
강득구,0.0,기획재정위원회
김영주,0.0017496104497625347,기획재정위원회
정청래,0.00030208400374163807,기획재정위원회
조응천,0.00023379389669657194,기획재정위원회
이재정,0.0,기획재정위원회
전혜숙,0.000882341429119768,기획재정위원회
서동용,0.0011862803339409513,기획재정위원회
이인영,0.00017527783650351717,기획재정위원회
김두관,0.013178214452263848,기획재정위원회
송언석,0.006692858037586452,기획재정위원회
김회재,0.006654027560080819,기획재정위원회
최강욱,0.0,기획재정위원회
신원식,0.0,기획재정위원회
최승재,0.0088435313081298,기획재정위원회
정점식,0.0023038147706132815,기획재정위원회
김병주,0.0004059344630850246,기획재정위원회
윤재옥,0.0006383696164261142,기획재정위원회
이용우,0.003246031930372916,기획재정위원회
민홍철,0.0006490561690449215,기획재정위원회
김선교,0.002460165105842499,기획재정위원회
박병석,0.0,기획재정위원회
권은희,0.0025402202436119966,기획재정위원회
김웅,0.0,기획재정위원회
허은아,0.0,기획재정위원회
정찬민,0.004735699610390729,기획재정위원회
김진표,0.0019382440756369043,기획재정위원회
추경호,0.00851631676177132,기획재정위원회
조태용,0.0,기획재정위원회
우상호,0.0,기획재정위원회
박완수,9.022264981930898e-05,기획재정위원회
이영,0.007387882171338409,기획재정위원회
이광재,0.008833763064170103,기획재정위원회
송영길,0.0004563222099564505,기획재정위원회
김태흠,0.0003012708312190743,기획재정위원회
김은혜,0.00028941773631713084,기획재정위원회
오영훈,0.0,기획재정위원회
,0.0,기획재정위원회
이낙연,0.00017011199813384418,기획재정위원회
이규민,0.0007883082642482267,기획재정위원회
곽상도,0.0,기획재정위원회
정정순,0.0004160049789222039,기획재정위원회
윤희숙,0.00016209776941775134,기획재정위원회
홍준표,0.0,기획재정위원회
장제원,8.726069978242258e-05,기획재정위원회
이상직,0.003253261249035806,기획재정위원회
김진애,8.439525018420367e-05,기획재정위원회
양경규,0.0,정무위원회
윤미향,0.0011766115431723267,정무위원회
강성희,0.00023453113042315183,정무위원회
박용진,0.006687606579457479,정무위원회
장혜영,0.0024914527482402375,정무위원회
강은미,0.0006784493907091635,정무위원회
배진교,0.006520942554086961,정무위원회
이자스민,0.0,정무위원회
심상정,0.004029583609680135,정무위원회
김주영,0.0011668778456556575,정무위원회
최승재,0.03091942213440641,정무위원회
최재형,0.0,정무위원회
김근태,0.0,정무위원회
김희곤,0.03842258026225481,정무위원회
김종민,0.011817310647434064,정무위원회
윤주경,0.035757635228510436,정무위원회
양정숙,0.06061299656471158,정무위원회
최영희,0.0002517818385592461,정무위원회
김예지,0.009369136204114671,정무위원회
강기윤,0.0021897275389501994,정무위원회
박덕흠,0.006850778250447545,정무위원회
서일준,0.0040581520285486285,정무위원회
백종헌,0.0,정무위원회
조명희,0.0023276649369632467,정무위원회
이용호,0.021385683065829917,정무위원회
이종성,0.0012865552704492834,정무위원회
김태호,0.0034042328767586146,정무위원회
이종배,0.004814138818976283,정무위원회
송석준,0.0253608281218543,정무위원회
김성원,0.00832876556748321,정무위원회
윤창현,0.005302652279344945,정무위원회
정운천,0.00037159811033488847,정무위원회
박대수,0.003853044675400694,정무위원회
홍문표,0.005407118717694232,정무위원회
성일종,0.027716813539088836,정무위원회
우신구,0.0025334563337916166,정무위원회
강대식,0.0011900841266166125,정무위원회
이양수,0.0,정무위원회
임병헌,0.0008777342176077461,정무위원회
최형두,0.0026596884733188835,정무위원회
이채익,0.007484176020754873,정무위원회
김은희,0.0,정무위원회
권명호,0.002482516366237806,정무위원회
이용,0.0010921272850563624,정무위원회
김승수,0.0021397836741290123,정무위원회
윤한홍,0.0037405114180403608,정무위원회
김도읍,0.003739681441491515,정무위원회
유경준,0.0,정무위원회
황보승희,0.001826683928731296,정무위원회
권성동,0.0012466054992692332,정무위원회
박형수,0.0,정무위원회
전주혜,0.0,정무위원회
조수진,0.0007942744658383491,정무위원회
김형동,0.0,정무위원회
이달곤,0.0004874718046944662,정무위원회
엄태영,0.0006774671882730966,정무위원회
이인선,0.0020653713520159206,정무위원회
강민국,0.007573834014570237,정무위원회
권영세,0.0,정무위원회
장동혁,0.00014455965986048556,정무위원회
김석기,0.0016492796716905517,정무위원회
김미애,0.0008726543891347936,정무위원회
지성호,0.001633829582218005,정무위원회
유상범,0.0,정무위원회
이헌승,0.0009842915993019288,정무위원회
김상훈,0.0009084239408624688,정무위원회
김학용,0.0,정무위원회
최춘식,0.0006242831400145885,정무위원회
태영호,0.0028821017766500617,정무위원회
김용판,0.002044084848275607,정무위원회
하영제,0.0004810059200497792,정무위원회
박정하,0.0007918944886375738,정무위원회
이명수,0.014757422482799177,정무위원회
박성민,0.004819394601677778,정무위원회
오기형,0.002978174164471641,정무위원회
강민정,0.0016769519746007969,정무위원회
김영배,0.0015859898257362668,정무위원회
윤건영,0.001170499306666773,정무위원회
윤영덕,0.005078920406550101,정무위원회
이동주,0.004356985483457804,정무위원회
이용우,0.02227391786929667,정무위원회
홍성국,0.022440069069656076,정무위원회
홍정민,0.0017554404945610159,정무위원회
허숙정,2.3534494437912585e-05,정무위원회
박상혁,0.0,정무위원회
민병덕,0.019459538586733226,정무위원회
송기헌,0.004675227846444647,정무위원회
권칠승,0.0014036299952470757,정무위원회
황운하,0.011918258284952058,정무위원회
정일영,0.0,정무위원회
위성곤,0.0,정무위원회
정우택,0.004402138353924693,정무위원회
조정훈,0.0,정무위원회
민형배,0.030606151677247683,정무위원회
김승원,0.001330444519048348,정무위원회
김철민,0.0038720192677330506,정무위원회
김홍걸,0.006059184472977046,정무위원회
이정문,0.029363817614742067,정무위원회
전용기,0.003711883264868144,정무위원회
조오섭,0.0017755532325324486,정무위원회
안규백,0.005140356942870892,정무위원회
박성준,0.006327248221985901,정무위원회
이상민,0.0,정무위원회
박찬대,0.0,정무위원회
진성준,0.0006887988994707052,정무위원회
설훈,0.005335436262220032,정무위원회
최인호,0.002297644292803533,정무위원회
강훈식,0.0008362308525352995,정무위원회
인재근,0.0005378025719621346,정무위원회
김한규,0.009551987448662546,정무위원회
김성주,0.009207203983072319,정무위원회
김태년,0.0,정무위원회
박재호,0.006685905409509026,정무위원회
서영석,0.00138754329461409,정무위원회
신정훈,0.007244616489508371,정무위원회
양경숙,0.0037295950046892334,정무위원회
이용빈,0.02296075456762961,정무위원회
김민석,0.0005876039818249346,정무위원회
김성환,0.002505690212833926,정무위원회
우원식,0.00380044255741687,정무위원회
류성걸,0.0013831660943453995,정무위원회
유의동,0.022639691796074467,정무위원회
윤상현,0.029822704262444,정무위원회
이주환,0.0031165024912439407,정무위원회
정희용,0.002232481011592411,정무위원회
조은희,0.0,정무위원회
황희,0.004300407467526098,정무위원회
강선우,0.000983471372919355,정무위원회
박정,0.002303865284580701,정무위원회
신영대,0.0006619756291512957,정무위원회
어기구,0.0,정무위원회
이용선,0.0007544760566152895,정무위원회
전해철,0.002756626845424446,정무위원회
임호선,0.004574550608153368,정무위원회
오영환,0.0036681171498109955,정무위원회
최혜영,0.0,정무위원회
진선미,0.0011349147010449943,정무위원회
김영진,0.0,정무위원회
장철민,0.001495295667822696,정무위원회
허영,0.006263352503132152,정무위원회
강준현,0.0,정무위원회
김영선,0.0002960360284234472,정무위원회
이원욱,0.004956017014408402,정무위원회
기동민,0.0009698533520416628,정무위원회
송갑석,0.003695436355581109,정무위원회
정춘숙,0.0,정무위원회
구자근,0.007791465280831486,정무위원회
안병길,0.0010717344075800318,정무위원회
김웅,0.0,정무위원회
한기호,0.003037726949253883,정무위원회
배준영,0.0006890962189934715,정무위원회
서범수,0.002245002395251597,정무위원회
박진,0.0002603897247727656,정무위원회
조경태,0.005239004437902013,정무위원회
강병원,0.004092753161664656,정무위원회
송재호,0.006337002648377279,정무위원회
김민철,0.000904710355544735,정무위원회
김정호,0.003946454679989913,정무위원회
전봉민,0.001054881875736887,정무위원회
김정재,0.0009007133491196641,정무위원회
윤영석,0.0019523531943086087,정무위원회
김두관,0.00641136375968644,정무위원회
류호정,0.0025757104459361454,정무위원회
이은주,0.006936687600385394,정무위원회
박주민,0.004036959382483847,정무위원회
박홍근,0.002299129978438542,정무위원회
안민석,0.0022011657225202547,정무위원회
이학영,0.00852595485373952,정무위원회
이해식,0.00029653147244397527,정무위원회
권은희,0.007440027141362066,정무위원회
고영인,0.004328457934808234,정무위원회
윤후덕,0.0,정무위원회
맹성규,0.0004002525684109015,정무위원회
전재수,0.0019490556126637412,정무위원회
정성호,0.0012728667461391913,정무위원회
주철현,0.0,정무위원회
김병기,0.0019347565995124448,정무위원회
박범계,0.0003191063327047897,정무위원회
박완주,0.0002433413583079342,정무위원회
장경태,0.002958490007600949,정무위원회
정필모,0.0004198279138217254,정무위원회
조승래,0.0,정무위원회
홍기원,0.0,정무위원회
최연숙,0.0,정무위원회
유기홍,0.0002624402335014262,정무위원회
김경만,0.00812019106618201,정무위원회
김수흥,0.0,정무위원회
김윤덕,0.0,정무위원회
김한정,0.0006162360417233117,정무위원회
도종환,0.0017003662351872772,정무위원회
문정복,0.0,정무위원회
안호영,0.0,정무위원회
용혜인,0.005280348916429516,정무위원회
윤재갑,0.009384471958044604,정무위원회
이개호,0.00745955543913795,정무위원회
이상헌,0.0035092992505365937,정무위원회
이원택,0.00031518731615109454,정무위원회
이재명,3.969606591640291e-05,정무위원회
정태호,0.001139085316146067,정무위원회
조정식,0.00035324492441874756,정무위원회
천준호,0.0,정무위원회
최기상,0.0007402321406365747,정무위원회
최종윤,0.002635749949858228,정무위원회
한병도,0.002733207627764656,정무위원회
홍익표,0.0010365206521159478,정무위원회
권인숙,0.0,정무위원회
김상희,0.0010526698572204817,정무위원회
한무경,0.000786650313580225,정무위원회
홍석준,0.0019617897094014623,정무위원회
이만희,0.00043627110467780273,정무위원회
이철규,0.0029625741908364082,정무위원회
이태규,0.004512671661102845,정무위원회
윤준병,0.0033841941346720895,정무위원회
김의겸,0.0004913409456130238,정무위원회
서영교,0.003118234063284528,정무위원회
이소영,0.00039308155143860066,정무위원회
이병훈,0.0016716129204737303,정무위원회
이성만,0.004756157502940884,정무위원회
노용호,0.0,정무위원회
김남국,0.004471878364946843,정무위원회
유정주,0.0,정무위원회
한준호,0.0020429743870496253,정무위원회
서동용,0.0009014233230204182,정무위원회
임종성,0.003570932340696729,정무위원회
김민기,0.00031418952284257776,정무위원회
김원이,0.0019297206681197097,정무위원회
노웅래,0.000898566591413859,정무위원회
임오경,0.000912188308090711,정무위원회
소병철,0.0011686906203112722,정무위원회
김승남,0.0,정무위원회
김영호,0.003554144479642553,정무위원회
김경협,0.0024423125730364498,정무위원회
문진석,0.001614325199773003,정무위원회
변재일,0.0,정무위원회
허종식,0.0,정무위원회
김영주,0.00272996254290797,정무위원회
송옥주,0.0029626127188144137,정무위원회
고용진,0.002180798787889461,정무위원회
박영순,0.0015852291782029481,정무위원회
백혜련,0.003242379394869353,정무위원회
김용민,0.0022747625237042536,정무위원회
윤호중,0.00022585564636380684,정무위원회
남인순,0.0007384506478735861,정무위원회
윤관석,0.001837873005626023,정무위원회
전혜숙,0.0,정무위원회
양금희,0.0020245092353339813,정무위원회
이인영,0.000763717617191563,정무위원회
이형석,0.0019312281460492874,정무위원회
김영식,0.003737905234451073,정무위원회
서병수,0.0044314508651519475,정무위원회
송언석,0.005123446598485466,정무위원회
안철수,4.913845441314597e-05,정무위원회
장제원,0.000329392532874113,정무위원회
정진석,0.005081991520851856,정무위원회
김회재,0.0020426900644466618,정무위원회
민홍철,0.0013637373950006984,정무위원회
소병훈,0.0017595064700199933,정무위원회
최강욱,0.0,정무위원회
양기대,0.0006823836286236833,정무위원회
조응천,0.0004232005167551756,정무위원회
김교흥,0.003646495427809909,정무위원회
서정숙,0.0,정무위원회
조해진,0.0005912049999515309,정무위원회
하태경,0.011722096005895983,정무위원회
이장섭,0.0013517479915770621,정무위원회
한정애,0.01226309764665885,정무위원회
윤영찬,0.00010269513442725483,정무위원회
신현영,0.00029210309527634345,정무위원회
고민정,0.0018170894727356024,정무위원회
윤두현,0.016335824514551418,정무위원회
정동만,0.0,정무위원회
홍영표,0.0,정무위원회
김희국,0.0,정무위원회
윤재옥,0.004865982874671519,정무위원회
강득구,0.0,정무위원회
이탄희,0.0006515362370928949,정무위원회
신동근,0.00209508309238535,정무위원회
서삼석,0.0012873986578454543,정무위원회
박성중,0.0006423500126973147,정무위원회
임이자,0.0,정무위원회
유동수,0.043919340397233955,정무위원회
양향자,0.0,정무위원회
양이원영,0.001246891223102868,정무위원회
박수영,0.00214734928750827,정무위원회
박대출,0.0006513379387253622,정무위원회
주호영,0.00043827403624730946,정무위원회
김선교,0.003616358739131753,정무위원회
신원식,0.002263085678380116,정무위원회
정경희,0.0002663172351930193,정무위원회
박광온,0.0006577292369030687,정무위원회
정찬민,0.0,정무위원회
김기현,0.0002777692851953676,정무위원회
김병주,0.0008305058652749065,정무위원회
우상호,0.0,정무위원회
정점식,0.00016420084130951316,정무위원회
허은아,0.0001241991405841379,정무위원회
이재정,0.0,정무위원회
,0.0,정무위원회
배현진,0.0,정무위원회
추경호,0.002941542166479707,정무위원회
김진표,0.0,정무위원회
송영길,0.0019293947862930173,정무위원회
박완수,0.00018395947216264934,정무위원회
이광재,0.0003915916597711931,정무위원회
김태흠,0.0031681306630145824,정무위원회
오영훈,0.00019130115709535675,정무위원회
이영,0.0006436871285846756,정무위원회
김은혜,0.0005993601113090297,정무위원회
조태용,0.0,정무위원회
정청래,0.0014887904344328,정무위원회
홍준표,0.0,정무위원회
이규민,0.0,정무위원회
곽상도,0.0,정무위원회
정정순,4.419700176394355e-05,정무위원회
윤희숙,0.0,정무위원회
이상직,0.0,정무위원회
김진애,0.0,정무위원회
이낙연,0.0,정무위원회
이원욱,0.006109346844506979,산업통상자원중소벤처기업위원회
김철민,0.001866308087791103,산업통상자원중소벤처기업위원회
김종민,0.0026493610285410465,산업통상자원중소벤처기업위원회
윤미향,0.004144525547075372,산업통상자원중소벤처기업위원회
홍성국,0.004832033580135702,산업통상자원중소벤처기업위원회
조응천,0.0,산업통상자원중소벤처기업위원회
오영환,0.00292464801121091,산업통상자원중소벤처기업위원회
양정숙,0.002692777016122163,산업통상자원중소벤처기업위원회
김영주,0.00019846070407347784,산업통상자원중소벤처기업위원회
고용진,0.0023359356971879622,산업통상자원중소벤처기업위원회
윤상현,0.000749037992546569,산업통상자원중소벤처기업위원회
박진,0.0033421870282517065,산업통상자원중소벤처기업위원회
이헌승,0.0,산업통상자원중소벤처기업위원회
김용판,0.0029806004806125375,산업통상자원중소벤처기업위원회
김예지,0.005314157319589566,산업통상자원중소벤처기업위원회
태영호,0.0022199099014577604,산업통상자원중소벤처기업위원회
김희곤,0.0,산업통상자원중소벤처기업위원회
하영제,0.004326611738702274,산업통상자원중소벤처기업위원회
정경희,0.0,산업통상자원중소벤처기업위원회
최승재,0.04953530801358307,산업통상자원중소벤처기업위원회
정운천,0.005215689192316781,산업통상자원중소벤처기업위원회
이주환,0.004346419048803943,산업통상자원중소벤처기업위원회
김학용,0.0,산업통상자원중소벤처기업위원회
김성원,0.007011650687276499,산업통상자원중소벤처기업위원회
이종배,0.024519719752278374,산업통상자원중소벤처기업위원회
구자근,0.01839332688929083,산업통상자원중소벤처기업위원회
최춘식,0.0019286948724576,산업통상자원중소벤처기업위원회
송갑석,0.010370412120661395,산업통상자원중소벤처기업위원회
조오섭,0.0,산업통상자원중소벤처기업위원회
민형배,0.008076488130287636,산업통상자원중소벤처기업위원회
이병훈,0.004051003069867829,산업통상자원중소벤처기업위원회
이용빈,0.011485879027616929,산업통상자원중소벤처기업위원회
윤영덕,0.0,산업통상자원중소벤처기업위원회
이성만,0.013378624699792474,산업통상자원중소벤처기업위원회
이개호,0.0014425280923273957,산업통상자원중소벤처기업위원회
강훈식,0.0058933847556733076,산업통상자원중소벤처기업위원회
윤후덕,0.0,산업통상자원중소벤처기업위원회
김도읍,0.002108801550841691,산업통상자원중소벤처기업위원회
유경준,0.0018595729396293404,산업통상자원중소벤처기업위원회
권명호,0.007076963944280994,산업통상자원중소벤처기업위원회
김석기,0.0009910173911514737,산업통상자원중소벤처기업위원회
윤한홍,0.002066264958493253,산업통상자원중소벤처기업위원회
김미애,0.0003225965009724723,산업통상자원중소벤처기업위원회
권성동,0.0,산업통상자원중소벤처기업위원회
지성호,0.0,산업통상자원중소벤처기업위원회
장동혁,0.003457217456399148,산업통상자원중소벤처기업위원회
박형수,0.0,산업통상자원중소벤처기업위원회
최혜영,0.003298617263616579,산업통상자원중소벤처기업위원회
강민정,0.0,산업통상자원중소벤처기업위원회
권인숙,0.0007248167634654513,산업통상자원중소벤처기업위원회
권칠승,0.003036178539881472,산업통상자원중소벤처기업위원회
김상희,0.0,산업통상자원중소벤처기업위원회
유정주,0.0,산업통상자원중소벤처기업위원회
이탄희,0.0,산업통상자원중소벤처기업위원회
전용기,0.009374636032432413,산업통상자원중소벤처기업위원회
정춘숙,0.0,산업통상자원중소벤처기업위원회
홍기원,0.0007612855058366776,산업통상자원중소벤처기업위원회
최형두,0.016079443267749988,산업통상자원중소벤처기업위원회
강기윤,0.0015515341205439253,산업통상자원중소벤처기업위원회
어기구,0.008521225758123535,산업통상자원중소벤처기업위원회
최인호,0.0067412989259377845,산업통상자원중소벤처기업위원회
황보승희,0.0027401749279224595,산업통상자원중소벤처기업위원회
위성곤,0.0064104960999659755,산업통상자원중소벤처기업위원회
류성걸,0.0004971710206587803,산업통상자원중소벤처기업위원회
박대수,0.0010504535119982737,산업통상자원중소벤처기업위원회
양금희,0.009127542961751223,산업통상자원중소벤처기업위원회
이인선,0.003188646868238676,산업통상자원중소벤처기업위원회
이종성,0.0009206069637543207,산업통상자원중소벤처기업위원회
최영희,0.0,산업통상자원중소벤처기업위원회
노용호,0.0024733702523025867,산업통상자원중소벤처기업위원회
엄태영,0.004519020150509749,산업통상자원중소벤처기업위원회
강대식,0.0,산업통상자원중소벤처기업위원회
한무경,0.022435236192381088,산업통상자원중소벤처기업위원회
박정,0.006322868033173805,산업통상자원중소벤처기업위원회
허숙정,0.0,산업통상자원중소벤처기업위원회
허영,0.015188770863507511,산업통상자원중소벤처기업위원회
이학영,0.002587285861801601,산업통상자원중소벤처기업위원회
서동용,0.0007902450445171563,산업통상자원중소벤처기업위원회
고영인,0.0,산업통상자원중소벤처기업위원회
성일종,0.002100255754683887,산업통상자원중소벤처기업위원회
송석준,0.004865375632758853,산업통상자원중소벤처기업위원회
안철수,0.0009374528562577567,산업통상자원중소벤처기업위원회
양향자,0.06014581227436357,산업통상자원중소벤처기업위원회
정우택,0.0016696948971366558,산업통상자원중소벤처기업위원회
홍문표,0.014860980301595293,산업통상자원중소벤처기업위원회
김회재,0.008441564552237144,산업통상자원중소벤처기업위원회
김경만,0.027999264622116563,산업통상자원중소벤처기업위원회
김승남,0.001449031513870268,산업통상자원중소벤처기업위원회
박영순,0.008075105359400139,산업통상자원중소벤처기업위원회
소병철,0.0006502585414614102,산업통상자원중소벤처기업위원회
신정훈,0.027566738460046435,산업통상자원중소벤처기업위원회
이동주,0.016632087997907156,산업통상자원중소벤처기업위원회
이상헌,0.0011783358296217497,산업통상자원중소벤처기업위원회
김형동,0.001231370232160201,산업통상자원중소벤처기업위원회
서범수,0.0023074155335445763,산업통상자원중소벤처기업위원회
임병헌,0.0006449562590224098,산업통상자원중소벤처기업위원회
임이자,0.0,산업통상자원중소벤처기업위원회
김승수,0.0030256214424735834,산업통상자원중소벤처기업위원회
배준영,0.005866778804483139,산업통상자원중소벤처기업위원회
이재정,0.0009883077138487552,산업통상자원중소벤처기업위원회
김영진,0.0003457328979684295,산업통상자원중소벤처기업위원회
도종환,0.0002711342564572197,산업통상자원중소벤처기업위원회
문정복,0.0,산업통상자원중소벤처기업위원회
민병덕,0.009505671306191567,산업통상자원중소벤처기업위원회
소병훈,0.0004501610891205161,산업통상자원중소벤처기업위원회
인재근,0.0,산업통상자원중소벤처기업위원회
권영세,0.00020038113458760966,산업통상자원중소벤처기업위원회
김영식,0.004853734162685986,산업통상자원중소벤처기업위원회
윤창현,0.002283044615068133,산업통상자원중소벤처기업위원회
이만희,0.00032102360696137063,산업통상자원중소벤처기업위원회
이명수,0.0032207796890340672,산업통상자원중소벤처기업위원회
권은희,0.0,산업통상자원중소벤처기업위원회
조명희,0.01266815658302489,산업통상자원중소벤처기업위원회
안병길,0.0017672544293692246,산업통상자원중소벤처기업위원회
이태규,0.00027852863453025327,산업통상자원중소벤처기업위원회
김성환,0.01199355088732937,산업통상자원중소벤처기업위원회
김교흥,0.0,산업통상자원중소벤처기업위원회
김성주,0.0,산업통상자원중소벤처기업위원회
김정호,0.019670021322453345,산업통상자원중소벤처기업위원회
안호영,0.0008919127114814359,산업통상자원중소벤처기업위원회
윤준병,0.004194802006007511,산업통상자원중소벤처기업위원회
이소영,0.002685626400900313,산업통상자원중소벤처기업위원회
이용선,0.005477778902586523,산업통상자원중소벤처기업위원회
이해식,0.0,산업통상자원중소벤처기업위원회
박수영,0.0064366573135393864,산업통상자원중소벤처기업위원회
박광온,0.0004165159852351007,산업통상자원중소벤처기업위원회
송옥주,0.0005937892373021654,산업통상자원중소벤처기업위원회
윤영찬,0.0,산업통상자원중소벤처기업위원회
전해철,0.003101185606832925,산업통상자원중소벤처기업위원회
한정애,0.0003254895150443538,산업통상자원중소벤처기업위원회
홍정민,0.02319308113600094,산업통상자원중소벤처기업위원회
황희,0.00024328302821428975,산업통상자원중소벤처기업위원회
김정재,0.0027559958677140423,산업통상자원중소벤처기업위원회
이양수,0.0,산업통상자원중소벤처기업위원회
이정문,0.0,산업통상자원중소벤처기업위원회
정태호,0.023349561931605697,산업통상자원중소벤처기업위원회
양이원영,0.004993857233526599,산업통상자원중소벤처기업위원회
김승원,0.001196559462414157,산업통상자원중소벤처기업위원회
김용민,0.0009949443056061378,산업통상자원중소벤처기업위원회
이원택,0.0008480023293127261,산업통상자원중소벤처기업위원회
정일영,0.01302047916888222,산업통상자원중소벤처기업위원회
박성민,0.0017502523502876384,산업통상자원중소벤처기업위원회
김웅,0.0,산업통상자원중소벤처기업위원회
서병수,0.0010245203067701441,산업통상자원중소벤처기업위원회
전봉민,0.00016180069380769066,산업통상자원중소벤처기업위원회
조경태,0.0,산업통상자원중소벤처기업위원회
정청래,0.0003729582532457161,산업통상자원중소벤처기업위원회
강선우,0.0,산업통상자원중소벤처기업위원회
김병기,0.0,산업통상자원중소벤처기업위원회
서영교,0.002299635809830179,산업통상자원중소벤처기업위원회
신영대,0.006608117005250162,산업통상자원중소벤처기업위원회
임오경,0.0002518902592110704,산업통상자원중소벤처기업위원회
김진표,0.0015433721365149273,산업통상자원중소벤처기업위원회
박성준,0.0,산업통상자원중소벤처기업위원회
백혜련,0.0007539464017124932,산업통상자원중소벤처기업위원회
서정숙,0.0,산업통상자원중소벤처기업위원회
양기대,0.00251927761080792,산업통상자원중소벤처기업위원회
전혜숙,0.0,산업통상자원중소벤처기업위원회
김민철,0.0,산업통상자원중소벤처기업위원회
송재호,0.007460075800243889,산업통상자원중소벤처기업위원회
진성준,0.0,산업통상자원중소벤처기업위원회
강득구,0.003623497218609645,산업통상자원중소벤처기업위원회
김홍걸,0.0020539715414187045,산업통상자원중소벤처기업위원회
김영선,0.00014223905736524215,산업통상자원중소벤처기업위원회
조은희,0.0,산업통상자원중소벤처기업위원회
강준현,0.0,산업통상자원중소벤처기업위원회
김한정,0.002013142961707364,산업통상자원중소벤처기업위원회
박홍근,0.0036824041922794122,산업통상자원중소벤처기업위원회
조정식,0.0013151606152707565,산업통상자원중소벤처기업위원회
한병도,0.01413136076490751,산업통상자원중소벤처기업위원회
이철규,0.03403485889678767,산업통상자원중소벤처기업위원회
유상범,0.0003810988406102479,산업통상자원중소벤처기업위원회
윤두현,0.0,산업통상자원중소벤처기업위원회
정희용,0.0,산업통상자원중소벤처기업위원회
한기호,0.0,산업통상자원중소벤처기업위원회
조해진,0.00045604188179902987,산업통상자원중소벤처기업위원회
김상훈,0.008387280427287798,산업통상자원중소벤처기업위원회
박덕흠,0.0,산업통상자원중소벤처기업위원회
이용,0.0,산업통상자원중소벤처기업위원회
김한규,0.00011973465443979053,산업통상자원중소벤처기업위원회
안규백,0.0,산업통상자원중소벤처기업위원회
이형석,0.0,산업통상자원중소벤처기업위원회
김태호,0.0006082128048820848,산업통상자원중소벤처기업위원회
김의겸,0.0,산업통상자원중소벤처기업위원회
우원식,0.0006156566258409546,산업통상자원중소벤처기업위원회
한준호,0.0,산업통상자원중소벤처기업위원회
김윤덕,0.0006534124914971153,산업통상자원중소벤처기업위원회
임종성,0.010755379798803043,산업통상자원중소벤처기업위원회
황운하,0.012643342842510234,산업통상자원중소벤처기업위원회
설훈,0.0,산업통상자원중소벤처기업위원회
박주민,1.6895436567458135e-05,산업통상자원중소벤처기업위원회
주철현,0.0008438303043762291,산업통상자원중소벤처기업위원회
김경협,0.002736805184635232,산업통상자원중소벤처기업위원회
김민석,0.0,산업통상자원중소벤처기업위원회
김주영,0.0018255072379398684,산업통상자원중소벤처기업위원회
이장섭,0.004888321412553294,산업통상자원중소벤처기업위원회
임호선,0.002573480582456094,산업통상자원중소벤처기업위원회
진선미,9.97775125511135e-05,산업통상자원중소벤처기업위원회
홍영표,0.0002462124785178246,산업통상자원중소벤처기업위원회
유기홍,0.0,산업통상자원중소벤처기업위원회
강병원,0.0007965698836253745,산업통상자원중소벤처기업위원회
김남국,0.001103927125323263,산업통상자원중소벤처기업위원회
김원이,0.0039501744310799156,산업통상자원중소벤처기업위원회
박상혁,0.000971085237104373,산업통상자원중소벤처기업위원회
허종식,0.0027155266669849137,산업통상자원중소벤처기업위원회
최기상,0.0006107525864242218,산업통상자원중소벤처기업위원회
변재일,0.0002905183503809366,산업통상자원중소벤처기업위원회
서영석,0.0018607287655868267,산업통상자원중소벤처기업위원회
기동민,0.0005476991047585749,산업통상자원중소벤처기업위원회
안민석,0.0003037027340677486,산업통상자원중소벤처기업위원회
박범계,0.004613558012044834,산업통상자원중소벤처기업위원회
조승래,0.0,산업통상자원중소벤처기업위원회
장경태,0.0030913756607324244,산업통상자원중소벤처기업위원회
최종윤,0.0005441283224689227,산업통상자원중소벤처기업위원회
김병주,0.0,산업통상자원중소벤처기업위원회
박용진,0.0,산업통상자원중소벤처기업위원회
최연숙,0.0,산업통상자원중소벤처기업위원회
박정하,0.0,산업통상자원중소벤처기업위원회
백종헌,0.0,산업통상자원중소벤처기업위원회
조정훈,0.019236546464495737,산업통상자원중소벤처기업위원회
홍석준,0.0016273913074137192,산업통상자원중소벤처기업위원회
김희국,0.0,산업통상자원중소벤처기업위원회
이달곤,0.00022445112310346126,산업통상자원중소벤처기업위원회
박재호,0.0005826085137239774,산업통상자원중소벤처기업위원회
김영배,0.0,산업통상자원중소벤처기업위원회
전재수,0.00046716921384861327,산업통상자원중소벤처기업위원회
서삼석,0.0060963779589836885,산업통상자원중소벤처기업위원회
민홍철,0.0008954162906667801,산업통상자원중소벤처기업위원회
김두관,0.0,산업통상자원중소벤처기업위원회
정필모,0.00022549848073615453,산업통상자원중소벤처기업위원회
신현영,0.0,산업통상자원중소벤처기업위원회
윤재갑,0.018284112990877774,산업통상자원중소벤처기업위원회
윤주경,0.0,산업통상자원중소벤처기업위원회
이용우,0.0002899947293288914,산업통상자원중소벤처기업위원회
노웅래,0.008065797295407783,산업통상자원중소벤처기업위원회
신동근,0.0,산업통상자원중소벤처기업위원회
정성호,0.0,산업통상자원중소벤처기업위원회
강성희,0.0,산업통상자원중소벤처기업위원회
최강욱,0.00022950304592504663,산업통상자원중소벤처기업위원회
문진석,0.0011226100296379481,산업통상자원중소벤처기업위원회
이인영,0.00013001575478783811,산업통상자원중소벤처기업위원회
홍익표,0.0038676079658792784,산업통상자원중소벤처기업위원회
강민국,0.0004918614426928607,산업통상자원중소벤처기업위원회
윤관석,0.00223725106929675,산업통상자원중소벤처기업위원회
장철민,0.0,산업통상자원중소벤처기업위원회
류호정,0.008918953514435675,산업통상자원중소벤처기업위원회
강은미,0.000703844793477972,산업통상자원중소벤처기업위원회
배진교,0.0,산업통상자원중소벤처기업위원회
심상정,0.0005070443347887923,산업통상자원중소벤처기업위원회
용혜인,0.0001247085387364439,산업통상자원중소벤처기업위원회
이은주,0.0,산업통상자원중소벤처기업위원회
장혜영,0.0009115666557198124,산업통상자원중소벤처기업위원회
서일준,0.004153492560449876,산업통상자원중소벤처기업위원회
유의동,0.001689978408132504,산업통상자원중소벤처기업위원회
주호영,0.0003742492767628677,산업통상자원중소벤처기업위원회
박성중,0.00019109728181554282,산업통상자원중소벤처기업위원회
윤호중,0.0,산업통상자원중소벤처기업위원회
김수흥,0.003550325162515916,산업통상자원중소벤처기업위원회
김영호,0.000168957741078922,산업통상자원중소벤처기업위원회
정동만,0.0016346343172261113,산업통상자원중소벤처기업위원회
김태년,0.00013619348802816598,산업통상자원중소벤처기업위원회
오기형,0.0,산업통상자원중소벤처기업위원회
박대출,0.0022342270216136233,산업통상자원중소벤처기업위원회
이채익,0.004072213959837158,산업통상자원중소벤처기업위원회
윤건영,0.0,산업통상자원중소벤처기업위원회
박찬대,0.0,산업통상자원중소벤처기업위원회
유동수,0.0,산업통상자원중소벤처기업위원회
허은아,0.0004593539515984398,산업통상자원중소벤처기업위원회
양경숙,0.00041544760051171413,산업통상자원중소벤처기업위원회
전주혜,0.0,산업통상자원중소벤처기업위원회
정점식,0.00013893456416812973,산업통상자원중소벤처기업위원회
정진석,0.0,산업통상자원중소벤처기업위원회
조수진,0.0021269669267954304,산업통상자원중소벤처기업위원회
하태경,0.0,산업통상자원중소벤처기업위원회
박완주,0.0,산업통상자원중소벤처기업위원회
송언석,0.004182141457755889,산업통상자원중소벤처기업위원회
맹성규,0.0,산업통상자원중소벤처기업위원회
박병석,1.6146020889060878e-05,산업통상자원중소벤처기업위원회
이용호,0.006849981627654243,산업통상자원중소벤처기업위원회
신원식,0.0,산업통상자원중소벤처기업위원회
김선교,0.0035728913634494146,산업통상자원중소벤처기업위원회
송기헌,0.0010223693724086679,산업통상자원중소벤처기업위원회
남인순,0.0,산업통상자원중소벤처기업위원회
배현진,0.0,산업통상자원중소벤처기업위원회
고민정,0.0002916638150649621,산업통상자원중소벤처기업위원회
김민기,0.00015342362637857975,산업통상자원중소벤처기업위원회
천준호,0.0,산업통상자원중소벤처기업위원회
김기현,0.0009229611015248205,산업통상자원중소벤처기업위원회
우상호,0.0,산업통상자원중소벤처기업위원회
최재형,0.0,산업통상자원중소벤처기업위원회
정찬민,0.0006343256371517223,산업통상자원중소벤처기업위원회
윤영석,0.0028828662279167003,산업통상자원중소벤처기업위원회
,0.0,산업통상자원중소벤처기업위원회
윤재옥,0.0,산업통상자원중소벤처기업위원회
송영길,0.0018360436748435778,산업통상자원중소벤처기업위원회
추경호,0.0,산업통상자원중소벤처기업위원회
이광재,0.0021653337746686766,산업통상자원중소벤처기업위원회
박완수,0.00016546792376124036,산업통상자원중소벤처기업위원회
조태용,0.0,산업통상자원중소벤처기업위원회
김은혜,0.0,산업통상자원중소벤처기업위원회
오영훈,0.0,산업통상자원중소벤처기업위원회
이영,0.0010560021287997694,산업통상자원중소벤처기업위원회
김태흠,0.0007890231397346007,산업통상자원중소벤처기업위원회
홍준표,0.0,산업통상자원중소벤처기업위원회
장제원,0.00042050094942020053,산업통상자원중소벤처기업위원회
곽상도,0.00016344114129699554,산업통상자원중소벤처기업위원회
이규민,0.0044302780299256455,산업통상자원중소벤처기업위원회
윤희숙,0.0,산업통상자원중소벤처기업위원회
이상민,0.0,산업통상자원중소벤처기업위원회
이낙연,0.0,산업통상자원중소벤처기업위원회
이상직,0.0,산업통상자원중소벤처기업위원회
정정순,0.0,산업통상자원중소벤처기업위원회
김진애,0.0,산업통상자원중소벤처기업위원회
윤미향,0.013847184733542017,환경노동위원회
최종윤,0.003572762306308989,환경노동위원회
김의겸,0.0,환경노동위원회
한정애,0.003899301967582264,환경노동위원회
강민정,0.018074190148660376,환경노동위원회
민형배,0.0052066511207114275,환경노동위원회
송옥주,0.022239181464836447,환경노동위원회
양정숙,0.016711019813064793,환경노동위원회
윤영찬,0.0006404069289904341,환경노동위원회
유기홍,0.00014411474966723702,환경노동위원회
장혜영,0.010281626035527387,환경노동위원회
강은미,0.004147204640855697,환경노동위원회
심상정,0.0024100307325946855,환경노동위원회
배진교,0.0,환경노동위원회
양경규,4.7343668957790546e-05,환경노동위원회
이자스민,2.265346690532516e-05,환경노동위원회
허숙정,0.0,환경노동위원회
용혜인,0.012380798955844572,환경노동위원회
강성희,0.0,환경노동위원회
김예지,0.04667079550539942,환경노동위원회
박용진,0.002554434017244189,환경노동위원회
김영주,0.0068220884091400105,환경노동위원회
남인순,0.0024289202428593817,환경노동위원회
김주영,0.014655332712927686,환경노동위원회
김도읍,0.006251204443683785,환경노동위원회
박진,0.013103239474124296,환경노동위원회
장동혁,0.006100627907782806,환경노동위원회
황보승희,0.0023865515237448,환경노동위원회
권명호,0.01200320508530924,환경노동위원회
윤한홍,0.00048080218578690876,환경노동위원회
하영제,0.0016502197971115064,환경노동위원회
김은희,0.0,환경노동위원회
권영세,0.0005032826171800556,환경노동위원회
유경준,0.002208801328298492,환경노동위원회
김승수,0.002422086086739964,환경노동위원회
조명희,0.015034742461320874,환경노동위원회
지성호,0.002950811516408797,환경노동위원회
이주환,0.00509663039087263,환경노동위원회
임이자,0.012945831059912326,환경노동위원회
한무경,0.000859257197785808,환경노동위원회
김상훈,0.0012478107942234514,환경노동위원회
박대수,0.06938391266917206,환경노동위원회
임병헌,0.000496133010131033,환경노동위원회
김석기,0.0012578215340571148,환경노동위원회
송기헌,0.0024605508930649563,환경노동위원회
김철민,0.0013852461304831325,환경노동위원회
허영,0.006165289522632045,환경노동위원회
강준현,0.008105015638063838,환경노동위원회
조승래,0.0,환경노동위원회
정성호,0.007844440736323892,환경노동위원회
박광온,0.0017217071794311772,환경노동위원회
김영배,0.004635181830594742,환경노동위원회
백혜련,0.001881725108343372,환경노동위원회
강훈식,0.0037579933902228773,환경노동위원회
민병덕,0.003988812634616369,환경노동위원회
신현영,0.000433814038613965,환경노동위원회
이소영,0.0029177735733447703,환경노동위원회
김민철,0.001280316402215545,환경노동위원회
김정호,0.012067489111693275,환경노동위원회
이학영,0.005018598735577457,환경노동위원회
정태호,0.0033765361574737834,환경노동위원회
이상헌,0.015535811558894807,환경노동위원회
고영인,0.005833638174066002,환경노동위원회
어기구,0.008278378386162471,환경노동위원회
윤후덕,0.0013358492588782028,환경노동위원회
김성환,0.0,환경노동위원회
임종성,0.010694860866133245,환경노동위원회
허종식,0.0008690456077225973,환경노동위원회
김윤덕,0.0014445283562770494,환경노동위원회
김홍걸,0.001068043617214182,환경노동위원회
이종배,0.0019113824788717087,환경노동위원회
이양수,0.0,환경노동위원회
태영호,0.010542458967796384,환경노동위원회
강대식,0.0037869269382298865,환경노동위원회
정운천,0.006222552697574349,환경노동위원회
홍문표,0.003261787293796292,환경노동위원회
성일종,0.007350719499102668,환경노동위원회
김성원,0.00995451832417728,환경노동위원회
이정문,0.0008343360665856435,환경노동위원회
임호선,0.0038972038570841737,환경노동위원회
서영석,0.00774183550908499,환경노동위원회
기동민,0.0010635916211272402,환경노동위원회
이동주,0.000954987521290018,환경노동위원회
장철민,0.012267868522605065,환경노동위원회
안민석,0.002769773183073017,환경노동위원회
박상혁,0.006136936732254632,환경노동위원회
김용판,0.0020629886835040025,환경노동위원회
김학용,0.0026805851112182036,환경노동위원회
류성걸,0.0005906400548971865,환경노동위원회
백종헌,0.0,환경노동위원회
구자근,0.0007810994782237084,환경노동위원회
전봉민,0.0007026391836822202,환경노동위원회
엄태영,0.002918367213694438,환경노동위원회
이만희,0.0,환경노동위원회
이명수,0.006101892282159756,환경노동위원회
박형수,0.0,환경노동위원회
노용호,0.00033138516192663986,환경노동위원회
하태경,0.001426918309647917,환경노동위원회
이용,0.00037031559406046225,환경노동위원회
박성중,0.0,환경노동위원회
김희곤,0.0021921632257404715,환경노동위원회
이헌승,0.009656833663350605,환경노동위원회
안병길,0.0016232040196636863,환경노동위원회
정동만,0.0005533957431808859,환경노동위원회
김형동,0.022684200507316805,환경노동위원회
이은주,0.003623167874432719,환경노동위원회
김종민,0.0038869411957868256,환경노동위원회
류호정,0.0071052989275867205,환경노동위원회
박정,0.004616681276055078,환경노동위원회
노웅래,0.018616152446856857,환경노동위원회
김원이,0.002013621839675939,환경노동위원회
박홍근,0.004790616223172731,환경노동위원회
전용기,0.016958679441524703,환경노동위원회
홍기원,0.0010103792378486458,환경노동위원회
신정훈,0.002924817925846294,환경노동위원회
김두관,0.00484042366641287,환경노동위원회
김승남,0.002882965557069134,환경노동위원회
김남국,0.0020187157024575183,환경노동위원회
소병훈,0.0023026467890621574,환경노동위원회
위성곤,0.016500800721458334,환경노동위원회
전재수,0.0008388432845110459,환경노동위원회
윤건영,0.0039030025524201912,환경노동위원회
이용우,0.001386537566673487,환경노동위원회
이인선,0.0,환경노동위원회
최영희,0.0,환경노동위원회
조정훈,0.02743014447963537,환경노동위원회
박수영,0.0,환경노동위원회
유상범,0.0029650948638537252,환경노동위원회
윤창현,0.0021000224714108817,환경노동위원회
이종성,0.004660870382992006,환경노동위원회
전주혜,0.0010397004450389278,환경노동위원회
홍석준,0.0064814600420697475,환경노동위원회
김미애,0.0014138373141317085,환경노동위원회
강기윤,0.0016404745282451057,환경노동위원회
이채익,0.0,환경노동위원회
조경태,0.0,환경노동위원회
박덕흠,0.007809984384644221,환경노동위원회
배준영,0.00024823878522043595,환경노동위원회
양금희,0.003972167505823921,환경노동위원회
서병수,0.0013116643137260008,환경노동위원회
서범수,0.0035046013513893755,환경노동위원회
우신구,0.0,환경노동위원회
송재호,0.0019362745729472005,환경노동위원회
양기대,0.0017751457838812317,환경노동위원회
이병훈,0.0034998529585533356,환경노동위원회
한병도,0.0036066168706749193,환경노동위원회
홍성국,0.0008105115495570669,환경노동위원회
정경희,0.00580649348452877,환경노동위원회
김영선,0.0002976467224632358,환경노동위원회
정우택,0.0011777765273814922,환경노동위원회
진성준,0.0029339286109069823,환경노동위원회
양경숙,0.005915999330900452,환경노동위원회
박주민,0.005591713682369446,환경노동위원회
조오섭,0.0033205463034202713,환경노동위원회
박영순,0.006218403461590383,환경노동위원회
이용빈,0.008675861015361776,환경노동위원회
김성주,0.0,환경노동위원회
윤영덕,0.00044823941794038647,환경노동위원회
장경태,0.0024569418716071365,환경노동위원회
우원식,0.0039890973910776464,환경노동위원회
소병철,0.0033241521411193145,환경노동위원회
서영교,0.0001484343605994618,환경노동위원회
한준호,0.009305978776318592,환경노동위원회
이개호,0.0,환경노동위원회
오영환,0.012802351215603714,환경노동위원회
권칠승,0.0012073483157320317,환경노동위원회
이성만,0.0019539476332992695,환경노동위원회
박성준,0.002311783466705601,환경노동위원회
정일영,0.004622113950816695,환경노동위원회
홍정민,0.0005834856679607339,환경노동위원회
김용민,0.0007762232604369479,환경노동위원회
김한규,0.0002263083923925294,환경노동위원회
김교흥,0.0,환경노동위원회
이용호,0.016078674708207015,환경노동위원회
김영식,0.0010223461342500361,환경노동위원회
윤영석,0.0011044853333326363,환경노동위원회
이달곤,0.000626499178699949,환경노동위원회
김수흥,0.0034606446554091242,환경노동위원회
김영진,0.005048897411132271,환경노동위원회
최춘식,0.0,환경노동위원회
김태호,0.004130119268312232,환경노동위원회
박성민,0.0,환경노동위원회
서일준,0.002309661773128975,환경노동위원회
안규백,0.007476325914577491,환경노동위원회
이원택,0.001644108029330775,환경노동위원회
인재근,0.0,환경노동위원회
권성동,0.0004792848036193683,환경노동위원회
박정하,0.0,환경노동위원회
조수진,0.0012575212688529039,환경노동위원회
윤재갑,0.011683890860578264,환경노동위원회
최기상,0.0017397731482215874,환경노동위원회
강득구,0.008467815026209217,환경노동위원회
진선미,0.0010490877794667088,환경노동위원회
최혜영,0.017086488066079014,환경노동위원회
전혜숙,0.00991858032895536,환경노동위원회
김상희,0.000989855204718146,환경노동위원회
김병기,0.00047201659304891197,환경노동위원회
이재정,0.0002724141712931228,환경노동위원회
이형석,0.0010305745176146463,환경노동위원회
황희,0.00014228766678796526,환경노동위원회
김정재,0.0005849271949595028,환경노동위원회
김웅,0.0,환경노동위원회
양이원영,0.0018099855426853542,환경노동위원회
김승원,0.0028402013559479353,환경노동위원회
윤준병,0.01070556075164445,환경노동위원회
이용선,0.0015723579736065514,환경노동위원회
정필모,0.0,환경노동위원회
황운하,0.0016086688275305987,환경노동위원회
이장섭,0.00039432352176580116,환경노동위원회
홍영표,0.0007185347174292247,환경노동위원회
신영대,0.001987659120258699,환경노동위원회
윤호중,0.00042651665764586403,환경노동위원회
조정식,0.0010452158738637383,환경노동위원회
최인호,0.0011997172464657693,환경노동위원회
유정주,0.0019437058516358651,환경노동위원회
주철현,0.0,환경노동위원회
윤관석,0.0,환경노동위원회
이해식,0.0015240684767753314,환경노동위원회
김경협,0.007631423007633841,환경노동위원회
김민기,0.0008667229331303725,환경노동위원회
강선우,0.00285349842930655,환경노동위원회
박재호,0.0023596060191556356,환경노동위원회
송갑석,0.0033688970020352925,환경노동위원회
맹성규,0.0012177827918545372,환경노동위원회
신동근,0.0026622292663952348,환경노동위원회
윤상현,0.005478552560467945,환경노동위원회
안철수,0.00018736260334317067,환경노동위원회
유의동,0.017865352273790745,환경노동위원회
주호영,0.0006992038352606813,환경노동위원회
강병원,0.002596152789525931,환경노동위원회
전해철,0.0028070315250208542,환경노동위원회
변재일,0.0019297654918251853,환경노동위원회
김회재,0.004248342421935778,환경노동위원회
이원욱,0.005322096756605208,환경노동위원회
정춘숙,0.0019347413676213789,환경노동위원회
안호영,0.015610549558148827,환경노동위원회
김태년,0.0001310188988984946,환경노동위원회
박완주,0.0,환경노동위원회
서삼석,0.0022585629287819515,환경노동위원회
문진석,0.0018372272172132872,환경노동위원회
박찬대,0.00091348928324827,환경노동위원회
유동수,0.00873679082658344,환경노동위원회
문정복,0.0,환경노동위원회
최재형,0.0,환경노동위원회
고용진,0.0,환경노동위원회
민홍철,0.0010170638995294387,환경노동위원회
조해진,0.0002299456163832363,환경노동위원회
최연숙,0.004787732888516919,환경노동위원회
한기호,0.0,환경노동위원회
양향자,0.006262495367228502,환경노동위원회
김민석,0.009816399032286184,환경노동위원회
김병주,0.0,환경노동위원회
천준호,0.001231745207516729,환경노동위원회
김희국,0.0,환경노동위원회
이태규,0.002260178242006247,환경노동위원회
최승재,0.02549844683978664,환경노동위원회
서정숙,0.0015824029135240846,환경노동위원회
조은희,0.0043964808905863975,환경노동위원회
서동용,0.0015267627402209972,환경노동위원회
정희용,0.0010428314229279966,환경노동위원회
권인숙,0.0011582461825033641,환경노동위원회
이재명,0.0,환경노동위원회
박범계,9.93480109650733e-05,환경노동위원회
김영호,0.000672111730582914,환경노동위원회
최강욱,0.0007938470853586456,환경노동위원회
이인영,0.0019403349653131453,환경노동위원회
우상호,0.0,환경노동위원회
설훈,0.0016152784532620368,환경노동위원회
송석준,0.015491763938753735,환경노동위원회
정점식,0.00098724189254465,환경노동위원회
홍익표,0.0005428620947317902,환경노동위원회
이탄희,0.0013358061560742854,환경노동위원회
윤주경,0.0,환경노동위원회
정진석,0.0,환경노동위원회
이상민,0.0,환경노동위원회
박병석,4.1179482525554425e-05,환경노동위원회
윤재옥,0.004616777522849549,환경노동위원회
강민국,0.0,환경노동위원회
권은희,0.0016289525852196715,환경노동위원회
김기현,0.0029289885150245816,환경노동위원회
박대출,0.0012286259721171538,환경노동위원회
배현진,0.0,환경노동위원회
송언석,0.0031260479180544583,환경노동위원회
신원식,0.0,환경노동위원회
윤두현,0.001263251724701,환경노동위원회
이철규,0.0,환경노동위원회
장제원,0.0003427398418479638,환경노동위원회
정찬민,0.0017164993172544623,환경노동위원회
최형두,0.00021716471454452305,환경노동위원회
추경호,0.002196956760469809,환경노동위원회
허은아,0.0,환경노동위원회
김선교,0.0016460781351222552,환경노동위원회
김경만,0.0005579239992746324,환경노동위원회
조응천,0.0,환경노동위원회
고민정,0.002843438347475371,환경노동위원회
임오경,0.00016876349624546778,환경노동위원회
도종환,0.0,환경노동위원회
오기형,0.0,환경노동위원회
김한정,0.0,환경노동위원회
이영,0.003959243518830234,환경노동위원회
김진표,0.0,환경노동위원회
이광재,0.0013827996130225506,환경노동위원회
정청래,0.00036794629077536957,환경노동위원회
조태용,0.0,환경노동위원회
김태흠,0.0,환경노동위원회
김은혜,0.00024193000725916339,환경노동위원회
오영훈,0.00022295959452424215,환경노동위원회
박완수,6.570520756540746e-05,환경노동위원회
이규민,0.002272197858571753,환경노동위원회
곽상도,0.0,환경노동위원회
정정순,0.0,환경노동위원회
윤희숙,0.00010109760939103243,환경노동위원회
홍준표,0.00026326820631757336,환경노동위원회
이상직,0.0,환경노동위원회
송영길,0.0003541679154286262,환경노동위원회
김진애,0.0,환경노동위원회
이낙연,0.0,환경노동위원회
강민정,0.05384536345851012,교육위원회
윤영덕,0.01031785313815578,교육위원회
민병덕,0.0011592375920349014,교육위원회
서동용,0.009820446610842824,교육위원회
이탄희,0.009896283959195956,교육위원회
양이원영,0.0,교육위원회
장경태,0.001444676323797463,교육위원회
허숙정,0.0,교육위원회
김영호,0.004840627255066104,교육위원회
도종환,0.0033947573802257263,교육위원회
문정복,0.002361353550952556,교육위원회
민형배,0.010519899578958663,교육위원회
김진표,0.049978212006406245,교육위원회
이병훈,0.009030067245121929,교육위원회
박용진,0.001834307480468915,교육위원회
홍성국,0.004362018236639285,교육위원회
전혜숙,0.0013127569227516756,교육위원회
이상헌,0.004347280751051641,교육위원회
송갑석,0.0030081380167701426,교육위원회
소병철,0.0014461057769519362,교육위원회
오영환,0.0,교육위원회
최연숙,0.0,교육위원회
김철민,0.02467789448333751,교육위원회
김남국,0.0015393841960697143,교육위원회
강득구,0.045140460248646236,교육위원회
황운하,0.0020858070380367333,교육위원회
김의겸,0.0,교육위원회
양경숙,0.0006307688592208624,교육위원회
권인숙,0.006924369489064999,교육위원회
김경만,0.0,교육위원회
윤주경,0.0003763520211990099,교육위원회
이헌승,0.0014081060625807237,교육위원회
서병수,0.026707011516884857,교육위원회
강기윤,0.011709272166003232,교육위원회
이주환,0.004616392112769856,교육위원회
김희곤,0.0,교육위원회
유경준,0.0,교육위원회
최승재,0.0015615521847570128,교육위원회
최형두,0.00969533287890316,교육위원회
박대수,0.0015219867623207889,교육위원회
유기홍,0.02406041807695352,교육위원회
임오경,0.00412728977676646,교육위원회
인재근,0.0,교육위원회
허영,0.0009330128174939171,교육위원회
김민기,0.0034359281058769092,교육위원회
신현영,0.0007250652116086928,교육위원회
이태규,0.006405961912614522,교육위원회
정우택,0.004842271477087567,교육위원회
권명호,0.00396609160894076,교육위원회
이인선,0.0,교육위원회
지성호,0.0,교육위원회
엄태영,0.0,교육위원회
최재형,0.0007087178062036194,교육위원회
이종성,0.006361733940465432,교육위원회
백종헌,0.0,교육위원회
김예지,0.03775353917354838,교육위원회
서정숙,0.00027859045310230557,교육위원회
김미애,0.0019620684438135323,교육위원회
최춘식,0.0007408277286863517,교육위원회
우신구,0.0,교육위원회
전주혜,0.0014634563755694778,교육위원회
홍기원,0.0013805357435495349,교육위원회
김용민,0.0014923118141024873,교육위원회
황희,0.0002528422258320076,교육위원회
임종성,0.0030986779007338657,교육위원회
김영주,0.0017845765148363163,교육위원회
이용빈,0.004311720939359504,교육위원회
정태호,0.0007583026962042495,교육위원회
김상희,0.000880517401936261,교육위원회
설훈,0.0,교육위원회
이원택,0.0011726744421209755,교육위원회
박찬대,0.015351065154935957,교육위원회
조은희,0.0,교육위원회
정경희,0.008647990773923458,교육위원회
조경태,0.019450907784900554,교육위원회
추경호,0.0,교육위원회
윤창현,0.0023807350348559273,교육위원회
김도읍,0.002560745901308782,교육위원회
조수진,0.0,교육위원회
권성동,0.0,교육위원회
권영세,0.0,교육위원회
김형동,0.003535510731001184,교육위원회
황보승희,0.00669516647372964,교육위원회
윤한홍,0.0,교육위원회
장동혁,0.0,교육위원회
김석기,0.0,교육위원회
박형수,0.0006707937485684206,교육위원회
유상범,0.0005163738209045646,교육위원회
송옥주,0.0032042376510765147,교육위원회
김한규,0.0,교육위원회
이동주,0.0,교육위원회
김성주,0.0,교육위원회
양정숙,0.004014298351348549,교육위원회
박정,0.0009216069779766996,교육위원회
이은주,0.004493572254278376,교육위원회
심상정,0.0,교육위원회
안민석,0.03347746130801953,교육위원회
김홍걸,0.0,교육위원회
김수흥,0.0,교육위원회
조오섭,0.002461805905515539,교육위원회
한준호,0.006615685022948374,교육위원회
전봉민,0.0026904326789448257,교육위원회
김용판,0.00831906750254778,교육위원회
박성민,0.0020979112371803874,교육위원회
박성중,0.0,교육위원회
안병길,0.0,교육위원회
정동만,0.0008894627308253596,교육위원회
정운천,0.0,교육위원회
강은미,0.0003523143775819841,교육위원회
김승원,0.004681508361445096,교육위원회
박영순,0.0023944679509859627,교육위원회
윤미향,0.0021581167110210197,교육위원회
이학영,0.0009147200414183195,교육위원회
주철현,0.0,교육위원회
김성원,0.005058791225770294,교육위원회
이채익,0.0050418064715075485,교육위원회
조명희,0.004923475359270501,교육위원회
태영호,0.004535940996826728,교육위원회
이해식,0.009835474727327143,교육위원회
김승남,0.002398092909028195,교육위원회
김교흥,0.007546597864847092,교육위원회
진선미,0.00044720751864063513,교육위원회
서영석,0.0010767136436206557,교육위원회
김영배,0.0007955774281769394,교육위원회
김한정,0.000275122303009077,교육위원회
이용선,0.000585370027566332,교육위원회
최영희,0.0010160078284058313,교육위원회
하영제,0.007660592783961551,교육위원회
김승수,0.0014612128466074642,교육위원회
박진,0.005458635196923542,교육위원회
배준영,0.02744146748136172,교육위원회
배현진,0.0,교육위원회
성일종,0.013992663193803887,교육위원회
유의동,0.0020508480906873926,교육위원회
이명수,0.0,교육위원회
이종배,0.01511530279792481,교육위원회
하태경,0.0006171785382155593,교육위원회
홍문표,0.0,교육위원회
구자근,0.004793255446313028,교육위원회
최기상,0.0011485944940451515,교육위원회
강선우,0.004476774153638614,교육위원회
고용진,0.0,교육위원회
기동민,0.0,교육위원회
우원식,0.000902014151065137,교육위원회
이형석,0.0,교육위원회
임호선,0.0022885757720273628,교육위원회
전재수,0.0013095298419203464,교육위원회
권은희,0.027718486973429882,교육위원회
강민국,0.0,교육위원회
양향자,0.010074612266546039,교육위원회
김태호,0.0,교육위원회
서일준,0.0042375130800641325,교육위원회
권칠승,0.001816210395106028,교육위원회
소병훈,0.00214548676661793,교육위원회
안호영,0.0,교육위원회
홍정민,0.0023329674185607586,교육위원회
김병기,0.0,교육위원회
김영진,0.0,교육위원회
김윤덕,0.0025775478621041788,교육위원회
박광온,0.003116858958777781,교육위원회
백혜련,0.0010738424023417565,교육위원회
김주영,0.0016344952554228197,교육위원회
윤후덕,0.0006423675553071703,교육위원회
이원욱,0.002640527880460643,교육위원회
전용기,0.004861899580395047,교육위원회
정성호,0.0,교육위원회
정춘숙,0.00272898409586629,교육위원회
최종윤,0.00655855794089865,교육위원회
최혜영,0.002531353510385153,교육위원회
박주민,0.0009765806799937264,교육위원회
유정주,0.0,교육위원회
윤영찬,0.0011804308597099871,교육위원회
정청래,0.007596685349267134,교육위원회
이용,0.0043552717754684256,교육위원회
김정재,0.001710318893069856,교육위원회
김학용,0.0,교육위원회
박덕흠,0.0023309765058639573,교육위원회
이용호,0.007529452486421294,교육위원회
김웅,0.0,교육위원회
김영선,0.002207346930056153,교육위원회
류성걸,0.0013827969819311628,교육위원회
이달곤,0.0014327205550131131,교육위원회
변재일,0.0,교육위원회
신영대,0.0013195962063996692,교육위원회
안규백,0.0,교육위원회
조승래,0.012262951252964236,교육위원회
한병도,0.0,교육위원회
허종식,0.005781465476918162,교육위원회
강대식,0.0017373541678742516,교육위원회
윤상현,0.003727964864777839,교육위원회
임병헌,0.0,교육위원회
홍석준,0.0011223269053900879,교육위원회
조정훈,0.0,교육위원회
이성만,0.0015982917198974693,교육위원회
한정애,0.0,교육위원회
한무경,0.0007264355315029738,교육위원회
김민석,0.004812528338307681,교육위원회
박상혁,0.01303979273220134,교육위원회
어기구,0.0011827594142552163,교육위원회
이소영,0.001549639909658938,교육위원회
전해철,0.0,교육위원회
최인호,0.0011637416448456483,교육위원회
박성준,0.0,교육위원회
박홍근,0.0011654982011763927,교육위원회
서영교,0.005092430837050294,교육위원회
윤영석,0.0017232972857010689,교육위원회
조해진,0.021366137892548886,교육위원회
한기호,0.0,교육위원회
강준현,0.002421419767390215,교육위원회
김정호,0.003904498790273198,교육위원회
정일영,0.00479513059730376,교육위원회
고영인,0.0,교육위원회
김경협,0.0007107803434755849,교육위원회
김원이,0.008475181995463451,교육위원회
이정문,0.0004746639257983097,교육위원회
이재정,0.0003408266672037085,교육위원회
김태년,0.0,교육위원회
유동수,0.0,교육위원회
김성환,0.0,교육위원회
장철민,0.0,교육위원회
남인순,0.0018537116416859774,교육위원회
윤준병,0.0021813021438337192,교육위원회
류호정,0.007196309563911094,교육위원회
배진교,0.0,교육위원회
장혜영,0.0,교육위원회
송석준,0.0021865764998391162,교육위원회
임이자,0.0016645024684891559,교육위원회
박정하,0.0,교육위원회
김두관,0.0006682974274739503,교육위원회
민홍철,0.0004160370037844726,교육위원회
김민철,0.003665753332347646,교육위원회
조정식,0.0,교육위원회
윤두현,0.003644530440601153,교육위원회
주호영,5.286018617716788e-05,교육위원회
강훈식,0.0029463309421241526,교육위원회
신정훈,0.0,교육위원회
김종민,0.0,교육위원회
양기대,0.0,교육위원회
강병원,0.0,교육위원회
홍익표,0.0005061002201306499,교육위원회
안철수,0.0,교육위원회
노용호,0.0001665605101219089,교육위원회
박범계,5.889336752477284e-05,교육위원회
문진석,0.0,교육위원회
윤관석,0.0,교육위원회
이개호,0.0,교육위원회
박수영,0.0,교육위원회
신원식,0.0009733297431078185,교육위원회
양금희,0.003942153989468996,교육위원회
김영식,0.007664492932838653,교육위원회
송기헌,0.0,교육위원회
홍영표,0.0,교육위원회
정희용,0.0008571544914888848,교육위원회
최강욱,0.0,교육위원회
윤호중,0.0,교육위원회
윤재갑,0.011120066149050435,교육위원회
정점식,0.0007115281379888179,교육위원회
이용우,0.000223368322810242,교육위원회
진성준,0.0004102533693209733,교육위원회
정필모,0.0,교육위원회
맹성규,0.0,교육위원회
윤건영,0.0,교육위원회
서삼석,0.003053523928310442,교육위원회
용혜인,0.0,교육위원회
송재호,0.006065453058693097,교육위원회
김희국,0.0,교육위원회
위성곤,0.004953019500681571,교육위원회
조응천,0.0024130081735041,교육위원회
우상호,5.510335256010424e-06,교육위원회
강성희,0.0,교육위원회
고민정,0.0,교육위원회
노웅래,0.0010783666451540089,교육위원회
박완주,0.0093803451072093,교육위원회
이장섭,0.0,교육위원회
박재호,0.00042388766686465444,교육위원회
김상훈,0.0,교육위원회
김선교,0.0014916323832221924,교육위원회
신동근,0.0011328208043886211,교육위원회
이인영,0.0,교육위원회
이양수,0.0,교육위원회
서범수,0.0,교육위원회
김회재,0.002424494282858569,교육위원회
이만희,0.0,교육위원회
송언석,0.0022080514558353755,교육위원회
김병주,0.000346514345540745,교육위원회
김기현,0.0,교육위원회
허은아,0.0,교육위원회
정찬민,0.018623944712761888,교육위원회
이철규,0.007706569674316684,교육위원회
이재명,0.0,교육위원회
이상민,0.0,교육위원회
윤재옥,0.0,교육위원회
정진석,0.0017468887627988825,교육위원회
박대출,0.0004967903559707938,교육위원회
천준호,0.0,교육위원회
박완수,0.0007000916589818492,교육위원회
이영,0.0,교육위원회
김태흠,0.00032426127065092003,교육위원회
오영훈,0.000709279954837188,교육위원회
이광재,0.0035754640681727543,교육위원회
곽상도,0.0014925575547078314,교육위원회
이규민,0.0,교육위원회
정정순,0.0,교육위원회
홍준표,0.000527411961008944,교육위원회
송영길,0.0,교육위원회
장제원,0.0,교육위원회
이상직,0.0,교육위원회
김진애,0.0,교육위원회
김은혜,0.0,교육위원회
조태용,0.0,교육위원회
오기형,0.0,교육위원회
윤희숙,0.0,교육위원회
이낙연,0.0,교육위원회
윤미향,0.014669607716391515,농림축산식품해양수산위원회
양경규,0.0,농림축산식품해양수산위원회
윤재갑,0.042225468210266306,농림축산식품해양수산위원회
양정숙,0.005185962057296136,농림축산식품해양수산위원회
김병기,0.001611537690657251,농림축산식품해양수산위원회
위성곤,0.03824091008428511,농림축산식품해양수산위원회
주철현,0.01570652620723295,농림축산식품해양수산위원회
송옥주,0.003575757441289566,농림축산식품해양수산위원회
윤영찬,0.000938678096597563,농림축산식품해양수산위원회
신정훈,0.014830858238193313,농림축산식품해양수산위원회
이원택,0.015647749710100158,농림축산식품해양수산위원회
김승남,0.03749410814477687,농림축산식품해양수산위원회
윤영덕,0.003916744010111029,농림축산식품해양수산위원회
강민정,0.0,농림축산식품해양수산위원회
정성호,0.0,농림축산식품해양수산위원회
강성희,5.753815518643369e-06,농림축산식품해양수산위원회
김용민,0.0011786565860126318,농림축산식품해양수산위원회
이성만,0.004357931498788905,농림축산식품해양수산위원회
허숙정,0.0,농림축산식품해양수산위원회
김남국,0.0014071107080793758,농림축산식품해양수산위원회
최혜영,0.005831707251714995,농림축산식품해양수산위원회
김민석,0.0034790315554413787,농림축산식품해양수산위원회
정춘숙,0.000726171940846435,농림축산식품해양수산위원회
유정주,0.000962786194024816,농림축산식품해양수산위원회
임호선,0.006082718591715326,농림축산식품해양수산위원회
오영환,0.0,농림축산식품해양수산위원회
장경태,0.001183572510662539,농림축산식품해양수산위원회
전용기,0.0037322869331218277,농림축산식품해양수산위원회
송기헌,0.00021604948065526863,농림축산식품해양수산위원회
김철민,0.003411980074378762,농림축산식품해양수산위원회
허영,0.011487504918919651,농림축산식품해양수산위원회
강준현,0.0,농림축산식품해양수산위원회
조승래,0.0,농림축산식품해양수산위원회
박광온,0.0010762182050670615,농림축산식품해양수산위원회
김영배,0.0,농림축산식품해양수산위원회
백혜련,0.0008924280570455701,농림축산식품해양수산위원회
강훈식,0.0005031771792365425,농림축산식품해양수산위원회
민병덕,0.0,농림축산식품해양수산위원회
김형동,0.006912207860007095,농림축산식품해양수산위원회
김희곤,0.0009665404280318911,농림축산식품해양수산위원회
이양수,0.013452171484879307,농림축산식품해양수산위원회
유경준,0.0,농림축산식품해양수산위원회
이용,0.0,농림축산식품해양수산위원회
임이자,0.0010837927479436646,농림축산식품해양수산위원회
김석기,0.0007495260741533944,농림축산식품해양수산위원회
김웅,0.0004680974825069064,농림축산식품해양수산위원회
태영호,0.006678962776415408,농림축산식품해양수산위원회
김도읍,0.0025406547356461398,농림축산식품해양수산위원회
조수진,0.0011891508746571136,농림축산식품해양수산위원회
권성동,0.004987632138599465,농림축산식품해양수산위원회
권영세,0.0,농림축산식품해양수산위원회
전주혜,0.0,농림축산식품해양수산위원회
황보승희,0.0016234929607497064,농림축산식품해양수산위원회
윤한홍,0.0,농림축산식품해양수산위원회
장동혁,0.0006729276628502511,농림축산식품해양수산위원회
권명호,0.005938138633810126,농림축산식품해양수산위원회
홍문표,0.04135084287020989,농림축산식품해양수산위원회
박덕흠,0.019958473668281067,농림축산식품해양수산위원회
이종배,0.0024655453508663806,농림축산식품해양수산위원회
서병수,0.0024982384244572166,농림축산식품해양수산위원회
이헌승,0.026008111615858646,농림축산식품해양수산위원회
김태호,0.0033853607009159646,농림축산식품해양수산위원회
지성호,0.0,농림축산식품해양수산위원회
엄태영,0.0027575279703764555,농림축산식품해양수산위원회
이명수,0.002287701746515199,농림축산식품해양수산위원회
성일종,0.0054211017258575835,농림축산식품해양수산위원회
하태경,0.0006914692793266821,농림축산식품해양수산위원회
한무경,0.0,농림축산식품해양수산위원회
노용호,0.0,농림축산식품해양수산위원회
이달곤,0.05361926300397446,농림축산식품해양수산위원회
강기윤,0.0007029486611165915,농림축산식품해양수산위원회
최형두,0.0034769469599095016,농림축산식품해양수산위원회
김영선,0.0004494415151638509,농림축산식품해양수산위원회
최춘식,0.007813099915298338,농림축산식품해양수산위원회
박성민,0.0034270895915190784,농림축산식품해양수산위원회
백종헌,0.001032963502229709,농림축산식품해양수산위원회
정희용,0.018553593979133927,농림축산식품해양수산위원회
박홍근,0.03344863286678907,농림축산식품해양수산위원회
김상희,0.0,농림축산식품해양수산위원회
우원식,0.0,농림축산식품해양수산위원회
진성준,0.0,농림축산식품해양수산위원회
한정애,0.0050910348729953335,농림축산식품해양수산위원회
조오섭,0.002082278038313971,농림축산식품해양수산위원회
이주환,0.007288629680785051,농림축산식품해양수산위원회
하영제,0.018303982031458697,농림축산식품해양수산위원회
정경희,0.0,농림축산식품해양수산위원회
서영석,0.0013478483154564765,농림축산식품해양수산위원회
이동주,0.0022778363914824967,농림축산식품해양수산위원회
심상정,0.006842465600490664,농림축산식품해양수산위원회
서삼석,0.024503331929762548,농림축산식품해양수산위원회
홍정민,0.0010591343615949582,농림축산식품해양수산위원회
홍성국,0.0014982753248508583,농림축산식품해양수산위원회
안호영,0.0041837358203178285,농림축산식품해양수산위원회
한병도,0.001353481366835363,농림축산식품해양수산위원회
소병훈,0.00682300569494756,농림축산식품해양수산위원회
김정호,0.01089070989688583,농림축산식품해양수산위원회
이개호,0.014030791653612493,농림축산식품해양수산위원회
이용선,0.0,농림축산식품해양수산위원회
윤주경,0.0014744256815859718,농림축산식품해양수산위원회
강대식,0.0010069009301979135,농림축산식품해양수산위원회
김용판,0.0,농림축산식품해양수산위원회
박대수,0.0035615957968551572,농림축산식품해양수산위원회
송석준,0.0,농림축산식품해양수산위원회
윤창현,0.0,농림축산식품해양수산위원회
이용호,0.0076162143291616385,농림축산식품해양수산위원회
이인선,0.0007233143241815053,농림축산식품해양수산위원회
박찬대,0.0016327820077581513,농림축산식품해양수산위원회
문진석,0.0,농림축산식품해양수산위원회
이정문,0.0,농림축산식품해양수산위원회
박성준,0.0,농림축산식품해양수산위원회
유기홍,0.0001853734682706721,농림축산식품해양수산위원회
전재수,0.0014001534905285647,농림축산식품해양수산위원회
허종식,0.0,농림축산식품해양수산위원회
이인영,0.00039603643921012346,농림축산식품해양수산위원회
김의겸,0.0,농림축산식품해양수산위원회
김성주,0.0,농림축산식품해양수산위원회
신현영,0.0,농림축산식품해양수산위원회
황운하,0.0012793226041373708,농림축산식품해양수산위원회
김두관,0.0009486765103303182,농림축산식품해양수산위원회
어기구,0.03592249828292717,농림축산식품해양수산위원회
용혜인,0.0,농림축산식품해양수산위원회
배준영,0.001097100444060197,농림축산식품해양수산위원회
김성원,0.0013176135190938868,농림축산식품해양수산위원회
박성중,0.0,농림축산식품해양수산위원회
구자근,0.002063846117141841,농림축산식품해양수산위원회
김영식,0.0021169611433564397,농림축산식품해양수산위원회
김예지,0.00350896393718762,농림축산식품해양수산위원회
정태호,0.0,농림축산식품해양수산위원회
김학용,0.0005545639735616417,농림축산식품해양수산위원회
전봉민,0.0,농림축산식품해양수산위원회
정운천,0.022640812078131574,농림축산식품해양수산위원회
최영희,0.0,농림축산식품해양수산위원회
강은미,0.001706802364953489,농림축산식품해양수산위원회
고민정,0.0006938480246843039,농림축산식품해양수산위원회
배진교,0.0007613182875732098,농림축산식품해양수산위원회
강선우,0.0,농림축산식품해양수산위원회
권칠승,0.0005208977081929406,농림축산식품해양수산위원회
김영호,0.0005354124763430608,농림축산식품해양수산위원회
이상헌,0.006543507828512035,농림축산식품해양수산위원회
김영주,0.0013197112569525622,농림축산식품해양수산위원회
설훈,0.002210684650043716,농림축산식품해양수산위원회
양경숙,0.0,농림축산식품해양수산위원회
이원욱,0.005086191425938489,농림축산식품해양수산위원회
홍영표,0.0,농림축산식품해양수산위원회
서정숙,0.00015934544616968627,농림축산식품해양수산위원회
서일준,0.008128936404708543,농림축산식품해양수산위원회
이종성,0.0025617001470997916,농림축산식품해양수산위원회
정점식,0.00597186383182991,농림축산식품해양수산위원회
주호영,0.0006350634727215227,농림축산식품해양수산위원회
박대출,0.001059150903608432,농림축산식품해양수산위원회
박진,0.0,농림축산식품해양수산위원회
서범수,0.0016597141745102173,농림축산식품해양수산위원회
안병길,0.02066134941939048,농림축산식품해양수산위원회
김수흥,0.008473035032567574,농림축산식품해양수산위원회
서동용,0.0016117755182216427,농림축산식품해양수산위원회
김회재,0.0035440779997379145,농림축산식품해양수산위원회
김교흥,0.0,농림축산식품해양수산위원회
박완주,0.00026616753426806673,농림축산식품해양수산위원회
송재호,0.014675184335615925,농림축산식품해양수산위원회
임오경,0.00019025867026958973,농림축산식품해양수산위원회
김홍걸,0.00680477253812649,농림축산식품해양수산위원회
박재호,0.001307563454314506,농림축산식품해양수산위원회
송갑석,0.0,농림축산식품해양수산위원회
강득구,0.0018310749435750207,농림축산식품해양수산위원회
정필모,0.0,농림축산식품해양수산위원회
김민철,0.0010891673782960289,농림축산식품해양수산위원회
윤준병,0.03712473289001106,농림축산식품해양수산위원회
이장섭,0.0006471671237450389,농림축산식품해양수산위원회
한준호,0.005820848117330178,농림축산식품해양수산위원회
김주영,0.00702340861059144,농림축산식품해양수산위원회
김경협,0.0,농림축산식품해양수산위원회
소병철,0.008384458360241027,농림축산식품해양수산위원회
윤후덕,0.0,농림축산식품해양수산위원회
정일영,0.0005763961850086919,농림축산식품해양수산위원회
진선미,0.0,농림축산식품해양수산위원회
김상훈,0.0006944940341326082,농림축산식품해양수산위원회
양금희,0.0004483547497437865,농림축산식품해양수산위원회
이소영,0.000596901236271169,농림축산식품해양수산위원회
조명희,0.0,농림축산식품해양수산위원회
윤영석,0.0,농림축산식품해양수산위원회
김민기,0.00011590162543471614,농림축산식품해양수산위원회
김경만,0.0,농림축산식품해양수산위원회
이용빈,0.008016022175983961,농림축산식품해양수산위원회
전해철,0.0,농림축산식품해양수산위원회
전혜숙,0.0,농림축산식품해양수산위원회
류호정,0.0028560378628280946,농림축산식품해양수산위원회
이은주,0.0008906125382206944,농림축산식품해양수산위원회
이해식,0.0017213525136598106,농림축산식품해양수산위원회
장혜영,0.0,농림축산식품해양수산위원회
류성걸,0.0012926072754341263,농림축산식품해양수산위원회
박상혁,0.0019334575417497952,농림축산식품해양수산위원회
이형석,0.0,농림축산식품해양수산위원회
박정하,0.0,농림축산식품해양수산위원회
유상범,0.0010650590025762098,농림축산식품해양수산위원회
이철규,0.0007993489188073687,농림축산식품해양수산위원회
정동만,0.0,농림축산식품해양수산위원회
맹성규,0.009724264246800842,농림축산식품해양수산위원회
신동근,0.0025680205333998576,농림축산식품해양수산위원회
유동수,0.001092551055779289,농림축산식품해양수산위원회
김한규,0.0006304710136705535,농림축산식품해양수산위원회
송언석,0.0020885701289406872,농림축산식품해양수산위원회
이태규,0.0009435794455861311,농림축산식품해양수산위원회
조은희,0.0,농림축산식품해양수산위원회
최연숙,0.0,농림축산식품해양수산위원회
김원이,0.004981332657972212,농림축산식품해양수산위원회
기동민,0.00057151682172471,농림축산식품해양수산위원회
임종성,0.0019666053017439442,농림축산식품해양수산위원회
최기상,0.0,농림축산식품해양수산위원회
김종민,0.001024763663478824,농림축산식품해양수산위원회
김태년,0.0,농림축산식품해양수산위원회
고용진,0.0003675826166428871,농림축산식품해양수산위원회
김승수,0.001464383552472871,농림축산식품해양수산위원회
양기대,0.00039318372352299154,농림축산식품해양수산위원회
김승원,0.0010837510767431689,농림축산식품해양수산위원회
노웅래,0.0,농림축산식품해양수산위원회
박영순,0.0013972895385548482,농림축산식품해양수산위원회
서영교,0.0068063612067302175,농림축산식품해양수산위원회
인재근,0.0007705645059469055,농림축산식품해양수산위원회
조정식,0.0,농림축산식품해양수산위원회
고영인,0.006511909848226486,농림축산식품해양수산위원회
김윤덕,0.0,농림축산식품해양수산위원회
강병원,0.0,농림축산식품해양수산위원회
최종윤,0.0,농림축산식품해양수산위원회
안민석,0.0014035470854146161,농림축산식품해양수산위원회
김성환,0.0,농림축산식품해양수산위원회
장철민,0.0007654567557436067,농림축산식품해양수산위원회
신영대,0.0016260729513576234,농림축산식품해양수산위원회
이병훈,0.0009644536590014903,농림축산식품해양수산위원회
문정복,0.0,농림축산식품해양수산위원회
민형배,0.0035283621569852644,농림축산식품해양수산위원회
최인호,0.003517941095783342,농림축산식품해양수산위원회
홍기원,0.00030468360699652215,농림축산식품해양수산위원회
황희,0.0,농림축산식품해양수산위원회
안철수,0.00019204712717928193,농림축산식품해양수산위원회
윤두현,0.0010180931533085844,농림축산식품해양수산위원회
정우택,0.0,농림축산식품해양수산위원회
조해진,0.00040945999898885137,농림축산식품해양수산위원회
최승재,0.0005771947857051218,농림축산식품해양수산위원회
권인숙,0.0,농림축산식품해양수산위원회
우상호,7.873546478333512e-05,농림축산식품해양수산위원회
윤건영,0.000697627724572055,농림축산식품해양수산위원회
조응천,0.00038576102876819256,농림축산식품해양수산위원회
이학영,0.001675118320956717,농림축산식품해양수산위원회
조경태,0.0,농림축산식품해양수산위원회
조정훈,0.005951267232519243,농림축산식품해양수산위원회
남인순,0.0,농림축산식품해양수산위원회
박정,0.0014667115102863105,농림축산식품해양수산위원회
안규백,0.0,농림축산식품해양수산위원회
김병주,0.0,농림축산식품해양수산위원회
김영진,0.0013938876678355357,농림축산식품해양수산위원회
김한정,0.0,농림축산식품해양수산위원회
도종환,0.0,농림축산식품해양수산위원회
민홍철,0.0005350395432571082,농림축산식품해양수산위원회
박범계,0.0,농림축산식품해양수산위원회
박병석,0.0,농림축산식품해양수산위원회
박용진,0.0,농림축산식품해양수산위원회
박주민,0.0006529756965417423,농림축산식품해양수산위원회
변재일,0.0,농림축산식품해양수산위원회
양이원영,0.0,농림축산식품해양수산위원회
오기형,0.0,농림축산식품해양수산위원회
윤호중,0.0,농림축산식품해양수산위원회
이상민,0.0,농림축산식품해양수산위원회
이용우,0.0007134544404958858,농림축산식품해양수산위원회
이재명,7.960136535742566e-06,농림축산식품해양수산위원회
이재정,0.00024084620951590922,농림축산식품해양수산위원회
이탄희,0.0002905521339038705,농림축산식품해양수산위원회
정청래,0.0015188179796842597,농림축산식품해양수산위원회
천준호,0.0,농림축산식품해양수산위원회
최강욱,0.00020873231303209248,농림축산식품해양수산위원회
홍익표,0.0,농림축산식품해양수산위원회
권은희,0.0,농림축산식품해양수산위원회
강민국,0.0011351254705627282,농림축산식품해양수산위원회
유의동,0.0,농림축산식품해양수산위원회
김미애,0.0,농림축산식품해양수산위원회
홍석준,0.0,농림축산식품해양수산위원회
양향자,0.0017165062248567927,농림축산식품해양수산위원회
윤관석,0.0005480598675489612,농림축산식품해양수산위원회
이채익,0.002960061598632607,농림축산식품해양수산위원회
김정재,0.0005575761974207082,농림축산식품해양수산위원회
박형수,0.0009071137166115214,농림축산식품해양수산위원회
허은아,0.0044987612827334204,농림축산식품해양수산위원회
박수영,0.0,농림축산식품해양수산위원회
윤상현,0.0021740360004394222,농림축산식품해양수산위원회
임병헌,0.0013220759813912999,농림축산식품해양수산위원회
이만희,0.00863736719393045,농림축산식품해양수산위원회
신원식,0.0,농림축산식품해양수산위원회
김선교,0.009900546372385206,농림축산식품해양수산위원회
김희국,0.0005294748865594454,농림축산식품해양수산위원회
윤재옥,0.0,농림축산식품해양수산위원회
배현진,0.0,농림축산식품해양수산위원회
추경호,0.0,농림축산식품해양수산위원회
정찬민,0.0015820787478244267,농림축산식품해양수산위원회
한기호,0.0001418339349636874,농림축산식품해양수산위원회
최재형,0.0,농림축산식품해양수산위원회
김기현,0.0,농림축산식품해양수산위원회
김진표,0.00038678354023233177,농림축산식품해양수산위원회
김태흠,0.002161054645627398,농림축산식품해양수산위원회
박완수,6.513407788763332e-05,농림축산식품해양수산위원회
정진석,0.0008978865295689153,농림축산식품해양수산위원회
이상직,0.0,농림축산식품해양수산위원회
김은혜,0.00011930897627721866,농림축산식품해양수산위원회
장제원,0.0006241923629207153,농림축산식품해양수산위원회
곽상도,0.0,농림축산식품해양수산위원회
이규민,0.001696972064435273,농림축산식품해양수산위원회
이영,0.0,농림축산식품해양수산위원회
이광재,0.0,농림축산식품해양수산위원회
오영훈,0.00042269971690738416,농림축산식품해양수산위원회
정정순,0.00019316604289201176,농림축산식품해양수산위원회
윤희숙,0.0,농림축산식품해양수산위원회
이낙연,0.0,농림축산식품해양수산위원회
홍준표,0.0,농림축산식품해양수산위원회
조태용,0.0,농림축산식품해양수산위원회
송영길,0.0,농림축산식품해양수산위원회
김진애,0.0,농림축산식품해양수산위원회
이자스민,0.0,문화체육관광위원회
배진교,0.0,문화체육관광위원회
양경규,0.0,문화체육관광위원회
장혜영,0.0,문화체육관광위원회
강은미,0.0,문화체육관광위원회
도종환,0.027202872307009997,문화체육관광위원회
심상정,0.0,문화체육관광위원회
황보승희,0.015607765766098604,문화체육관광위원회
정청래,0.0038055034587893004,문화체육관광위원회
김민석,0.0,문화체육관광위원회
박찬대,0.001414938781395225,문화체육관광위원회
유동수,0.004924919381733056,문화체육관광위원회
맹성규,0.0005189859698595114,문화체육관광위원회
허종식,0.0,문화체육관광위원회
김교흥,0.007405054372639949,문화체육관광위원회
허숙정,0.0,문화체육관광위원회
강득구,0.0,문화체육관광위원회
유기홍,0.0,문화체육관광위원회
장경태,0.0,문화체육관광위원회
김승수,0.022829467311797847,문화체육관광위원회
박대수,0.0,문화체육관광위원회
김석기,0.003558300882369427,문화체육관광위원회
지성호,0.0,문화체육관광위원회
김예지,0.06892092566524272,문화체육관광위원회
김은희,0.0018705858761324367,문화체육관광위원회
백종헌,0.0007824473176787217,문화체육관광위원회
윤한홍,0.0014372492695735335,문화체육관광위원회
임이자,0.0,문화체육관광위원회
우신구,0.0,문화체육관광위원회
최승재,0.009877924460140535,문화체육관광위원회
최연숙,0.0,문화체육관광위원회
구자근,0.002489715675418593,문화체육관광위원회
최형두,0.011205978156051368,문화체육관광위원회
임병헌,0.00024076634557725708,문화체육관광위원회
강대식,0.0,문화체육관광위원회
이태규,0.0,문화체육관광위원회
정우택,0.0007119148187354408,문화체육관광위원회
김희곤,0.0,문화체육관광위원회
윤두현,0.0014483586518160118,문화체육관광위원회
홍문표,0.0,문화체육관광위원회
김근태,0.0,문화체육관광위원회
유경준,0.0011820556162539,문화체육관광위원회
윤영석,0.0,문화체육관광위원회
정경희,0.0002450185324743738,문화체육관광위원회
김영식,0.016055186519116804,문화체육관광위원회
이용,0.014074837803056302,문화체육관광위원회
박덕흠,0.0024757231151674663,문화체육관광위원회
주호영,0.00028519159866666855,문화체육관광위원회
김성원,0.001640887759785725,문화체육관광위원회
양정숙,0.009767205456444482,문화체육관광위원회
윤후덕,0.0,문화체육관광위원회
신동근,0.002817702469293544,문화체육관광위원회
안철수,0.0,문화체육관광위원회
전재수,0.00567889859960773,문화체육관광위원회
윤창현,0.0,문화체육관광위원회
김학용,0.0,문화체육관광위원회
윤상현,0.004588658175420134,문화체육관광위원회
박성민,0.005838870507629244,문화체육관광위원회
이헌승,0.0026431136787591304,문화체육관광위원회
최재형,0.0,문화체육관광위원회
김성주,0.0010228501127891936,문화체육관광위원회
이용호,0.013203823196808795,문화체육관광위원회
성일종,0.006030846858013804,문화체육관광위원회
강기윤,0.001537301274689959,문화체육관광위원회
장동혁,0.0009965709454290337,문화체육관광위원회
하영제,0.0,문화체육관광위원회
최춘식,0.0,문화체육관광위원회
이인선,0.0004835004639958185,문화체육관광위원회
태영호,0.0020621004279842503,문화체육관광위원회
정동만,0.0023195040003924747,문화체육관광위원회
최영희,0.0,문화체육관광위원회
송석준,0.0015377924534473954,문화체육관광위원회
유상범,0.0007749926354427175,문화체육관광위원회
유정주,0.0318511403133253,문화체육관광위원회
이상헌,0.07804850570293097,문화체육관광위원회
임종성,0.003767735218920024,문화체육관광위원회
문정복,0.0005662593525941409,문화체육관광위원회
박정,0.023154115266826605,문화체육관광위원회
민병덕,0.0,문화체육관광위원회
윤재갑,0.0,문화체육관광위원회
이용빈,0.0,문화체육관광위원회
김의겸,0.00397766066866784,문화체육관광위원회
최혜영,0.007707093344255871,문화체육관광위원회
서삼석,0.008196951117130749,문화체육관광위원회
이달곤,0.006342671306364772,문화체육관광위원회
김태호,0.0,문화체육관광위원회
한무경,0.0,문화체육관광위원회
양향자,0.00693896157503375,문화체육관광위원회
조정훈,0.007076816933480844,문화체육관광위원회
이종성,0.023264276317532678,문화체육관광위원회
유의동,0.0005133147876461917,문화체육관광위원회
김상훈,0.0010792618997382103,문화체육관광위원회
김웅,0.00031427420651472255,문화체육관광위원회
서일준,0.003489512495046584,문화체육관광위원회
김형동,0.003859117930781368,문화체육관광위원회
엄태영,0.0038654904294734087,문화체육관광위원회
이명수,0.008458175391169487,문화체육관광위원회
조수진,0.0023312959981339806,문화체육관광위원회
한기호,0.0,문화체육관광위원회
하태경,0.004134663481918427,문화체육관광위원회
정진석,0.00411677104312479,문화체육관광위원회
권명호,0.0032671645359762577,문화체육관광위원회
배준영,0.0008874673495730275,문화체육관광위원회
이종배,0.006142215769699893,문화체육관광위원회
권성동,0.0,문화체육관광위원회
노용호,3.550965973281123e-05,문화체육관광위원회
박성중,0.0,문화체육관광위원회
박정하,0.0,문화체육관광위원회
양금희,0.0,문화체육관광위원회
전봉민,0.0005537334107285472,문화체육관광위원회
김수흥,0.0,문화체육관광위원회
김승남,0.0037927194268978564,문화체육관광위원회
김영배,0.0020337462214056108,문화체육관광위원회
박완주,0.0004168044258911685,문화체육관광위원회
신정훈,0.004099538360112968,문화체육관광위원회
양경숙,0.0022636785611413,문화체육관광위원회
장철민,0.0,문화체육관광위원회
전혜숙,0.0,문화체육관광위원회
서영교,0.0,문화체육관광위원회
배현진,0.0022511564224188814,문화체육관광위원회
강준현,0.0,문화체육관광위원회
김두관,0.0005465824338850226,문화체육관광위원회
김정호,0.0,문화체육관광위원회
박용진,0.0,문화체육관광위원회
박재호,0.0,문화체육관광위원회
송기헌,0.0010726514206139727,문화체육관광위원회
이개호,0.0023211018526571236,문화체육관광위원회
이병훈,0.039894480184351454,문화체육관광위원회
최인호,0.0007446123444788841,문화체육관광위원회
허영,0.0024070332745305054,문화체육관광위원회
이양수,0.0011117273685362613,문화체육관광위원회
김용판,0.004899184933253531,문화체육관광위원회
서범수,0.0,문화체육관광위원회
민홍철,0.0,문화체육관광위원회
김미애,0.0003192214096655611,문화체육관광위원회
이주환,0.0007117981267223927,문화체육관광위원회
안병길,0.0010481286206145747,문화체육관광위원회
류호정,0.01858862051047062,문화체육관광위원회
강성희,0.0,문화체육관광위원회
김주영,0.002044703323175849,문화체육관광위원회
용혜인,0.0,문화체육관광위원회
이은주,0.0,문화체육관광위원회
김영주,0.0027086595401611094,문화체육관광위원회
김영진,0.0005232701373908176,문화체육관광위원회
신영대,0.0026074839275472706,문화체육관광위원회
이동주,0.0,문화체육관광위원회
이원욱,0.0,문화체육관광위원회
이학영,0.0021549355117688952,문화체육관광위원회
한정애,0.00033987090584367875,문화체육관광위원회
한준호,0.006671028460897511,문화체육관광위원회
박대출,0.0,문화체육관광위원회
김윤덕,0.008618146834955152,문화체육관광위원회
고영인,0.0,문화체육관광위원회
김철민,0.003520223291648507,문화체육관광위원회
민형배,0.006096797816302468,문화체육관광위원회
송갑석,0.0,문화체육관광위원회
윤영덕,0.0033244420967348293,문화체육관광위원회
이용우,0.0001567244957150772,문화체육관광위원회
이장섭,0.0,문화체육관광위원회
김홍걸,0.0074248598931363485,문화체육관광위원회
남인순,0.0,문화체육관광위원회
서동용,0.0,문화체육관광위원회
정태호,0.0050515049445968,문화체육관광위원회
조오섭,0.0,문화체육관광위원회
최기상,0.0009997144965111049,문화체육관광위원회
강선우,0.0,문화체육관광위원회
김민기,0.0,문화체육관광위원회
김병기,0.00046803950220092983,문화체육관광위원회
김원이,0.0036722799722388776,문화체육관광위원회
노웅래,0.007805384438144111,문화체육관광위원회
우원식,0.0,문화체육관광위원회
윤미향,0.0,문화체육관광위원회
임오경,0.010938467856884923,문화체육관광위원회
임호선,0.0035854309756272146,문화체육관광위원회
위성곤,0.006555123337922691,문화체육관광위원회
이소영,0.0,문화체육관광위원회
이인영,0.0012550894410885507,문화체육관광위원회
고민정,0.0,문화체육관광위원회
김종민,0.0014412752813053207,문화체육관광위원회
소병훈,0.0015769563959495785,문화체육관광위원회
이형석,0.0,문화체육관광위원회
최종윤,0.0010094090721993528,문화체육관광위원회
정필모,0.0,문화체육관광위원회
권칠승,0.0,문화체육관광위원회
박상혁,0.0,문화체육관광위원회
송옥주,0.0021818053551409893,문화체육관광위원회
홍익표,0.004416931510257092,문화체육관광위원회
황운하,0.0008384531153062466,문화체육관광위원회
강병원,0.001737470339138617,문화체육관광위원회
신현영,0.00017013509646316032,문화체육관광위원회
강민국,0.0,문화체육관광위원회
정희용,0.0025181855360917227,문화체육관광위원회
조경태,0.0026790060478368368,문화체육관광위원회
김승원,0.028749329556110297,문화체육관광위원회
안규백,0.001770193477902163,문화체육관광위원회
이해식,0.0,문화체육관광위원회
정성호,0.0,문화체육관광위원회
양기대,0.0006583430575046894,문화체육관광위원회
김영호,0.00499135815007191,문화체육관광위원회
전해철,0.0,문화체육관광위원회
한병도,0.0020519466975119256,문화체육관광위원회
홍성국,0.0,문화체육관광위원회
강민정,0.0,문화체육관광위원회
조정식,0.0003040321197466933,문화체육관광위원회
박성준,0.0,문화체육관광위원회
홍정민,0.003959425468796305,문화체육관광위원회
김성환,0.0,문화체육관광위원회
박홍근,0.0,문화체육관광위원회
이재정,0.0045797724045288065,문화체육관광위원회
박진,0.0,문화체육관광위원회
정운천,0.0,문화체육관광위원회
변재일,0.0007468901539549236,문화체육관광위원회
안호영,0.001079624962688064,문화체육관광위원회
정일영,0.0,문화체육관광위원회
윤건영,0.0,문화체육관광위원회
윤영찬,0.0004413966132038208,문화체육관광위원회
서정숙,0.0,문화체육관광위원회
류성걸,0.0,문화체육관광위원회
조명희,0.0014605537005510805,문화체육관광위원회
조은희,0.0,문화체육관광위원회
윤호중,0.0,문화체육관광위원회
이성만,0.0048326813938929245,문화체육관광위원회
인재근,0.0,문화체육관광위원회
이상민,0.0005936378215340471,문화체육관광위원회
조해진,0.0,문화체육관광위원회
박병석,0.0,문화체육관광위원회
김경협,0.00043932055552403014,문화체육관광위원회
김상희,0.001022295475939492,문화체육관광위원회
이용선,0.0008868983160642924,문화체육관광위원회
조승래,0.015555747911646354,문화체육관광위원회
정춘숙,0.0,문화체육관광위원회
기동민,0.0005704388878286884,문화체육관광위원회
김민철,0.0,문화체육관광위원회
박주민,0.0020462065940416384,문화체육관광위원회
김회재,0.0037107212249432465,문화체육관광위원회
송재호,0.0020405026473948886,문화체육관광위원회
주철현,0.0,문화체육관광위원회
최강욱,0.0004918800784892317,문화체육관광위원회
윤준병,0.01084926129857263,문화체육관광위원회
김정재,0.0005823454525271459,문화체육관광위원회
서병수,0.001177681913799013,문화체육관광위원회
윤주경,0.0,문화체육관광위원회
박수영,0.0,문화체육관광위원회
황희,0.0008464070796311481,문화체육관광위원회
어기구,0.0,문화체육관광위원회
김태년,0.0,문화체육관광위원회
이원택,0.0,문화체육관광위원회
김남국,0.0015960207101789585,문화체육관광위원회
안민석,0.006286199999312184,문화체육관광위원회
김한규,0.0,문화체육관광위원회
고용진,0.0,문화체육관광위원회
김용민,0.0010379631728816476,문화체육관광위원회
김도읍,0.000909310138582318,문화체육관광위원회
박형수,0.0024977581862457806,문화체육관광위원회
전주혜,0.0,문화체육관광위원회
조응천,0.0005617455208922935,문화체육관광위원회
정점식,0.0010380630516652267,문화체육관광위원회
김영선,0.0,문화체육관광위원회
송언석,0.0,문화체육관광위원회
신원식,0.00043474479756433503,문화체육관광위원회
이철규,0.0,문화체육관광위원회
백혜련,0.0002888774293490125,문화체육관광위원회
이정문,0.0,문화체육관광위원회
오영환,0.0,문화체육관광위원회
문진석,0.0022174045630621916,문화체육관광위원회
김기현,0.0,문화체육관광위원회
홍석준,0.0,문화체육관광위원회
김선교,0.0006856770784560295,문화체육관광위원회
박영순,0.0,문화체육관광위원회
홍기원,0.0010077072875511878,문화체육관광위원회
박광온,0.000807909519473344,문화체육관광위원회
이채익,0.0354893039417713,문화체육관광위원회
김병주,0.0,문화체육관광위원회
허은아,0.0008469893847104409,문화체육관광위원회
강훈식,0.0,문화체육관광위원회
진성준,0.0013698182951991482,문화체육관광위원회
장제원,0.0,문화체육관광위원회
전용기,0.005586771416091501,문화체육관광위원회
윤재옥,0.0,문화체육관광위원회
이만희,0.0,문화체육관광위원회
윤관석,0.0,문화체육관광위원회
이탄희,0.0,문화체육관광위원회
김경만,0.0,문화체육관광위원회
소병철,0.0011420380495261013,문화체육관광위원회
홍영표,0.0002589300481200066,문화체육관광위원회
양이원영,0.0,문화체육관광위원회
김희국,0.0,문화체육관광위원회
설훈,0.0,문화체육관광위원회
권인숙,0.0,문화체육관광위원회
천준호,0.0,문화체육관광위원회
김진표,0.0,문화체육관광위원회
권은희,0.0,문화체육관광위원회
이재명,0.0,문화체육관광위원회
서영석,0.0,문화체육관광위원회
추경호,0.0,문화체육관광위원회
우상호,0.0003452693417634095,문화체육관광위원회
박완수,9.858568011649649e-05,문화체육관광위원회
김한정,0.0,문화체육관광위원회
오영훈,0.006346734673752942,문화체육관광위원회
이광재,0.0017073227447894196,문화체육관광위원회
김태흠,0.0,문화체육관광위원회
조태용,0.0,문화체육관광위원회
권영세,0.0,문화체육관광위원회
홍준표,0.0,문화체육관광위원회
이영,0.0,문화체육관광위원회
이규민,0.0009209600070923513,문화체육관광위원회
김은혜,0.0,문화체육관광위원회
곽상도,0.0,문화체육관광위원회
정찬민,0.0,문화체육관광위원회
윤희숙,0.0,문화체육관광위원회
이상직,0.0007263446721830028,문화체육관광위원회
진선미,9.972984686294727e-05,문화체육관광위원회
송영길,0.00018945930086785518,문화체육관광위원회
이낙연,0.0,문화체육관광위원회
김진애,0.0,문화체육관광위원회
오기형,0.0,문화체육관광위원회
박범계,1.8126873537713815e-05,문화체육관광위원회
정정순,0.0,문화체육관광위원회
이자스민,0.0,과학기술정보방송통신위원회
배진교,0.0,과학기술정보방송통신위원회
양경규,0.0,과학기술정보방송통신위원회
장혜영,0.0,과학기술정보방송통신위원회
허숙정,0.0017589456749730567,과학기술정보방송통신위원회
강은미,0.0,과학기술정보방송통신위원회
박용진,0.0007412934783552459,과학기술정보방송통신위원회
도종환,0.0005611157549288125,과학기술정보방송통신위원회
심상정,0.0,과학기술정보방송통신위원회
황보승희,0.018654976894683414,과학기술정보방송통신위원회
이인선,0.00024777012059125835,과학기술정보방송통신위원회
김은희,0.0,과학기술정보방송통신위원회
이종성,0.0014960498382431513,과학기술정보방송통신위원회
구자근,0.0,과학기술정보방송통신위원회
박대수,0.0,과학기술정보방송통신위원회
김용판,0.0027857346792609047,과학기술정보방송통신위원회
백종헌,0.0,과학기술정보방송통신위원회
정우택,0.0024622415406355177,과학기술정보방송통신위원회
김영식,0.07335671973745406,과학기술정보방송통신위원회
박성중,0.034557302573900245,과학기술정보방송통신위원회
강기윤,0.0021493392313696007,과학기술정보방송통신위원회
이주환,0.0,과학기술정보방송통신위원회
최춘식,0.0,과학기술정보방송통신위원회
이용호,0.011524279804527762,과학기술정보방송통신위원회
김근태,0.0,과학기술정보방송통신위원회
권성동,0.0033618640124703585,과학기술정보방송통신위원회
지성호,0.0,과학기술정보방송통신위원회
임병헌,0.00046907605374238724,과학기술정보방송통신위원회
최연숙,0.006158005391005295,과학기술정보방송통신위원회
이태규,0.005465714525527139,과학기술정보방송통신위원회
정희용,0.004382032095925075,과학기술정보방송통신위원회
태영호,0.004243823718166539,과학기술정보방송통신위원회
최승재,0.003248040305786158,과학기술정보방송통신위원회
강대식,0.003460086636965106,과학기술정보방송통신위원회
최재형,0.0,과학기술정보방송통신위원회
홍석준,0.01710399063356372,과학기술정보방송통신위원회
장제원,0.0006306487300334536,과학기술정보방송통신위원회
유경준,0.0005552666543735569,과학기술정보방송통신위원회
하영제,0.009888849976443953,과학기술정보방송통신위원회
전봉민,0.0027194682969725915,과학기술정보방송통신위원회
이개호,0.0008285857233373325,과학기술정보방송통신위원회
허영,0.0,과학기술정보방송통신위원회
이병훈,0.006059126188069953,과학기술정보방송통신위원회
오영환,0.0,과학기술정보방송통신위원회
장철민,0.0,과학기술정보방송통신위원회
김철민,0.003747574026617924,과학기술정보방송통신위원회
강득구,0.0,과학기술정보방송통신위원회
임호선,0.008366809229866603,과학기술정보방송통신위원회
박광온,0.0024872003120874598,과학기술정보방송통신위원회
김영주,0.007311819458524066,과학기술정보방송통신위원회
윤두현,0.004839682292349707,과학기술정보방송통신위원회
서일준,0.0,과학기술정보방송통신위원회
류성걸,0.0011301498419912317,과학기술정보방송통신위원회
박대출,0.00569757951406161,과학기술정보방송통신위원회
정경희,0.006474508587944584,과학기술정보방송통신위원회
윤주경,0.0022943040992333074,과학기술정보방송통신위원회
조수진,0.0021947129425708466,과학기술정보방송통신위원회
박진,0.00020227422155609973,과학기술정보방송통신위원회
김예지,0.01853761391153974,과학기술정보방송통신위원회
박덕흠,0.006025857458960868,과학기술정보방송통신위원회
성일종,0.004728954720218475,과학기술정보방송통신위원회
김도읍,0.003087362732135784,과학기술정보방송통신위원회
권명호,0.0035959972264954314,과학기술정보방송통신위원회
박형수,0.0010167546010300852,과학기술정보방송통신위원회
전주혜,0.0,과학기술정보방송통신위원회
윤한홍,0.0013238946845254974,과학기술정보방송통신위원회
김형동,0.0,과학기술정보방송통신위원회
박찬대,0.0032607560794323956,과학기술정보방송통신위원회
조승래,0.09261065685822263,과학기술정보방송통신위원회
이정문,0.011313211252266654,과학기술정보방송통신위원회
장경태,0.0035035681378775465,과학기술정보방송통신위원회
유기홍,0.0006639784826567094,과학기술정보방송통신위원회
허종식,0.0,과학기술정보방송통신위원회
박성준,0.0,과학기술정보방송통신위원회
문진석,0.0,과학기술정보방송통신위원회
전재수,0.0006192037080910791,과학기술정보방송통신위원회
최기상,0.0,과학기술정보방송통신위원회
하태경,0.0037310831939333044,과학기술정보방송통신위원회
엄태영,0.0,과학기술정보방송통신위원회
이명수,0.0,과학기술정보방송통신위원회
정진석,0.0005418810767362086,과학기술정보방송통신위원회
안철수,0.0008133573743682934,과학기술정보방송통신위원회
황희,0.0037598772773958363,과학기술정보방송통신위원회
권영세,0.00014057426189277857,과학기술정보방송통신위원회
장동혁,0.0,과학기술정보방송통신위원회
김승수,0.0018435807413558821,과학기술정보방송통신위원회
이용,0.0005779119226840999,과학기술정보방송통신위원회
강민국,0.0018354796333841465,과학기술정보방송통신위원회
윤창현,0.0,과학기술정보방송통신위원회
정동만,0.0010435161116026921,과학기술정보방송통신위원회
김석기,0.0035830839126365873,과학기술정보방송통신위원회
김미애,0.0,과학기술정보방송통신위원회
유상범,0.0017568172161713273,과학기술정보방송통신위원회
양향자,0.046175182887270946,과학기술정보방송통신위원회
박성민,0.0,과학기술정보방송통신위원회
김태호,0.0,과학기술정보방송통신위원회
서범수,0.002027857369639761,과학기술정보방송통신위원회
이은주,0.0028735096158623956,과학기술정보방송통신위원회
강민정,0.0,과학기술정보방송통신위원회
박정,0.0020357655849312845,과학기술정보방송통신위원회
고민정,0.0007053880062415486,과학기술정보방송통신위원회
강성희,0.0,과학기술정보방송통신위원회
기동민,0.0,과학기술정보방송통신위원회
노웅래,0.0013686758821302087,과학기술정보방송통신위원회
민형배,0.012170786685926261,과학기술정보방송통신위원회
양정숙,0.04767704454930429,과학기술정보방송통신위원회
최영희,0.003549915054312548,과학기술정보방송통신위원회
조경태,0.0,과학기술정보방송통신위원회
정운천,0.004121885486890934,과학기술정보방송통신위원회
김영진,0.0,과학기술정보방송통신위원회
박영순,0.0023930584946984324,과학기술정보방송통신위원회
변재일,0.030606384740113176,과학기술정보방송통신위원회
서영석,0.0,과학기술정보방송통신위원회
설훈,0.0,과학기술정보방송통신위원회
이용빈,0.02663622546850329,과학기술정보방송통신위원회
한준호,0.012170066431881371,과학기술정보방송통신위원회
김주영,0.0021582509578111156,과학기술정보방송통신위원회
김홍걸,0.003233071072945675,과학기술정보방송통신위원회
민병덕,0.00576656739871894,과학기술정보방송통신위원회
송옥주,0.0,과학기술정보방송통신위원회
최인호,0.0006885036992261985,과학기술정보방송통신위원회
이인영,0.006444498021928066,과학기술정보방송통신위원회
김상희,0.018720591950527415,과학기술정보방송통신위원회
김승남,0.0030082318670158303,과학기술정보방송통신위원회
박상혁,0.0015495928829549596,과학기술정보방송통신위원회
박홍근,0.0031773214577213607,과학기술정보방송통신위원회
신현영,0.00020156054337729353,과학기술정보방송통신위원회
조오섭,0.001870137284633196,과학기술정보방송통신위원회
최종윤,0.005967607571707713,과학기술정보방송통신위원회
노용호,0.00045362086283424823,과학기술정보방송통신위원회
양금희,0.003078010464905623,과학기술정보방송통신위원회
이철규,0.0,과학기술정보방송통신위원회
김희국,0.0,과학기술정보방송통신위원회
주호영,0.0014536099391843748,과학기술정보방송통신위원회
김웅,0.0,과학기술정보방송통신위원회
서병수,0.0,과학기술정보방송통신위원회
김학용,0.0003791707657491319,과학기술정보방송통신위원회
김희곤,0.001054093400551733,과학기술정보방송통신위원회
임이자,0.0,과학기술정보방송통신위원회
김민석,0.0024873168724894716,과학기술정보방송통신위원회
양기대,0.0010526013664355464,과학기술정보방송통신위원회
이동주,0.0,과학기술정보방송통신위원회
임종성,0.001070563642138346,과학기술정보방송통신위원회
황운하,0.001982992138475694,과학기술정보방송통신위원회
윤영찬,0.014485961512143273,과학기술정보방송통신위원회
고용진,0.0,과학기술정보방송통신위원회
서삼석,0.0,과학기술정보방송통신위원회
송갑석,0.004692817055678655,과학기술정보방송통신위원회
최혜영,0.0027605521433234225,과학기술정보방송통신위원회
한병도,0.0022762464420556516,과학기술정보방송통신위원회
홍성국,0.0,과학기술정보방송통신위원회
우상호,0.0002945170766703588,과학기술정보방송통신위원회
김남국,0.0015415574579812933,과학기술정보방송통신위원회
김두관,0.0,과학기술정보방송통신위원회
남인순,0.0,과학기술정보방송통신위원회
용혜인,0.0,과학기술정보방송통신위원회
정성호,0.003923780862168737,과학기술정보방송통신위원회
정태호,0.0029943170742802506,과학기술정보방송통신위원회
김정재,0.0,과학기술정보방송통신위원회
박정하,0.00034105791571120985,과학기술정보방송통신위원회
안병길,0.0013637537112537925,과학기술정보방송통신위원회
송석준,0.0005866700745100788,과학기술정보방송통신위원회
김상훈,0.0020284924359913682,과학기술정보방송통신위원회
이헌승,0.002029177699736034,과학기술정보방송통신위원회
한무경,0.0,과학기술정보방송통신위원회
윤재옥,0.0,과학기술정보방송통신위원회
김영선,0.00041777635130204585,과학기술정보방송통신위원회
배준영,0.0,과학기술정보방송통신위원회
이채익,0.0008627885247492834,과학기술정보방송통신위원회
조명희,0.06519738908711628,과학기술정보방송통신위원회
송기헌,0.0,과학기술정보방송통신위원회
이상헌,0.0010785851389236796,과학기술정보방송통신위원회
안규백,0.0,과학기술정보방송통신위원회
안민석,0.0,과학기술정보방송통신위원회
우원식,0.00048401989490594674,과학기술정보방송통신위원회
김정호,0.018424074957892417,과학기술정보방송통신위원회
김경만,0.006505965464616704,과학기술정보방송통신위원회
김용민,0.002013386228823999,과학기술정보방송통신위원회
김윤덕,0.0,과학기술정보방송통신위원회
소병철,0.00024529485232774854,과학기술정보방송통신위원회
안호영,0.0,과학기술정보방송통신위원회
어기구,0.0,과학기술정보방송통신위원회
윤후덕,0.0,과학기술정보방송통신위원회
김경협,0.001225549691253727,과학기술정보방송통신위원회
김태년,0.0018253347468951042,과학기술정보방송통신위원회
맹성규,0.0,과학기술정보방송통신위원회
정춘숙,0.0,과학기술정보방송통신위원회
홍정민,0.01585559830208572,과학기술정보방송통신위원회
진선미,0.0025396313326433743,과학기술정보방송통신위원회
이만희,0.0,과학기술정보방송통신위원회
이양수,0.0,과학기술정보방송통신위원회
강준현,0.0,과학기술정보방송통신위원회
김의겸,0.001118581283922093,과학기술정보방송통신위원회
박완주,0.006506405302201936,과학기술정보방송통신위원회
이학영,0.0,과학기술정보방송통신위원회
김승원,0.0036600937041478014,과학기술정보방송통신위원회
정필모,0.016377702796231422,과학기술정보방송통신위원회
김원이,0.0008028154235409896,과학기술정보방송통신위원회
인재근,0.0,과학기술정보방송통신위원회
허은아,0.006752025682518371,과학기술정보방송통신위원회
김성환,0.0006366911559859155,과학기술정보방송통신위원회
문정복,0.0,과학기술정보방송통신위원회
백혜련,0.0,과학기술정보방송통신위원회
서영교,0.0006367175787978864,과학기술정보방송통신위원회
이용선,0.0021710222180359637,과학기술정보방송통신위원회
양이원영,0.00371511270789716,과학기술정보방송통신위원회
윤영덕,0.003678967521012821,과학기술정보방송통신위원회
이형석,0.0014566368997528847,과학기술정보방송통신위원회
김민기,0.0,과학기술정보방송통신위원회
송재호,0.0008889666165369203,과학기술정보방송통신위원회
윤재갑,0.0,과학기술정보방송통신위원회
김성원,0.0,과학기술정보방송통신위원회
홍문표,0.0,과학기술정보방송통신위원회
윤상현,0.0024356479703504246,과학기술정보방송통신위원회
유의동,0.0008631382043945079,과학기술정보방송통신위원회
김한규,0.0,과학기술정보방송통신위원회
김민철,0.0,과학기술정보방송통신위원회
윤호중,0.0,과학기술정보방송통신위원회
이장섭,0.0022195488674591987,과학기술정보방송통신위원회
홍익표,0.007293463662853904,과학기술정보방송통신위원회
윤준병,0.003518305346148983,과학기술정보방송통신위원회
조은희,0.0009252675382596215,과학기술정보방송통신위원회
김종민,0.0020497377501790845,과학기술정보방송통신위원회
윤미향,0.0011032348141258885,과학기술정보방송통신위원회
최강욱,0.0003402407820590529,과학기술정보방송통신위원회
김성주,0.0009463151313117101,과학기술정보방송통신위원회
윤건영,0.0009959300844486142,과학기술정보방송통신위원회
소병훈,0.0009175585239342297,과학기술정보방송통신위원회
유정주,0.0,과학기술정보방송통신위원회
조정식,0.0017426057213421207,과학기술정보방송통신위원회
서정숙,0.0,과학기술정보방송통신위원회
이종배,0.006443098966120926,과학기술정보방송통신위원회
신정훈,0.0,과학기술정보방송통신위원회
홍영표,0.0010323018137914654,과학기술정보방송통신위원회
신동근,0.0,과학기술정보방송통신위원회
이원욱,0.017610691067679173,과학기술정보방송통신위원회
박재호,0.0,과학기술정보방송통신위원회
양경숙,0.004686656744063743,과학기술정보방송통신위원회
위성곤,0.0,과학기술정보방송통신위원회
강훈식,0.010095112704751032,과학기술정보방송통신위원회
김한정,0.0,과학기술정보방송통신위원회
류호정,0.0035546876507504183,과학기술정보방송통신위원회
민홍철,0.0004224646890883316,과학기술정보방송통신위원회
이성만,0.005043267971071005,과학기술정보방송통신위원회
이탄희,0.0,과학기술정보방송통신위원회
정청래,0.0026139044380686155,과학기술정보방송통신위원회
진성준,0.0015332232091147338,과학기술정보방송통신위원회
강병원,0.005790702258174635,과학기술정보방송통신위원회
홍기원,0.0,과학기술정보방송통신위원회
박병석,0.0,과학기술정보방송통신위원회
박주민,0.0017125766760573557,과학기술정보방송통신위원회
김병기,0.0,과학기술정보방송통신위원회
정일영,0.0,과학기술정보방송통신위원회
서동용,0.0,과학기술정보방송통신위원회
주철현,0.0,과학기술정보방송통신위원회
이재정,0.0001358130472690443,과학기술정보방송통신위원회
김영배,0.0012987497116367676,과학기술정보방송통신위원회
이소영,0.0,과학기술정보방송통신위원회
김교흥,0.0,과학기술정보방송통신위원회
고영인,0.0,과학기술정보방송통신위원회
전용기,0.0036207587888703167,과학기술정보방송통신위원회
조정훈,0.0,과학기술정보방송통신위원회
윤영석,0.0006971062266336561,과학기술정보방송통신위원회
조해진,0.0005204337145405858,과학기술정보방송통신위원회
한기호,0.0,과학기술정보방송통신위원회
이상민,0.005275691183491691,과학기술정보방송통신위원회
임오경,0.001604724442010437,과학기술정보방송통신위원회
김영호,0.0,과학기술정보방송통신위원회
전해철,0.0002476265822015478,과학기술정보방송통신위원회
김수흥,0.0020120842197212776,과학기술정보방송통신위원회
신원식,0.0028924710689094872,과학기술정보방송통신위원회
한정애,0.0,과학기술정보방송통신위원회
신영대,0.0,과학기술정보방송통신위원회
김병주,0.0013398436369277955,과학기술정보방송통신위원회
김선교,0.0007911860225738193,과학기술정보방송통신위원회
유동수,0.0,과학기술정보방송통신위원회
김회재,0.0005164738493202,과학기술정보방송통신위원회
전혜숙,0.009893004150927009,과학기술정보방송통신위원회
배현진,0.000500116686339624,과학기술정보방송통신위원회
권인숙,0.004164902294110671,과학기술정보방송통신위원회
강선우,0.005023465426105425,과학기술정보방송통신위원회
송언석,0.0,과학기술정보방송통신위원회
천준호,0.0,과학기술정보방송통신위원회
김기현,0.0015345241540115555,과학기술정보방송통신위원회
박수영,0.0,과학기술정보방송통신위원회
윤관석,0.0,과학기술정보방송통신위원회
이달곤,0.0,과학기술정보방송통신위원회
최형두,0.007615910082492861,과학기술정보방송통신위원회
박범계,0.0006170320900731667,과학기술정보방송통신위원회
정점식,0.0,과학기술정보방송통신위원회
정찬민,0.0,과학기술정보방송통신위원회
권칠승,0.0010046449833227046,과학기술정보방송통신위원회
이용우,0.0010483847902615529,과학기술정보방송통신위원회
이원택,0.0005168279128357904,과학기술정보방송통신위원회
권은희,0.0,과학기술정보방송통신위원회
,0.0,과학기술정보방송통신위원회
이광재,0.0014073890612435504,과학기술정보방송통신위원회
추경호,0.0032279649100401954,과학기술정보방송통신위원회
김태흠,0.0,과학기술정보방송통신위원회
박완수,0.0004592769805506249,과학기술정보방송통신위원회
이영,0.001483122117929295,과학기술정보방송통신위원회
홍준표,0.0,과학기술정보방송통신위원회
김은혜,0.0,과학기술정보방송통신위원회
김진표,0.0013699136350040636,과학기술정보방송통신위원회
오영훈,0.0,과학기술정보방송통신위원회
이해식,0.0,과학기술정보방송통신위원회
조응천,0.0,과학기술정보방송통신위원회
이규민,0.0,과학기술정보방송통신위원회
오기형,0.0,과학기술정보방송통신위원회
정정순,0.0,과학기술정보방송통신위원회
곽상도,0.0,과학기술정보방송통신위원회
윤희숙,0.0,과학기술정보방송통신위원회
송영길,0.0,과학기술정보방송통신위원회
이낙연,0.0,과학기술정보방송통신위원회
조태용,0.0,과학기술정보방송통신위원회
이상직,0.0,과학기술정보방송통신위원회
김진애,0.0,과학기술정보방송통신위원회
장혜영,0.010677696095360432,국회운영위원회
심상정,0.010345581691690605,국회운영위원회
배진교,0.00024170410678114635,국회운영위원회
강은미,0.007154551261334648,국회운영위원회
양경규,0.0,국회운영위원회
이자스민,0.0,국회운영위원회
용혜인,0.07074376678291197,국회운영위원회
윤미향,0.0,국회운영위원회
허숙정,0.00015332867978492564,국회운영위원회
강성희,0.0,국회운영위원회
김진표,0.05644631399421507,국회운영위원회
박용진,0.00769250754420191,국회운영위원회
이병훈,0.007351472831063121,국회운영위원회
홍성국,0.06225009254745171,국회운영위원회
전혜숙,0.0,국회운영위원회
이상헌,0.004839484116740666,국회운영위원회
송갑석,0.0,국회운영위원회
소병철,0.0,국회운영위원회
오영환,0.0,국회운영위원회
김철민,0.007873608353224627,국회운영위원회
이개호,0.0030540814630714884,국회운영위원회
고용진,0.0,국회운영위원회
기동민,0.004463379364890809,국회운영위원회
정진석,0.003085671994185539,국회운영위원회
이명수,0.01701901713993467,국회운영위원회
유상범,0.0023727171735885605,국회운영위원회
지성호,0.0,국회운영위원회
최형두,0.0033281052675175576,국회운영위원회
구자근,0.001954145955392244,국회운영위원회
정동만,0.0,국회운영위원회
김은희,0.0,국회운영위원회
태영호,0.010507153056410836,국회운영위원회
강민정,0.009700223871014466,국회운영위원회
신현영,0.004100503216441248,국회운영위원회
윤영덕,0.004214105325501818,국회운영위원회
강준현,0.0032521044388211175,국회운영위원회
박병석,0.0,국회운영위원회
정태호,0.0,국회운영위원회
이원택,0.0,국회운영위원회
민병덕,0.0,국회운영위원회
전주혜,0.005822218456087415,국회운영위원회
윤재옥,0.005625233432991129,국회운영위원회
이양수,0.035798067747895644,국회운영위원회
장동혁,0.0029853222957997717,국회운영위원회
김영식,0.0,국회운영위원회
백종헌,0.0,국회운영위원회
서범수,0.004063698951192533,국회운영위원회
서정숙,0.0,국회운영위원회
이인선,0.0007772463599745531,국회운영위원회
정경희,0.0025553588940615767,국회운영위원회
정희용,0.0,국회운영위원회
조명희,0.00260340187640893,국회운영위원회
류호정,0.0,국회운영위원회
설훈,0.0,국회운영위원회
양정숙,0.0,국회운영위원회
이은주,0.0,국회운영위원회
허종식,0.0,국회운영위원회
강기윤,0.005598733921003137,국회운영위원회
강대식,0.0,국회운영위원회
권명호,0.0,국회운영위원회
권은희,0.0024967359897351514,국회운영위원회
김미애,0.0,국회운영위원회
김석기,0.002443167805175505,국회운영위원회
김영선,0.0,국회운영위원회
김예지,0.02677272741635372,국회운영위원회
김형동,0.0,국회운영위원회
김희곤,0.0,국회운영위원회
박대수,0.0,국회운영위원회
박성중,0.0,국회운영위원회
박진,0.0,국회운영위원회
박형수,0.0013013609266501183,국회운영위원회
서일준,0.005403559547154328,국회운영위원회
양금희,0.0028233727407605503,국회운영위원회
유경준,0.0,국회운영위원회
윤창현,0.0,국회운영위원회
윤한홍,0.0003462100657392588,국회운영위원회
이종배,0.012077007101866448,국회운영위원회
이종성,0.0028781420209729115,국회운영위원회
이헌승,0.010588819291245307,국회운영위원회
임이자,0.0,국회운영위원회
전봉민,0.000721566389239999,국회운영위원회
정우택,0.001554603304065066,국회운영위원회
최연숙,0.03925168928389375,국회운영위원회
엄태영,0.005975317844292015,국회운영위원회
임병헌,0.0,국회운영위원회
민형배,0.015773483191498298,국회운영위원회
김영배,0.0,국회운영위원회
김용민,0.002536220665957558,국회운영위원회
김원이,0.0016900215765590213,국회운영위원회
신정훈,0.0077600298734192535,국회운영위원회
윤재갑,0.06699107259658243,국회운영위원회
이탄희,0.0013394384834308952,국회운영위원회
이학영,0.009078572435548257,국회운영위원회
이형석,0.0,국회운영위원회
정필모,0.002529503498075532,국회운영위원회
홍정민,0.0025203457643829833,국회운영위원회
황운하,0.010907391137627192,국회운영위원회
노용호,0.0,국회운영위원회
이용호,0.0,국회운영위원회
조수진,0.003445480287755476,국회운영위원회
조은희,0.0,국회운영위원회
최승재,0.0,국회운영위원회
김용판,0.001426474338134798,국회운영위원회
윤영석,0.0,국회운영위원회
김성환,0.003107336040393135,국회운영위원회
강훈식,0.0,국회운영위원회
김성주,0.0,국회운영위원회
김승원,0.01042464528129081,국회운영위원회
김영주,0.001640900908769457,국회운영위원회
김정호,0.005257833167013505,국회운영위원회
박홍근,0.00893675558500223,국회운영위원회
변재일,0.0,국회운영위원회
서동용,0.0,국회운영위원회
소병훈,0.0,국회운영위원회
송재호,0.015463200229124173,국회운영위원회
신영대,0.0006790816451338476,국회운영위원회
안호영,0.0,국회운영위원회
양이원영,0.0,국회운영위원회
오기형,0.0,국회운영위원회
위성곤,0.0019688730244958783,국회운영위원회
유동수,0.0,국회운영위원회
이동주,0.010917155335021104,국회운영위원회
이용빈,0.0,국회운영위원회
이장섭,0.0,국회운영위원회
정성호,0.002985505042004199,국회운영위원회
정일영,0.002358776360554985,국회운영위원회
조오섭,0.0,국회운영위원회
주철현,0.003528344816381094,국회운영위원회
최기상,0.004154940100842837,국회운영위원회
김윤덕,0.0,국회운영위원회
박상혁,0.0,국회운영위원회
어기구,0.0,국회운영위원회
윤영찬,0.0015921616754139768,국회운영위원회
윤후덕,0.001679933751959031,국회운영위원회
임종성,0.0026467272872491817,국회운영위원회
정춘숙,0.0020938474332202906,국회운영위원회
맹성규,0.0,국회운영위원회
유정주,0.0,국회운영위원회
고영인,0.0007277702415655239,국회운영위원회
김상희,0.00443432512065192,국회운영위원회
김주영,0.0025470839026901595,국회운영위원회
김한규,0.000555883824387629,국회운영위원회
양경숙,0.00568225077569369,국회운영위원회
윤호중,0.00037635179593002727,국회운영위원회
이성만,0.001498799043421669,국회운영위원회
이소영,0.0030908288804580297,국회운영위원회
이용우,0.0,국회운영위원회
임호선,0.0,국회운영위원회
장경태,0.0013156807095501596,국회운영위원회
진선미,0.0,국회운영위원회
최혜영,0.01566276261480957,국회운영위원회
한정애,0.023282742199987227,국회운영위원회
한준호,0.0,국회운영위원회
허영,0.00553887764250989,국회운영위원회
홍기원,0.0,국회운영위원회
조정식,0.0006908013676714612,국회운영위원회
문정복,0.0,국회운영위원회
양기대,0.0,국회운영위원회
윤준병,0.001758649778202555,국회운영위원회
이정문,0.001128403061795509,국회운영위원회
김의겸,0.0008179421445851546,국회운영위원회
황희,0.00013937567737327142,국회운영위원회
강선우,0.002870462489114719,국회운영위원회
김승남,0.0,국회운영위원회
김영호,0.0008369790629960651,국회운영위원회
박정,0.0,국회운영위원회
이원욱,0.003945007252069463,국회운영위원회
최인호,0.0,국회운영위원회
김민기,0.0035920604620179285,국회운영위원회
김영진,0.0,국회운영위원회
유기홍,0.0,국회운영위원회
최종윤,0.0,국회운영위원회
김경협,0.01329858628343608,국회운영위원회
김태년,0.013972317834561876,국회운영위원회
김남국,0.008802902109754913,국회운영위원회
김홍걸,0.006438204906357336,국회운영위원회
김성원,0.009999156184194505,국회운영위원회
박성민,0.0013337754077334233,국회운영위원회
성일종,0.0,국회운영위원회
이주환,0.0,국회운영위원회
권성동,0.005787199267414033,국회운영위원회
류성걸,0.008384494681390027,국회운영위원회
박정하,0.0,국회운영위원회
서병수,0.02673931073650902,국회운영위원회
이달곤,0.0,국회운영위원회
한무경,0.0,국회운영위원회
배준영,0.0,국회운영위원회
조정훈,0.0,국회운영위원회
강득구,0.002358903910215865,국회운영위원회
강병원,0.001785883187167152,국회운영위원회
권칠승,0.0033231475315001636,국회운영위원회
홍익표,0.0,국회운영위원회
김교흥,0.0,국회운영위원회
이재정,0.004415194068082702,국회운영위원회
박재호,0.0002240628411659839,국회운영위원회
서영석,0.0,국회운영위원회
이용,0.0019188568841341793,국회운영위원회
최강욱,0.0025944380938383704,국회운영위원회
김두관,0.005471028439114316,국회운영위원회
박주민,0.003310366343173822,국회운영위원회
윤건영,0.0,국회운영위원회
윤관석,0.0019771701445408852,국회운영위원회
김민철,0.0,국회운영위원회
김병기,0.0041695903912893515,국회운영위원회
민홍철,0.00021159641044436506,국회운영위원회
신동근,0.0023765973669927377,국회운영위원회
장철민,0.005101759384450893,국회운영위원회
전재수,0.0,국회운영위원회
김종민,0.0,국회운영위원회
최춘식,0.0,국회운영위원회
하영제,0.0,국회운영위원회
김웅,0.0004527810913555801,국회운영위원회
김승수,0.0,국회운영위원회
허은아,0.0009628839837731247,국회운영위원회
박덕흠,0.00755585742808104,국회운영위원회
윤두현,0.0,국회운영위원회
권인숙,0.005303078913979821,국회운영위원회
김민석,0.0037372597906244085,국회운영위원회
전해철,0.004938916452336544,국회운영위원회
조해진,0.0018970947160853087,국회운영위원회
하태경,0.0,국회운영위원회
윤상현,0.0001714366612795376,국회운영위원회
안병길,0.0020945275181577616,국회운영위원회
서삼석,0.0,국회운영위원회
고민정,0.0006599041408748476,국회운영위원회
유의동,0.01570381882250602,국회운영위원회
김도읍,0.0016359641526889005,국회운영위원회
박수영,0.0005813797033160437,국회운영위원회
윤주경,0.0030050078695738535,국회운영위원회
이만희,0.0,국회운영위원회
이철규,0.0,국회운영위원회
이태규,0.000997000718904404,국회운영위원회
최재형,0.0,국회운영위원회
박영순,0.0014838874625147252,국회운영위원회
안민석,0.0013765536652912017,국회운영위원회
조승래,0.0063423333446882705,국회운영위원회
홍석준,0.00039952403234675256,국회운영위원회
홍문표,0.0,국회운영위원회
강민국,0.006292791994809885,국회운영위원회
김상훈,0.0,국회운영위원회
안철수,0.0,국회운영위원회
김경만,0.0,국회운영위원회
인재근,0.02010751105040353,국회운영위원회
조경태,0.0,국회운영위원회
문진석,0.00853093606572512,국회운영위원회
김선교,0.0,국회운영위원회
송석준,0.0,국회운영위원회
정점식,0.0,국회운영위원회
서영교,0.000997987872152726,국회운영위원회
박범계,0.0,국회운영위원회
이채익,0.008405663376181965,국회운영위원회
최영희,0.0,국회운영위원회
진성준,0.004282408901354679,국회운영위원회
정운천,0.002313245587775706,국회운영위원회
박성준,0.0013022040750625425,국회운영위원회
백혜련,0.0019533348853014317,국회운영위원회
김수흥,0.004802990975832499,국회운영위원회
안규백,0.0006473329161763376,국회운영위원회
노웅래,0.004571366096931274,국회운영위원회
한병도,0.011413132435235646,국회운영위원회
이용선,0.0,국회운영위원회
김회재,0.0019659926746846725,국회운영위원회
김학용,0.0,국회운영위원회
전용기,0.004622645290258858,국회운영위원회
박찬대,0.0,국회운영위원회
김병주,0.0016858515132086188,국회운영위원회
송옥주,0.002681948070550142,국회운영위원회
주호영,0.0006706130713888441,국회운영위원회
권영세,0.0,국회운영위원회
황보승희,0.004290287856933038,국회운영위원회
김태호,0.0,국회운영위원회
남인순,0.0,국회운영위원회
양향자,0.0,국회운영위원회
임오경,0.0,국회운영위원회
천준호,0.0009613510896265508,국회운영위원회
김정재,0.005487556769056508,국회운영위원회
박광온,0.002513247515180929,국회운영위원회
박완주,0.0014921283944556152,국회운영위원회
도종환,0.0,국회운영위원회
이상민,0.007317708405085703,국회운영위원회
조응천,0.0005846466196259267,국회운영위원회
홍영표,0.0013767095038929762,국회운영위원회
우원식,0.0,국회운영위원회
김한정,0.0,국회운영위원회
이해식,0.0014540624871159816,국회운영위원회
이인영,0.00010600147457344478,국회운영위원회
신원식,0.00487774347185287,국회운영위원회
박대출,0.0011165088812853687,국회운영위원회
송언석,0.010861554247922928,국회운영위원회
김희국,0.0,국회운영위원회
추경호,0.09065805356693939,국회운영위원회
김태흠,0.0,국회운영위원회
정청래,0.002881616704917353,국회운영위원회
우상호,0.0,국회운영위원회
이영,0.0018766285871016457,국회운영위원회
한기호,0.0,국회운영위원회
김은혜,0.0,국회운영위원회
이규민,0.002905073160188571,국회운영위원회
윤희숙,0.0,국회운영위원회
오영훈,0.0,국회운영위원회
곽상도,0.0,국회운영위원회
김기현,0.015300923417961378,국회운영위원회
이낙연,0.0,국회운영위원회
김진애,0.0,국회운영위원회
송기헌,0.0,국회운영위원회
이광재,0.0,국회운영위원회
송영길,0.0,국회운영위원회
장제원,0.0,국회운영위원회
정찬민,0.0,국회운영위원회
배현진,0.0008267928970186135,국회운영위원회
박완수,0.00039637834276657946,국회운영위원회
조태용,0.0003561927729908518,국회운영위원회
홍준표,0.0,국회운영위원회
이상직,0.0,국회운영위원회
정정순,0.0,국회운영위원회
안규백,0.07867361573684264,국방위원회
윤후덕,0.008651347428948448,국방위원회
허숙정,0.0,국방위원회
김학용,0.0,국방위원회
이채익,0.0063087622760708995,국방위원회
강대식,0.013260436089485685,국방위원회
정성호,0.01105359388747949,국방위원회
강기윤,0.0,국방위원회
기동민,0.008817951369848255,국방위원회
백종헌,0.002119587024869767,국방위원회
송언석,0.0,국방위원회
성일종,0.048234762116824356,국방위원회
이용호,0.005095727956800255,국방위원회
이종배,0.0009568487834736154,국방위원회
최춘식,0.0071014691459789815,국방위원회
박덕흠,0.0,국방위원회
구자근,0.0,국방위원회
이종성,0.0013510919650372383,국방위원회
김승수,0.0007511793074778379,국방위원회
권성동,0.0,국방위원회
김상훈,0.0,국방위원회
김진표,0.01834133295745556,국방위원회
박용진,0.0,국방위원회
이병훈,0.0,국방위원회
홍성국,0.0,국방위원회
전혜숙,0.0016370155178023062,국방위원회
이상헌,0.002218995082456212,국방위원회
송갑석,0.012045846304682768,국방위원회
소병철,0.0009322813359981505,국방위원회
오영환,0.0,국방위원회
최연숙,0.0,국방위원회
김철민,0.0052130944095598,국방위원회
이헌승,0.027141563504618507,국방위원회
김영선,0.0003163796671969261,국방위원회
임병헌,0.009279344537268445,국방위원회
이용,0.0,국방위원회
양향자,0.0,국방위원회
송석준,0.001954147417451174,국방위원회
변재일,0.0006319296196305332,국방위원회
강준현,0.0,국방위원회
임호선,0.0,국방위원회
민형배,0.014625505851952736,국방위원회
윤영찬,0.0,국방위원회
전용기,0.004986345790847858,국방위원회
인재근,0.0014993835033016356,국방위원회
조정식,0.0,국방위원회
허영,0.0,국방위원회
정경희,0.0022550045662543157,국방위원회
이인선,0.0,국방위원회
권명호,0.00120762047892956,국방위원회
조은희,0.001848487752761272,국방위원회
류성걸,0.0007328023416294586,국방위원회
김용판,0.0006948611478481421,국방위원회
태영호,0.005475499429687166,국방위원회
최승재,0.0,국방위원회
윤창현,0.005665091623806174,국방위원회
김영식,0.0,국방위원회
조경태,0.0,국방위원회
정우택,0.0,국방위원회
전주혜,0.0005790920199339718,국방위원회
김도읍,0.0020568387745897075,국방위원회
유경준,0.0019043111808613644,국방위원회
조수진,0.0007305191392468333,국방위원회
권영세,0.0,국방위원회
김형동,0.0006285941360942821,국방위원회
황보승희,0.0,국방위원회
윤한홍,0.0,국방위원회
장동혁,0.0,국방위원회
설훈,0.025211884144763465,국방위원회
송옥주,0.011492278082994948,국방위원회
신현영,0.0,국방위원회
조승래,0.0,국방위원회
김영주,0.0,국방위원회
고민정,0.0,국방위원회
민병덕,0.0,국방위원회
이용선,0.0,국방위원회
김병주,0.043033151900171145,국방위원회
고용진,0.0,국방위원회
유동수,0.00042021176799220713,국방위원회
윤미향,0.0026379340597722845,국방위원회
김성주,0.0,국방위원회
김윤덕,0.0,국방위원회
박상혁,0.0,국방위원회
박정,0.0,국방위원회
이학영,0.0,국방위원회
정춘숙,0.0,국방위원회
진선미,0.0,국방위원회
한기호,0.042985117641460575,국방위원회
김성원,0.006005308736321943,국방위원회
김희곤,0.0,국방위원회
엄태영,0.0,국방위원회
조정훈,0.0,국방위원회
지성호,0.0,국방위원회
최재형,0.0,국방위원회
하태경,0.0031858745749558134,국방위원회
홍석준,0.001233410919842685,국방위원회
송기헌,0.0022153457991265185,국방위원회
김영배,0.00668806299850107,국방위원회
백혜련,0.0,국방위원회
어기구,0.0,국방위원회
전재수,0.0,국방위원회
주철현,0.0,국방위원회
최인호,0.0,국방위원회
김예지,0.0,국방위원회
김희국,0.0,국방위원회
우신구,0.0,국방위원회
박성민,0.0,국방위원회
서병수,0.0,국방위원회
이주환,0.0,국방위원회
전봉민,0.0030435472767892974,국방위원회
최영희,0.0,국방위원회
한무경,0.0,국방위원회
홍문표,0.0,국방위원회
김상희,0.0,국방위원회
이성만,0.0,국방위원회
이원욱,0.0034128184915219227,국방위원회
임종성,0.000550397642216334,국방위원회
한정애,0.0,국방위원회
홍정민,0.001188745092787336,국방위원회
윤상현,0.00335497638336675,국방위원회
정운천,0.0,국방위원회
박대수,0.0,국방위원회
홍영표,0.011754851660120925,국방위원회
김승원,0.0,국방위원회
양이원영,0.0,국방위원회
이용빈,0.010449951181078812,국방위원회
정일영,0.0,국방위원회
한준호,0.008189969206195389,국방위원회
유의동,0.002359712060362604,국방위원회
하영제,0.0026172511708090966,국방위원회
최혜영,0.0017463947975970104,국방위원회
김용민,0.0,국방위원회
김주영,0.0,국방위원회
서영석,0.0,국방위원회
신정훈,0.0,국방위원회
김정호,0.004663225847085594,국방위원회
김태년,0.0,국방위원회
이동주,0.0,국방위원회
최기상,0.0017071653741004237,국방위원회
김수흥,0.0,국방위원회
박성준,0.009332223245924939,국방위원회
양경숙,0.002505401612029803,국방위원회
이정문,0.0014204732551931813,국방위원회
김경만,0.0,국방위원회
김경협,0.0017872210943393851,국방위원회
김민석,0.0,국방위원회
김원이,0.0,국방위원회
김의겸,0.0,국방위원회
김홍걸,0.0,국방위원회
서영교,0.004949771693965223,국방위원회
양기대,0.0018518451190345888,국방위원회
양정숙,0.005828813289365362,국방위원회
정태호,0.0,국방위원회
강선우,0.0,국방위원회
김민기,0.008601291758635818,국방위원회
김종민,0.001765928098566343,국방위원회
윤건영,0.0009548360875498143,국방위원회
강득구,0.0,국방위원회
박홍근,0.0,국방위원회
신영대,0.0,국방위원회
우원식,0.004285170860036301,국방위원회
천준호,0.0,국방위원회
강훈식,0.002528738078582027,국방위원회
안민석,0.0007454803334811625,국방위원회
이소영,0.0,국방위원회
홍기원,0.002863740922224999,국방위원회
권칠승,0.0,국방위원회
김병기,0.021815521290545817,국방위원회
유정주,0.0,국방위원회
박재호,0.0008650689309502391,국방위원회
김한규,0.0,국방위원회
박영순,0.0,국방위원회
노용호,0.0,국방위원회
신원식,0.020330647466621925,국방위원회
정동만,0.0,국방위원회
박형수,0.0,국방위원회
장철민,0.0,국방위원회
김성환,0.0,국방위원회
서삼석,0.00178204556084223,국방위원회
이용우,0.0,국방위원회
조오섭,0.0035217813098480655,국방위원회
임오경,0.0004818793365480794,국방위원회
안병길,0.0,국방위원회
윤두현,0.0,국방위원회
이태규,0.000300177361706049,국방위원회
조명희,0.0025014262330681374,국방위원회
강민국,0.0012352402543101477,국방위원회
김미애,0.0,국방위원회
이달곤,0.0,국방위원회
김회재,0.0010654213075543008,국방위원회
윤영덕,0.0,국방위원회
김두관,0.0030971358222808085,국방위원회
신동근,0.0,국방위원회
한병도,0.0,국방위원회
이인영,0.0,국방위원회
박성중,0.0,국방위원회
유기홍,0.0,국방위원회
최형두,0.0,국방위원회
이은주,0.0,국방위원회
서일준,0.0,국방위원회
양금희,0.0004241870755914524,국방위원회
이형석,0.0,국방위원회
홍익표,0.0,국방위원회
김민철,0.0,국방위원회
김영진,0.0,국방위원회
문진석,0.0010968649680578692,국방위원회
윤주경,0.012144222359737162,국방위원회
강민정,0.004932631779068573,국방위원회
윤재갑,0.004285349126794573,국방위원회
이탄희,0.0005013687845047387,국방위원회
윤재옥,0.0003266411637999257,국방위원회
유상범,0.0,국방위원회
이명수,0.0,국방위원회
김교흥,0.0,국방위원회
송재호,0.0009571283031374341,국방위원회
김남국,0.0013684000462591906,국방위원회
문정복,0.0,국방위원회
서동용,0.0,국방위원회
윤준병,0.0,국방위원회
강성희,0.0,국방위원회
강은미,0.0,국방위원회
용혜인,0.0,국방위원회
장혜영,0.0,국방위원회
서범수,0.0,국방위원회
배준영,0.0,국방위원회
정희용,0.0,국방위원회
박찬대,0.0,국방위원회
소병훈,0.001247689291583237,국방위원회
조응천,0.00047049519834021944,국방위원회
최종윤,0.0,국방위원회
이개호,0.0,국방위원회
박수영,0.0,국방위원회
조해진,0.0,국방위원회
류호정,0.0,국방위원회
김태호,0.0,국방위원회
정점식,0.0,국방위원회
김선교,0.0043584794638248155,국방위원회
안철수,0.0,국방위원회
위성곤,0.0,국방위원회
이재명,0.0,국방위원회
이재정,0.0,국방위원회
정필모,0.0,국방위원회
허종식,0.0,국방위원회
민홍철,0.018016069103662862,국방위원회
김승남,0.0,국방위원회
최강욱,0.0005615911218054525,국방위원회
박주민,0.001387561304417307,국방위원회
황운하,0.0014433164873797358,국방위원회
배진교,0.0,국방위원회
강병원,0.0,국방위원회
박광온,0.0,국방위원회
이해식,0.0,국방위원회
권인숙,0.0003217177226776403,국방위원회
김정재,0.0,국방위원회
이양수,0.0,국방위원회
우상호,0.0,국방위원회
배현진,0.0,국방위원회
임이자,0.0,국방위원회
장경태,0.0004719584306247604,국방위원회
윤호중,0.0,국방위원회
이상민,0.0,국방위원회
전해철,0.0,국방위원회
이장섭,0.0,국방위원회
박정하,0.0,국방위원회
정찬민,0.00010241201269713079,국방위원회
도종환,0.0008122997786704109,국방위원회
윤관석,0.0,국방위원회
김기현,0.0,국방위원회
황희,0.0010042393420295103,국방위원회
박진,0.0,국방위원회
노웅래,0.0006254342751008691,국방위원회
서정숙,0.0,국방위원회
남인순,0.0,국방위원회
맹성규,0.0,국방위원회
박대출,0.0,국방위원회
김한정,0.0,국방위원회
안호영,0.0,국방위원회
정진석,0.0001842111862567114,국방위원회
주호영,0.0,국방위원회
진성준,0.0004086685124864568,국방위원회
정청래,0.0,국방위원회
송영길,0.0,국방위원회
김영호,0.0,국방위원회
김웅,0.0,국방위원회
이영,0.0,국방위원회
추경호,0.0,국방위원회
이광재,0.0009716156680586711,국방위원회
김태흠,0.0,국방위원회
김은혜,0.0,국방위원회
허은아,0.0,국방위원회
윤영석,0.0,국방위원회
고영인,0.0,국방위원회
조태용,0.004552924778894626,국방위원회
김석기,0.000657248880722756,국방위원회
이만희,0.0,국방위원회
이철규,0.00032441623539464817,국방위원회
홍준표,0.00010533916612805264,국방위원회
이규민,0.0,국방위원회
오기형,0.0,국방위원회
이낙연,0.0,국방위원회
박완수,0.0,국방위원회
장제원,0.003243961531905736,국방위원회
윤희숙,0.0,국방위원회
정정순,0.0,국방위원회
박완주,0.0,국방위원회
곽상도,0.0,국방위원회
이상직,0.0,국방위원회
이원택,0.0,국방위원회
김진애,0.0,국방위원회
박범계,0.0,국방위원회
오영훈,0.0,국방위원회
권은희,0.0,국방위원회
조은희,0.060442731001967474,여성가족위원회
박대수,0.0,여성가족위원회
한무경,0.0,여성가족위원회
허숙정,0.004958057822444964,여성가족위원회
이헌승,0.0,여성가족위원회
박정하,0.0,여성가족위원회
김은희,0.008463496498943757,여성가족위원회
이용,0.0,여성가족위원회
최승재,0.0,여성가족위원회
지성호,0.004702214742947138,여성가족위원회
임이자,0.0034565202674956366,여성가족위원회
정경희,0.016364926365746713,여성가족위원회
윤창현,0.0,여성가족위원회
성일종,0.0,여성가족위원회
김용판,0.0,여성가족위원회
노용호,0.0001368617095391035,여성가족위원회
백종헌,0.0,여성가족위원회
전주혜,0.02895691394167967,여성가족위원회
김미애,0.005114791997278996,여성가족위원회
강민정,0.019018834083236565,여성가족위원회
윤영덕,0.03907951915166637,여성가족위원회
김남국,0.0,여성가족위원회
문정복,0.0,여성가족위원회
강득구,0.002564079276850525,여성가족위원회
김의겸,0.0,여성가족위원회
양경숙,0.0015903027447192089,여성가족위원회
이탄희,0.0,여성가족위원회
권인숙,0.02823642678467161,여성가족위원회
김경만,0.0,여성가족위원회
황보승희,0.018791170983546213,여성가족위원회
박덕흠,0.0046463335365138116,여성가족위원회
송석준,0.004863351529183696,여성가족위원회
유경준,0.0,여성가족위원회
조수진,0.0,여성가족위원회
이인선,0.0,여성가족위원회
김근태,0.0,여성가족위원회
윤영석,0.0062094330572424845,여성가족위원회
김예지,0.0016292101945752603,여성가족위원회
김희곤,0.0,여성가족위원회
하영제,0.0,여성가족위원회
권명호,0.0035000565426373167,여성가족위원회
안철수,0.0,여성가족위원회
최연숙,0.10777001442087385,여성가족위원회
윤한홍,0.0,여성가족위원회
박진,0.0016646153950461483,여성가족위원회
윤주경,0.0016860512288694788,여성가족위원회
이양수,0.00040915972608714644,여성가족위원회
박성중,0.0,여성가족위원회
조정훈,0.0,여성가족위원회
임병헌,0.0,여성가족위원회
강기윤,0.0027724436725831635,여성가족위원회
이종성,0.0035927519163280143,여성가족위원회
권영세,0.0,여성가족위원회
권성동,0.0,여성가족위원회
송언석,0.0016629343309401295,여성가족위원회
허종식,0.0,여성가족위원회
양정숙,0.022603258383370697,여성가족위원회
이원택,0.0021716876717446385,여성가족위원회
한준호,0.008188999720801221,여성가족위원회
주철현,0.0,여성가족위원회
윤미향,0.0,여성가족위원회
김주영,0.0,여성가족위원회
신현영,0.00670739612562166,여성가족위원회
류성걸,0.0,여성가족위원회
김도읍,0.0016393745914430097,여성가족위원회
김형동,0.0,여성가족위원회
장동혁,0.0,여성가족위원회
이성만,0.006316874544355809,여성가족위원회
김정호,0.0,여성가족위원회
김병기,0.0,여성가족위원회
김한규,0.0009600415863683216,여성가족위원회
이인영,0.0,여성가족위원회
맹성규,0.0,여성가족위원회
정태호,0.0,여성가족위원회
이소영,0.0,여성가족위원회
송재호,0.008525400038997504,여성가족위원회
서영교,0.011234923012285538,여성가족위원회
엄태영,0.0,여성가족위원회
강대식,0.0034831179379660264,여성가족위원회
유의동,0.0024106943119264917,여성가족위원회
박성민,0.0016851151273518153,여성가족위원회
주호영,0.0,여성가족위원회
한기호,0.0,여성가족위원회
이용호,0.005596915900990013,여성가족위원회
김웅,0.0,여성가족위원회
서일준,0.0,여성가족위원회
정운천,0.002737538090689253,여성가족위원회
윤상현,0.0,여성가족위원회
배준영,0.0,여성가족위원회
김상훈,0.0,여성가족위원회
강은미,0.0,여성가족위원회
민병덕,0.0,여성가족위원회
신정훈,0.0,여성가족위원회
양이원영,0.0020797392508109863,여성가족위원회
정춘숙,0.007775822095455325,여성가족위원회
최혜영,0.016828515803486904,여성가족위원회
홍성국,0.0,여성가족위원회
김성원,0.001980983243812591,여성가족위원회
이채익,0.0,여성가족위원회
정우택,0.002442264171823621,여성가족위원회
조명희,0.008014028860213305,여성가족위원회
태영호,0.0,여성가족위원회
강훈식,0.0011012485537905245,여성가족위원회
김종민,0.0,여성가족위원회
박용진,0.0,여성가족위원회
서영석,0.0057428302612239504,여성가족위원회
황운하,0.005397459004831517,여성가족위원회
김석기,0.0,여성가족위원회
최영희,0.0,여성가족위원회
박대출,0.006756617773125803,여성가족위원회
유상범,0.0033412700787772078,여성가족위원회
김태호,0.004411280257210709,여성가족위원회
김영선,0.001377176329466474,여성가족위원회
이명수,0.04270723551622142,여성가족위원회
양금희,0.008414686044575013,여성가족위원회
최춘식,0.006865011299841855,여성가족위원회
홍석준,0.00038349443197122806,여성가족위원회
강준현,0.0,여성가족위원회
박성준,0.0031159944942564114,여성가족위원회
송옥주,0.002260932334151093,여성가족위원회
정일영,0.0,여성가족위원회
한정애,0.0,여성가족위원회
강민국,0.00023373169498218437,여성가족위원회
김학용,0.0,여성가족위원회
안병길,0.004123039941879598,여성가족위원회
조해진,0.0,여성가족위원회
남인순,0.002153903720720418,여성가족위원회
우원식,0.0,여성가족위원회
유정주,0.010806010593078095,여성가족위원회
조오섭,0.008132659478125344,여성가족위원회
김승수,0.0,여성가족위원회
서범수,0.0,여성가족위원회
이주환,0.0,여성가족위원회
구자근,0.0,여성가족위원회
전봉민,0.0012004627072832797,여성가족위원회
정점식,0.0005343278154713686,여성가족위원회
박형수,0.0,여성가족위원회
우신구,0.0,여성가족위원회
최재형,0.0,여성가족위원회
김교흥,0.0,여성가족위원회
오영환,0.0,여성가족위원회
유기홍,0.0,여성가족위원회
김영식,0.0,여성가족위원회
서정숙,0.006532615475320911,여성가족위원회
조경태,0.016529649256520916,여성가족위원회
안규백,0.0005321017373851749,여성가족위원회
김승원,0.0,여성가족위원회
김진표,0.0,여성가족위원회
김철민,0.005067039946617507,여성가족위원회
윤후덕,0.0038179695040688436,여성가족위원회
이정문,0.0,여성가족위원회
소병철,0.0009884919726153064,여성가족위원회
권칠승,0.0012558303452147425,여성가족위원회
전해철,0.0,여성가족위원회
김태년,0.000535808837334631,여성가족위원회
용혜인,0.0,여성가족위원회
이동주,0.0,여성가족위원회
고영인,0.017837199878446054,여성가족위원회
김상희,0.008543843720805832,여성가족위원회
김승남,0.0,여성가족위원회
안호영,0.0,여성가족위원회
이용우,0.0,여성가족위원회
인재근,0.008857239782082948,여성가족위원회
최종윤,0.002378919462715233,여성가족위원회
김민석,0.002938305637920102,여성가족위원회
소병훈,0.0072225191032248654,여성가족위원회
신동근,0.0,여성가족위원회
이용빈,0.010853437205841268,여성가족위원회
임호선,0.0029188701577760314,여성가족위원회
김영호,0.001284565955694095,여성가족위원회
김원이,0.0003361644925833516,여성가족위원회
김홍걸,0.06076985993514066,여성가족위원회
박정,0.0,여성가족위원회
이장섭,0.0,여성가족위원회
전용기,0.004454584576798697,여성가족위원회
기동민,0.001659182468770215,여성가족위원회
도종환,0.0,여성가족위원회
민홍철,0.0,여성가족위원회
변재일,0.0,여성가족위원회
이학영,0.0011031794604714833,여성가족위원회
진선미,0.0008884103978568886,여성가족위원회
김용민,0.0008255230962955156,여성가족위원회
민형배,0.008082180330260688,여성가족위원회
박재호,0.0,여성가족위원회
박홍근,0.004419158945550857,여성가족위원회
임종성,0.0035263306128951338,여성가족위원회
장경태,0.0045220392466809416,여성가족위원회
백혜련,0.00484450332101271,여성가족위원회
김윤덕,0.0,여성가족위원회
윤준병,0.004308360074844097,여성가족위원회
양기대,0.005616616686506143,여성가족위원회
설훈,0.0,여성가족위원회
한병도,0.01409980489635208,여성가족위원회
허영,0.0028739600699019515,여성가족위원회
홍영표,0.0,여성가족위원회
박영순,0.003604958057226601,여성가족위원회
이달곤,0.0006465724421872383,여성가족위원회
이종배,0.001304797345852759,여성가족위원회
강병원,0.0,여성가족위원회
조응천,0.0,여성가족위원회
김민철,0.006523740315680636,여성가족위원회
박주민,0.00136169228577217,여성가족위원회
윤건영,0.0,여성가족위원회
이병훈,0.008986612634456026,여성가족위원회
이상헌,0.0,여성가족위원회
이개호,0.0,여성가족위원회
송갑석,0.0035688039602230224,여성가족위원회
어기구,0.0,여성가족위원회
최강욱,0.0015816635340658869,여성가족위원회
정필모,0.0,여성가족위원회
이재정,0.0006320101417072452,여성가족위원회
송기헌,0.0024475574112479623,여성가족위원회
김민기,0.0009307111707608943,여성가족위원회
전재수,0.0003715074377123352,여성가족위원회
정희용,0.012148720155998056,여성가족위원회
서병수,0.005031337659027128,여성가족위원회
홍문표,0.0,여성가족위원회
김수흥,0.0,여성가족위원회
심상정,0.0,여성가족위원회
위성곤,0.003966712943057082,여성가족위원회
최인호,0.0,여성가족위원회
박수영,0.0,여성가족위원회
권은희,0.0,여성가족위원회
양향자,0.0,여성가족위원회
이태규,0.0,여성가족위원회
허은아,0.006684730950839868,여성가족위원회
박완주,0.0,여성가족위원회
홍기원,0.0,여성가족위원회
강선우,0.03863124185970165,여성가족위원회
조승래,0.0008542190447263345,여성가족위원회
김영주,0.001325134150168869,여성가족위원회
김병주,0.0,여성가족위원회
윤재갑,0.022246751302643787,여성가족위원회
이원욱,0.0059112858992796165,여성가족위원회
홍정민,0.0012955760362774334,여성가족위원회
김경협,0.0016439245040734604,여성가족위원회
안민석,0.0017411709061954418,여성가족위원회
윤영찬,0.0017722585104621668,여성가족위원회
장철민,0.0,여성가족위원회
정동만,0.0,여성가족위원회
신원식,0.0,여성가족위원회
진성준,0.0040661429028277,여성가족위원회
김영진,0.00020057852531726484,여성가족위원회
박상혁,0.0023282657656010113,여성가족위원회
김두관,0.0,여성가족위원회
이형석,0.0019359441873198788,여성가족위원회
김영배,0.0,여성가족위원회
신영대,0.00034603347864308105,여성가족위원회
정성호,0.0,여성가족위원회
김선교,0.0053000424002606445,여성가족위원회
박찬대,0.0009274176980914562,여성가족위원회
서동용,0.00212146227807838,여성가족위원회
서삼석,0.0,여성가족위원회
윤재옥,0.0,여성가족위원회
류호정,0.00740093916007838,여성가족위원회
윤관석,0.0,여성가족위원회
문진석,0.0009063924687579973,여성가족위원회
이용선,0.000484177903827645,여성가족위원회
김정재,0.018340146888602252,여성가족위원회
전혜숙,0.0,여성가족위원회
고민정,0.00030395961831834327,여성가족위원회
하태경,0.0,여성가족위원회
최기상,0.0006163743884465509,여성가족위원회
유동수,0.0,여성가족위원회
김성환,0.0,여성가족위원회
이재명,0.0,여성가족위원회
홍익표,0.00043784678022936043,여성가족위원회
박광온,0.00015028812647371762,여성가족위원회
황희,0.0,여성가족위원회
배현진,0.0,여성가족위원회
이해식,0.0030443656846535494,여성가족위원회
이은주,0.0,여성가족위원회
고용진,0.0,여성가족위원회
노웅래,0.0,여성가족위원회
조정식,0.0,여성가족위원회
이만희,0.0,여성가족위원회
장혜영,0.0,여성가족위원회
김한정,0.0,여성가족위원회
김성주,0.011764512877072345,여성가족위원회
이상민,0.0,여성가족위원회
김회재,0.0014160375982564155,여성가족위원회
임오경,0.005096555440113293,여성가족위원회
송영길,0.0,여성가족위원회
정청래,0.003564693937221593,여성가족위원회
박완수,0.0,여성가족위원회
오영훈,0.0,여성가족위원회
이광재,0.0,여성가족위원회
이철규,0.0003729017397288393,여성가족위원회
추경호,0.0,여성가족위원회
정진석,0.0,여성가족위원회
이규민,0.010153416524845258,여성가족위원회
배진교,0.0,여성가족위원회
오기형,0.0,여성가족위원회
장제원,7.463386588767051e-05,여성가족위원회
곽상도,0.0,여성가족위원회
이영,0.0,여성가족위원회
천준호,0.0,여성가족위원회
김기현,8.235196947792808e-05,여성가족위원회
최형두,0.00040446381619276776,여성가족위원회
윤두현,0.0,여성가족위원회
조태용,0.0,여성가족위원회
김은혜,0.0,여성가족위원회
김진애,0.0,여성가족위원회
김태흠,0.0,여성가족위원회
윤희숙,0.0,여성가족위원회
이상직,0.0,여성가족위원회
김희국,0.0,여성가족위원회
홍준표,0.0,여성가족위원회
정정순,0.0,여성가족위원회
이낙연,0.0,여성가족위원회
윤미향,0.002514133680734803,외교통일위원회
윤영덕,0.0010775105250999224,외교통일위원회
양정숙,0.00946235859002797,외교통일위원회
강성희,0.0,외교통일위원회
김용민,0.0,외교통일위원회
이성만,0.0,외교통일위원회
허숙정,0.0,외교통일위원회
신정훈,0.0,외교통일위원회
송옥주,0.0031805753547608307,외교통일위원회
정태호,0.0,외교통일위원회
지성호,0.03419564837170351,외교통일위원회
김예지,0.0,외교통일위원회
김형동,0.0,외교통일위원회
김승수,0.0,외교통일위원회
박진,0.0021422565070082374,외교통일위원회
권명호,0.0,외교통일위원회
박대수,0.0,외교통일위원회
최연숙,0.0,외교통일위원회
이태규,0.0,외교통일위원회
이종성,0.003574429907321301,외교통일위원회
이용,0.0008649827482917538,외교통일위원회
윤상현,0.004832928659138664,외교통일위원회
김용판,0.0,외교통일위원회
하영제,0.0,외교통일위원회
이헌승,0.0,외교통일위원회
김태호,0.0,외교통일위원회
주호영,0.0,외교통일위원회
김희곤,0.0,외교통일위원회
장동혁,0.0,외교통일위원회
태영호,0.04192829864322185,외교통일위원회
이명수,0.03731858620422182,외교통일위원회
권성동,0.0,외교통일위원회
안철수,0.0,외교통일위원회
백종헌,0.0,외교통일위원회
김영선,0.0,외교통일위원회
이종배,0.0,외교통일위원회
김석기,0.024204734233918015,외교통일위원회
송석준,0.0016860835077109927,외교통일위원회
권영세,0.00019199498315016378,외교통일위원회
하태경,0.03262249838147385,외교통일위원회
박홍근,0.009762146787717137,외교통일위원회
김상희,0.009392835848869423,외교통일위원회
김주영,0.0,외교통일위원회
김홍걸,0.04046380260765409,외교통일위원회
민병덕,0.0,외교통일위원회
박주민,0.0005438696660724773,외교통일위원회
이용선,0.019794076821822618,외교통일위원회
이원택,0.0,외교통일위원회
조오섭,0.0,외교통일위원회
권인숙,0.0,외교통일위원회
권칠승,0.0,외교통일위원회
김경협,0.009145282287597116,외교통일위원회
김종민,0.0,외교통일위원회
김철민,0.0,외교통일위원회
문정복,0.0,외교통일위원회
송재호,0.0,외교통일위원회
안규백,0.0,외교통일위원회
윤재갑,0.0,외교통일위원회
이용빈,0.020799172890130273,외교통일위원회
인재근,0.0,외교통일위원회
임종성,0.004456341497215923,외교통일위원회
전용기,0.0023028830110521743,외교통일위원회
정춘숙,0.0,외교통일위원회
조정식,0.002047688899414123,외교통일위원회
진선미,0.0,외교통일위원회
진성준,0.0,외교통일위원회
최인호,0.0003999596508795258,외교통일위원회
최혜영,0.0,외교통일위원회
홍성국,0.0,외교통일위원회
황운하,0.0,외교통일위원회
강대식,0.0,외교통일위원회
박정하,0.0,외교통일위원회
성일종,0.0,외교통일위원회
이인선,0.0,외교통일위원회
서일준,0.0005819708057635093,외교통일위원회
김승원,0.008968709483130511,외교통일위원회
김윤덕,0.0,외교통일위원회
안호영,0.0,외교통일위원회
양기대,0.0,외교통일위원회
윤준병,0.0,외교통일위원회
이정문,0.0,외교통일위원회
이학영,0.0,외교통일위원회
김의겸,0.0,외교통일위원회
민형배,0.0060122646496180146,외교통일위원회
양이원영,0.0,외교통일위원회
정성호,0.0,외교통일위원회
홍정민,0.0,외교통일위원회
윤호중,0.0017504912916052578,외교통일위원회
김병기,0.0,외교통일위원회
김한규,0.0,외교통일위원회
신동근,0.0,외교통일위원회
임호선,0.0,외교통일위원회
정일영,0.0,외교통일위원회
홍기원,0.0,외교통일위원회
설훈,0.016674464188338376,외교통일위원회
고민정,0.0,외교통일위원회
김경만,0.0,외교통일위원회
박상혁,0.0,외교통일위원회
서영교,0.0,외교통일위원회
유기홍,0.0,외교통일위원회
윤후덕,0.012778740109237356,외교통일위원회
어기구,0.0,외교통일위원회
장철민,0.0,외교통일위원회
최기상,0.0,외교통일위원회
한정애,0.0022856141074463383,외교통일위원회
김성원,0.0010319405290730701,외교통일위원회
노용호,0.0,외교통일위원회
유상범,0.0,외교통일위원회
이채익,0.0,외교통일위원회
임이자,0.0,외교통일위원회
최승재,0.0,외교통일위원회
최춘식,0.0,외교통일위원회
고영인,0.0,외교통일위원회
김남국,0.0,외교통일위원회
김회재,0.0,외교통일위원회
이원욱,0.001975775847660123,외교통일위원회
강준현,0.0,외교통일위원회
이인영,0.00039081429447525057,외교통일위원회
김승남,0.002701072952325044,외교통일위원회
김원이,0.0,외교통일위원회
박찬대,0.0,외교통일위원회
송갑석,0.0,외교통일위원회
조승래,0.0,외교통일위원회
최종윤,0.0022220294208686424,외교통일위원회
김미애,0.0,외교통일위원회
김영식,0.0,외교통일위원회
유의동,0.0,외교통일위원회
구자근,0.0042156571976707585,외교통일위원회
안병길,0.0,외교통일위원회
윤창현,0.0,외교통일위원회
홍문표,0.0,외교통일위원회
변재일,0.0,외교통일위원회
강선우,0.0,외교통일위원회
엄태영,0.000564164801859095,외교통일위원회
박덕흠,0.0,외교통일위원회
박형수,0.0,외교통일위원회
한기호,0.005230980309819377,외교통일위원회
남인순,0.0,외교통일위원회
서영석,0.0,외교통일위원회
신영대,0.0,외교통일위원회
이은주,0.0,외교통일위원회
홍영표,0.0,외교통일위원회
정희용,0.00021510875440669406,외교통일위원회
배현진,0.0,외교통일위원회
조수진,0.0,외교통일위원회
김정호,0.0,외교통일위원회
김상훈,0.0,외교통일위원회
정우택,0.0,외교통일위원회
최재형,0.0,외교통일위원회
김두관,0.0,외교통일위원회
소병철,0.0033863118915487076,외교통일위원회
신원식,0.010988600259663351,외교통일위원회
양금희,0.0,외교통일위원회
이개호,0.0,외교통일위원회
이장섭,0.0,외교통일위원회
장경태,0.0,외교통일위원회
정점식,0.0,외교통일위원회
김영배,0.0,외교통일위원회
류성걸,0.0,외교통일위원회
류호정,0.0,외교통일위원회
맹성규,0.0,외교통일위원회
서범수,0.0,외교통일위원회
정운천,0.0,외교통일위원회
허은아,0.0,외교통일위원회
홍석준,0.0,외교통일위원회
이병훈,0.0,외교통일위원회
김민석,0.0,외교통일위원회
한준호,0.0,외교통일위원회
강은미,0.0,외교통일위원회
배진교,0.0,외교통일위원회
이재정,0.008860133513327212,외교통일위원회
박정,0.015903207088942106,외교통일위원회
오영환,0.0,외교통일위원회
강민정,0.0,외교통일위원회
박영순,0.0029053772885415012,외교통일위원회
이해식,0.002746986685826421,외교통일위원회
이형석,0.0,외교통일위원회
김영진,0.0,외교통일위원회
문진석,0.0,외교통일위원회
박성민,0.0,외교통일위원회
서병수,0.0,외교통일위원회
윤재옥,0.0030390269235035855,외교통일위원회
서동용,0.0,외교통일위원회
송기헌,0.0,외교통일위원회
유정주,0.0,외교통일위원회
황희,0.0,외교통일위원회
전주혜,0.00014342418576949607,외교통일위원회
김도읍,0.0035055119990661534,외교통일위원회
윤두현,0.0,외교통일위원회
윤주경,0.0,외교통일위원회
최형두,0.0,외교통일위원회
한무경,0.0,외교통일위원회
김태년,0.0,외교통일위원회
양경숙,0.0012724232686578342,외교통일위원회
김학용,0.0,외교통일위원회
조경태,0.00014439856257981673,외교통일위원회
조해진,0.0,외교통일위원회
최영희,0.0,외교통일위원회
유경준,0.0,외교통일위원회
정경희,0.0,외교통일위원회
조은희,0.0,외교통일위원회
양향자,0.0,외교통일위원회
우상호,0.0015650579180389627,외교통일위원회
박용진,0.0,외교통일위원회
윤건영,0.0018768388557877703,외교통일위원회
전해철,0.0011315808510258167,외교통일위원회
조정훈,0.0,외교통일위원회
김민기,0.0014658268364757844,외교통일위원회
고용진,0.0,외교통일위원회
정필모,0.0,외교통일위원회
허영,0.002299825207340849,외교통일위원회
허종식,0.0,외교통일위원회
이주환,0.005687429182612649,외교통일위원회
전봉민,0.0,외교통일위원회
김민철,0.0037215828303745796,외교통일위원회
김병주,0.0,외교통일위원회
김영주,0.011418008287502304,외교통일위원회
노웅래,0.0,외교통일위원회
이양수,0.0,외교통일위원회
김선교,0.0001855670235136686,외교통일위원회
김정재,0.0,외교통일위원회
이상민,0.0015178040154114748,외교통일위원회
강병원,0.0,외교통일위원회
박완주,0.0,외교통일위원회
위성곤,0.0,외교통일위원회
권은희,0.0,외교통일위원회
강기윤,0.0,외교통일위원회
용혜인,0.0,외교통일위원회
조명희,0.0016841897664895606,외교통일위원회
소병훈,0.0,외교통일위원회
이상헌,0.004807875380556756,외교통일위원회
이달곤,0.0,외교통일위원회
강득구,0.002122804200095841,외교통일위원회
박광온,0.0,외교통일위원회
강훈식,0.0,외교통일위원회
김성환,0.0,외교통일위원회
정찬민,0.0,외교통일위원회
이철규,0.0,외교통일위원회
최강욱,0.0,외교통일위원회
안민석,0.004336939555713819,외교통일위원회
정진석,0.0034544534917289693,외교통일위원회
김수흥,0.0,외교통일위원회
이동주,0.0,외교통일위원회
한병도,0.030419798511958675,외교통일위원회
윤영찬,0.0,외교통일위원회
김영호,0.003990421630720306,외교통일위원회
주철현,0.0,외교통일위원회
황보승희,0.0,외교통일위원회
이광재,0.02368583435436901,외교통일위원회
서정숙,0.0,외교통일위원회
이영,0.0,외교통일위원회
조태용,0.008186152463719941,외교통일위원회
박성준,0.0,외교통일위원회
김한정,0.0,외교통일위원회
전혜숙,0.0,외교통일위원회
김기현,0.001383305556058349,외교통일위원회
추경호,0.003726315911532047,외교통일위원회
홍익표,0.000892283678241977,외교통일위원회
김성주,0.0,외교통일위원회
심상정,0.0,외교통일위원회
오영훈,0.0,외교통일위원회
오기형,0.0,외교통일위원회
전재수,0.0,외교통일위원회
기동민,0.0,외교통일위원회
장제원,0.0,외교통일위원회
박완수,0.0,외교통일위원회
정청래,0.004268600961084057,외교통일위원회
서삼석,0.0,외교통일위원회
이규민,0.0,외교통일위원회
임오경,0.0,외교통일위원회
이용호,0.0,외교통일위원회
윤한홍,0.0,외교통일위원회
송언석,0.0,외교통일위원회
우원식,0.0,외교통일위원회
윤희숙,0.0,외교통일위원회
민홍철,0.0,외교통일위원회
배준영,0.0,외교통일위원회
김교흥,0.0,외교통일위원회
강민국,0.0,외교통일위원회
김희국,0.0,외교통일위원회
윤영석,0.0,외교통일위원회
도종환,0.0,외교통일위원회
박성중,0.0,외교통일위원회
박수영,0.0,외교통일위원회
이탄희,0.0,외교통일위원회
백혜련,0.0,외교통일위원회
송영길,0.001535941510785568,외교통일위원회
곽상도,0.0,외교통일위원회
홍준표,0.0,외교통일위원회
김태흠,0.0,외교통일위원회
신현영,0.0003250915745490208,외교통일위원회
이용우,0.0005413089946797404,외교통일위원회
김진표,0.0,외교통일위원회
윤관석,0.0,외교통일위원회
이상직,0.0,외교통일위원회
유동수,0.0,외교통일위원회
천준호,0.0,외교통일위원회
박대출,0.0,외교통일위원회
박재호,0.0,외교통일위원회
이낙연,0.0,외교통일위원회
정정순,0.0,외교통일위원회
김진애,0.0,외교통일위원회
김웅,0.0,외교통일위원회
김진표,0.0020739955956840988,정치개혁특별위원회
박용진,0.00048085070105097737,정치개혁특별위원회
이병훈,0.0029540898338739673,정치개혁특별위원회
홍성국,0.0,정치개혁특별위원회
전혜숙,0.0,정치개혁특별위원회
이상헌,0.0,정치개혁특별위원회
송갑석,0.0,정치개혁특별위원회
소병철,0.0,정치개혁특별위원회
이개호,0.0,정치개혁특별위원회
오영환,0.0,정치개혁특별위원회
기동민,0.0,정치개혁특별위원회
고용진,0.0,정치개혁특별위원회
김상희,0.02307468034957801,정치개혁특별위원회
강민정,0.002109871404911657,정치개혁특별위원회
강준현,0.0,정치개혁특별위원회
강훈식,0.0,정치개혁특별위원회
고영인,0.00027854144200019587,정치개혁특별위원회
권인숙,0.0,정치개혁특별위원회
김경만,0.0,정치개혁특별위원회
김두관,0.00924842183052646,정치개혁특별위원회
김민기,0.0,정치개혁특별위원회
김민철,0.006664727281669447,정치개혁특별위원회
김성환,0.0,정치개혁특별위원회
김수흥,0.0,정치개혁특별위원회
김영주,0.0,정치개혁특별위원회
김의겸,0.0,정치개혁특별위원회
김종민,0.002094121149284364,정치개혁특별위원회
김한규,0.0026885165111220875,정치개혁특별위원회
김한정,0.0,정치개혁특별위원회
김홍걸,0.0023259113425212665,정치개혁특별위원회
맹성규,0.006982862052738697,정치개혁특별위원회
문정복,0.0,정치개혁특별위원회
문진석,0.0,정치개혁특별위원회
민병덕,0.0,정치개혁특별위원회
민형배,0.016893285581229458,정치개혁특별위원회
박광온,0.0,정치개혁특별위원회
서동용,0.0,정치개혁특별위원회
송재호,0.0,정치개혁특별위원회
신영대,0.0005060191661947473,정치개혁특별위원회
신정훈,0.003934986056563414,정치개혁특별위원회
양이원영,0.0,정치개혁특별위원회
우원식,0.0004627618473762988,정치개혁특별위원회
유기홍,0.0,정치개혁특별위원회
유정주,0.0,정치개혁특별위원회
윤건영,0.0,정치개혁특별위원회
윤영덕,0.0031868101428304384,정치개혁특별위원회
윤영찬,0.0,정치개혁특별위원회
윤재갑,0.0,정치개혁특별위원회
윤준병,0.0,정치개혁특별위원회
이소영,0.0,정치개혁특별위원회
이용빈,0.0,정치개혁특별위원회
이용선,0.0,정치개혁특별위원회
이용우,0.0,정치개혁특별위원회
이원욱,0.00775654662057778,정치개혁특별위원회
이원택,0.0,정치개혁특별위원회
이장섭,0.0,정치개혁특별위원회
이정문,0.0,정치개혁특별위원회
이탄희,0.007418017168617303,정치개혁특별위원회
이학영,0.0,정치개혁특별위원회
이해식,0.007723248437561626,정치개혁특별위원회
이형석,0.0016091996928186243,정치개혁특별위원회
인재근,0.0,정치개혁특별위원회
임호선,0.0,정치개혁특별위원회
장철민,0.0006517265409841684,정치개혁특별위원회
전용기,0.0,정치개혁특별위원회
전재수,0.023851151397325,정치개혁특별위원회
전해철,0.0,정치개혁특별위원회
정필모,0.003685943141434377,정치개혁특별위원회
조오섭,0.0,정치개혁특별위원회
조응천,0.001743741709745788,정치개혁특별위원회
진선미,0.0002684134649764097,정치개혁특별위원회
최인호,0.005962302242795229,정치개혁특별위원회
최혜영,0.0,정치개혁특별위원회
허숙정,0.0,정치개혁특별위원회
허영,0.0048680776622766425,정치개혁특별위원회
허종식,0.0,정치개혁특별위원회
홍기원,0.0,정치개혁특별위원회
홍영표,0.00035751876193559006,정치개혁특별위원회
황운하,0.0,정치개혁특별위원회
지성호,0.0034057416607752174,정치개혁특별위원회
권명호,0.0,정치개혁특별위원회
권성동,0.0007836164995001683,정치개혁특별위원회
김성원,0.005431969637786192,정치개혁특별위원회
김승수,0.0,정치개혁특별위원회
김희국,0.0,정치개혁특별위원회
박대수,0.0,정치개혁특별위원회
이용,0.0,정치개혁특별위원회
정우택,0.01713112266803542,정치개혁특별위원회
한무경,0.0,정치개혁특별위원회
권칠승,0.0009081111284668238,정치개혁특별위원회
김성주,0.0,정치개혁특별위원회
김원이,0.0,정치개혁특별위원회
김철민,0.001074630020667875,정치개혁특별위원회
남인순,0.04387696144205479,정치개혁특별위원회
박정,0.0,정치개혁특별위원회
변재일,0.0,정치개혁특별위원회
송기헌,0.0,정치개혁특별위원회
정성호,0.0,정치개혁특별위원회
김영배,0.026472049317204222,정치개혁특별위원회
이은주,0.00433457815185266,정치개혁특별위원회
최기상,0.0022041151301062443,정치개혁특별위원회
심상정,0.0020924514930633887,정치개혁특별위원회
진성준,0.002277429218988817,정치개혁특별위원회
용혜인,0.004790947740743012,정치개혁특별위원회
강성희,0.0,정치개혁특별위원회
강은미,0.0,정치개혁특별위원회
류호정,0.0,정치개혁특별위원회
배진교,0.00033848995105859053,정치개혁특별위원회
윤미향,0.0,정치개혁특별위원회
이성만,0.0,정치개혁특별위원회
양정숙,0.003104444493297449,정치개혁특별위원회
장혜영,0.0,정치개혁특별위원회
정희용,0.009500163023652957,정치개혁특별위원회
구자근,0.0,정치개혁특별위원회
김상훈,0.0,정치개혁특별위원회
김영식,0.0,정치개혁특별위원회
김희곤,0.0016751352881106795,정치개혁특별위원회
박덕흠,0.0,정치개혁특별위원회
박수영,0.0,정치개혁특별위원회
양금희,0.045189349551765665,정치개혁특별위원회
윤창현,0.0,정치개혁특별위원회
최영희,0.0,정치개혁특별위원회
양기대,0.0,정치개혁특별위원회
정일영,0.0,정치개혁특별위원회
한병도,0.0,정치개혁특별위원회
김민석,0.0,정치개혁특별위원회
김병기,0.0,정치개혁특별위원회
유동수,0.0,정치개혁특별위원회
조정식,0.0,정치개혁특별위원회
주철현,0.0,정치개혁특별위원회
송석준,0.0035749795816909916,정치개혁특별위원회
김학용,0.0,정치개혁특별위원회
서일준,0.0,정치개혁특별위원회
성일종,0.0,정치개혁특별위원회
유상범,0.0055681455010314065,정치개혁특별위원회
이종배,0.0,정치개혁특별위원회
이채익,0.0,정치개혁특별위원회
하영제,0.0,정치개혁특별위원회
이동주,0.0,정치개혁특별위원회
김승남,0.0005197473800734923,정치개혁특별위원회
김정호,0.0039841718951291434,정치개혁특별위원회
민홍철,0.0,정치개혁특별위원회
박재호,0.001409507996908961,정치개혁특별위원회
안규백,0.00309104175624715,정치개혁특별위원회
홍익표,0.0027201667045376526,정치개혁특별위원회
김용판,0.0,정치개혁특별위원회
이주환,0.0,정치개혁특별위원회
최춘식,0.0,정치개혁특별위원회
태영호,0.0,정치개혁특별위원회
최형두,0.006829507388791505,정치개혁특별위원회
강기윤,0.0,정치개혁특별위원회
김영선,0.0,정치개혁특별위원회
김예지,0.0,정치개혁특별위원회
김태호,0.0,정치개혁특별위원회
서범수,0.0,정치개혁특별위원회
서병수,0.01255050774066434,정치개혁특별위원회
안병길,0.0,정치개혁특별위원회
엄태영,0.0,정치개혁특별위원회
임이자,0.0,정치개혁특별위원회
조명희,0.0,정치개혁특별위원회
조해진,0.0,정치개혁특별위원회
김승원,0.0065962407067219776,정치개혁특별위원회
박성준,0.004424346853804111,정치개혁특별위원회
김경협,0.0022333870681967667,정치개혁특별위원회
김윤덕,0.0,정치개혁특별위원회
박찬대,0.0,정치개혁특별위원회
윤관석,0.0,정치개혁특별위원회
임오경,0.0,정치개혁특별위원회
노웅래,0.0,정치개혁특별위원회
안민석,0.0,정치개혁특별위원회
임종성,0.0,정치개혁특별위원회
최강욱,0.0,정치개혁특별위원회
김주영,0.0,정치개혁특별위원회
박상혁,0.0,정치개혁특별위원회
서영교,0.001984273137014056,정치개혁특별위원회
김영호,0.0,정치개혁특별위원회
양경숙,0.0011148548429583255,정치개혁특별위원회
한정애,0.0,정치개혁특별위원회
김태년,0.01350427038578014,정치개혁특별위원회
강득구,0.0,정치개혁특별위원회
김회재,0.001507890332094341,정치개혁특별위원회
박성민,0.0,정치개혁특별위원회
조은희,0.005867076001304189,정치개혁특별위원회
황보승희,0.0,정치개혁특별위원회
도종환,0.0,정치개혁특별위원회
윤호중,0.0009120402053462372,정치개혁특별위원회
최종윤,0.0,정치개혁특별위원회
홍석준,0.0015871939809299989,정치개혁특별위원회
김석기,0.0,정치개혁특별위원회
이달곤,0.0,정치개혁특별위원회
임병헌,0.0,정치개혁특별위원회
박주민,0.0031691781430431276,정치개혁특별위원회
조승래,0.0,정치개혁특별위원회
강병원,0.0,정치개혁특별위원회
오기형,0.0,정치개혁특별위원회
김정재,0.0,정치개혁특별위원회
이헌승,0.0,정치개혁특별위원회
위성곤,0.002455517627258425,정치개혁특별위원회
신현영,0.0,정치개혁특별위원회
홍정민,0.0,정치개혁특별위원회
김용민,0.00015116502419771778,정치개혁특별위원회
윤후덕,0.0,정치개혁특별위원회
장경태,0.0014216333332819043,정치개혁특별위원회
김남국,0.0,정치개혁특별위원회
김영진,0.0,정치개혁특별위원회
한준호,0.0,정치개혁특별위원회
정태호,0.0,정치개혁특별위원회
백혜련,0.0005003748355735611,정치개혁특별위원회
설훈,0.0,정치개혁특별위원회
이양수,0.0,정치개혁특별위원회
김형동,0.0,정치개혁특별위원회
노용호,0.0007514690959881117,정치개혁특별위원회
이명수,0.0,정치개혁특별위원회
전봉민,0.0,정치개혁특별위원회
조정훈,0.0,정치개혁특별위원회
유경준,0.0020971405758877792,정치개혁특별위원회
최재형,0.0,정치개혁특별위원회
박정하,0.0,정치개혁특별위원회
배현진,0.0,정치개혁특별위원회
서정숙,0.0,정치개혁특별위원회
윤영석,0.0,정치개혁특별위원회
이만희,0.0,정치개혁특별위원회
이태규,0.0,정치개혁특별위원회
전주혜,0.0033441370130408163,정치개혁특별위원회
최연숙,0.0,정치개혁특별위원회
하태경,0.0,정치개혁특별위원회
어기구,0.0,정치개혁특별위원회
정춘숙,0.0,정치개혁특별위원회
이상민,0.0015769175724432995,정치개혁특별위원회
이용호,7.849884807379215e-05,정치개혁특별위원회
소병훈,0.0,정치개혁특별위원회
김병주,0.0,정치개혁특별위원회
조수진,0.0,정치개혁특별위원회
최승재,0.0,정치개혁특별위원회
유의동,0.0,정치개혁특별위원회
배준영,0.010082017576424735,정치개혁특별위원회
장동혁,0.0,정치개혁특별위원회
강선우,0.0,정치개혁특별위원회
김선교,2.994147289449303e-05,정치개혁특별위원회
이철규,0.0,정치개혁특별위원회
박홍근,0.0,정치개혁특별위원회
서삼석,0.0,정치개혁특별위원회
송옥주,0.0010493247408147636,정치개혁특별위원회
천준호,0.0,정치개혁특별위원회
김기현,0.0016408626587597502,정치개혁특별위원회
김미애,0.0,정치개혁특별위원회
박형수,0.0,정치개혁특별위원회
윤한홍,0.0,정치개혁특별위원회
장제원,0.0018644148957348062,정치개혁특별위원회
정점식,0.0,정치개혁특별위원회
정진석,0.0,정치개혁특별위원회
주호영,0.0,정치개혁특별위원회
서영석,0.0,정치개혁특별위원회
신동근,0.0,정치개혁특별위원회
박완수,0.0,정치개혁특별위원회
이영,0.0016883977734089592,정치개혁특별위원회
강민국,0.0,정치개혁특별위원회
김도읍,0.0,정치개혁특별위원회
박대출,0.0,정치개혁특별위원회
정동만,0.0,정치개혁특별위원회
고민정,0.0,정치개혁특별위원회
안호영,0.0,정치개혁특별위원회
양향자,0.0,정치개혁특별위원회
김은혜,0.0017206258816997073,정치개혁특별위원회
박진,0.0,정치개혁특별위원회
박영순,0.0,정치개혁특별위원회
이규민,0.0,정치개혁특별위원회
이상직,0.0,정치개혁특별위원회
송영길,0.0,정치개혁특별위원회
이재정,0.0,정치개혁특별위원회
홍준표,0.0,정치개혁특별위원회
박범계,7.532446011193215e-07,정치개혁특별위원회
권영세,0.0,정치개혁특별위원회
김태흠,0.0,정치개혁특별위원회
송언석,0.0,정치개혁특별위원회
정운천,0.0,정치개혁특별위원회
조태용,0.0,정치개혁특별위원회
정청래,0.00018067558149586487,정치개혁특별위원회
이광재,0.0,정치개혁특별위원회
곽상도,0.0,정치개혁특별위원회
윤두현,0.0,정치개혁특별위원회
김교흥,0.0,정치개혁특별위원회
박완주,0.0,정치개혁특별위원회
오영훈,0.0,정치개혁특별위원회
우상호,0.0,정치개혁특별위원회
이낙연,0.0,정치개혁특별위원회
이인영,0.0,정치개혁특별위원회
정정순,0.0,정치개혁특별위원회
황희,0.0,정치개혁특별위원회
류성걸,0.0,정치개혁특별위원회
윤주경,0.0,정치개혁특별위원회
이종성,0.0,정치개혁특별위원회
박성중,0.0,정치개혁특별위원회
홍문표,0.0,정치개혁특별위원회
추경호,0.0,정치개혁특별위원회
한기호,0.0,정치개혁특별위원회
신원식,0.0,정치개혁특별위원회
정경희,0.0,정치개혁특별위원회
허은아,0.0,정치개혁특별위원회
하태경,0.009419491136217508,정보위원회
배준영,0.0,정보위원회
백종헌,0.0,정보위원회
서범수,0.0,정보위원회
엄태영,0.0,정보위원회
이종배,0.0,정보위원회
조해진,0.0,정보위원회
최재형,0.0,정보위원회
홍석준,0.0,정보위원회
김경협,0.007219619729953155,정보위원회
기동민,0.0,정보위원회
김영진,0.0,정보위원회
김주영,0.0,정보위원회
김철민,0.0,정보위원회
김태년,0.0,정보위원회
유동수,0.0,정보위원회
윤후덕,0.0,정보위원회
이동주,0.0,정보위원회
정춘숙,0.0,정보위원회
진선미,0.0,정보위원회
한준호,0.0,정보위원회
홍정민,0.0,정보위원회
김병기,0.020611738771011297,정보위원회
강선우,0.0,정보위원회
강준현,0.0,정보위원회
박재호,0.0,정보위원회
오영환,0.0,정보위원회
윤영덕,0.0,정보위원회
이개호,0.0,정보위원회
이상헌,0.0,정보위원회
정성호,0.0,정보위원회
정일영,0.0,정보위원회
조오섭,0.0,정보위원회
이명수,0.0008909708827041425,정보위원회
구자근,0.0,정보위원회
김영선,0.0,정보위원회
김예지,0.0,정보위원회
김희곤,0.0,정보위원회
노용호,0.0,정보위원회
유경준,0.0,정보위원회
윤재옥,0.0,정보위원회
이달곤,0.0,정보위원회
최승재,0.0,정보위원회
유상범,0.008542298153761367,정보위원회
권성동,0.0,정보위원회
김성원,0.0,정보위원회
서일준,0.0,정보위원회
송언석,0.0,정보위원회
장동혁,0.0,정보위원회
주호영,0.0,정보위원회
강민정,0.001143565720584183,정보위원회
김승원,0.0,정보위원회
김용민,0.0,정보위원회
김의겸,0.0,정보위원회
노웅래,0.0,정보위원회
민병덕,0.0,정보위원회
민형배,0.0,정보위원회
우원식,0.0,정보위원회
유정주,0.0,정보위원회
윤미향,0.0,정보위원회
최강욱,0.0,정보위원회
윤준병,0.0009231193166161477,정보위원회
김성환,0.0,정보위원회
서영교,0.0,정보위원회
양정숙,0.0,정보위원회
이성만,0.0,정보위원회
임오경,0.0,정보위원회
한병도,0.0,정보위원회
신원식,0.009465417470377515,정보위원회
김도읍,0.0,정보위원회
김미애,0.0,정보위원회
김승수,0.0,정보위원회
박대수,0.0,정보위원회
박수영,0.0,정보위원회
안병길,0.0013456415908882154,정보위원회
이양수,0.0,정보위원회
정찬민,0.0,정보위원회
최연숙,0.0,정보위원회
하영제,0.0,정보위원회
김남국,0.0,정보위원회
김두관,0.0,정보위원회
김민철,0.0,정보위원회
김원이,0.0,정보위원회
김한정,0.0,정보위원회
문정복,0.0,정보위원회
용혜인,0.0,정보위원회
윤건영,0.0,정보위원회
홍기원,0.0,정보위원회
박주민,0.0,정보위원회
김종민,0.0,정보위원회
박성준,0.0,정보위원회
소병철,0.0,정보위원회
위성곤,0.0,정보위원회
이형석,0.0,정보위원회
최기상,0.0,정보위원회
강병원,0.0,정보위원회
김민기,0.0,정보위원회
김진표,0.0,정보위원회
민홍철,0.0,정보위원회
강훈식,0.0,정보위원회
고영인,0.0,정보위원회
안민석,0.0,정보위원회
이정문,0.0,정보위원회
전용기,0.0,정보위원회
조승래,0.0,정보위원회
조태용,0.009176081565169468,정보위원회
김홍걸,0.0,정보위원회
임호선,0.0,정보위원회
김정호,0.0,정보위원회
윤영찬,0.0,정보위원회
인재근,0.0,정보위원회
조정식,0.0,정보위원회
김상훈,0.0,정보위원회
김석기,0.0,정보위원회
배현진,0.0,정보위원회
이만희,0.0,정보위원회
이철규,0.0,정보위원회
정진석,0.0,정보위원회
한무경,0.0,정보위원회
김기현,0.0,정보위원회
김태흠,0.0,정보위원회
이주환,0.0,정보위원회
조수진,0.0,정보위원회
황보승희,0.0,정보위원회
권명호,0.0,정보위원회
김용판,0.0,정보위원회
김웅,0.0,정보위원회
서정숙,0.0,정보위원회
송석준,0.0,정보위원회
윤주경,0.0,정보위원회
이용,0.0,정보위원회
전주혜,0.0,정보위원회
정운천,0.0,정보위원회
정희용,0.0,정보위원회
최춘식,0.0,정보위원회
최형두,0.0,정보위원회
추경호,0.0,정보위원회
한기호,0.0008128961146321301,정보위원회
이병훈,0.0,정보위원회
신정훈,0.0,정보위원회
양경숙,0.0,정보위원회
장경태,0.0,정보위원회
장철민,0.0,정보위원회
정청래,0.0,정보위원회
주철현,0.0,정보위원회
홍성국,0.0,정보위원회
이낙연,0.0,정보위원회
강대식,0.0,정보위원회
홍준표,0.0,정보위원회
고용진,0.0,정보위원회
김영배,0.0,정보위원회
도종환,0.0,정보위원회
박영순,0.0,정보위원회
박완주,0.0,정보위원회
박홍근,0.0,정보위원회
백혜련,0.0,정보위원회
변재일,0.0,정보위원회
서동용,0.0,정보위원회
설훈,0.0,정보위원회
송갑석,0.0007164508128961147,정보위원회
송영길,0.0,정보위원회
송옥주,0.0,정보위원회
양향자,0.0,정보위원회
윤재갑,0.0,정보위원회
이상직,0.0,정보위원회
이용우,0.0,정보위원회
이장섭,0.0,정보위원회
전해철,0.0,정보위원회
전혜숙,0.0,정보위원회
정필모,0.0,정보위원회
진성준,0.0,정보위원회
최종윤,0.0,정보위원회
홍영표,0.0,정보위원회
황운하,0.0,정보위원회
황희,0.0,정보위원회
김형동,0.0,정보위원회
윤상현,0.0,정보위원회
이종성,0.0,정보위원회
전봉민,0.0,정보위원회
정경희,0.0,정보위원회
조경태,0.0,정보위원회
김경만,0.0,정보위원회
문진석,0.0,정보위원회
서삼석,0.0,정보위원회
김희국,0.0,정보위원회
박덕흠,0.0,정보위원회
박진,0.0,정보위원회
유의동,0.0,정보위원회
윤두현,0.0,정보위원회
조명희,0.0,정보위원회
태영호,0.0,정보위원회
홍문표,0.0,정보위원회
신영대,0.0,민생경제안정 특별위원회
강민정,0.0,민생경제안정 특별위원회
김민기,0.0,민생경제안정 특별위원회
김성환,0.0,민생경제안정 특별위원회
김윤덕,0.0,민생경제안정 특별위원회
박상혁,0.0,민생경제안정 특별위원회
윤영찬,0.0,민생경제안정 특별위원회
전용기,0.0,민생경제안정 특별위원회
천준호,0.0,민생경제안정 특별위원회
홍기원,0.0,민생경제안정 특별위원회
김정호,0.0,민생경제안정 특별위원회
서동용,0.0,민생경제안정 특별위원회
소병철,0.0,민생경제안정 특별위원회
신현영,0.0,민생경제안정 특별위원회
어기구,0.0,민생경제안정 특별위원회
윤후덕,0.0,민생경제안정 특별위원회
허종식,0.0,민생경제안정 특별위원회
홍정민,0.0,민생경제안정 특별위원회
김수흥,0.0,민생경제안정 특별위원회
김한규,0.0,민생경제안정 특별위원회
김한정,0.0,민생경제안정 특별위원회
맹성규,0.0,민생경제안정 특별위원회
민병덕,0.0,민생경제안정 특별위원회
신정훈,0.0,민생경제안정 특별위원회
윤준병,0.0,민생경제안정 특별위원회
이명수,0.0,민생경제안정 특별위원회
강득구,0.0,민생경제안정 특별위원회
강선우,0.0,민생경제안정 특별위원회
김민석,0.0012658227848101266,민생경제안정 특별위원회
김성주,0.0,민생경제안정 특별위원회
안규백,0.0,민생경제안정 특별위원회
최인호,0.0,민생경제안정 특별위원회
유경준,0.0,민생경제안정 특별위원회
강대식,0.0,민생경제안정 특별위원회
김상훈,0.0,민생경제안정 특별위원회
배준영,0.0014240506329113924,민생경제안정 특별위원회
배현진,0.0,민생경제안정 특별위원회
신원식,0.0,민생경제안정 특별위원회
이채익,0.0,민생경제안정 특별위원회
정우택,0.0,민생경제안정 특별위원회
조명희,0.0,민생경제안정 특별위원회
홍문표,0.0,민생경제안정 특별위원회
김용판,0.0,민생경제안정 특별위원회
류성걸,0.0,민생경제안정 특별위원회
박수영,0.0,민생경제안정 특별위원회
서일준,0.0,민생경제안정 특별위원회
윤창현,0.0,민생경제안정 특별위원회
정동만,0.0,민생경제안정 특별위원회
정운천,0.0,민생경제안정 특별위원회
최승재,0.0,민생경제안정 특별위원회
홍석준,0.0,민생경제안정 특별위원회
조수진,0.0011075949367088608,민생경제안정 특별위원회
강기윤,0.0,민생경제안정 특별위원회
김선교,0.0,민생경제안정 특별위원회
김영식,0.0,민생경제안정 특별위원회
유상범,0.0,민생경제안정 특별위원회
이주환,0.0,민생경제안정 특별위원회
고영인,0.0,민생경제안정 특별위원회
박성준,0.0,민생경제안정 특별위원회
양이원영,0.0,민생경제안정 특별위원회
양정숙,0.0,민생경제안정 특별위원회
오영환,0.0,민생경제안정 특별위원회
이원욱,0.0,민생경제안정 특별위원회
최연숙,0.0,민생경제안정 특별위원회
최혜영,0.0,민생경제안정 특별위원회
송언석,0.0,민생경제안정 특별위원회
권성동,0.0,민생경제안정 특별위원회
양금희,0.0,민생경제안정 특별위원회
윤재옥,0.0,민생경제안정 특별위원회
최춘식,0.0,민생경제안정 특별위원회
한무경,0.0,민생경제안정 특별위원회
서병수,0.0,민생경제안정 특별위원회
김승수,0.0,민생경제안정 특별위원회
김태호,0.0,민생경제안정 특별위원회
김형동,0.0,민생경제안정 특별위원회
박성민,0.0,민생경제안정 특별위원회
백종헌,0.0,민생경제안정 특별위원회
안병길,0.0,민생경제안정 특별위원회
이종배,0.0,민생경제안정 특별위원회
이헌승,0.0,민생경제안정 특별위원회
전봉민,0.0,민생경제안정 특별위원회
