노드,Betweenness,소관위원회
김병관,0.005752203009625276,행정안전위원회
김철민,0.0024121718767042403,행정안전위원회
박재호,0.0016915967951171033,행정안전위원회
서형수,0.0003476735586261508,행정안전위원회
심기준,0.0029644997081473444,행정안전위원회
위성곤,0.007641580550923105,행정안전위원회
유승희,0.00887592663054991,행정안전위원회
이규희,0.0008699370440789199,행정안전위원회
이원욱,0.004964032215409226,행정안전위원회
이종걸,0.001897285995334285,행정안전위원회
홍익표,0.005451131725432164,행정안전위원회
강창일,0.005215915568696225,행정안전위원회
권미혁,0.005290573531255613,행정안전위원회
김민기,0.006539130711934078,행정안전위원회
김영호,0.01653787972025842,행정안전위원회
김한정,0.00355695262999727,행정안전위원회
소병훈,0.020154022343822593,행정안전위원회
전혜숙,0.011312045673390054,행정안전위원회
표창원,0.0053545206185460084,행정안전위원회
박찬대,0.0023776959862996266,행정안전위원회
서삼석,0.0008631556498794024,행정안전위원회
송옥주,0.005176248517744638,행정안전위원회
윤후덕,0.008464905318596696,행정안전위원회
이용득,0.0035863176548320366,행정안전위원회
임종성,0.002153582447884392,행정안전위원회
정춘숙,0.0013358164309803593,행정안전위원회
허윤정,8.166033856268686e-06,행정안전위원회
금태섭,0.0006923807125859404,행정안전위원회
김상희,0.002473616547607389,행정안전위원회
박광온,0.0027675153480764517,행정안전위원회
백혜련,0.003246551504148418,행정안전위원회
이춘석,0.004987233627318247,행정안전위원회
정재호,0.0013597642666254486,행정안전위원회
최운열,0.004414055230910375,행정안전위원회
박정,0.011202206673890542,행정안전위원회
신경민,0.0014488722411420017,행정안전위원회
이후삼,0.0001666912538560888,행정안전위원회
이훈,0.0005125173296969012,행정안전위원회
조정식,0.0005993784494347043,행정안전위원회
설훈,0.0007872413748221478,행정안전위원회
송갑석,0.0011813233567428622,행정안전위원회
원혜영,0.0037064417279622187,행정안전위원회
윤관석,0.00326879437921594,행정안전위원회
정병국,0.009574993267609447,행정안전위원회
김세연,0.004342833756282971,행정안전위원회
성일종,0.0035483731892864342,행정안전위원회
송희경,0.009340903509765961,행정안전위원회
원유철,0.0016821777784921585,행정안전위원회
유의동,0.002560517961033646,행정안전위원회
윤영일,0.0043225823424282404,행정안전위원회
이동섭,0.010082041198516486,행정안전위원회
하태경,0.019363477174977817,행정안전위원회
홍문표,0.005038098752274554,행정안전위원회
박대출,0.0006115633416827762,행정안전위원회
곽상도,0.0015982443672983967,행정안전위원회
김규환,0.0020108804726810077,행정안전위원회
김상훈,0.007365546698392807,행정안전위원회
김석기,0.009687584790203681,행정안전위원회
김진태,0.00025187721437388514,행정안전위원회
박명재,0.01951283000850409,행정안전위원회
박성중,0.0052658567507264924,행정안전위원회
심재철,0.0008670657396465124,행정안전위원회
윤상직,0.0009187264347922057,행정안전위원회
윤종필,0.0,행정안전위원회
이은권,0.000743599525335871,행정안전위원회
이종배,0.0035108438007969514,행정안전위원회
정갑윤,0.011444239014758311,행정안전위원회
정우택,0.0009492794325402214,행정안전위원회
정종섭,0.0014862921468612668,행정안전위원회
홍철호,0.005586041839124675,행정안전위원회
이언주,0.011553178919127733,행정안전위원회
권성동,0.0024986588445872634,행정안전위원회
김성찬,0.011442492716654871,행정안전위원회
김태흠,0.0020172825551714266,행정안전위원회
박덕흠,0.009435147386515306,행정안전위원회
조훈현,0.0,행정안전위원회
주호영,0.003175519420421931,행정안전위원회
강석호,0.007702136463364194,행정안전위원회
곽대훈,0.0010416113028999469,행정안전위원회
김광림,0.0015124360918667078,행정안전위원회
김도읍,0.0036536834160526468,행정안전위원회
김무성,0.0,행정안전위원회
이진복,0.0020754804494506774,행정안전위원회
정태옥,0.00346438795960473,행정안전위원회
추경호,0.002811583678824744,행정안전위원회
강병원,0.0026362164478911034,행정안전위원회
박영선,0.0011641566716213186,행정안전위원회
유동수,0.007314282063711463,행정안전위원회
윤준호,0.0003505762599458552,행정안전위원회
제윤경,0.0025489737827171267,행정안전위원회
김삼화,0.0062132626523971205,행정안전위원회
정운천,0.004365156460377904,행정안전위원회
김영춘,0.003374306821290662,행정안전위원회
기동민,0.002245651837305226,행정안전위원회
김영주,0.0,행정안전위원회
김종민,0.002935341488410775,행정안전위원회
서영교,0.008693343842519052,행정안전위원회
한정애,0.001408894830563828,행정안전위원회
문진국,0.002079204791860938,행정안전위원회
윤재옥,0.006891608454527198,행정안전위원회
이종구,0.0014844855821430027,행정안전위원회
홍문종,0.00022343872516132396,행정안전위원회
김영우,0.002423372903031401,행정안전위원회
김한표,0.0004422233432365018,행정안전위원회
김현아,0.003179393310893204,행정안전위원회
안상수,0.006162812163907539,행정안전위원회
이채익,0.010365718953949124,행정안전위원회
전희경,0.00025281100207832,행정안전위원회
심상정,0.0006044411241407536,행정안전위원회
윤영석,0.0025548082940516797,행정안전위원회
이정미,0.004110988310046459,행정안전위원회
조배숙,0.0027440102249796264,행정안전위원회
천정배,0.0011966401213222857,행정안전위원회
박인숙,0.011491064682900154,행정안전위원회
김승희,0.0051265561798368355,행정안전위원회
이명수,0.018162838453667993,행정안전위원회
김병기,0.0023773788348356406,행정안전위원회
신창현,0.012138315681732754,행정안전위원회
윤일규,0.00044356088529177594,행정안전위원회
이찬열,0.017068036641323385,행정안전위원회
조승래,0.004486175848329878,행정안전위원회
주승용,0.024347860171673674,행정안전위원회
백승주,0.001082369992279704,행정안전위원회
조경태,0.01032704606314095,행정안전위원회
최연혜,0.0006992755672240728,행정안전위원회
이상헌,0.0031584955418921673,행정안전위원회
김두관,0.0017810880935443267,행정안전위원회
김정호,0.00031586328863098895,행정안전위원회
노웅래,0.017388784197752444,행정안전위원회
도종환,0.004437056193786024,행정안전위원회
신동근,0.0008647581411225054,행정안전위원회
김기선,0.0013390733685924234,행정안전위원회
김명연,0.002024274093146654,행정안전위원회
오영훈,0.0033725481677563092,행정안전위원회
장정숙,0.002319491191476623,행정안전위원회
전재수,0.0017696884901260335,행정안전위원회
황주홍,0.02600200160340551,행정안전위원회
정인화,0.013623084108569123,행정안전위원회
김현권,0.0024025738595646827,행정안전위원회
맹성규,0.00015680356806576005,행정안전위원회
박홍근,0.0036327743396032115,행정안전위원회
정성호,0.005821857528027734,행정안전위원회
이학재,0.00787171257204817,행정안전위원회
김재경,0.0016321421522964045,행정안전위원회
박지원,0.0027392355555527874,행정안전위원회
유성엽,0.0014152357926724686,행정안전위원회
정유섭,0.013484778047668206,행정안전위원회
홍일표,0.0026635983161165666,행정안전위원회
강효상,0.0017675147851419358,행정안전위원회
김종석,0.00029166503069201754,행정안전위원회
임이자,0.0013581423182442657,행정안전위원회
안민석,0.0,행정안전위원회
임재훈,0.0005881385245269405,행정안전위원회
정세균,0.0,행정안전위원회
김해영,0.004970502942358708,행정안전위원회
신용현,0.0033008206809919324,행정안전위원회
안규백,0.003994555063693884,행정안전위원회
김성원,0.008896645789065306,행정안전위원회
권칠승,0.0031009574956824305,행정안전위원회
안호영,0.0015042265362449794,행정안전위원회
윤호중,0.001337608767078697,행정안전위원회
강훈식,0.0029815311028293123,행정안전위원회
우원식,0.0013972855025402198,행정안전위원회
오신환,0.0010592502605023329,행정안전위원회
김수민,0.004946614965561124,행정안전위원회
지상욱,0.0011087584702019486,행정안전위원회
권은희,0.0016730595398544055,행정안전위원회
김중로,0.00432919187371856,행정안전위원회
유승민,0.0006011239131831454,행정안전위원회
윤상현,0.0018979654765015276,행정안전위원회
이혜훈,0.0013688613951821098,행정안전위원회
문희상,0.0051203584006643595,행정안전위원회
김경진,0.003860881387103043,행정안전위원회
김성수,0.0013286493882141552,행정안전위원회
김진표,0.002638335633781833,행정안전위원회
김태년,0.0006097736481340825,행정안전위원회
백재현,0.006807764828867653,행정안전위원회
서청원,0.0006619460116844304,행정안전위원회
김학용,0.0026514426528534574,행정안전위원회
김정재,0.01607791775206467,행정안전위원회
송언석,0.0006839185009685549,행정안전위원회
이만희,0.0022819678290230496,행정안전위원회
조원진,0.0002936019905318785,행정안전위원회
신상진,0.005167124823199399,행정안전위원회
여상규,0.00014319141308754033,행정안전위원회
고용진,0.0034677748470028397,행정안전위원회
민홍철,0.005607780387055511,행정안전위원회
정은혜,0.0,행정안전위원회
최교일,0.0012840258307072084,행정안전위원회
박완수,0.009706251997735593,행정안전위원회
박맹우,0.0020726113092781177,행정안전위원회
김광수,0.0011195173865247879,행정안전위원회
김종회,0.0021211451450301017,행정안전위원회
인재근,0.0036018759917763195,행정안전위원회
함진규,0.006473021367911165,행정안전위원회
김용태,0.0004199104612543557,행정안전위원회
염동열,0.0014336294016710196,행정안전위원회
이학영,0.0009411245633473455,행정안전위원회
홍의락,0.0028893121959769875,행정안전위원회
오제세,0.01086106210137374,행정안전위원회
최인호,0.0011019785223595384,행정안전위원회
최재성,0.0013008559759399956,행정안전위원회
김순례,0.00032257498948737046,행정안전위원회
민경욱,0.0015588436440381265,행정안전위원회
유기준,0.0002707351571247204,행정안전위원회
이종명,0.002755707245074741,행정안전위원회
이주영,0.0011236753154840607,행정안전위원회
강석진,0.0018714084643949597,행정안전위원회
경대수,0.0029200141701245293,행정안전위원회
김선동,0.00039574114466860524,행정안전위원회
김재원,0.0011748766676178482,행정안전위원회
김정훈,0.0,행정안전위원회
나경원,0.0015988188561629926,행정안전위원회
박순자,0.0013554362972306568,행정안전위원회
송석준,0.0033053959224099206,행정안전위원회
신보라,0.00121252616085041,행정안전위원회
유민봉,0.003352911810951963,행정안전위원회
유재중,0.009419808493153358,행정안전위원회
윤한홍,0.0006361370517063159,행정안전위원회
이양수,0.0034050462213923677,행정안전위원회
이은재,0.00030911984364971547,행정안전위원회
이장우,0.0010347213463682758,행정안전위원회
이철규,0.0012287033421901079,행정안전위원회
이헌승,0.00042346550846885696,행정안전위원회
이현재,0.0014975165702011653,행정안전위원회
장석춘,0.0005236531648700305,행정안전위원회
장제원,0.0035163097422011612,행정안전위원회
정양석,0.0002725816731208495,행정안전위원회
정용기,0.0002917191012875523,행정안전위원회
정점식,1.9601987955519986e-05,행정안전위원회
정진석,0.0,행정안전위원회
주광덕,0.00086797018062366,행정안전위원회
한선교,9.27549773230255e-05,행정안전위원회
이석현,0.0010464391942785962,행정안전위원회
박주민,0.006667890363942278,행정안전위원회
이재정,0.0020731407813726495,행정안전위원회
박주선,0.002839052402561478,행정안전위원회
최도자,0.008295404634308579,행정안전위원회
김동철,0.0043007755185023215,행정안전위원회
이태규,0.0008152757282902854,행정안전위원회
채이배,0.006032199335119048,행정안전위원회
장병완,0.0013210519201390404,행정안전위원회
송기헌,0.0027920287767686414,행정안전위원회
이용호,0.004271482980642906,행정안전위원회
전현희,0.0010143114214252059,행정안전위원회
김정우,0.009130611990175955,행정안전위원회
김경협,0.001930625002741515,행정안전위원회
이개호,0.00156654540184184,행정안전위원회
여영국,8.78780264204652e-05,행정안전위원회
김종대,0.0020039500986174046,행정안전위원회
윤소하,0.0021988001324969673,행정안전위원회
추혜선,0.0018865869421248245,행정안전위원회
김종훈,0.0,행정안전위원회
정동영,0.004072871987215988,행정안전위원회
변재일,0.008398525953913136,행정안전위원회
이용주,0.003121228975727625,행정안전위원회
이상민,0.0008397923208875626,행정안전위원회
엄용수,0.002736992009051681,행정안전위원회
민병두,0.002984604896586394,행정안전위원회
김부겸,0.0005572866167368483,행정안전위원회
김영진,0.0014368023108951087,행정안전위원회
박병석,0.0002715209914847257,행정안전위원회
추미애,0.0005613959349801881,행정안전위원회
진선미,0.005440786143264733,행정안전위원회
남인순,0.0020346322031358755,행정안전위원회
박범계,0.00028576752489806444,행정안전위원회
이인영,0.000366137118001217,행정안전위원회
박완주,0.003515941489681652,행정안전위원회
조응천,0.0007689424381952455,행정안전위원회
전해철,0.0006189078783167774,행정안전위원회
김관영,0.007202389021796691,행정안전위원회
어기구,0.0014978038348919668,행정안전위원회
홍영표,0.0,행정안전위원회
송영길,0.0013902298643556996,행정안전위원회
박용진,0.0009711559111950475,행정안전위원회
강길부,0.0007477681778243648,행정안전위원회
심재권,0.002266190939089274,행정안전위원회
황영철,0.004442148647703754,행정안전위원회
황희,0.0006471696346786242,행정안전위원회
박선숙,0.0016974937406543697,행정안전위원회
박주현,0.0007646891418423912,행정안전위원회
김성환,0.00035593418024558254,행정안전위원회
이수혁,0.00016581559925575034,행정안전위원회
손혜원,0.0001977135896047562,행정안전위원회
이상돈,0.0,행정안전위원회
이해찬,0.0003772568464129905,행정안전위원회
박경미,0.0006703269402027737,행정안전위원회
이정현,0.0,행정안전위원회
손금주,0.0023422680349638324,행정안전위원회
이철희,0.001996544485109977,행정안전위원회
이완영,0.003273175245031181,행정안전위원회
우상호,1.3464275530567251e-05,행정안전위원회
김성식,0.00033136019327896455,행정안전위원회
유은혜,0.0004410748101516533,행정안전위원회
이우현,0.0004464553017008553,행정안전위원회
이군현,0.0,행정안전위원회
오세정,0.002261260152088883,행정안전위원회
권석창,0.001102870039615049,행정안전위원회
박남춘,0.007814233822754355,행정안전위원회
노회찬,0.00020689586243614392,행정안전위원회
양승조,0.0005687122014216921,행정안전위원회
이철우,0.0003516678214140469,행정안전위원회
박찬우,0.0005925941546884968,행정안전위원회
박준영,0.00020353803179674028,행정안전위원회
송기석,0.000317574529906891,행정안전위원회
김경수,0.0002844967816422657,행정안전위원회
진영,0.0,행정안전위원회
윤종오,0.0003119597240322308,행정안전위원회
최명길,0.00033515378776332916,행정안전위원회
배덕광,0.0,행정안전위원회
문미옥,0.000810423826950001,행정안전위원회
김현미,0.0005842956358095978,행정안전위원회
안철수,3.9384716209488884e-07,행정안전위원회
김종태,0.0,행정안전위원회
김병관,0.001829298566251595,법제사법위원회
고용진,0.0014469953000228587,법제사법위원회
김철민,0.0038008458419688416,법제사법위원회
박재호,0.0016152531276663162,법제사법위원회
박정,0.0027714543504079856,법제사법위원회
서형수,0.0,법제사법위원회
심기준,0.0,법제사법위원회
위성곤,0.002373953039955226,법제사법위원회
유승희,0.003280375585022488,법제사법위원회
이규희,0.0006307519582955379,법제사법위원회
이원욱,0.002949179924866212,법제사법위원회
홍익표,0.0008995174477085749,법제사법위원회
권미혁,0.0028267629493024696,법제사법위원회
김병기,0.010835278734726233,법제사법위원회
김상희,0.006636501472375173,법제사법위원회
김영주,0.0,법제사법위원회
남인순,0.004061263787505144,법제사법위원회
맹성규,0.0004543373310621896,법제사법위원회
인재근,0.010463005225093972,법제사법위원회
한정애,0.0023333101115327525,법제사법위원회
송기헌,0.003105325042129385,법제사법위원회
김민기,0.0016053339356319914,법제사법위원회
김종민,0.0027629052199436596,법제사법위원회
박광온,0.0031029997637911206,법제사법위원회
백혜련,0.011393833492500682,법제사법위원회
이철희,0.015277457328491144,법제사법위원회
이학영,0.0013911067704706881,법제사법위원회
전해철,0.0007335460586810304,법제사법위원회
정성호,0.023463709606242944,법제사법위원회
강병원,0.000980400866909166,법제사법위원회
기동민,0.0008400340720712906,법제사법위원회
김영진,0.000931257023558782,법제사법위원회
김정우,0.001467455273365252,법제사법위원회
박경미,0.002744850391429502,법제사법위원회
박홍근,0.003413183877043123,법제사법위원회
서영교,0.011254515723338285,법제사법위원회
손금주,0.004673754327507857,법제사법위원회
윤준호,0.0,법제사법위원회
제윤경,0.0026651658561082175,법제사법위원회
진선미,0.005733096968271142,법제사법위원회
허윤정,0.0,법제사법위원회
박대출,0.004538943309969181,법제사법위원회
김석기,0.0158436587171791,법제사법위원회
김재경,0.0004759364330943152,법제사법위원회
송희경,0.009633311439845539,법제사법위원회
염동열,0.0,법제사법위원회
이은권,0.0006608302848106788,법제사법위원회
이진복,0.0,법제사법위원회
정갑윤,0.014279919046474562,법제사법위원회
최교일,0.008409090958972019,법제사법위원회
최연혜,0.0005807008699933479,법제사법위원회
김진표,0.00014647204793948645,법제사법위원회
송갑석,0.0012386676208041348,법제사법위원회
신경민,0.0023570715707643517,법제사법위원회
이상민,0.0020328222639647065,법제사법위원회
정재호,0.00023536443288074815,법제사법위원회
김승희,0.003227022770743489,법제사법위원회
김정재,0.006485235168718509,법제사법위원회
김현아,0.009383213360269703,법제사법위원회
박성중,0.003640471103005928,법제사법위원회
신보라,0.001134825335134806,법제사법위원회
윤상직,0.009593349909361346,법제사법위원회
윤종필,0.002054879980393766,법제사법위원회
이종명,0.004623558879244771,법제사법위원회
임이자,0.0005548981264628633,법제사법위원회
정병국,0.0,법제사법위원회
김부겸,0.0,법제사법위원회
이용득,0.0,법제사법위원회
임종성,0.0031881578252127016,법제사법위원회
정은혜,0.0,법제사법위원회
정춘숙,0.0038964091993276043,법제사법위원회
표창원,0.011554313013554102,법제사법위원회
주호영,0.005202553669124232,법제사법위원회
강석호,0.001107086015899579,법제사법위원회
곽대훈,0.001335772903188501,법제사법위원회
김광림,0.0,법제사법위원회
김도읍,0.0070603696278629295,법제사법위원회
김무성,0.0,법제사법위원회
김상훈,0.0,법제사법위원회
정태옥,0.006088391018884879,법제사법위원회
추경호,0.0016871206101303294,법제사법위원회
안민석,0.006734308076197159,법제사법위원회
윤후덕,0.007922797481135004,법제사법위원회
추혜선,0.0033823433633382635,법제사법위원회
김종대,0.0010790396717109965,법제사법위원회
김종훈,0.0,법제사법위원회
박선숙,0.00038847213001258626,법제사법위원회
심상정,0.0002863149567329128,법제사법위원회
여영국,0.0,법제사법위원회
윤소하,0.0005209254156048468,법제사법위원회
이정미,0.0025834291322825585,법제사법위원회
채이배,0.013649711567734176,법제사법위원회
천정배,0.0036648487863060433,법제사법위원회
금태섭,0.006042690674101116,법제사법위원회
박지원,0.0017002123314270945,법제사법위원회
이재정,0.001003171847546703,법제사법위원회
홍일표,0.0013413169549792226,법제사법위원회
강효상,0.004341072014439341,법제사법위원회
권성동,0.010839119123361437,법제사법위원회
김성찬,0.010794860628249192,법제사법위원회
김세연,0.0009093114490086984,법제사법위원회
여상규,0.0012740769328310002,법제사법위원회
유민봉,0.0007527023005668151,법제사법위원회
이주영,0.0015752148121685125,법제사법위원회
정양석,0.0,법제사법위원회
윤호중,0.0019457540434017517,법제사법위원회
김진태,0.0019512318981942237,법제사법위원회
민경욱,0.0013590426405175574,법제사법위원회
조원진,0.00038872932908389776,법제사법위원회
주광덕,0.0027895307582502405,법제사법위원회
이명수,0.011565027159762197,법제사법위원회
김성원,0.0027463458161152777,법제사법위원회
박덕흠,0.011532473309865898,법제사법위원회
박인숙,0.006252737274363633,법제사법위원회
성일종,0.0,법제사법위원회
조배숙,0.0004900170674429383,법제사법위원회
홍문표,0.0026209540333315892,법제사법위원회
이종배,0.005942304575363882,법제사법위원회
김규환,0.0023000432974660946,법제사법위원회
윤영석,0.0009489161574011839,법제사법위원회
이동섭,0.012659749665319677,법제사법위원회
정유섭,0.0047858780921039654,법제사법위원회
이은재,0.0011932430313211031,법제사법위원회
원유철,0.0036874012006846203,법제사법위원회
정우택,0.0021515189264189995,법제사법위원회
정운천,0.0021812922247991494,법제사법위원회
정점식,2.3428675178679215e-05,법제사법위원회
함진규,0.009933007296363748,법제사법위원회
강석진,0.0016725370096993793,법제사법위원회
김기선,0.00026909376170659215,법제사법위원회
박맹우,0.0019340123945102232,법제사법위원회
박순자,0.0008622046468181224,법제사법위원회
백승주,0.0005152413745643939,법제사법위원회
송석준,0.009536886017139307,법제사법위원회
유기준,0.005887668973124366,법제사법위원회
유재중,0.0006511702891605468,법제사법위원회
윤한홍,0.0005169089636377248,법제사법위원회
이만희,0.0019187054182191652,법제사법위원회
이채익,0.0012626966687929097,법제사법위원회
이헌승,0.0009783723536759825,법제사법위원회
이현재,0.0,법제사법위원회
정용기,0.0020808449111718572,법제사법위원회
정종섭,0.0006162993764634348,법제사법위원회
박찬대,0.004762990946139326,법제사법위원회
신창현,0.004258248593535807,법제사법위원회
이종걸,0.0031869669630104017,법제사법위원회
이찬열,0.02140563997147981,법제사법위원회
전혜숙,0.0048260995809063555,법제사법위원회
조승래,0.0006221562762447913,법제사법위원회
주승용,0.03598753542764597,법제사법위원회
박주민,0.0127232495447491,법제사법위원회
권칠승,0.006702792395072726,법제사법위원회
노웅래,0.008620526435480665,법제사법위원회
설훈,0.0006183066874464422,법제사법위원회
윤일규,0.0005348870893182765,법제사법위원회
김태흠,0.0,법제사법위원회
박명재,0.007065227027013343,법제사법위원회
서청원,0.0015685095268493203,법제사법위원회
신용현,0.006585942418801129,법제사법위원회
안규백,0.01251623724646935,법제사법위원회
유동수,0.009344077947434446,법제사법위원회
정인화,0.0059202618696055954,법제사법위원회
하태경,0.02310876493455575,법제사법위원회
홍철호,0.003722623886762609,법제사법위원회
송언석,0.0,법제사법위원회
심재철,0.007685221327773603,법제사법위원회
이종구,0.0,법제사법위원회
조훈현,0.0,법제사법위원회
김종회,0.0027734014242164888,법제사법위원회
손혜원,0.00032583371424876634,법제사법위원회
장병완,0.0,법제사법위원회
장정숙,0.0032965048188959975,법제사법위원회
황주홍,0.01598110145346596,법제사법위원회
곽상도,0.004909139655156531,법제사법위원회
안상수,0.0030521946607821727,법제사법위원회
김선동,0.0015075587537414714,법제사법위원회
이장우,0.0001923322370065418,법제사법위원회
김정호,0.0,법제사법위원회
안호영,0.0022697731781490776,법제사법위원회
경대수,0.0006336671843823186,법제사법위원회
김순례,0.002037676119751923,법제사법위원회
김영우,0.0026318665195879452,법제사법위원회
김재원,0.0016464803096026897,법제사법위원회
김종석,0.0,법제사법위원회
김학용,0.0028617509796487377,법제사법위원회
나경원,0.006189951143054414,법제사법위원회
박완수,0.004443990741976672,법제사법위원회
이철규,0.010693356214412846,법제사법위원회
장석춘,0.0,법제사법위원회
조경태,0.017356934698225152,법제사법위원회
강창일,0.001987092053047738,법제사법위원회
김동철,0.005138456500802026,법제사법위원회
정동영,0.002016398458822546,법제사법위원회
문진국,0.0,법제사법위원회
권은희,0.0007722875846250579,법제사법위원회
김관영,0.010892639581053947,법제사법위원회
김광수,0.0017236571306452513,법제사법위원회
김삼화,0.007292239142314348,법제사법위원회
최도자,0.005205804663312284,법제사법위원회
이언주,0.012509057230074696,법제사법위원회
이학재,0.00182876907879003,법제사법위원회
홍문종,0.0,법제사법위원회
김해영,0.0024553662799429556,법제사법위원회
윤상현,0.0013687877894725438,법제사법위원회
김성수,0.0009509757390744599,법제사법위원회
김현권,0.0005202960697425258,법제사법위원회
이양수,0.0,법제사법위원회
한선교,0.00011861513664844057,법제사법위원회
소병훈,0.005257271293368524,법제사법위원회
송영길,0.0011879485197402605,법제사법위원회
송옥주,0.0,법제사법위원회
조정식,0.002627431879852857,법제사법위원회
김수민,0.010915316916208385,법제사법위원회
오신환,0.007780388684475778,법제사법위원회
이태규,0.0018229915669298873,법제사법위원회
윤영일,0.004675385708189647,법제사법위원회
윤재옥,0.000899828974893839,법제사법위원회
김한표,0.00037415707298182817,법제사법위원회
유승민,0.0,법제사법위원회
이춘석,0.007195893182482209,법제사법위원회
전현희,0.0004128565597236641,법제사법위원회
이석현,0.005507635191029005,법제사법위원회
서삼석,0.0,법제사법위원회
우원식,0.000809267460009403,법제사법위원회
김한정,0.0,법제사법위원회
오영훈,0.0013043332255656946,법제사법위원회
박주현,0.0002193929198131971,법제사법위원회
유성엽,0.02160907839793798,법제사법위원회
전재수,0.00152323256328442,법제사법위원회
최인호,0.0006923282559852366,법제사법위원회
박주선,0.0008080979416764094,법제사법위원회
임재훈,3.842727061485526e-05,법제사법위원회
홍영표,0.0,법제사법위원회
원혜영,0.015190895494006073,법제사법위원회
윤관석,0.0,법제사법위원회
조응천,0.0010654071889233264,법제사법위원회
김경협,0.0027539958979635104,법제사법위원회
민병두,0.0028895485470630837,법제사법위원회
이상헌,0.0,법제사법위원회
최운열,0.00243541825169592,법제사법위원회
박완주,0.00016615687003778947,법제사법위원회
이개호,0.002084501337816897,법제사법위원회
강훈식,0.002199092559897078,법제사법위원회
김경진,0.017336627914539573,법제사법위원회
김두관,0.0,법제사법위원회
김태년,0.00024245996875429734,법제사법위원회
황희,0.00030325205532909434,법제사법위원회
박범계,0.0062682340363159825,법제사법위원회
어기구,0.0005466368588583581,법제사법위원회
변재일,0.0016162548886458489,법제사법위원회
최재성,0.0005147534724900546,법제사법위원회
도종환,0.0,법제사법위원회
민홍철,0.003990321268675401,법제사법위원회
추미애,0.00304231366462343,법제사법위원회
백재현,0.0019278461781486811,법제사법위원회
오제세,0.00271219480710454,법제사법위원회
정세균,0.0,법제사법위원회
이인영,0.00014982652497165305,법제사법위원회
박용진,0.0018222389936069898,법제사법위원회
김영호,0.0016430045924538022,법제사법위원회
신동근,0.0031476835746394173,법제사법위원회
박병석,0.0001788467042841565,법제사법위원회
이후삼,0.0,법제사법위원회
홍의락,0.004191632913002473,법제사법위원회
문희상,0.00010672432632560491,법제사법위원회
박영선,0.004957113821953545,법제사법위원회
신상진,0.0026479218148833753,법제사법위원회
이해찬,0.0,법제사법위원회
진영,0.0005087082715771966,법제사법위원회
엄용수,0.0,법제사법위원회
황영철,0.0010007744645199154,법제사법위원회
김용태,0.0,법제사법위원회
이용호,0.0009908071752719298,법제사법위원회
유의동,0.0012254105413556345,법제사법위원회
정진석,0.0002230059998273104,법제사법위원회
강길부,0.0,법제사법위원회
김영춘,0.0012163961678513925,법제사법위원회
심재권,0.0022131128646700336,법제사법위원회
장제원,0.0024079732144567895,법제사법위원회
이수혁,0.001038686416446596,법제사법위원회
이혜훈,0.0014050242911633492,법제사법위원회
이정현,0.0009700125956264587,법제사법위원회
김명연,0.0024757890684528527,법제사법위원회
이완영,0.004610481156100123,법제사법위원회
이훈,0.0003281882762458631,법제사법위원회
김중로,0.004909271109822301,법제사법위원회
이용주,0.000526102903150504,법제사법위원회
이상돈,0.0,법제사법위원회
전희경,0.0,법제사법위원회
김정훈,0.00022520335608415125,법제사법위원회
이우현,0.0010956770836889193,법제사법위원회
김성식,0.0,법제사법위원회
김성환,0.0,법제사법위원회
김현미,0.0,법제사법위원회
우상호,0.014383368309655944,법제사법위원회
유은혜,0.00019526486560769973,법제사법위원회
이군현,0.0,법제사법위원회
오세정,0.0,법제사법위원회
양승조,0.0018456809413442954,법제사법위원회
권석창,0.0003182619544869726,법제사법위원회
이철우,0.0006329107576159168,법제사법위원회
노회찬,0.0022872632022900093,법제사법위원회
지상욱,0.0006243085124296366,법제사법위원회
박남춘,0.0022883330514357064,법제사법위원회
송기석,0.0006145335015038521,법제사법위원회
박준영,0.0016401853377903668,법제사법위원회
박찬우,0.0009716441195756325,법제사법위원회
김경수,0.0,법제사법위원회
윤종오,0.00020163103890263173,법제사법위원회
최명길,0.0005543593282952249,법제사법위원회
배덕광,0.0,법제사법위원회
문미옥,0.0,법제사법위원회
김종인,0.00021206194835934625,법제사법위원회
안철수,0.0,법제사법위원회
김종태,0.0002973370452655466,법제사법위원회
송석준,0.010044373936004184,국토교통위원회
김석기,0.0030241541053040413,국토교통위원회
김정재,0.007594764933877594,국토교통위원회
성일종,0.0014851498898782124,국토교통위원회
송언석,0.0012383616062764723,국토교통위원회
송희경,0.007754618681391846,국토교통위원회
유동수,0.003618947277633657,국토교통위원회
윤종필,0.0010753209588495445,국토교통위원회
이양수,0.002430991814008513,국토교통위원회
이종배,0.0036131916658925364,국토교통위원회
함진규,0.026032847441061446,국토교통위원회
조훈현,0.0003765173129062311,국토교통위원회
김규환,0.003262853651814997,국토교통위원회
김성찬,0.0029764448956772892,국토교통위원회
김재경,0.0016126248031682355,국토교통위원회
문진국,0.01283553573735931,국토교통위원회
박인숙,0.004666071817520741,국토교통위원회
원유철,0.00335333134026501,국토교통위원회
이종명,0.0050170432685237324,국토교통위원회
정갑윤,0.0029599944067559662,국토교통위원회
최연혜,0.0020364874396159196,국토교통위원회
이현재,0.008645922677158595,국토교통위원회
곽상도,0.001216274931781124,국토교통위원회
김경협,0.006867669630492016,국토교통위원회
김승희,0.0019229249305669099,국토교통위원회
김한표,0.0005307068843624086,국토교통위원회
이원욱,0.013898691414234948,국토교통위원회
이진복,0.0,국토교통위원회
이철규,0.002100999446483397,국토교통위원회
임종성,0.009238764833014109,국토교통위원회
심재철,0.0008194386725213121,국토교통위원회
김현아,0.027068065615568244,국토교통위원회
박덕흠,0.031129824446912934,국토교통위원회
최교일,0.0002965646368372237,국토교통위원회
홍철호,0.004378505362174839,국토교통위원회
신창현,0.009974945895364226,국토교통위원회
김병기,0.0021435173894602724,국토교통위원회
박찬대,0.000907206515049758,국토교통위원회
소병훈,0.002917457963381337,국토교통위원회
송옥주,0.006483599602779012,국토교통위원회
신동근,0.0003510304426014686,국토교통위원회
이용득,0.0007116281385334886,국토교통위원회
정은혜,0.0,국토교통위원회
강석진,0.0006269928840447528,국토교통위원회
김성원,0.0071518346098080905,국토교통위원회
김용태,0.0012085789377387637,국토교통위원회
이은권,0.004946516850850141,국토교통위원회
이은재,0.0006952747780649745,국토교통위원회
이찬열,0.032152808614208134,국토교통위원회
윤관석,0.02408176156288278,국토교통위원회
고용진,0.002833586499437489,국토교통위원회
김정우,0.005667296117509153,국토교통위원회
박정,0.010976112302808348,국토교통위원회
박홍근,0.00837756747482137,국토교통위원회
송영길,0.0002717184845865659,국토교통위원회
오제세,0.0008718369094722404,국토교통위원회
이재정,0.0004894521851390093,국토교통위원회
이학영,0.0013199002991230828,국토교통위원회
김상희,0.0024453228459075725,국토교통위원회
박재호,0.004548980388131749,국토교통위원회
안호영,0.008065163646594122,국토교통위원회
정성호,0.012936851206678923,국토교통위원회
조정식,0.01335028202175176,국토교통위원회
김동철,0.007113867210125322,국토교통위원회
김관영,0.014759668582230323,국토교통위원회
김삼화,0.001456761824473495,국토교통위원회
박주선,0.0,국토교통위원회
임재훈,0.0,국토교통위원회
장병완,0.0009363434109209383,국토교통위원회
조배숙,0.0010428629324515158,국토교통위원회
채이배,0.0022727588950946886,국토교통위원회
황주홍,0.027090224953148865,국토교통위원회
김민기,0.0021114340589045966,국토교통위원회
김병관,0.00034666894995814286,국토교통위원회
서형수,0.006948300702160666,국토교통위원회
송기헌,0.005357159282130413,국토교통위원회
심기준,0.002021991730726867,국토교통위원회
우원식,0.0013214867069275282,국토교통위원회
전재수,0.001072972895943347,국토교통위원회
강석호,0.00034321097948178614,국토교통위원회
곽대훈,0.0011626242299852614,국토교통위원회
김무성,0.0,국토교통위원회
정병국,0.0033523095205511867,국토교통위원회
추경호,0.004285435832412069,국토교통위원회
이명수,0.0072718359084367095,국토교통위원회
유민봉,0.0008860366663671515,국토교통위원회
홍문표,0.0012296700253600385,국토교통위원회
신상진,0.007037164283849219,국토교통위원회
김상훈,0.005306268422860727,국토교통위원회
박명재,0.01513038782686428,국토교통위원회
박성중,0.0035662989052928475,국토교통위원회
이장우,0.000545154641155486,국토교통위원회
정유섭,0.006236270338124781,국토교통위원회
주호영,0.00543671464467736,국토교통위원회
권은희,0.000649849063420088,국토교통위원회
김철민,0.015219721440577816,국토교통위원회
이동섭,0.003225245632931032,국토교통위원회
이언주,0.007872624681840194,국토교통위원회
이용호,0.004976940683544057,국토교통위원회
장정숙,0.0023675559144991035,국토교통위원회
정동영,0.023298925725033642,국토교통위원회
주승용,0.009995168277598346,국토교통위원회
박순자,0.003944050156490173,국토교통위원회
윤영석,0.002611489366282782,국토교통위원회
김선동,0.0,국토교통위원회
홍일표,0.0015409434579011412,국토교통위원회
김수민,0.0032425351084621233,국토교통위원회
김중로,0.0035732444840094893,국토교통위원회
박선숙,0.0006318352672163182,국토교통위원회
신용현,0.002503915681669432,국토교통위원회
최도자,0.005000874866095254,국토교통위원회
하태경,0.0010713995362444321,국토교통위원회
김영호,0.004577361892030328,국토교통위원회
맹성규,0.000643501786138883,국토교통위원회
서영교,0.006529429815961778,국토교통위원회
김현권,0.0,국토교통위원회
강훈식,0.009953670965347597,국토교통위원회
노웅래,0.008521708499996068,국토교통위원회
박광온,0.0032905789472866373,국토교통위원회
이상헌,0.002369272684976443,국토교통위원회
이후삼,0.00033419229765428113,국토교통위원회
김정호,0.0011908724786567528,국토교통위원회
김종민,0.0017019313766080105,국토교통위원회
윤준호,0.0009335328213363925,국토교통위원회
이종걸,0.0012819554940096212,국토교통위원회
정재호,0.0006258477207154823,국토교통위원회
최인호,0.01577834633905297,국토교통위원회
권성동,0.0,국토교통위원회
박맹우,0.006189899887851751,국토교통위원회
윤재옥,0.0,국토교통위원회
이만희,0.0,국토교통위원회
윤상직,0.0004483352465370413,국토교통위원회
이종구,0.0004050304830930905,국토교통위원회
오신환,0.0,국토교통위원회
유승민,0.0005852838406104569,국토교통위원회
윤상현,0.0011969351119219362,국토교통위원회
이혜훈,0.002245913793663907,국토교통위원회
김성환,0.0,국토교통위원회
위성곤,0.003395185006015403,국토교통위원회
전현희,0.00449027449415862,국토교통위원회
홍의락,0.0,국토교통위원회
김광수,0.0053697944073239495,국토교통위원회
김종회,0.0012584917824673253,국토교통위원회
박주현,0.00011187749521055386,국토교통위원회
이석현,0.004448904505053391,국토교통위원회
정인화,0.0044621600868499835,국토교통위원회
기동민,0.0006644504903493188,국토교통위원회
윤호중,0.003605753110640375,국토교통위원회
표창원,0.0,국토교통위원회
김두관,0.001252821413307325,국토교통위원회
최재성,0.0005359870401775491,국토교통위원회
민경욱,0.005543337319804642,국토교통위원회
김광림,0.0,국토교통위원회
김명연,0.00041369643052300057,국토교통위원회
김순례,0.0004398115370464539,국토교통위원회
김학용,0.0004593269921979982,국토교통위원회
박대출,0.0004237599771839776,국토교통위원회
서청원,0.0004755187910234058,국토교통위원회
조원진,0.00012258252402074575,국토교통위원회
권칠승,0.00234637860221838,국토교통위원회
조응천,0.000683215813096676,국토교통위원회
경대수,0.0011845009083455112,국토교통위원회
김재원,0.0006784828008203751,국토교통위원회
장석춘,0.0006083199338875852,국토교통위원회
신경민,0.0009308019783126349,국토교통위원회
남인순,0.0024275918032618964,국토교통위원회
전혜숙,0.009167084060155534,국토교통위원회
정춘숙,0.0,국토교통위원회
서삼석,0.00042906733126144,국토교통위원회
윤영일,0.012636745502901498,국토교통위원회
이개호,0.0013383609871517235,국토교통위원회
송갑석,0.0,국토교통위원회
오영훈,0.001254594603058841,국토교통위원회
인재근,0.0010464500447276953,국토교통위원회
한정애,0.0011146990333282412,국토교통위원회
김영진,0.0015610164642177993,국토교통위원회
이규희,0.002146173071854501,국토교통위원회
정세균,0.0,국토교통위원회
김세연,0.0,국토교통위원회
김태흠,0.0020796767363125417,국토교통위원회
유성엽,0.0,국토교통위원회
천정배,0.00016428348687474922,국토교통위원회
여영국,4.391889728515611e-05,국토교통위원회
김종대,0.0,국토교통위원회
설훈,0.0,국토교통위원회
심상정,0.0,국토교통위원회
윤소하,0.0019611434203602473,국토교통위원회
이정미,0.0014882902267634337,국토교통위원회
추혜선,0.0,국토교통위원회
염동열,0.0008461149765062203,국토교통위원회
정점식,0.0,국토교통위원회
정태옥,0.0,국토교통위원회
변재일,0.009801153101613504,국토교통위원회
김진태,8.399944173652326e-05,국토교통위원회
강창일,0.002700879930248493,국토교통위원회
박지원,0.0,국토교통위원회
임이자,0.0,국토교통위원회
백재현,0.001090615638767591,국토교통위원회
윤일규,0.0,국토교통위원회
윤후덕,0.009455807248400293,국토교통위원회
백혜련,0.004090823057845804,국토교통위원회
강효상,0.0011731394219748057,국토교통위원회
김기선,0.002859715844391871,국토교통위원회
유기준,0.0,국토교통위원회
이채익,0.0009249893391915565,국토교통위원회
전희경,0.0,국토교통위원회
한선교,0.0,국토교통위원회
홍익표,0.0005877658305548545,국토교통위원회
원혜영,0.003962102562812367,국토교통위원회
이춘석,0.0024141517558795953,국토교통위원회
어기구,0.0018284340399755542,국토교통위원회
유승희,0.0013525797775458144,국토교통위원회
홍문종,0.0,국토교통위원회
진선미,0.0010883279050663411,국토교통위원회
김영춘,0.0014855543624372072,국토교통위원회
박범계,0.0006229586939296072,국토교통위원회
민홍철,0.021341510432536775,국토교통위원회
도종환,0.0,국토교통위원회
이훈,0.0003807117119428257,국토교통위원회
황희,0.0084402169071012,국토교통위원회
조승래,0.0,국토교통위원회
김태년,0.0,국토교통위원회
금태섭,0.0020105509996359346,국토교통위원회
김해영,0.001655686267458788,국토교통위원회
제윤경,0.00012968507041198298,국토교통위원회
김진표,7.771927584782376e-05,국토교통위원회
안규백,0.0057243134503264315,국토교통위원회
안민석,0.0,국토교통위원회
추미애,0.0,국토교통위원회
홍영표,0.000299768618076807,국토교통위원회
김경진,0.008003320344238556,국토교통위원회
백승주,0.0007026376028409144,국토교통위원회
정용기,0.0014225886265712823,국토교통위원회
민병두,0.001856951172094438,국토교통위원회
박완주,9.143409260484696e-05,국토교통위원회
김영주,0.0011540330265693347,국토교통위원회
김부겸,0.004246855986704119,국토교통위원회
권미혁,0.0008310266054430712,국토교통위원회
최운열,0.0,국토교통위원회
강병원,0.001384172719469198,국토교통위원회
박경미,0.0014170820983810907,국토교통위원회
전해철,0.00045954981058755814,국토교통위원회
정종섭,0.001197553180327609,국토교통위원회
이학재,0.0099030354127912,국토교통위원회
정진석,0.0026448778774759863,국토교통위원회
김성수,0.0,국토교통위원회
박용진,0.0003315885440990007,국토교통위원회
이상민,0.0,국토교통위원회
박병석,0.0007980832226293452,국토교통위원회
이헌승,0.004147963349313409,국토교통위원회
조경태,0.007465157257139308,국토교통위원회
엄용수,0.0018864033188508368,국토교통위원회
황영철,0.0,국토교통위원회
유의동,0.0,국토교통위원회
정운천,0.0023221469422261454,국토교통위원회
이철희,0.0,국토교통위원회
유재중,0.0,국토교통위원회
박완수,0.005453532933399394,국토교통위원회
이주영,0.0002551515628070741,국토교통위원회
정우택,0.0004772840510187546,국토교통위원회
윤한홍,0.0007969172564852733,국토교통위원회
김도읍,0.008653731700454992,국토교통위원회
장제원,0.0010875753041695814,국토교통위원회
강길부,0.0,국토교통위원회
이용주,0.0003147227163173572,국토교통위원회
신보라,0.0005300606588393582,국토교통위원회
박주민,0.005019673195261899,국토교통위원회
김종훈,0.0,국토교통위원회
이상돈,0.0009662329672011558,국토교통위원회
김종석,0.0,국토교통위원회
이해찬,0.0008673031226561652,국토교통위원회
손혜원,0.0,국토교통위원회
김영우,0.00042431840780401844,국토교통위원회
안상수,0.0,국토교통위원회
김한정,0.0003382308464848159,국토교통위원회
주광덕,0.002212517336760489,국토교통위원회
손금주,0.0043569154931897705,국토교통위원회
여상규,0.0,국토교통위원회
이인영,0.0,국토교통위원회
이완영,0.006679535994072657,국토교통위원회
지상욱,0.0,국토교통위원회
심재권,0.0015763115250615428,국토교통위원회
우상호,0.0,국토교통위원회
이수혁,0.0,국토교통위원회
이태규,0.0,국토교통위원회
박영선,0.0,국토교통위원회
이정현,0.0002433764585371979,국토교통위원회
정양석,0.0,국토교통위원회
나경원,0.001438788528685511,국토교통위원회
이우현,0.005760848858718219,국토교통위원회
오세정,0.0,국토교통위원회
유은혜,0.0,국토교통위원회
문희상,0.0002506701154930888,국토교통위원회
김정훈,3.761771189529295e-05,국토교통위원회
양승조,0.0006995558196947701,국토교통위원회
노회찬,0.00011741754906457189,국토교통위원회
박남춘,0.0,국토교통위원회
김경수,0.0005492018481846336,국토교통위원회
권석창,0.0006851935009223356,국토교통위원회
이군현,0.0,국토교통위원회
박찬우,0.0043708676560150934,국토교통위원회
박준영,0.0009873716624408534,국토교통위원회
송기석,0.0,국토교통위원회
이철우,0.0006634846159621368,국토교통위원회
윤종오,0.0,국토교통위원회
진영,0.0,국토교통위원회
최명길,0.00037949123975141596,국토교통위원회
배덕광,0.0,국토교통위원회
김현미,0.0,국토교통위원회
문미옥,0.0,국토교통위원회
김성식,0.0,국토교통위원회
김종태,7.295756867898824e-05,국토교통위원회
안철수,0.0,국토교통위원회
한정애,0.0027267757868185776,보건복지위원회
강병원,0.0021337115880580883,보건복지위원회
기동민,0.014377848371353995,보건복지위원회
김상희,0.02373339473091678,보건복지위원회
김영진,0.0004543445076648575,보건복지위원회
김정우,0.0021678697374336977,보건복지위원회
김종민,0.0013842134575175432,보건복지위원회
박경미,0.0009493059296369276,보건복지위원회
박홍근,0.0005782705487505972,보건복지위원회
서영교,0.013191116648734345,보건복지위원회
손금주,0.0023265366893069316,보건복지위원회
윤준호,0.0,보건복지위원회
제윤경,0.0022887354989050714,보건복지위원회
진선미,0.002519483708305202,보건복지위원회
허윤정,0.00012493294403396124,보건복지위원회
백혜련,0.0041376376102306945,보건복지위원회
송영길,0.00164515399613047,보건복지위원회
이개호,0.0027834062063721854,보건복지위원회
이원욱,0.002531051631506341,보건복지위원회
임종성,0.003977868350174846,보건복지위원회
김경협,0.0009281190080042637,보건복지위원회
강창일,0.004620803974999,보건복지위원회
김병기,0.002227619572502139,보건복지위원회
김영호,0.004319738682219944,보건복지위원회
박완주,0.0011038787529762833,보건복지위원회
설훈,0.0013470274759894577,보건복지위원회
인재근,0.013526684595941706,보건복지위원회
권미혁,0.007623017722527158,보건복지위원회
김철민,0.007482822826779354,보건복지위원회
서삼석,0.00012711896127576218,보건복지위원회
소병훈,0.0041219473056158615,보건복지위원회
송갑석,0.0,보건복지위원회
우원식,0.0008664201045810886,보건복지위원회
정춘숙,0.010066697742525634,보건복지위원회
김민기,0.0017453767778833032,보건복지위원회
김병관,0.0,보건복지위원회
송옥주,0.0025620872216720932,보건복지위원회
윤후덕,0.010147965458906848,보건복지위원회
이상민,7.386546027339993e-05,보건복지위원회
이인영,0.00017747060336257057,보건복지위원회
장병완,0.0018055569801462938,보건복지위원회
최운열,0.0004703913110987922,보건복지위원회
홍의락,0.0020525193459597587,보건복지위원회
김광수,0.00823212870301678,보건복지위원회
김경진,0.012188749996627014,보건복지위원회
김종회,0.004531422182652479,보건복지위원회
박주현,0.0005921103524350663,보건복지위원회
오영훈,0.002017205779400881,보건복지위원회
유성엽,0.0008704693118529612,보건복지위원회
장정숙,0.01046292461870352,보건복지위원회
정동영,0.000700817010358125,보건복지위원회
정인화,0.0054250318133899755,보건복지위원회
채이배,0.006570539549656879,보건복지위원회
최도자,0.03401691479401838,보건복지위원회
김승희,0.03260637113078994,보건복지위원회
김명연,0.010508829002575675,보건복지위원회
김상훈,0.009547142766234269,보건복지위원회
김정재,0.004886593694412574,보건복지위원회
박성중,0.0012118118319892816,보건복지위원회
박인숙,0.01663528132404323,보건복지위원회
윤종필,0.018678058423279728,보건복지위원회
정태옥,0.0024193107430193397,보건복지위원회
추경호,0.0017991923767852753,보건복지위원회
홍일표,0.0,보건복지위원회
강석진,0.009763272103839388,보건복지위원회
김기선,0.004667565232060352,보건복지위원회
김성원,0.0019577906046478037,보건복지위원회
송언석,0.0005324706499779578,보건복지위원회
이철규,0.0,보건복지위원회
이학재,0.003190604155458049,보건복지위원회
이헌승,0.0012490987350231033,보건복지위원회
정유섭,0.0,보건복지위원회
정점식,5.163415238927464e-05,보건복지위원회
정종섭,0.0,보건복지위원회
정병국,0.0012027304013739154,보건복지위원회
권성동,0.0,보건복지위원회
김무성,0.0,보건복지위원회
김삼화,0.007397864892941593,보건복지위원회
유의동,0.0037535838948117373,보건복지위원회
윤영일,0.0010641575128582982,보건복지위원회
이동섭,0.006342641888645447,보건복지위원회
정운천,0.0,보건복지위원회
홍문표,0.0,보건복지위원회
원유철,0.004185317580302225,보건복지위원회
윤상직,0.0013886359977448857,보건복지위원회
이현재,0.0,보건복지위원회
임이자,0.0011592781873794354,보건복지위원회
조훈현,0.0011879003356417726,보건복지위원회
주광덕,0.0,보건복지위원회
민병두,0.0019231149024016496,보건복지위원회
김영춘,0.0014884943073616883,보건복지위원회
안규백,0.00434060796627091,보건복지위원회
위성곤,0.005402144636445273,보건복지위원회
이철희,0.0019294134850608745,보건복지위원회
전재수,0.002400489801557765,보건복지위원회
표창원,0.0007207502936536441,보건복지위원회
곽상도,0.0008969656786765868,보건복지위원회
김용태,0.0,보건복지위원회
박명재,0.004200429649256219,보건복지위원회
송희경,0.017242492468451234,보건복지위원회
유민봉,0.0022699851166737423,보건복지위원회
함진규,0.01203430233915331,보건복지위원회
성일종,0.015999372323865686,보건복지위원회
이언주,0.009570202728013696,보건복지위원회
주호영,0.003918819942992019,보건복지위원회
최교일,0.0015335045952466076,보건복지위원회
문진국,0.0,보건복지위원회
박덕흠,0.004439532696819558,보건복지위원회
심재철,0.001326185571015691,보건복지위원회
안상수,0.0,보건복지위원회
유재중,0.002637824503835975,보건복지위원회
이종배,0.0020081222116328573,보건복지위원회
최연혜,0.00043998675552573986,보건복지위원회
김세연,0.02253962381894316,보건복지위원회
김현아,0.003286696635568589,보건복지위원회
정갑윤,0.014163005298721793,보건복지위원회
홍철호,0.0,보건복지위원회
김재원,0.0004988504330551579,보건복지위원회
장석춘,0.0,보건복지위원회
박광온,0.004915049483172987,보건복지위원회
이용득,0.0,보건복지위원회
이종걸,0.00046579641045959403,보건복지위원회
이찬열,0.030047039882262306,보건복지위원회
조응천,0.00024015318821560925,보건복지위원회
조정식,0.0,보건복지위원회
홍익표,0.0009972482975455033,보건복지위원회
김정훈,0.0001524047206752601,보건복지위원회
유기준,0.0007498836866926065,보건복지위원회
이양수,0.003302101710440399,보건복지위원회
이진복,0.0004405340171623414,보건복지위원회
강훈식,0.002315140079641809,보건복지위원회
금태섭,0.002669846354149908,보건복지위원회
김해영,0.003038205255946463,보건복지위원회
남인순,0.019637697750942065,보건복지위원회
노웅래,0.007954167158728013,보건복지위원회
도종환,0.0,보건복지위원회
박용진,0.00027007531285936997,보건복지위원회
안민석,0.0,보건복지위원회
이춘석,0.0033216346762081927,보건복지위원회
조승래,0.001124696589883555,보건복지위원회
강석호,0.0004620440858868673,보건복지위원회
서청원,0.0,보건복지위원회
이정미,0.001503175174754775,보건복지위원회
김종대,0.0,보건복지위원회
김종훈,0.0004949058056452143,보건복지위원회
심상정,0.0005025549253232596,보건복지위원회
여영국,0.0,보건복지위원회
윤소하,0.01662996732475176,보건복지위원회
이상돈,0.0003042394929139756,보건복지위원회
정은혜,0.001013454135918985,보건복지위원회
추혜선,0.001666091822145312,보건복지위원회
유승민,0.0,보건복지위원회
이명수,0.016773841181505735,보건복지위원회
김성찬,0.0033847051864748954,보건복지위원회
오제세,0.039309512925626046,보건복지위원회
조배숙,0.0014691718853311856,보건복지위원회
윤일규,0.001973632721034303,보건복지위원회
신동근,0.0015660793036052715,보건복지위원회
신창현,0.006489659583511869,보건복지위원회
안호영,0.00039317320505604427,보건복지위원회
이석현,0.009135704238445222,보건복지위원회
경대수,0.0028702546764501667,보건복지위원회
이은권,0.0007249978736422667,보건복지위원회
윤영석,0.001959284680859231,보건복지위원회
김규환,0.0010500139331537774,보건복지위원회
곽대훈,0.0009824265362687126,보건복지위원회
김선동,0.0013169239009411303,보건복지위원회
백승주,0.0007718612310032371,보건복지위원회
윤상현,0.0012428937998176938,보건복지위원회
이종명,0.0036227678570290183,보건복지위원회
김석기,0.0013637077198089538,보건복지위원회
윤재옥,0.0002286465966859294,보건복지위원회
이종구,0.0,보건복지위원회
김태흠,0.0014738892101580088,보건복지위원회
이만희,0.00103667834918809,보건복지위원회
조경태,0.00599873161189236,보건복지위원회
박정,0.0077304692799376835,보건복지위원회
심기준,0.0019950811387298515,보건복지위원회
유승희,0.007814031074266264,보건복지위원회
윤관석,0.0019628460409365127,보건복지위원회
고용진,0.001188648069611236,보건복지위원회
김두관,0.0006949881791941298,보건복지위원회
김정호,0.0,보건복지위원회
전현희,0.0014443615988362325,보건복지위원회
최재성,0.0006501697307643285,보건복지위원회
김광림,0.0015441672743467022,보건복지위원회
천정배,0.00108835065013901,보건복지위원회
염동열,0.0,보건복지위원회
정진석,0.0003862199245990876,보건복지위원회
신상진,0.007199192972418455,보건복지위원회
원혜영,0.010441178918076062,보건복지위원회
김현권,0.003922345611269856,보건복지위원회
박주민,0.009231685188815349,보건복지위원회
이상헌,0.0011027559468430943,보건복지위원회
정재호,0.0011446807984137023,보건복지위원회
김진태,0.0003739275403642269,보건복지위원회
박대출,0.0008245743352003936,보건복지위원회
조원진,0.00017228516742757833,보건복지위원회
홍문종,0.0,보건복지위원회
박선숙,0.0005584127492297888,보건복지위원회
이규희,0.0,보건복지위원회
김부겸,0.0007766581058409616,보건복지위원회
정세균,0.0,보건복지위원회
박지원,0.0,보건복지위원회
김관영,0.007494649335108787,보건복지위원회
김성수,0.0006464569396670274,보건복지위원회
박찬대,0.0005580596366534724,보건복지위원회
강길부,0.0021034449077329672,보건복지위원회
김수민,0.00280538872824899,보건복지위원회
이용호,0.0014214341634035711,보건복지위원회
하태경,0.0,보건복지위원회
이장우,0.0004278581534011887,보건복지위원회
강효상,0.0007446318056469165,보건복지위원회
김도읍,0.0026447097202454265,보건복지위원회
이채익,0.000644573431832857,보건복지위원회
전희경,0.0,보건복지위원회
한선교,0.0,보건복지위원회
박주선,0.000503360449231629,보건복지위원회
신용현,0.0034612916610883854,보건복지위원회
임재훈,0.0,보건복지위원회
주승용,0.0035742905382571692,보건복지위원회
황주홍,0.028282263551987576,보건복지위원회
민홍철,0.0,보건복지위원회
김학용,0.0017183970758670006,보건복지위원회
민경욱,0.002810584418373859,보건복지위원회
전혜숙,0.0248487898284439,보건복지위원회
김진표,0.0,보건복지위원회
박재호,0.004110381329502469,보건복지위원회
최인호,0.0007027512485832732,보건복지위원회
김태년,0.0008150877913750913,보건복지위원회
김한표,0.0,보건복지위원회
박순자,0.0047457910281116815,보건복지위원회
송석준,0.012381704518839324,보건복지위원회
김한정,0.0006860713693828238,보건복지위원회
손혜원,0.0006389226662612747,보건복지위원회
이재정,0.0001350420560328607,보건복지위원회
김영주,0.00036416573256884934,보건복지위원회
유동수,0.002813601709879892,보건복지위원회
추미애,0.0007658036570964719,보건복지위원회
전해철,0.0014103800156809254,보건복지위원회
맹성규,0.0012526765864206747,보건복지위원회
박병석,0.0003385990981024408,보건복지위원회
백재현,0.0005979616599580026,보건복지위원회
송기헌,0.0027140447332669342,보건복지위원회
권칠승,0.0017947587747674596,보건복지위원회
박범계,0.0036885737434222358,보건복지위원회
이훈,0.0,보건복지위원회
신경민,0.0022517377069925047,보건복지위원회
홍영표,0.0,보건복지위원회
이후삼,0.0,보건복지위원회
어기구,0.0007255456263562755,보건복지위원회
서형수,0.0,보건복지위원회
이학영,0.0007631222553680844,보건복지위원회
변재일,0.0,보건복지위원회
정우택,0.0003056941801486933,보건복지위원회
윤호중,0.0006877129960051574,보건복지위원회
박맹우,0.0017216845143378503,보건복지위원회
김영우,0.0004709487638100266,보건복지위원회
황영철,0.002523592460237537,보건복지위원회
김순례,0.01105558850860591,보건복지위원회
정성호,0.0,보건복지위원회
김재경,0.0006816263159565071,보건복지위원회
이은재,0.0,보건복지위원회
엄용수,0.005878891567639517,보건복지위원회
이주영,0.0004659912876231333,보건복지위원회
김동철,0.004360368714367339,보건복지위원회
김성환,0.0,보건복지위원회
김성식,0.0003488663612532944,보건복지위원회
이용주,0.0021077668278511896,보건복지위원회
김중로,0.0011630527710227714,보건복지위원회
권은희,0.00034440060604131796,보건복지위원회
김종석,0.00037279383058230655,보건복지위원회
박완수,0.0,보건복지위원회
심재권,0.004440953663964986,보건복지위원회
오신환,0.0028589856704817037,보건복지위원회
이태규,0.0014111223378833412,보건복지위원회
이혜훈,0.00031689106445472815,보건복지위원회
지상욱,0.0011486512326129349,보건복지위원회
이수혁,0.0,보건복지위원회
장제원,0.0003284386297979429,보건복지위원회
신보라,0.0023625373105767653,보건복지위원회
우상호,0.0,보건복지위원회
이완영,0.0,보건복지위원회
황희,0.0006146433102875178,보건복지위원회
여상규,0.0,보건복지위원회
윤한홍,0.00041535242571352516,보건복지위원회
나경원,0.004058029356879986,보건복지위원회
정용기,0.0,보건복지위원회
정양석,0.0,보건복지위원회
문희상,0.0001987077393764218,보건복지위원회
박영선,0.0,보건복지위원회
유은혜,0.0004268282834039013,보건복지위원회
이군현,0.0,보건복지위원회
이정현,0.0029498030835240496,보건복지위원회
오세정,0.0,보건복지위원회
노회찬,0.0002742280703445564,보건복지위원회
권석창,0.0,보건복지위원회
양승조,0.011860301315762375,보건복지위원회
박남춘,0.005423639496717275,보건복지위원회
이해찬,0.0,보건복지위원회
박준영,0.002172740602474663,보건복지위원회
박찬우,0.0,보건복지위원회
이우현,0.0,보건복지위원회
김경수,2.1387370393365505e-05,보건복지위원회
송기석,0.00017900515044823515,보건복지위원회
최명길,0.0006568002661527491,보건복지위원회
이철우,0.0,보건복지위원회
배덕광,0.0,보건복지위원회
진영,0.0,보건복지위원회
윤종오,0.0,보건복지위원회
문미옥,0.00015598905522992026,보건복지위원회
김현미,0.0,보건복지위원회
김종태,0.0,보건복지위원회
안철수,0.0,보건복지위원회
김종인,0.0,보건복지위원회
추경호,0.027168067169295464,기획재정위원회
김광림,0.004530321641196785,기획재정위원회
김상훈,0.0032575493047260484,기획재정위원회
김석기,0.009174977056409407,기획재정위원회
김용태,0.0,기획재정위원회
박덕흠,0.004374310009304672,기획재정위원회
송언석,0.0010078611917610123,기획재정위원회
이종배,0.003306939478223627,기획재정위원회
정갑윤,0.004987807810884805,기획재정위원회
정병국,0.005884151123244601,기획재정위원회
유성엽,0.001015233548185341,기획재정위원회
김종회,0.003030900640149522,기획재정위원회
박지원,0.0,기획재정위원회
윤영일,0.007052181189069527,기획재정위원회
이종걸,0.0019219528041605732,기획재정위원회
장병완,0.0010583612397579295,기획재정위원회
장정숙,0.0016790265113749453,기획재정위원회
정동영,0.0043546090755214985,기획재정위원회
정인화,0.0062753906637321895,기획재정위원회
조배숙,0.007219718552328007,기획재정위원회
황주홍,0.029486006061065686,기획재정위원회
박홍근,0.004721485326243136,기획재정위원회
권칠승,0.0020103813796678916,기획재정위원회
기동민,0.0012223064737046261,기획재정위원회
김병기,0.0,기획재정위원회
남인순,0.0019388145444261388,기획재정위원회
안호영,0.00110674144369646,기획재정위원회
우원식,0.010149167017944724,기획재정위원회
윤관석,0.003128022993486089,기획재정위원회
이용득,0.001966438007470956,기획재정위원회
정성호,0.029158921553829292,기획재정위원회
조승래,0.0024449171144510164,기획재정위원회
김상희,0.001328624736637251,기획재정위원회
맹성규,0.0,기획재정위원회
박찬대,0.001865487019641492,기획재정위원회
백혜련,0.0016693269463495081,기획재정위원회
송영길,0.00483110762121566,기획재정위원회
윤호중,0.002488657284717336,기획재정위원회
김정우,0.046789470311719004,기획재정위원회
김경협,0.010847826127804033,기획재정위원회
김두관,0.006283167749659007,기획재정위원회
김영진,0.0015961154059106948,기획재정위원회
심기준,0.004514871270070447,기획재정위원회
오제세,0.01348569468552257,기획재정위원회
유승희,0.0030391765036299734,기획재정위원회
이춘석,0.007081044273776822,기획재정위원회
조정식,0.019195655449109637,기획재정위원회
김정재,0.004225811712862091,기획재정위원회
김성원,0.004965551311551661,기획재정위원회
김승희,0.003724430107508938,기획재정위원회
문진국,0.0018393201559944892,기획재정위원회
송희경,0.004585498169709546,기획재정위원회
이현재,0.004938593321376554,기획재정위원회
장석춘,0.0015270460310767356,기획재정위원회
정종섭,0.00020750981613058288,기획재정위원회
최연혜,0.0008126677958877309,기획재정위원회
김세연,0.002389489171994083,기획재정위원회
성일종,0.003782434140346529,기획재정위원회
원유철,0.002731192879768283,기획재정위원회
유의동,0.000991990475828021,기획재정위원회
이동섭,0.0071589081013134406,기획재정위원회
이학재,0.017427323156266473,기획재정위원회
하태경,0.001282441168968829,기획재정위원회
홍문표,0.0033768877780759507,기획재정위원회
김명연,0.00241266263184995,기획재정위원회
김무성,0.0,기획재정위원회
김한표,0.0,기획재정위원회
심재철,0.005066367490241121,기획재정위원회
이만희,0.00032459829268504677,기획재정위원회
조경태,0.008103678054844524,기획재정위원회
주광덕,0.0017583060972647788,기획재정위원회
김광수,0.0018899843042949156,기획재정위원회
김경진,0.0025142101261288723,기획재정위원회
박주현,0.00426183462461826,기획재정위원회
오영훈,0.0005937279319178474,기획재정위원회
강병원,0.003840311959253738,기획재정위원회
김영호,0.0020345302791365434,기획재정위원회
박정,0.022301287556031803,기획재정위원회
위성곤,0.004242631952989935,기획재정위원회
윤후덕,0.023109340456931738,기획재정위원회
이원욱,0.008870655431969769,기획재정위원회
임종성,0.002374202279430506,기획재정위원회
한정애,0.0007548978778270655,기획재정위원회
신동근,0.0016330518961212132,기획재정위원회
강훈식,0.003232807409256042,기획재정위원회
김영주,0.0025649099941099547,기획재정위원회
김철민,0.004696920228942568,기획재정위원회
김해영,0.013446409527350656,기획재정위원회
신창현,0.0023855534972453403,기획재정위원회
윤일규,0.0,기획재정위원회
전재수,0.0031822838254447804,기획재정위원회
홍영표,0.0,기획재정위원회
서영교,0.013761313080284403,기획재정위원회
김민기,0.0038473673016508475,기획재정위원회
신경민,0.0010459112980418454,기획재정위원회
이찬열,0.04024676146442695,기획재정위원회
정재호,0.0010117676880585357,기획재정위원회
주승용,0.0021251814083622506,기획재정위원회
곽대훈,0.0015846443879091638,기획재정위원회
김현아,0.007707638732025553,기획재정위원회
박성중,0.001973394803296425,기획재정위원회
윤영석,0.003261374496867407,기획재정위원회
윤종필,0.0,기획재정위원회
정태옥,0.006476870429949618,기획재정위원회
조훈현,0.0,기획재정위원회
김기선,0.0019003378617481286,기획재정위원회
박인숙,0.013096561615389541,기획재정위원회
주호영,0.0025640951315441494,기획재정위원회
최교일,0.0056166868682447175,기획재정위원회
김태흠,0.002421896851397722,기획재정위원회
박명재,0.039889843780066284,기획재정위원회
서청원,0.0,기획재정위원회
이은재,0.0003234885962095769,기획재정위원회
권성동,0.008938235433653003,기획재정위원회
임이자,0.002518209779088363,기획재정위원회
정유섭,0.001086270878397761,기획재정위원회
홍철호,0.006452804375069622,기획재정위원회
김선동,0.0026061453907781466,기획재정위원회
김재경,0.0003760022689096908,기획재정위원회
신상진,0.0015979177857870649,기획재정위원회
김한정,0.0023850232398456277,기획재정위원회
서삼석,0.0005166600755918688,기획재정위원회
심재권,0.0006981828009248233,기획재정위원회
윤준호,0.0006979797917020506,기획재정위원회
이개호,0.002712916773081372,기획재정위원회
이철규,0.008241054485517225,기획재정위원회
이종구,0.005234724300695051,기획재정위원회
김정호,0.0016196121717684836,기획재정위원회
원혜영,0.0021871687558574966,기획재정위원회
고용진,0.001577115442713502,기획재정위원회
송갑석,0.002169831495066557,기획재정위원회
송옥주,0.0013375718251685809,기획재정위원회
이상헌,0.0,기획재정위원회
이혜훈,0.002641462851952988,기획재정위원회
김성찬,0.005339137931824559,기획재정위원회
유승민,0.003547165121319547,기획재정위원회
김순례,0.0008319773737822576,기획재정위원회
김학용,0.0017708147981941097,기획재정위원회
염동열,0.001141091306549603,기획재정위원회
이종명,0.000802202199049124,기획재정위원회
강효상,0.002692095511620202,기획재정위원회
김영우,0.0015361074999261488,기획재정위원회
이양수,0.0013121125589839809,기획재정위원회
이장우,0.0006480165194824531,기획재정위원회
정양석,0.0,기획재정위원회
정진석,0.0004240687978494806,기획재정위원회
안상수,0.003319281849285886,기획재정위원회
정은혜,0.0,기획재정위원회
조원진,0.0,기획재정위원회
강길부,0.0,기획재정위원회
이용주,0.0,기획재정위원회
김동철,0.007462336642398242,기획재정위원회
김관영,0.017011000122687404,기획재정위원회
김삼화,0.005668996964976105,기획재정위원회
임재훈,0.00010570162203832696,기획재정위원회
천정배,0.0004968373140728849,기획재정위원회
김영춘,0.012504080575639637,기획재정위원회
강창일,0.004261806551428553,기획재정위원회
김부겸,0.0009631389949971873,기획재정위원회
김종민,0.01313978131080318,기획재정위원회
유동수,0.0038062598692310164,기획재정위원회
인재근,0.0010303202400752413,기획재정위원회
강석호,0.004164840733816359,기획재정위원회
김수민,0.0032367642323137677,기획재정위원회
도종환,0.000316716718355921,기획재정위원회
김태년,0.0014900298713984308,기획재정위원회
김현권,0.0,기획재정위원회
박재호,0.0015736830187927048,기획재정위원회
최인호,0.002316344494057777,기획재정위원회
최재성,0.0002787211911909621,기획재정위원회
박경미,0.00390684440826525,기획재정위원회
여영국,0.0,기획재정위원회
전현희,0.0011699805959187503,기획재정위원회
정세균,0.00554677668663267,기획재정위원회
정운천,0.005032905227522934,기획재정위원회
전혜숙,0.0025184342627880135,기획재정위원회
민홍철,0.008760222957502178,기획재정위원회
윤상직,0.0,기획재정위원회
이상돈,0.0019460597758314538,기획재정위원회
설훈,0.0025721527673395594,기획재정위원회
이정미,0.0007116328999785683,기획재정위원회
이철희,0.0026846812546949786,기획재정위원회
김종석,0.0005172698663608932,기획재정위원회
박순자,0.0,기획재정위원회
박완수,0.0013808732788558472,기획재정위원회
이태규,0.002193971062124875,기획재정위원회
김성수,0.0004419840215082758,기획재정위원회
안민석,0.0008959260480432336,기획재정위원회
우상호,0.0002011508626096609,기획재정위원회
금태섭,0.0003057212804234005,기획재정위원회
곽상도,0.0010634765258134753,기획재정위원회
김진태,0.00013098155414864812,기획재정위원회
윤재옥,0.001213504198188998,기획재정위원회
김성식,0.007516789262666258,기획재정위원회
엄용수,0.010371208753917593,기획재정위원회
정용기,0.00016683513262278555,기획재정위원회
홍일표,0.008303341902093172,기획재정위원회
이재정,0.00018456342617777469,기획재정위원회
변재일,0.00271325280010275,기획재정위원회
이석현,0.0,기획재정위원회
민경욱,0.0007210068864560554,기획재정위원회
윤한홍,0.001477925608246987,기획재정위원회
김규환,0.002035226007046889,기획재정위원회
송석준,0.005291159332183249,기획재정위원회
이진복,0.0004491653769225549,기획재정위원회
최도자,0.0034326821173709635,기획재정위원회
이명수,0.020622710770671463,기획재정위원회
여상규,0.0,기획재정위원회
유기준,0.0010461154708889587,기획재정위원회
유재중,0.0048175982037465415,기획재정위원회
윤상현,0.00027303102568027385,기획재정위원회
이주영,0.0019018318402818357,기획재정위원회
김도읍,0.003625820182511673,기획재정위원회
홍익표,0.0003888368965104922,기획재정위원회
노웅래,0.010971431764306303,기획재정위원회
권미혁,0.003219362863165344,기획재정위원회
서형수,0.0033669356142461766,기획재정위원회
소병훈,0.0029241800980872616,기획재정위원회
이은권,0.006308441487411225,기획재정위원회
채이배,0.006313661876602084,기획재정위원회
진선미,0.00044506378326773403,기획재정위원회
김병관,0.0,기획재정위원회
조응천,0.00010941354390443537,기획재정위원회
어기구,0.005198643661961282,기획재정위원회
박선숙,0.002351479437004453,기획재정위원회
윤소하,0.0021175842040568062,기획재정위원회
이규희,0.0001398023039087051,기획재정위원회
정춘숙,0.0014783274236371698,기획재정위원회
이학영,0.0003601468010859737,기획재정위원회
박완주,0.0005409510749002365,기획재정위원회
홍의락,0.005771226700111122,기획재정위원회
백승주,0.0006454471741798477,기획재정위원회
황영철,0.0007270585293238028,기획재정위원회
김재원,0.0003617760812746383,기획재정위원회
유민봉,0.0,기획재정위원회
한선교,0.0005030683427434239,기획재정위원회
박용진,0.001658579573794296,기획재정위원회
이용호,0.0005443405973786576,기획재정위원회
이채익,0.0,기획재정위원회
백재현,0.0029349090151278914,기획재정위원회
안규백,0.003772300899391651,기획재정위원회
이인영,0.001593026081355771,기획재정위원회
김성환,1.3986178847746579e-05,기획재정위원회
김진표,0.008906710433557742,기획재정위원회
김현미,0.003809509196543148,기획재정위원회
민병두,0.002524121901799058,기획재정위원회
박광온,0.0067356083806456,기획재정위원회
박범계,0.0004563401236390146,기획재정위원회
박병석,0.000402640209227037,기획재정위원회
박영선,0.0017744328258848337,기획재정위원회
박주민,0.003955145073462595,기획재정위원회
송기헌,0.0033802234832131,기획재정위원회
유은혜,0.000862218727701624,기획재정위원회
이상민,0.0013874405346983964,기획재정위원회
이해찬,0.0006484745827018384,기획재정위원회
이후삼,0.0,기획재정위원회
이훈,0.0017391492811565216,기획재정위원회
전해철,0.000259820214861057,기획재정위원회
제윤경,0.0013935684485012008,기획재정위원회
진영,0.0,기획재정위원회
최운열,0.003439101317408673,기획재정위원회
추미애,0.001925738630787167,기획재정위원회
표창원,0.0,기획재정위원회
황희,0.0011856906695002609,기획재정위원회
경대수,0.0013526351433488686,기획재정위원회
함진규,0.003461799785275865,기획재정위원회
이헌승,0.0,기획재정위원회
홍문종,0.0,기획재정위원회
이언주,0.010367089837743915,기획재정위원회
신보라,0.0008738018005475417,기획재정위원회
장제원,0.0005692917383081549,기획재정위원회
정우택,0.000628886881291192,기획재정위원회
지상욱,0.0004914746082421007,기획재정위원회
이수혁,0.0,기획재정위원회
김종훈,0.000589886263496783,기획재정위원회
추혜선,0.0011782535208369248,기획재정위원회
신용현,0.0015977719990317187,기획재정위원회
오신환,0.0003583436217978897,기획재정위원회
박맹우,0.004585985851167196,기획재정위원회
강석진,0.0,기획재정위원회
심상정,0.0011583488454609287,기획재정위원회
손혜원,0.00031478984007404407,기획재정위원회
권은희,0.0010374426553386477,기획재정위원회
박주선,0.00024791149568036586,기획재정위원회
김중로,0.0,기획재정위원회
정점식,0.0,기획재정위원회
이완영,0.0022774392542533584,기획재정위원회
김정훈,0.0,기획재정위원회
박대출,0.0005272706274335846,기획재정위원회
전희경,0.00010036098177049207,기획재정위원회
손금주,0.0011873593558731018,기획재정위원회
이정현,0.0001565603387728782,기획재정위원회
나경원,0.0008452725645222045,기획재정위원회
문희상,0.0018920036775323169,기획재정위원회
오세정,0.0005893802621907755,기획재정위원회
김종대,0.0,기획재정위원회
이군현,0.0,기획재정위원회
권석창,0.0008135848944564049,기획재정위원회
이우현,0.0024797317114289507,기획재정위원회
노회찬,0.0002723910577921468,기획재정위원회
박찬우,0.0010999657177078231,기획재정위원회
양승조,0.00026877073271442634,기획재정위원회
김경수,0.0005077215042420375,기획재정위원회
박남춘,0.0013011665539572944,기획재정위원회
박준영,0.0019755073897223235,기획재정위원회
송기석,0.0,기획재정위원회
이철우,0.00016158816288821734,기획재정위원회
최명길,0.0,기획재정위원회
윤종오,0.0,기획재정위원회
배덕광,0.0013907015378590642,기획재정위원회
문미옥,0.00022478713187179582,기획재정위원회
안철수,9.938382495827963e-05,기획재정위원회
김종태,0.0,기획재정위원회
김종인,0.0,기획재정위원회
채이배,0.01781186733322999,정무위원회
김관영,0.02246722205076889,정무위원회
김동철,0.0032554156895650958,정무위원회
김종훈,0.0,정무위원회
박선숙,0.006381853070929146,정무위원회
박찬대,0.01287328108603408,정무위원회
이용득,0.0012961341987276953,정무위원회
이철희,0.005393687344275284,정무위원회
정인화,0.006771614333234134,정무위원회
추혜선,0.013987435460777513,정무위원회
이학영,0.016012575384613273,정무위원회
김현권,0.0010496069670539497,정무위원회
남인순,0.0016989501660843885,정무위원회
송영길,0.0013289640421283357,정무위원회
우원식,0.00738414975790821,정무위원회
유동수,0.022297955354272106,정무위원회
윤관석,0.007211152590874134,정무위원회
윤호중,0.00104669675026483,정무위원회
이춘석,0.004078654753099597,정무위원회
조정식,0.0015345998757886681,정무위원회
최운열,0.02197870066662851,정무위원회
허윤정,0.0,정무위원회
홍의락,0.0024164134625614285,정무위원회
강훈식,0.0,정무위원회
기동민,0.0,정무위원회
김민기,0.0009465227129403607,정무위원회
김부겸,0.0,정무위원회
김성환,0.0,정무위원회
박광온,0.003282590705972976,정무위원회
송갑석,0.001684584982833503,정무위원회
이원욱,0.004468359375771308,정무위원회
정은혜,0.0,정무위원회
전해철,0.003973962153132649,정무위원회
김영주,0.004066536667699498,정무위원회
김진표,0.0,정무위원회
맹성규,0.0004415512072015327,정무위원회
민병두,0.01134122566519248,정무위원회
정재호,0.0037632410842178064,정무위원회
최인호,0.0016728329937805441,정무위원회
제윤경,0.0076704757755554345,정무위원회
서형수,0.0031656602595036085,정무위원회
신동근,0.000759505737497359,정무위원회
윤일규,0.0006491470825665735,정무위원회
전재수,0.008651011405039622,정무위원회
주호영,0.00111094157093153,정무위원회
강석호,0.00043613872604443554,정무위원회
곽대훈,0.0020378767931374256,정무위원회
김광림,0.01117149870563791,정무위원회
김도읍,0.012089492641131072,정무위원회
김무성,0.0,정무위원회
김상훈,0.010447692312613782,정무위원회
이진복,0.008807009375162402,정무위원회
정태옥,0.016356036576785492,정무위원회
추경호,0.0013055014914972656,정무위원회
김상희,0.0008397260569631612,정무위원회
김정호,0.00011553807144858299,정무위원회
김태년,0.00013488206381566956,정무위원회
박홍근,0.005215187646208714,정무위원회
심기준,0.001683372871918914,정무위원회
김세연,0.001861570840693368,정무위원회
김석기,0.0014407242585779577,정무위원회
박인숙,0.002772120708698912,정무위원회
염동열,0.00046924887421747317,정무위원회
유승민,0.002701880925111663,정무위원회
이동섭,0.004724918909293636,정무위원회
이학재,0.0,정무위원회
이헌승,0.000616750971370012,정무위원회
황주홍,0.030753633123115055,정무위원회
김광수,0.002337051874674099,정무위원회
김수민,0.005046120739787892,정무위원회
김종회,0.003290128242438276,정무위원회
원혜영,0.005518562477159402,정무위원회
이용호,0.0017634180460427585,정무위원회
주승용,0.0015473868953277327,정무위원회
원유철,0.004847479769180615,정무위원회
김명연,0.0,정무위원회
박덕흠,0.005186117401537132,정무위원회
서청원,0.0,정무위원회
송희경,0.018938665474266158,정무위원회
심재철,0.0029352324142423755,정무위원회
윤종필,0.0,정무위원회
이언주,0.011004060643999001,정무위원회
임이자,0.0,정무위원회
정병국,0.006709341137281125,정무위원회
김정훈,0.0022040090035535965,정무위원회
김현아,0.0,정무위원회
문진국,0.0,정무위원회
유재중,0.0,정무위원회
이주영,0.0,정무위원회
조원진,0.00043484017976267255,정무위원회
하태경,0.009957791110879452,정무위원회
김삼화,0.00260428660514038,정무위원회
오신환,0.0,정무위원회
유의동,0.005377607134523152,정무위원회
이혜훈,0.0,정무위원회
정운천,0.007727432045162152,정무위원회
지상욱,0.009730545391582373,정무위원회
김정재,0.0032527266858067526,정무위원회
권성동,0.00031936102227452656,정무위원회
김성원,0.011503733549889181,정무위원회
김승희,0.004058853722263836,정무위원회
박명재,0.006678582921520743,정무위원회
송언석,0.0002994457535558227,정무위원회
윤상직,0.0028676425404513877,정무위원회
윤재옥,0.0009183143616833695,정무위원회
이종구,0.0,정무위원회
이현재,0.0,정무위원회
조훈현,0.0,정무위원회
김병관,0.015415822418788383,정무위원회
신창현,0.00653048786555796,정무위원회
위성곤,0.0,정무위원회
전현희,0.0010388330577010957,정무위원회
고용진,0.010293278506460526,정무위원회
김병기,0.001959742839791842,정무위원회
김해영,0.024980033586769486,정무위원회
서삼석,0.0,정무위원회
송옥주,0.008604551233082739,정무위원회
안호영,0.0,정무위원회
윤준호,0.0,정무위원회
이상헌,0.0,정무위원회
이찬열,0.028714115584228508,정무위원회
정점식,1.9140172280383342e-05,정무위원회
백승주,0.0004692937171347423,정무위원회
성일종,0.01108404918924744,정무위원회
이만희,0.0,정무위원회
최교일,0.0036884365612501737,정무위원회
김영호,0.000967432971020641,정무위원회
유성엽,0.001295664759968131,정무위원회
윤영일,0.0006955922266897524,정무위원회
장정숙,0.001150550558005388,정무위원회
최도자,0.0030619346261988385,정무위원회
금태섭,0.0030689721713323638,정무위원회
장병완,0.005061242705039137,정무위원회
홍문표,0.0036281854722399797,정무위원회
민홍철,0.0018052471315526592,정무위원회
서영교,0.009587899270137775,정무위원회
한정애,0.0032103463402727845,정무위원회
강병원,0.0011508980934689546,정무위원회
김철민,0.004987126511969791,정무위원회
신경민,0.0007299349898304037,정무위원회
김경진,0.006511685135471811,정무위원회
홍문종,0.0007876353080304875,정무위원회
강길부,0.0,정무위원회
이은권,0.0,정무위원회
정세균,0.0,정무위원회
김영우,0.0011148794424005663,정무위원회
김용태,0.0015069590728825227,정무위원회
최연혜,0.0011670627508255232,정무위원회
박지원,0.0011690027684847456,정무위원회
정동영,0.007763652486729696,정무위원회
천정배,0.0007452668193817778,정무위원회
김영춘,0.0030822598894207475,정무위원회
김종민,0.006954921525847843,정무위원회
박재호,0.0,정무위원회
박정,0.016039570512540693,정무위원회
김두관,0.0012848499893988847,정무위원회
김성찬,0.011603570281700698,정무위원회
김종석,0.006498697819938021,정무위원회
김학용,0.001848367436865176,정무위원회
홍철호,0.0,정무위원회
김진태,0.0011499617870649255,정무위원회
김규환,0.0023060017631973853,정무위원회
민경욱,0.000789123913033427,정무위원회
여상규,0.0,정무위원회
한선교,0.0,정무위원회
유승희,0.002064846311212126,정무위원회
조배숙,0.0026030379552042415,정무위원회
조응천,0.00013360553313110146,정무위원회
박성중,0.0030146780745599244,정무위원회
송석준,0.0,정무위원회
정유섭,0.0021091536382215397,정무위원회
정종섭,0.0,정무위원회
함진규,0.0015299591803093267,정무위원회
이종명,0.005738649217456329,정무위원회
김성식,0.0,정무위원회
엄용수,0.002001340603879408,정무위원회
윤영석,0.001308904063845659,정무위원회
정용기,0.0,정무위원회
홍일표,0.0057107921436566735,정무위원회
강석진,0.0020901160741841843,정무위원회
김태흠,0.003419591804034672,정무위원회
박대출,0.0026340247254922596,정무위원회
안상수,0.0,정무위원회
김선동,0.014371253955040754,정무위원회
김종대,0.0017825832643831847,정무위원회
심상정,0.0019502340233979007,정무위원회
여영국,0.0,정무위원회
윤소하,0.0,정무위원회
이정미,0.001105407121406522,정무위원회
진선미,0.000882532711231639,정무위원회
이종걸,0.00541178201713694,정무위원회
이철규,0.0018456464780678746,정무위원회
정갑윤,0.004172124411026293,정무위원회
주광덕,0.0022360943828478716,정무위원회
권칠승,0.002707748686986901,정무위원회
김경협,0.003241064329745487,정무위원회
변재일,0.0006989066790060905,정무위원회
안민석,0.002659641611560078,정무위원회
백재현,0.0013667969673826043,정무위원회
백혜련,0.0036635218655892508,정무위원회
표창원,0.0006521699062399242,정무위원회
오영훈,0.0007338794155234246,정무위원회
박완주,0.0001502237727878992,정무위원회
인재근,0.001951209801743955,정무위원회
홍영표,0.0007157962618989329,정무위원회
이재정,0.0,정무위원회
최재성,0.0003564909435453784,정무위원회
전혜숙,0.0,정무위원회
오제세,0.004738010960003704,정무위원회
이개호,0.001266763547832939,정무위원회
조승래,0.0014469535160256764,정무위원회
이후삼,0.0,정무위원회
임종성,0.0,정무위원회
정춘숙,0.0,정무위원회
강효상,0.0009892786392083025,정무위원회
박맹우,0.00043224893881008315,정무위원회
이장우,0.0013624766346189024,정무위원회
김재경,0.0011118138710817127,정무위원회
이명수,0.02520752557805922,정무위원회
이종배,0.00933176763276336,정무위원회
이채익,0.005322081022341919,정무위원회
김성수,0.0,정무위원회
이규희,0.0,정무위원회
추미애,0.0,정무위원회
임재훈,0.00020432781116315997,정무위원회
경대수,0.002175093924138843,정무위원회
윤한홍,0.0006144724393938203,정무위원회
김순례,0.0,정무위원회
이용주,0.0,정무위원회
신상진,0.0024905845079858106,정무위원회
이수혁,0.0,정무위원회
김영진,0.0,정무위원회
송기헌,0.002778805003649125,정무위원회
윤후덕,0.0023246485621276035,정무위원회
권미혁,0.0003823630189118932,정무위원회
이석현,0.013337118419883175,정무위원회
박주현,0.0003011706957872047,정무위원회
박주선,0.0005909734185605437,정무위원회
권은희,0.0007319310872078601,정무위원회
김한표,0.0028592542810666637,정무위원회
노웅래,0.0048446192765448075,정무위원회
도종환,0.0004944421145423191,정무위원회
소병훈,0.01835122251172248,정무위원회
안규백,0.012743065076375053,정무위원회
이상민,0.0,정무위원회
신용현,0.0018864698910968552,정무위원회
박주민,0.008540357468391848,정무위원회
박완수,0.0011402825798751063,정무위원회
설훈,0.0026779741448764802,정무위원회
강창일,0.002353182740424729,정무위원회
이양수,0.003349984042749006,정무위원회
정진석,0.00048219114561642265,정무위원회
정성호,0.003582946696554097,정무위원회
김정우,0.0026797275915591452,정무위원회
홍익표,0.0002969037457853515,정무위원회
김한정,0.0,정무위원회
심재권,0.007431746522580807,정무위원회
장석춘,0.0,정무위원회
박용진,0.005312455343885374,정무위원회
황영철,0.0,정무위원회
김중로,0.009458431956580903,정무위원회
조경태,0.014286806808559076,정무위원회
김재원,0.0,정무위원회
신보라,0.010706833761591835,정무위원회
황희,0.0,정무위원회
곽상도,0.0011034676786962963,정무위원회
유기준,0.0,정무위원회
박순자,0.0005461553846919057,정무위원회
손금주,0.004381184485150594,정무위원회
윤상현,0.0,정무위원회
어기구,0.0011944487432437579,정무위원회
이완영,0.0068698987182205145,정무위원회
김기선,0.002419950605862985,정무위원회
이은재,0.00033473564226848645,정무위원회
이인영,0.00022718589776647303,정무위원회
박경미,0.002210412980487621,정무위원회
이상돈,0.0,정무위원회
이훈,0.0,정무위원회
정양석,0.0,정무위원회
장제원,0.0022179880437066092,정무위원회
이태규,0.0015811892848243488,정무위원회
정우택,0.0032834766062287387,정무위원회
유은혜,0.0,정무위원회
손혜원,0.0,정무위원회
박영선,0.0004935737682942506,정무위원회
전희경,0.0,정무위원회
나경원,0.0,정무위원회
오세정,0.0,정무위원회
유민봉,0.0,정무위원회
노회찬,0.0005500683667047186,정무위원회
이해찬,0.0,정무위원회
문희상,0.0,정무위원회
진영,0.0,정무위원회
이군현,0.0,정무위원회
이정현,0.0,정무위원회
양승조,0.002543862099870302,정무위원회
박범계,5.954912987192274e-05,정무위원회
김경수,0.0005937283169721914,정무위원회
박준영,0.00166059671234418,정무위원회
박찬우,0.00019131674577693827,정무위원회
권석창,0.0004643892320660305,정무위원회
우상호,2.8530613353061154e-05,정무위원회
박남춘,0.0020388744703527567,정무위원회
윤종오,0.0,정무위원회
최명길,0.00018102049680227458,정무위원회
배덕광,0.0002550691838803856,정무위원회
송기석,0.00025545242307914624,정무위원회
이우현,0.0,정무위원회
이철우,0.0,정무위원회
문미옥,0.0,정무위원회
김현미,0.0006735841272679841,정무위원회
안철수,2.0098906688772672e-05,정무위원회
김종인,0.0,정무위원회
김종태,0.00010056962154404196,정무위원회
서영교,0.004611713444006108,산업통상자원중소벤처기업위원회
김상희,0.0018642936651291557,산업통상자원중소벤처기업위원회
김철민,0.007358566136261498,산업통상자원중소벤처기업위원회
박경미,0.0,산업통상자원중소벤처기업위원회
박찬대,0.0009900598746789113,산업통상자원중소벤처기업위원회
송영길,0.0008082074925009288,산업통상자원중소벤처기업위원회
신경민,0.0,산업통상자원중소벤처기업위원회
안민석,0.0005453285568080506,산업통상자원중소벤처기업위원회
이용득,0.0,산업통상자원중소벤처기업위원회
조승래,0.0,산업통상자원중소벤처기업위원회
이정미,0.004110826231484407,산업통상자원중소벤처기업위원회
김종대,0.0,산업통상자원중소벤처기업위원회
설훈,0.0020251592535697983,산업통상자원중소벤처기업위원회
송옥주,0.008164472307853162,산업통상자원중소벤처기업위원회
심상정,0.0009745876543917596,산업통상자원중소벤처기업위원회
여영국,0.0,산업통상자원중소벤처기업위원회
윤소하,0.0011726207888633055,산업통상자원중소벤처기업위원회
정유섭,0.012831043039354171,산업통상자원중소벤처기업위원회
추혜선,0.003470795570742809,산업통상자원중소벤처기업위원회
주승용,0.002402544451480067,산업통상자원중소벤처기업위원회
고용진,0.0029779342064318887,산업통상자원중소벤처기업위원회
김관영,0.008935933202471243,산업통상자원중소벤처기업위원회
김동철,0.0,산업통상자원중소벤처기업위원회
박선숙,0.001180828744384277,산업통상자원중소벤처기업위원회
이동섭,0.003847003353224908,산업통상자원중소벤처기업위원회
이찬열,0.03697568543428742,산업통상자원중소벤처기업위원회
임재훈,0.0002814510248540462,산업통상자원중소벤처기업위원회
최도자,0.00110163715035128,산업통상자원중소벤처기업위원회
강길부,0.003942312058354799,산업통상자원중소벤처기업위원회
김경진,0.009095697134253471,산업통상자원중소벤처기업위원회
김삼화,0.011839697988119988,산업통상자원중소벤처기업위원회
김석기,0.0019397946734252395,산업통상자원중소벤처기업위원회
김수민,0.01669739384541037,산업통상자원중소벤처기업위원회
오제세,0.0030736037092897323,산업통상자원중소벤처기업위원회
정우택,0.006858508540086034,산업통상자원중소벤처기업위원회
함진규,0.00638474097885678,산업통상자원중소벤처기업위원회
홍문종,0.0,산업통상자원중소벤처기업위원회
박재호,0.007812421534628193,산업통상자원중소벤처기업위원회
김민기,0.001416422603440126,산업통상자원중소벤처기업위원회
김병관,0.011713237078431766,산업통상자원중소벤처기업위원회
박정,0.04224111228760173,산업통상자원중소벤처기업위원회
서형수,0.0017537801358862494,산업통상자원중소벤처기업위원회
심기준,0.0,산업통상자원중소벤처기업위원회
우원식,0.00808257775249027,산업통상자원중소벤처기업위원회
전재수,0.0010992162395314265,산업통상자원중소벤처기업위원회
정은혜,0.0,산업통상자원중소벤처기업위원회
김도읍,0.010165984709690214,산업통상자원중소벤처기업위원회
김규환,0.033578759255819345,산업통상자원중소벤처기업위원회
김성찬,0.010612056562643808,산업통상자원중소벤처기업위원회
김태흠,0.0027066491882729187,산업통상자원중소벤처기업위원회
백승주,0.0013853068731586534,산업통상자원중소벤처기업위원회
윤상직,0.003547864432476974,산업통상자원중소벤처기업위원회
정갑윤,0.007323694628283969,산업통상자원중소벤처기업위원회
조경태,0.01855715311418817,산업통상자원중소벤처기업위원회
주호영,0.00133335085398771,산업통상자원중소벤처기업위원회
최연혜,0.0033560064896555318,산업통상자원중소벤처기업위원회
김중로,0.003353466319591382,산업통상자원중소벤처기업위원회
박주선,0.0,산업통상자원중소벤처기업위원회
신용현,0.0,산업통상자원중소벤처기업위원회
하태경,0.0074422972065829604,산업통상자원중소벤처기업위원회
곽대훈,0.009133350316146484,산업통상자원중소벤처기업위원회
김정재,0.013830018547447004,산업통상자원중소벤처기업위원회
이만희,0.001895786478753242,산업통상자원중소벤처기업위원회
이채익,0.01123001116374272,산업통상자원중소벤처기업위원회
조훈현,0.0,산업통상자원중소벤처기업위원회
최교일,0.00033407269898329684,산업통상자원중소벤처기업위원회
김명연,0.0008039179088911968,산업통상자원중소벤처기업위원회
김성원,0.004441883207177465,산업통상자원중소벤처기업위원회
서청원,0.0,산업통상자원중소벤처기업위원회
윤영석,0.0075699649267221905,산업통상자원중소벤처기업위원회
이종배,0.01109665417213049,산업통상자원중소벤처기업위원회
추경호,0.0010623915139602634,산업통상자원중소벤처기업위원회
홍문표,0.005519516354688287,산업통상자원중소벤처기업위원회
위성곤,0.008071134822404413,산업통상자원중소벤처기업위원회
김성환,0.00042804741094132196,산업통상자원중소벤처기업위원회
김정호,0.000989780512745163,산업통상자원중소벤처기업위원회
김현권,0.0006355103043089068,산업통상자원중소벤처기업위원회
신창현,0.0055457244550520595,산업통상자원중소벤처기업위원회
이원욱,0.0075089864914693865,산업통상자원중소벤처기업위원회
전현희,0.001353922029455033,산업통상자원중소벤처기업위원회
홍의락,0.01121503460421349,산업통상자원중소벤처기업위원회
홍철호,0.001785430803226841,산업통상자원중소벤처기업위원회
권성동,0.0005357946925355583,산업통상자원중소벤처기업위원회
김재경,0.0015126786615410324,산업통상자원중소벤처기업위원회
성일종,0.005729433008470471,산업통상자원중소벤처기업위원회
송언석,0.0,산업통상자원중소벤처기업위원회
이종구,0.0,산업통상자원중소벤처기업위원회
노웅래,0.005873447953400703,산업통상자원중소벤처기업위원회
김두관,0.000966740001653964,산업통상자원중소벤처기업위원회
최인호,0.007431849764570229,산업통상자원중소벤처기업위원회
김해영,0.002814944480072268,산업통상자원중소벤처기업위원회
안호영,0.0,산업통상자원중소벤처기업위원회
윤준호,0.0007701756166671983,산업통상자원중소벤처기업위원회
이상헌,0.0033940366685546175,산업통상자원중소벤처기업위원회
이학영,0.0007642538706633894,산업통상자원중소벤처기업위원회
이후삼,7.080614821769091e-05,산업통상자원중소벤처기업위원회
이장우,0.0009355639448559296,산업통상자원중소벤처기업위원회
박대출,0.0005036141516092099,산업통상자원중소벤처기업위원회
박맹우,0.006402576063984776,산업통상자원중소벤처기업위원회
송희경,0.003099691845356192,산업통상자원중소벤처기업위원회
심재철,0.0002642996682329315,산업통상자원중소벤처기업위원회
윤종필,0.0,산업통상자원중소벤처기업위원회
이은권,0.0,산업통상자원중소벤처기업위원회
이헌승,0.0008745001026244052,산업통상자원중소벤처기업위원회
임이자,0.0,산업통상자원중소벤처기업위원회
전희경,0.0,산업통상자원중소벤처기업위원회
황주홍,0.03069274497156799,산업통상자원중소벤처기업위원회
김세연,0.002441245273161901,산업통상자원중소벤처기업위원회
유성엽,0.0011326034226870868,산업통상자원중소벤처기업위원회
이종걸,0.0,산업통상자원중소벤처기업위원회
장정숙,0.0008853282627979645,산업통상자원중소벤처기업위원회
천정배,0.00023986504437777616,산업통상자원중소벤처기업위원회
박홍근,0.0022991898459364685,산업통상자원중소벤처기업위원회
유동수,0.03192834494281841,산업통상자원중소벤처기업위원회
이석현,0.0,산업통상자원중소벤처기업위원회
김병기,0.0,산업통상자원중소벤처기업위원회
맹성규,0.0,산업통상자원중소벤처기업위원회
서삼석,0.0,산업통상자원중소벤처기업위원회
소병훈,0.0,산업통상자원중소벤처기업위원회
손금주,0.006462161249543909,산업통상자원중소벤처기업위원회
윤후덕,0.0055352094764189105,산업통상자원중소벤처기업위원회
이훈,0.007103282125982582,산업통상자원중소벤처기업위원회
정세균,0.0,산업통상자원중소벤처기업위원회
정재호,0.0018230596598011034,산업통상자원중소벤처기업위원회
한정애,0.005111718252276582,산업통상자원중소벤처기업위원회
강석호,0.0007626543692178829,산업통상자원중소벤처기업위원회
김순례,0.0,산업통상자원중소벤처기업위원회
김진태,0.0005560409809456154,산업통상자원중소벤처기업위원회
문진국,0.0,산업통상자원중소벤처기업위원회
이철규,0.016748599100233023,산업통상자원중소벤처기업위원회
김광수,0.0024935030500300723,산업통상자원중소벤처기업위원회
박주현,0.0,산업통상자원중소벤처기업위원회
박지원,0.0005910128770130991,산업통상자원중소벤처기업위원회
정동영,0.0023476051919529167,산업통상자원중소벤처기업위원회
정인화,0.004853480731799195,산업통상자원중소벤처기업위원회
권칠승,0.011202228016536774,산업통상자원중소벤처기업위원회
박광온,0.005806361609865188,산업통상자원중소벤처기업위원회
백재현,0.0034705294319780657,산업통상자원중소벤처기업위원회
최재성,0.0,산업통상자원중소벤처기업위원회
강석진,0.0,산업통상자원중소벤처기업위원회
김상훈,0.0031840535073323923,산업통상자원중소벤처기업위원회
장석춘,0.0016840349346340566,산업통상자원중소벤처기업위원회
정종섭,0.0,산업통상자원중소벤처기업위원회
정태옥,0.0018211495681763952,산업통상자원중소벤처기업위원회
김무성,0.0,산업통상자원중소벤처기업위원회
박명재,0.011540259897909673,산업통상자원중소벤처기업위원회
강훈식,0.0025669138298623005,산업통상자원중소벤처기업위원회
김성식,0.0,산업통상자원중소벤처기업위원회
채이배,0.0028197765922796034,산업통상자원중소벤처기업위원회
경대수,0.0009421731478620606,산업통상자원중소벤처기업위원회
김기선,0.015692455065041362,산업통상자원중소벤처기업위원회
김선동,0.0013606487377718797,산업통상자원중소벤처기업위원회
정운천,0.01496594850408435,산업통상자원중소벤처기업위원회
주광덕,0.0018710196492244876,산업통상자원중소벤처기업위원회
민병두,0.0033984784875361503,산업통상자원중소벤처기업위원회
이춘석,0.0,산업통상자원중소벤처기업위원회
권미혁,0.0,산업통상자원중소벤처기업위원회
김영주,0.0003578893932821221,산업통상자원중소벤처기업위원회
김태년,0.0002558943395954807,산업통상자원중소벤처기업위원회
이개호,0.0,산업통상자원중소벤처기업위원회
표창원,0.0,산업통상자원중소벤처기업위원회
김광림,0.0,산업통상자원중소벤처기업위원회
김재원,0.0,산업통상자원중소벤처기업위원회
박덕흠,0.0016099425433706808,산업통상자원중소벤처기업위원회
엄용수,0.0,산업통상자원중소벤처기업위원회
유민봉,0.0,산업통상자원중소벤처기업위원회
한선교,0.0,산업통상자원중소벤처기업위원회
남인순,0.0,산업통상자원중소벤처기업위원회
송갑석,0.002299383860330158,산업통상자원중소벤처기업위원회
원혜영,0.012816751674971734,산업통상자원중소벤처기업위원회
조배숙,0.0072663916808473105,산업통상자원중소벤처기업위원회
백혜련,0.0036692491104571433,산업통상자원중소벤처기업위원회
오영훈,0.0,산업통상자원중소벤처기업위원회
인재근,0.0007667356537113808,산업통상자원중소벤처기업위원회
제윤경,0.0,산업통상자원중소벤처기업위원회
김경협,0.0018156487998483139,산업통상자원중소벤처기업위원회
어기구,0.007536138988344527,산업통상자원중소벤처기업위원회
김정우,0.0,산업통상자원중소벤처기업위원회
홍익표,0.006269102468228389,산업통상자원중소벤처기업위원회
황희,0.0013725254566530156,산업통상자원중소벤처기업위원회
이규희,0.0,산업통상자원중소벤처기업위원회
조응천,0.00011462940498693889,산업통상자원중소벤처기업위원회
윤일규,0.0,산업통상자원중소벤처기업위원회
홍영표,0.0011070395561621929,산업통상자원중소벤처기업위원회
신동근,0.0,산업통상자원중소벤처기업위원회
전해철,0.0006008050674911506,산업통상자원중소벤처기업위원회
이인영,0.005804538386999838,산업통상자원중소벤처기업위원회
김영진,0.0020193665587899187,산업통상자원중소벤처기업위원회
임종성,0.0,산업통상자원중소벤처기업위원회
정춘숙,0.0,산업통상자원중소벤처기업위원회
김종민,0.012348613292903142,산업통상자원중소벤처기업위원회
박범계,0.0030388866414989262,산업통상자원중소벤처기업위원회
박병석,1.1024306191311943e-05,산업통상자원중소벤처기업위원회
이상민,0.0,산업통상자원중소벤처기업위원회
정진석,0.0013962285008294701,산업통상자원중소벤처기업위원회
금태섭,0.0,산업통상자원중소벤처기업위원회
강효상,0.0007062002262435913,산업통상자원중소벤처기업위원회
이양수,0.0,산업통상자원중소벤처기업위원회
이진복,0.0009145927795464567,산업통상자원중소벤처기업위원회
권은희,0.0005307993832651458,산업통상자원중소벤처기업위원회
김영우,0.0,산업통상자원중소벤처기업위원회
박성중,0.0,산업통상자원중소벤처기업위원회
박완수,0.0004473126048662198,산업통상자원중소벤처기업위원회
안상수,0.0,산업통상자원중소벤처기업위원회
윤재옥,0.0,산업통상자원중소벤처기업위원회
이명수,0.002576503230382422,산업통상자원중소벤처기업위원회
이언주,0.0189315387077455,산업통상자원중소벤처기업위원회
강창일,0.0010138946929268862,산업통상자원중소벤처기업위원회
박용진,0.0004273724190977264,산업통상자원중소벤처기업위원회
이현재,0.0021932961497799445,산업통상자원중소벤처기업위원회
홍일표,0.0037188132582265283,산업통상자원중소벤처기업위원회
강병원,0.0,산업통상자원중소벤처기업위원회
기동민,0.0005925407192195867,산업통상자원중소벤처기업위원회
김부겸,0.0,산업통상자원중소벤처기업위원회
김성수,0.0014125716750378904,산업통상자원중소벤처기업위원회
김영춘,0.004804123572725925,산업통상자원중소벤처기업위원회
김영호,0.0,산업통상자원중소벤처기업위원회
김진표,0.00022752014058471267,산업통상자원중소벤처기업위원회
김한정,0.0,산업통상자원중소벤처기업위원회
김현미,0.0,산업통상자원중소벤처기업위원회
도종환,0.0,산업통상자원중소벤처기업위원회
민홍철,0.0,산업통상자원중소벤처기업위원회
박영선,0.0019252415775681939,산업통상자원중소벤처기업위원회
박완주,0.0012839265746600165,산업통상자원중소벤처기업위원회
박주민,0.001993446160055612,산업통상자원중소벤처기업위원회
변재일,0.000236953726245986,산업통상자원중소벤처기업위원회
송기헌,0.008483173685965888,산업통상자원중소벤처기업위원회
심재권,0.0016427760727413994,산업통상자원중소벤처기업위원회
안규백,0.0,산업통상자원중소벤처기업위원회
우상호,0.0,산업통상자원중소벤처기업위원회
유승희,0.0033811599679924374,산업통상자원중소벤처기업위원회
유은혜,0.0,산업통상자원중소벤처기업위원회
윤관석,0.001965144454483161,산업통상자원중소벤처기업위원회
윤호중,0.0023884317264832922,산업통상자원중소벤처기업위원회
이재정,0.0,산업통상자원중소벤처기업위원회
이철희,0.0,산업통상자원중소벤처기업위원회
이해찬,0.0,산업통상자원중소벤처기업위원회
전혜숙,0.0022816805594121025,산업통상자원중소벤처기업위원회
정성호,0.0073133729180619635,산업통상자원중소벤처기업위원회
조정식,0.0,산업통상자원중소벤처기업위원회
진선미,0.0,산업통상자원중소벤처기업위원회
진영,0.0,산업통상자원중소벤처기업위원회
최운열,0.0012410544201430754,산업통상자원중소벤처기업위원회
추미애,0.0002575643169297585,산업통상자원중소벤처기업위원회
문희상,0.0009299103447812802,산업통상자원중소벤처기업위원회
윤영일,0.010867304735261254,산업통상자원중소벤처기업위원회
신보라,0.002720179964734158,산업통상자원중소벤처기업위원회
원유철,0.0019619310094076926,산업통상자원중소벤처기업위원회
이은재,0.0,산업통상자원중소벤처기업위원회
이수혁,0.0,산업통상자원중소벤처기업위원회
김승희,0.0,산업통상자원중소벤처기업위원회
정점식,0.0,산업통상자원중소벤처기업위원회
김종회,0.002792633586052706,산업통상자원중소벤처기업위원회
이혜훈,0.0,산업통상자원중소벤처기업위원회
윤한홍,0.01662272632185353,산업통상자원중소벤처기업위원회
장병완,0.014896968196218245,산업통상자원중소벤처기업위원회
김종훈,0.0025018433291912694,산업통상자원중소벤처기업위원회
김학용,0.00048684619687038467,산업통상자원중소벤처기업위원회
염동열,0.0021371142637785032,산업통상자원중소벤처기업위원회
민경욱,0.00790252342948168,산업통상자원중소벤처기업위원회
박인숙,0.0,산업통상자원중소벤처기업위원회
유승민,0.0,산업통상자원중소벤처기업위원회
유의동,0.0007261027225361971,산업통상자원중소벤처기업위원회
정병국,0.003927184946644487,산업통상자원중소벤처기업위원회
오신환,0.0,산업통상자원중소벤처기업위원회
이용주,0.0007288868000423462,산업통상자원중소벤처기업위원회
신상진,0.008855949394013862,산업통상자원중소벤처기업위원회
이용호,0.00015338440136896913,산업통상자원중소벤처기업위원회
박순자,0.0007715820914955156,산업통상자원중소벤처기업위원회
윤상현,0.0,산업통상자원중소벤처기업위원회
김한표,0.0013591295894678334,산업통상자원중소벤처기업위원회
황영철,0.0019669199538180394,산업통상자원중소벤처기업위원회
김정훈,0.0016827366258609882,산업통상자원중소벤처기업위원회
송석준,0.001626003764823879,산업통상자원중소벤처기업위원회
지상욱,0.0003657820198864748,산업통상자원중소벤처기업위원회
유기준,0.0,산업통상자원중소벤처기업위원회
이주영,0.00010925829140152394,산업통상자원중소벤처기업위원회
손혜원,0.0014820951979066473,산업통상자원중소벤처기업위원회
김종석,0.0,산업통상자원중소벤처기업위원회
이학재,0.007995195198912565,산업통상자원중소벤처기업위원회
곽상도,0.0,산업통상자원중소벤처기업위원회
김용태,0.0,산업통상자원중소벤처기업위원회
김현아,0.00442178226246697,산업통상자원중소벤처기업위원회
나경원,0.0,산업통상자원중소벤처기업위원회
여상규,0.0,산업통상자원중소벤처기업위원회
유재중,0.0,산업통상자원중소벤처기업위원회
이완영,0.0,산업통상자원중소벤처기업위원회
이우현,0.0,산업통상자원중소벤처기업위원회
이종명,0.0016089258479794538,산업통상자원중소벤처기업위원회
장제원,0.0001879000835219781,산업통상자원중소벤처기업위원회
정양석,0.0,산업통상자원중소벤처기업위원회
정용기,0.0003457616533997507,산업통상자원중소벤처기업위원회
이태규,0.0005145683939556352,산업통상자원중소벤처기업위원회
이정현,0.0007458456756552904,산업통상자원중소벤처기업위원회
이상돈,0.0,산업통상자원중소벤처기업위원회
조원진,0.0,산업통상자원중소벤처기업위원회
오세정,0.003386398417040467,산업통상자원중소벤처기업위원회
이군현,0.0,산업통상자원중소벤처기업위원회
권석창,0.0,산업통상자원중소벤처기업위원회
이철우,0.0005642902881358091,산업통상자원중소벤처기업위원회
김경수,0.0025215326909153687,산업통상자원중소벤처기업위원회
양승조,0.0,산업통상자원중소벤처기업위원회
노회찬,0.0008036288766539256,산업통상자원중소벤처기업위원회
박찬우,0.000997458485449593,산업통상자원중소벤처기업위원회
박준영,0.0,산업통상자원중소벤처기업위원회
박남춘,0.0,산업통상자원중소벤처기업위원회
윤종오,0.0,산업통상자원중소벤처기업위원회
송기석,0.0,산업통상자원중소벤처기업위원회
최명길,0.0,산업통상자원중소벤처기업위원회
배덕광,0.0009908430556893942,산업통상자원중소벤처기업위원회
문미옥,0.0012045817068393682,산업통상자원중소벤처기업위원회
김종태,0.00013905541347878232,산업통상자원중소벤처기업위원회
안철수,1.8487280189024037e-06,산업통상자원중소벤처기업위원회
문진국,0.052075922740528205,환경노동위원회
강석호,0.0,환경노동위원회
강효상,0.010523554238376759,환경노동위원회
김규환,0.0,환경노동위원회
김명연,0.0010742266918548824,환경노동위원회
김석기,0.001536460148354863,환경노동위원회
김용태,0.0011522744094165148,환경노동위원회
민경욱,0.0030154585441277363,환경노동위원회
이철규,0.0008111966685797322,환경노동위원회
정갑윤,0.004579840097407195,환경노동위원회
정운천,0.0015403172148061649,환경노동위원회
임이자,0.013605585137083757,환경노동위원회
김성찬,0.0022053556789169717,환경노동위원회
김승희,0.010542876234883985,환경노동위원회
김태년,0.005008527632906335,환경노동위원회
원유철,0.0100652328403662,환경노동위원회
장석춘,0.011087240679236152,환경노동위원회
추경호,0.00686425998242623,환경노동위원회
한정애,0.01879136222023214,환경노동위원회
강병원,0.01039890093463546,환경노동위원회
권미혁,0.005246351839073658,환경노동위원회
김경협,0.006924760292085164,환경노동위원회
김상희,0.0032510770557530183,환경노동위원회
김영주,0.0017734097364587693,환경노동위원회
남인순,0.003643690680236367,환경노동위원회
백혜련,0.0026252497647399325,환경노동위원회
이용득,0.020661608048423874,환경노동위원회
이철희,0.0017851503365649151,환경노동위원회
진선미,0.0020314162376762345,환경노동위원회
박경미,0.0008974257998432613,환경노동위원회
김종민,0.003998651611850763,환경노동위원회
서영교,0.010163714352343879,환경노동위원회
송영길,0.0,환경노동위원회
윤준호,0.0,환경노동위원회
이개호,0.0017848829817530458,환경노동위원회
이원욱,0.005246204799359604,환경노동위원회
임종성,0.0013318181975273881,환경노동위원회
변재일,0.0053739410072455975,환경노동위원회
김경진,0.007429075490740026,환경노동위원회
김종훈,0.007326932187624527,환경노동위원회
박선숙,0.0,환경노동위원회
심기준,0.0007612879316641669,환경노동위원회
이상민,0.0002895331809294093,환경노동위원회
이종걸,0.0015890650450371838,환경노동위원회
인재근,0.002132221488740046,환경노동위원회
허윤정,0.0,환경노동위원회
김철민,0.0068992950630490275,환경노동위원회
안민석,0.0009310059003239026,환경노동위원회
조승래,0.0009056973193560545,환경노동위원회
최운열,0.0,환경노동위원회
강훈식,0.0034687613001619976,환경노동위원회
서형수,0.01855787961261301,환경노동위원회
유승희,0.002831383932574457,환경노동위원회
김동철,0.012818157907004997,환경노동위원회
김관영,0.010859085295085467,환경노동위원회
김삼화,0.013862690946212362,환경노동위원회
박주선,0.0008874791010961879,환경노동위원회
이찬열,0.021512647060326604,환경노동위원회
장병완,0.0011214867128287774,환경노동위원회
조배숙,0.004787687982652991,환경노동위원회
주승용,0.00979214630434916,환경노동위원회
채이배,0.004127748737203014,환경노동위원회
황주홍,0.0244809013577716,환경노동위원회
신상진,0.0056916126158230084,환경노동위원회
김세연,0.0021950729019636597,환경노동위원회
김학용,0.012044894196614205,환경노동위원회
박인숙,0.01665367568333195,환경노동위원회
송희경,0.011606779115042374,환경노동위원회
심재철,0.0,환경노동위원회
이종명,0.0013189837429950096,환경노동위원회
정종섭,0.0,환경노동위원회
신창현,0.021433898675013552,환경노동위원회
김병기,0.0,환경노동위원회
송옥주,0.03674851642046918,환경노동위원회
위성곤,0.012894997034318581,환경노동위원회
윤일규,0.0,환경노동위원회
전재수,0.0028151550228797152,환경노동위원회
최인호,0.0014524108145973905,환경노동위원회
최연혜,0.004817001504469312,환경노동위원회
곽대훈,0.003516925474402894,환경노동위원회
김도읍,0.004235779781606766,환경노동위원회
김정재,0.004754787104766168,환경노동위원회
백승주,0.0005515123849113252,환경노동위원회
이만희,0.00018722747019047267,환경노동위원회
이종배,0.005733922147588247,환경노동위원회
이채익,0.002620375789307148,환경노동위원회
김상훈,0.001975095127821614,환경노동위원회
성일종,0.006150130238958487,환경노동위원회
신보라,0.0071210543536139115,환경노동위원회
전현희,0.0033542947887177524,환경노동위원회
조훈현,0.0,환경노동위원회
이동섭,0.007897947703897712,환경노동위원회
김해영,0.005663298884374195,환경노동위원회
박명재,0.013456563575434876,환경노동위원회
신용현,0.01045606427469901,환경노동위원회
안규백,0.0,환경노동위원회
유동수,0.005330473572837982,환경노동위원회
정병국,0.008071943023447551,환경노동위원회
정인화,0.0031275283954072036,환경노동위원회
하태경,0.026113864810659353,환경노동위원회
조경태,0.01025301562736938,환경노동위원회
김수민,0.013903586450536097,환경노동위원회
김현아,0.005568011277995808,환경노동위원회
염동열,0.00025385551770576925,환경노동위원회
유민봉,0.0,환경노동위원회
박덕흠,0.007003769794818942,환경노동위원회
송언석,0.0009263352919081397,환경노동위원회
윤종필,0.0016266358786858805,환경노동위원회
윤한홍,0.0010786192604582102,환경노동위원회
이현재,0.0009991039815131105,환경노동위원회
정양석,0.0002503002679523702,환경노동위원회
정태옥,0.004642383335318686,환경노동위원회
김성수,0.0027336004584704258,환경노동위원회
설훈,0.005025570337698539,환경노동위원회
송갑석,0.0,환경노동위원회
우상호,3.7426252951912736e-05,환경노동위원회
윤관석,0.003158681598795652,환경노동위원회
정은혜,0.00012610471072843903,환경노동위원회
홍익표,0.0002223965038773938,환경노동위원회
고용진,0.0022463565304282848,환경노동위원회
김정우,0.002453543201599101,환경노동위원회
이후삼,0.00013526199893043256,환경노동위원회
김영호,0.003690066371277184,환경노동위원회
김민기,0.0018548373595218969,환경노동위원회
도종환,0.0,환경노동위원회
맹성규,0.0015469391281536999,환경노동위원회
박찬대,0.0010473718102816938,환경노동위원회
박홍근,0.0040657905895440044,환경노동위원회
경대수,0.0030456429219976994,환경노동위원회
김선동,0.0010988222710148852,환경노동위원회
김정훈,0.0,환경노동위원회
임재훈,0.0008569255159960082,환경노동위원회
장정숙,0.003959321562102359,환경노동위원회
이훈,0.0011482746441131566,환경노동위원회
전해철,0.0,환경노동위원회
윤재옥,0.0012414387631454861,환경노동위원회
정진석,0.00036272488882667207,환경노동위원회
천정배,0.00033292321416350285,환경노동위원회
권성동,0.0,환경노동위원회
송석준,0.005480417046627995,환경노동위원회
안상수,0.0012833742495865442,환경노동위원회
이양수,0.0037700090412052657,환경노동위원회
이장우,0.0012067965724504837,환경노동위원회
신동근,0.0008087028468152128,환경노동위원회
안호영,0.0010980206347880547,환경노동위원회
이석현,0.00042267174525670564,환경노동위원회
최재성,0.0,환경노동위원회
김영우,0.0024477993259060496,환경노동위원회
곽상도,0.002170076810221896,환경노동위원회
유재중,0.0,환경노동위원회
홍일표,0.001628001152547801,환경노동위원회
박대출,0.0012617514006399977,환경노동위원회
유기준,0.0,환경노동위원회
전희경,0.0,환경노동위원회
한선교,0.0,환경노동위원회
김기선,0.002358232977905424,환경노동위원회
김정호,0.0,환경노동위원회
박정,0.017314240169054827,환경노동위원회
신경민,0.0015339330895842928,환경노동위원회
박주민,0.014748093899601213,환경노동위원회
원혜영,0.00034010820127002885,환경노동위원회
이상돈,0.003705143651267891,환경노동위원회
이정미,0.011940292129250237,환경노동위원회
이종구,0.0,환경노동위원회
최교일,0.0027393506721713028,환경노동위원회
김성원,0.0029147621694125395,환경노동위원회
서청원,0.0,환경노동위원회
정점식,7.397735038051788e-05,환경노동위원회
권칠승,0.0053767069179575175,환경노동위원회
윤영석,0.0033310360632809173,환경노동위원회
김광림,0.0,환경노동위원회
박성중,0.0014801750306871187,환경노동위원회
유성엽,0.0,환경노동위원회
강석진,0.000671241369261889,환경노동위원회
윤상직,0.0003465177677188677,환경노동위원회
이은권,0.0005473048608180723,환경노동위원회
정유섭,0.000851655276648134,환경노동위원회
오신환,0.0,환경노동위원회
이태규,0.0011995540194260734,환경노동위원회
어기구,0.007381567430522939,환경노동위원회
윤후덕,0.009266077282315826,환경노동위원회
정세균,0.012130754810131808,환경노동위원회
김무성,0.0,환경노동위원회
홍문표,0.00489161637255078,환경노동위원회
최도자,0.012116547137309589,환경노동위원회
추혜선,0.0005426206857095929,환경노동위원회
김영진,0.0003351077478926462,환경노동위원회
윤영일,0.0022252255698096603,환경노동위원회
김현권,0.0054647472178331515,환경노동위원회
홍의락,0.0017302709783671732,환경노동위원회
홍철호,0.0018867635412046304,환경노동위원회
김진표,0.0,환경노동위원회
우원식,0.006506215813449767,환경노동위원회
여영국,8.768095546161605e-05,환경노동위원회
정동영,0.0026925304574795714,환경노동위원회
박재호,0.0012032331952931542,환경노동위원회
정재호,0.0008658572739604268,환경노동위원회
유승민,0.0035979903563018367,환경노동위원회
유의동,0.0017047315409273863,환경노동위원회
이언주,0.010908911660125604,환경노동위원회
노웅래,0.006044170457260192,환경노동위원회
민홍철,0.0035473227490784146,환경노동위원회
손혜원,0.0,환경노동위원회
윤호중,0.0014203781780768893,환경노동위원회
박완주,0.000598195388770847,환경노동위원회
표창원,0.007420093394706253,환경노동위원회
추미애,0.00045791994745415787,환경노동위원회
홍영표,0.01232292972298133,환경노동위원회
황희,0.0004221683057570111,환경노동위원회
박범계,0.00040790824924164817,환경노동위원회
백재현,0.001913470627918779,환경노동위원회
서삼석,9.38802083517323e-05,환경노동위원회
조응천,0.0,환경노동위원회
조정식,0.0005738735984997927,환경노동위원회
이춘석,0.0024834918403438193,환경노동위원회
금태섭,0.0019573992850037774,환경노동위원회
기동민,0.000759257781783114,환경노동위원회
김두관,0.0,환경노동위원회
박지원,0.0,환경노동위원회
이학영,0.0008192586549453059,환경노동위원회
김병관,0.0010276404867843789,환경노동위원회
정성호,0.005152765352003232,환경노동위원회
송기헌,0.0006903785543944797,환경노동위원회
김종대,0.0,환경노동위원회
심상정,0.0014452792078731202,환경노동위원회
윤소하,0.001505141956081997,환경노동위원회
이용주,0.0012274914561458752,환경노동위원회
정춘숙,0.0017118304141504,환경노동위원회
제윤경,0.0002751200005206994,환경노동위원회
박맹우,0.0013017714092900597,환경노동위원회
이명수,0.00982080595295997,환경노동위원회
이주영,0.00015279587430003458,환경노동위원회
박광온,0.004693749427161842,환경노동위원회
김영춘,0.0034855476096205275,환경노동위원회
소병훈,0.00264241998315327,환경노동위원회
오영훈,0.002563741673335177,환경노동위원회
김성환,0.0,환경노동위원회
정우택,0.0008654501904810809,환경노동위원회
강길부,0.0014124414117467046,환경노동위원회
김순례,0.0034548865427494993,환경노동위원회
오제세,0.0014509410561081102,환경노동위원회
이은재,0.0,환경노동위원회
이학재,0.006923900556980431,환경노동위원회
주광덕,0.0010441162726978778,환경노동위원회
김광수,0.0008926084520476131,환경노동위원회
박주현,0.0003492453745428484,환경노동위원회
강창일,0.001536377751664157,환경노동위원회
심재권,0.003210690949289605,환경노동위원회
함진규,0.002875313015260759,환경노동위원회
민병두,0.0012491714256819353,환경노동위원회
박용진,0.0,환경노동위원회
권은희,0.0002673469088156561,환경노동위원회
김종회,0.003064715016076709,환경노동위원회
주호영,0.001079570063577988,환경노동위원회
김진태,0.00017882073563439641,환경노동위원회
이규희,0.00011942477554208272,환경노동위원회
김재원,0.0,환경노동위원회
김종석,0.0,환경노동위원회
전혜숙,0.0021694294710880154,환경노동위원회
이상헌,0.0006565525306818119,환경노동위원회
이진복,0.0006703586355867235,환경노동위원회
김한정,0.00015867576576934165,환경노동위원회
윤상현,0.0006970926595697045,환경노동위원회
김태흠,0.003415217646083786,환경노동위원회
엄용수,0.0039963954221328025,환경노동위원회
김부겸,0.00333078900992119,환경노동위원회
이재정,0.0012322550527703912,환경노동위원회
김중로,0.0004968011311637316,환경노동위원회
이수혁,0.000242325759972782,환경노동위원회
손금주,0.002370936343594102,환경노동위원회
이용호,0.0015832610044892268,환경노동위원회
홍문종,0.0,환경노동위원회
황영철,0.0,환경노동위원회
여상규,0.0,환경노동위원회
김재경,0.0,환경노동위원회
김한표,0.0009262595710339125,환경노동위원회
박순자,0.0030787449582244043,환경노동위원회
이완영,0.008053199117367004,환경노동위원회
이혜훈,0.0009610591182486615,환경노동위원회
지상욱,0.0,환경노동위원회
조원진,0.000977305926594971,환경노동위원회
박완수,0.003234236630014842,환경노동위원회
문희상,0.0002622857170039463,환경노동위원회
유은혜,0.00048248913957327385,환경노동위원회
이인영,0.002724972521646809,환경노동위원회
정용기,0.0,환경노동위원회
이헌승,0.002227881246327779,환경노동위원회
박병석,0.00013479501155039546,환경노동위원회
이정현,0.0,환경노동위원회
나경원,0.003214056345400737,환경노동위원회
김성식,0.0008751846374445416,환경노동위원회
장제원,0.0012349982394305385,환경노동위원회
박영선,0.0,환경노동위원회
오세정,0.0007630685318352544,환경노동위원회
이군현,0.0,환경노동위원회
노회찬,0.0004355502475392007,환경노동위원회
권석창,0.0,환경노동위원회
이해찬,0.0,환경노동위원회
양승조,0.00028897499599130414,환경노동위원회
박남춘,0.0009063519135281044,환경노동위원회
송기석,0.0,환경노동위원회
박준영,0.0,환경노동위원회
박찬우,0.00033546865292369683,환경노동위원회
윤종오,0.0006802611433463474,환경노동위원회
김경수,0.00011623762161594751,환경노동위원회
최명길,0.0002164357874146773,환경노동위원회
진영,0.0,환경노동위원회
이우현,0.0,환경노동위원회
배덕광,0.0,환경노동위원회
문미옥,0.0008708082326422231,환경노동위원회
김현미,0.0,환경노동위원회
이철우,0.000221894227125077,환경노동위원회
김종태,0.00029459614353616564,환경노동위원회
안철수,0.0,환경노동위원회
서영교,0.036076011303333586,교육위원회
김두관,0.00041343438121732167,교육위원회
김병기,0.0012356461722938961,교육위원회
김영주,0.0,교육위원회
남인순,0.002551615857259026,교육위원회
백혜련,0.0035837281531111067,교육위원회
신창현,0.011413912805109698,교육위원회
우원식,0.0011675631684072718,교육위원회
임종성,0.0015616593596329098,교육위원회
조승래,0.01761698566913706,교육위원회
한정애,0.0,교육위원회
심재철,0.0017198153459680302,교육위원회
김정재,0.001514439303640305,교육위원회
김한표,0.011089154487070077,교육위원회
김현아,0.0078138087869988,교육위원회
박덕흠,0.0,교육위원회
성일종,0.0,교육위원회
원유철,0.0,교육위원회
최교일,0.000717120152315793,교육위원회
홍철호,0.002181049622344946,교육위원회
이양수,0.007030528894342556,교육위원회
곽대훈,0.0012586058808335813,교육위원회
김석기,0.0,교육위원회
김성원,0.0026405344087316205,교육위원회
백승주,0.000791740391743926,교육위원회
송언석,0.0,교육위원회
이은권,0.0,교육위원회
정유섭,0.0,교육위원회
추경호,0.0,교육위원회
기동민,0.0004682804831695203,교육위원회
김민기,0.00814602978961154,교육위원회
김해영,0.02840656719115457,교육위원회
박경미,0.010817149691443224,교육위원회
박용진,0.010064011993822867,교육위원회
박찬대,0.011286406732609515,교육위원회
신경민,0.006226766463496223,교육위원회
안민석,0.008414694256931522,교육위원회
이종배,0.012508606540609844,교육위원회
김규환,0.002709615363573334,교육위원회
김상훈,0.004247921088267047,교육위원회
김승희,0.007029658148247242,교육위원회
안상수,0.0,교육위원회
유민봉,0.0,교육위원회
장석춘,0.0,교육위원회
정점식,0.0,교육위원회
정태옥,0.005020153598308865,교육위원회
곽상도,0.008341881332357762,교육위원회
김영우,0.0,교육위원회
윤재옥,0.0,교육위원회
이진복,0.0004622226469057151,교육위원회
이채익,0.004412258512414703,교육위원회
이학재,0.01337838662839409,교육위원회
전희경,0.008813125227014072,교육위원회
홍문표,0.011408225481716069,교육위원회
박인숙,0.015234065890499051,교육위원회
윤종필,0.0,교육위원회
이명수,0.004352886508143639,교육위원회
조훈현,0.005186737000347239,교육위원회
도종환,0.006925988705330002,교육위원회
설훈,0.009089987378046085,교육위원회
신동근,0.002800392830190889,교육위원회
윤일규,0.0003885862948576608,교육위원회
이상헌,0.0032768402288496476,교육위원회
강훈식,0.0014337202592058344,교육위원회
맹성규,0.0,교육위원회
박홍근,0.00622166938523671,교육위원회
윤관석,0.0021136307962633582,교육위원회
이찬열,0.03638951635792434,교육위원회
장정숙,0.004840791777359851,교육위원회
정성호,0.00788347306641042,교육위원회
황주홍,0.02369492073667716,교육위원회
김영호,0.005075318370125163,교육위원회
김현권,0.0,교육위원회
여영국,0.000556268703976298,교육위원회
김경협,0.0,교육위원회
김종대,0.0,교육위원회
김종훈,0.0,교육위원회
손혜원,0.002193230199714355,교육위원회
심상정,0.0003850896446184255,교육위원회
윤소하,0.011619220103275258,교육위원회
이용득,0.0,교육위원회
이정미,0.0012874882571154928,교육위원회
추혜선,0.0035641747484225234,교육위원회
이동섭,0.029942933552458986,교육위원회
김세연,0.008765649793784988,교육위원회
신용현,0.0008882070801603169,교육위원회
안규백,0.0019789552209843434,교육위원회
유동수,0.00898346315768851,교육위원회
정병국,0.0019399986605290749,교육위원회
정인화,0.007533491691932296,교육위원회
정재호,0.0013025049194048863,교육위원회
주승용,0.0030867010455009683,교육위원회
하태경,0.0,교육위원회
김병관,0.0,교육위원회
김정호,9.776405067027018e-05,교육위원회
강병원,0.000611765939916523,교육위원회
고용진,0.0,교육위원회
서삼석,0.0005467340844019328,교육위원회
송갑석,0.0,교육위원회
송옥주,0.005629245677173232,교육위원회
안호영,0.0,교육위원회
윤준호,0.00025890084978376436,교육위원회
윤호중,0.0,교육위원회
전재수,0.006205166269832125,교육위원회
조경태,0.016335563052462674,교육위원회
김성찬,0.010265498534220265,교육위원회
박명재,0.0033148198304007986,교육위원회
박성중,0.0,교육위원회
송희경,0.0,교육위원회
염동열,0.006613229897366295,교육위원회
윤영석,0.0033954142282880896,교육위원회
윤한홍,0.0004379555955539413,교육위원회
이현재,0.0,교육위원회
최연혜,0.0019012773862289163,교육위원회
경대수,0.002634504603033132,교육위원회
문진국,0.0,교육위원회
이언주,0.0014062555058150922,교육위원회
김정훈,0.0,교육위원회
권칠승,0.001784608466874755,교육위원회
김성수,0.0013654425820842494,교육위원회
김종민,0.0,교육위원회
박광온,0.004088216495413491,교육위원회
박정,0.006538890493618251,교육위원회
이석현,0.0004728909391444456,교육위원회
정은혜,0.0,교육위원회
김용태,0.0,교육위원회
서청원,0.0,교육위원회
신상진,0.0,교육위원회
주호영,0.003719597252591125,교육위원회
김정우,0.004210815134702399,교육위원회
이후삼,0.0,교육위원회
정세균,0.06901816583957852,교육위원회
김종회,0.0029919214500707986,교육위원회
김관영,0.0027593333708484363,교육위원회
박지원,0.0,교육위원회
유성엽,0.0033146241440276396,교육위원회
장병완,0.00024237938662307896,교육위원회
정운천,0.0,교육위원회
조배숙,0.0035220304167240665,교육위원회
천정배,0.0,교육위원회
이원욱,0.005304432885086359,교육위원회
홍익표,0.00038313725092457493,교육위원회
김경진,0.005012889331771817,교육위원회
이철희,0.0012783940534640199,교육위원회
권은희,0.0,교육위원회
김삼화,0.007696286859758245,교육위원회
김진표,0.0005881808308879406,교육위원회
백재현,0.005961730911332832,교육위원회
유승희,0.0019986515056996594,교육위원회
정동영,0.0,교육위원회
최도자,0.006595468818885722,교육위원회
임재훈,0.0016962093465607666,교육위원회
김동철,0.006472721428884589,교육위원회
김수민,0.016376257977180095,교육위원회
강효상,0.0011659669603582758,교육위원회
송석준,0.0,교육위원회
유재중,0.0,교육위원회
이장우,0.01434699402315959,교육위원회
임이자,0.0,교육위원회
정양석,0.0,교육위원회
신보라,0.00262500338309817,교육위원회
위성곤,0.010232125444253561,교육위원회
권성동,0.0017630139976849686,교육위원회
김진태,0.00023718355273570985,교육위원회
엄용수,0.0,교육위원회
정용기,0.0006010091334109124,교육위원회
홍일표,0.0,교육위원회
김광림,0.002778871486341818,교육위원회
김재원,0.004189909264254433,교육위원회
민경욱,0.0020407568032253954,교육위원회
이종명,0.003114172400710606,교육위원회
주광덕,0.0018340125116527608,교육위원회
나경원,0.011529258909718787,교육위원회
강석진,0.0017853772539459785,교육위원회
강석호,0.0008747810389703548,교육위원회
김기선,0.0017651784894475056,교육위원회
김도읍,0.028030117780455745,교육위원회
김명연,0.007099699846363357,교육위원회
김무성,0.0,교육위원회
김선동,0.0015815509676424474,교육위원회
김순례,0.0024673946853874676,교육위원회
김재경,0.0,교육위원회
김종석,0.0,교육위원회
김태흠,0.0,교육위원회
김학용,0.0011869156723094134,교육위원회
박대출,0.0,교육위원회
박맹우,0.0018525149699716804,교육위원회
박순자,0.004226534205565049,교육위원회
박완수,0.0,교육위원회
여상규,0.0,교육위원회
유기준,0.0015110822609661284,교육위원회
윤상직,0.000951577422014117,교육위원회
윤상현,0.0011412784927751446,교육위원회
이만희,0.0007370419792646693,교육위원회
이은재,0.002875848566164052,교육위원회
이종구,0.0,교육위원회
이주영,0.0,교육위원회
이철규,0.0,교육위원회
이헌승,0.0017515348564883127,교육위원회
장제원,0.0,교육위원회
정갑윤,0.004740081207783579,교육위원회
정우택,0.0010840277648373677,교육위원회
정종섭,0.0010395573071596794,교육위원회
정진석,0.0,교육위원회
한선교,0.007703553689174042,교육위원회
함진규,0.01978265190985136,교육위원회
박선숙,0.0,교육위원회
최운열,0.0005836447682952486,교육위원회
조원진,0.00014270853570082513,교육위원회
홍문종,0.00035124477373592533,교육위원회
김철민,0.002169920785314522,교육위원회
박재호,0.0059517346172573956,교육위원회
이종걸,0.0016693444349681,교육위원회
최인호,0.007526068575240846,교육위원회
최재성,0.00014044658450293319,교육위원회
인재근,0.0,교육위원회
김영진,0.00028336324850991985,교육위원회
윤후덕,0.007125366405724694,교육위원회
추미애,0.0,교육위원회
홍의락,0.005612667271266626,교육위원회
송영길,0.0019859132335718257,교육위원회
정춘숙,0.002356635827446895,교육위원회
조정식,0.003681267371619151,교육위원회
이규희,0.0004590361515744866,교육위원회
김상희,0.0043333279720313535,교육위원회
조응천,0.0005728583551466828,교육위원회
오영훈,0.004876282737793771,교육위원회
김한정,0.0005895832005653421,교육위원회
박완주,0.0002091770819640128,교육위원회
이개호,0.0007492489462604533,교육위원회
전혜숙,0.005483305620468373,교육위원회
서형수,0.0,교육위원회
어기구,0.0,교육위원회
원혜영,0.0084649858236285,교육위원회
심기준,0.0,교육위원회
소병훈,0.00343068992450865,교육위원회
홍영표,0.0,교육위원회
이춘석,0.0029021838046887735,교육위원회
금태섭,0.0008446917723240912,교육위원회
이학영,0.0003585849358291222,교육위원회
윤영일,0.0,교육위원회
황영철,0.0,교육위원회
김광수,0.0011035262714247556,교육위원회
박주현,0.0003847272927264479,교육위원회
김태년,0.0010229087681529851,교육위원회
표창원,0.0,교육위원회
김중로,0.0,교육위원회
오신환,0.0,교육위원회
유승민,0.0,교육위원회
이태규,0.001193298899764233,교육위원회
제윤경,0.00030799570451235,교육위원회
노웅래,0.010505993705719011,교육위원회
이용주,0.0,교육위원회
민홍철,0.005240886168244255,교육위원회
채이배,0.0010864519325294094,교육위원회
박주선,0.001310740020286119,교육위원회
오제세,0.0005078217798487767,교육위원회
전현희,0.0008669478977717305,교육위원회
심재권,0.0018099800796713892,교육위원회
강창일,0.0012946664020749847,교육위원회
이수혁,0.0,교육위원회
강길부,0.011336280090321744,교육위원회
김영춘,0.0030980961018251016,교육위원회
이훈,0.0,교육위원회
권미혁,0.0030024630679641256,교육위원회
이재정,0.0,교육위원회
이상민,0.0001404326804606979,교육위원회
손금주,0.0,교육위원회
이용호,0.0014902035578869199,교육위원회
박주민,0.010315035683571318,교육위원회
전해철,0.00045071946543747744,교육위원회
황희,0.0,교육위원회
이인영,0.0002482352625186556,교육위원회
이완영,0.0,교육위원회
송기헌,0.0005795221097966659,교육위원회
김부겸,0.007660702786053971,교육위원회
변재일,0.0017735327063376815,교육위원회
민병두,0.0,교육위원회
유의동,0.0,교육위원회
박범계,0.0007047293668080921,교육위원회
박병석,0.0,교육위원회
우상호,0.0,교육위원회
이상돈,0.0,교육위원회
지상욱,0.0,교육위원회
이군현,0.0,교육위원회
김성환,0.0,교육위원회
김현미,0.0,교육위원회
박영선,0.0,교육위원회
유은혜,0.008341830044317326,교육위원회
이해찬,0.0,교육위원회
진선미,0.000944181444571332,교육위원회
진영,0.0,교육위원회
문희상,0.0,교육위원회
권석창,0.0,교육위원회
양승조,0.0003255374642464675,교육위원회
노회찬,0.0004707467447925254,교육위원회
오세정,0.005089331972597859,교육위원회
김성식,0.0,교육위원회
이혜훈,0.0,교육위원회
박찬우,0.0,교육위원회
박준영,0.0013901595495709196,교육위원회
박남춘,0.0007934566990733136,교육위원회
이우현,0.0,교육위원회
송기석,0.005133138115939737,교육위원회
이철우,0.0,교육위원회
최명길,0.0,교육위원회
윤종오,0.00022190837036730704,교육위원회
이정현,0.0006162469024615948,교육위원회
문미옥,0.0,교육위원회
김경수,0.000517873674439781,교육위원회
김종태,0.0,교육위원회
배덕광,0.0,교육위원회
안철수,0.0,교육위원회
김종인,0.0,교육위원회
윤준호,0.01552431803108983,농림축산식품해양수산위원회
김철민,0.020101066282214135,농림축산식품해양수산위원회
박경미,0.0,농림축산식품해양수산위원회
박광온,0.0037749837401210525,농림축산식품해양수산위원회
박재호,0.002542142873666834,농림축산식품해양수산위원회
송영길,0.0,농림축산식품해양수산위원회
신경민,0.0014190497354212431,농림축산식품해양수산위원회
안민석,0.0,농림축산식품해양수산위원회
오영훈,0.008783895157698115,농림축산식품해양수산위원회
이용득,0.0004942734628762693,농림축산식품해양수산위원회
김민기,0.0007970504034252843,농림축산식품해양수산위원회
김병관,0.0010256466639392042,농림축산식품해양수산위원회
박정,0.007108127490735699,농림축산식품해양수산위원회
서형수,0.0,농림축산식품해양수산위원회
송기헌,0.0,농림축산식품해양수산위원회
심기준,0.0,농림축산식품해양수산위원회
우원식,0.0,농림축산식품해양수산위원회
윤관석,0.0019612470682776073,농림축산식품해양수산위원회
전재수,0.001349521724700187,농림축산식품해양수산위원회
정은혜,0.0,농림축산식품해양수산위원회
정운천,0.012947133800934632,농림축산식품해양수산위원회
김성찬,0.028624440122351536,농림축산식품해양수산위원회
김세연,0.0,농림축산식품해양수산위원회
문진국,0.006465184272533529,농림축산식품해양수산위원회
원유철,0.0020853276333373315,농림축산식품해양수산위원회
이언주,0.0,농림축산식품해양수산위원회
이은재,0.0,농림축산식품해양수산위원회
이철규,0.0009117562579195766,농림축산식품해양수산위원회
정갑윤,0.0,농림축산식품해양수산위원회
정병국,0.002552770293854187,농림축산식품해양수산위원회
하태경,0.0,농림축산식품해양수산위원회
이명수,0.007938264519321175,농림축산식품해양수산위원회
김성원,0.0025786908478078185,농림축산식품해양수산위원회
김승희,0.0,농림축산식품해양수산위원회
박덕흠,0.001868632250752654,농림축산식품해양수산위원회
성일종,0.0036318097242637837,농림축산식품해양수산위원회
오제세,0.0,농림축산식품해양수산위원회
유민봉,0.0,농림축산식품해양수산위원회
윤종필,0.0,농림축산식품해양수산위원회
조배숙,0.0033192340646408104,농림축산식품해양수산위원회
홍문표,0.010968144112824204,농림축산식품해양수산위원회
황주홍,0.06373029192715457,농림축산식품해양수산위원회
박찬대,0.0,농림축산식품해양수산위원회
유성엽,0.001352701135672489,농림축산식품해양수산위원회
이종걸,0.0,농림축산식품해양수산위원회
이찬열,0.016974014206856163,농림축산식품해양수산위원회
정동영,0.0007870223320263933,농림축산식품해양수산위원회
최도자,0.0012356162031105186,농림축산식품해양수산위원회
송희경,0.0017719663965883841,농림축산식품해양수산위원회
강석호,0.008175024096712741,농림축산식품해양수산위원회
김용태,0.0,농림축산식품해양수산위원회
김정훈,0.0,농림축산식품해양수산위원회
민경욱,0.0018038272051232522,농림축산식품해양수산위원회
송석준,0.0013656753672255876,농림축산식품해양수산위원회
윤상직,0.002088608217256405,농림축산식품해양수산위원회
임이자,0.0019376226971927425,농림축산식품해양수산위원회
정태옥,0.0,농림축산식품해양수산위원회
최연혜,0.0,농림축산식품해양수산위원회
이학재,0.0009482263294590653,농림축산식품해양수산위원회
김삼화,0.0,농림축산식품해양수산위원회
김진표,0.0,농림축산식품해양수산위원회
유승희,0.001185358459115689,농림축산식품해양수산위원회
이동섭,0.0020189032899642027,농림축산식품해양수산위원회
장정숙,0.0020363557568844662,농림축산식품해양수산위원회
전혜숙,0.0015275239313490402,농림축산식품해양수산위원회
박홍근,0.005312845421142174,농림축산식품해양수산위원회
기동민,0.0013812018622737776,농림축산식품해양수산위원회
김영호,0.0013676580868384536,농림축산식품해양수산위원회
김해영,0.001104858029990205,농림축산식품해양수산위원회
남인순,0.0010110270261974583,농림축산식품해양수산위원회
서영교,0.008279416787266432,농림축산식품해양수산위원회
이정미,0.0007681086484891504,농림축산식품해양수산위원회
최교일,0.0008476011839737326,농림축산식품해양수산위원회
권성동,0.0,농림축산식품해양수산위원회
김정재,0.0012405629260036875,농림축산식품해양수산위원회
김태흠,0.02378462882444936,농림축산식품해양수산위원회
박명재,0.011750526911745027,농림축산식품해양수산위원회
서청원,0.0,농림축산식품해양수산위원회
윤영석,0.0,농림축산식품해양수산위원회
추경호,0.003168230052863078,농림축산식품해양수산위원회
경대수,0.01830783800308925,농림축산식품해양수산위원회
이만희,0.019294252185314026,농림축산식품해양수산위원회
서삼석,0.002618649126060867,농림축산식품해양수산위원회
김정호,0.0013442195144276418,농림축산식품해양수산위원회
김현권,0.038734412879221816,농림축산식품해양수산위원회
송갑석,0.0,농림축산식품해양수산위원회
신창현,0.001122006979831877,농림축산식품해양수산위원회
안호영,0.002093110006728144,농림축산식품해양수산위원회
위성곤,0.019567206661462305,농림축산식품해양수산위원회
윤후덕,0.0017865747573708084,농림축산식품해양수산위원회
이개호,0.01533075937044501,농림축산식품해양수산위원회
정인화,0.012246035750036527,농림축산식품해양수산위원회
황희,0.0,농림축산식품해양수산위원회
김성환,0.0,농림축산식품해양수산위원회
이원욱,0.003550760284573117,농림축산식품해양수산위원회
전현희,0.00041575997382703467,농림축산식품해양수산위원회
홍의락,0.006682409106993734,농림축산식품해양수산위원회
노웅래,0.0032568267560495142,농림축산식품해양수산위원회
임재훈,0.0,농림축산식품해양수산위원회
정재호,0.0008751201080440458,농림축산식품해양수산위원회
주승용,0.004354790002598078,농림축산식품해양수산위원회
강석진,0.010907439049873978,농림축산식품해양수산위원회
정용기,0.0003501545071920029,농림축산식품해양수산위원회
정종섭,0.0,농림축산식품해양수산위원회
김광림,0.0,농림축산식품해양수산위원회
송언석,0.0,농림축산식품해양수산위원회
김재원,0.0010167510087907665,농림축산식품해양수산위원회
김진태,0.0,농림축산식품해양수산위원회
조원진,0.0,농림축산식품해양수산위원회
함진규,0.0016126341926684335,농림축산식품해양수산위원회
권칠승,0.004085331559854558,농림축산식품해양수산위원회
윤호중,0.0,농림축산식품해양수산위원회
이상헌,0.000620837034849746,농림축산식품해양수산위원회
천정배,0.0,농림축산식품해양수산위원회
김영춘,0.004509080230657526,농림축산식품해양수산위원회
강창일,0.011348149129654737,농림축산식품해양수산위원회
김부겸,0.0,농림축산식품해양수산위원회
김종민,0.0021326125592508603,농림축산식품해양수산위원회
유동수,0.0033557539452625652,농림축산식품해양수산위원회
정성호,0.0,농림축산식품해양수산위원회
이학영,0.0013457490775144441,농림축산식품해양수산위원회
최재성,0.00022747643649086591,농림축산식품해양수산위원회
김석기,0.0,농림축산식품해양수산위원회
백승주,0.0012032142605357986,농림축산식품해양수산위원회
안상수,0.010544873401574714,농림축산식품해양수산위원회
이장우,0.00020217984426557716,농림축산식품해양수산위원회
김경진,0.0,농림축산식품해양수산위원회
김정우,0.0,농림축산식품해양수산위원회
윤영일,0.007730979945667572,농림축산식품해양수산위원회
김종회,0.02276204707145423,농림축산식품해양수산위원회
박지원,0.0018982023077153043,농림축산식품해양수산위원회
장병완,0.000913605668522468,농림축산식품해양수산위원회
정세균,0.0,농림축산식품해양수산위원회
김관영,0.0025639196108738892,농림축산식품해양수산위원회
김광수,0.0013604303863918995,농림축산식품해양수산위원회
박주현,0.003401160372914399,농림축산식품해양수산위원회
윤소하,0.006495091928185544,농림축산식품해양수산위원회
김동철,0.005008602180025756,농림축산식품해양수산위원회
도종환,0.0,농림축산식품해양수산위원회
맹성규,0.00020267806893628872,농림축산식품해양수산위원회
백혜련,0.004245177474146331,농림축산식품해양수산위원회
민홍철,0.001307423303925421,농림축산식품해양수산위원회
박주선,0.0,농림축산식품해양수산위원회
우상호,4.179740203779597e-05,농림축산식품해양수산위원회
박맹우,0.0,농림축산식품해양수산위원회
김순례,0.0,농림축산식품해양수산위원회
정양석,0.0,농림축산식품해양수산위원회
정점식,2.8185170193251385e-06,농림축산식품해양수산위원회
김규환,0.0,농림축산식품해양수산위원회
김영우,0.0,농림축산식품해양수산위원회
김현아,0.0020094429138967423,농림축산식품해양수산위원회
이양수,0.014300552649786906,농림축산식품해양수산위원회
손금주,0.0074417745510411,농림축산식품해양수산위원회
손혜원,0.0051305221108025765,농림축산식품해양수산위원회
신상진,0.0,농림축산식품해양수산위원회
심재철,0.00046423791089884853,농림축산식품해양수산위원회
이종배,0.005984100773402824,농림축산식품해양수산위원회
박완주,0.011084903358902111,농림축산식품해양수산위원회
강훈식,0.0037174252554296647,농림축산식품해양수산위원회
김두관,0.0,농림축산식품해양수산위원회
김병기,0.0010873972198958593,농림축산식품해양수산위원회
윤일규,0.0,농림축산식품해양수산위원회
진선미,0.0010944204171790205,농림축산식품해양수산위원회
박완수,0.0003538202613335466,농림축산식품해양수산위원회
이춘석,0.0036648044858347997,농림축산식품해양수산위원회
홍익표,0.0005573923139099937,농림축산식품해양수산위원회
권미혁,0.006563547978776839,농림축산식품해양수산위원회
이석현,0.0017100267431475013,농림축산식품해양수산위원회
이재정,0.0,농림축산식품해양수산위원회
임종성,0.0,농림축산식품해양수산위원회
윤한홍,0.0,농림축산식품해양수산위원회
김수민,0.0,농림축산식품해양수산위원회
김중로,0.0,농림축산식품해양수산위원회
신용현,0.0,농림축산식품해양수산위원회
오신환,0.0,농림축산식품해양수산위원회
이종명,0.0018067905356748263,농림축산식품해양수산위원회
채이배,0.0011200178886063203,농림축산식품해양수산위원회
인재근,0.0025330833832251684,농림축산식품해양수산위원회
고용진,0.001747749905711904,농림축산식품해양수산위원회
백재현,0.0,농림축산식품해양수산위원회
최인호,0.001495405994753647,농림축산식품해양수산위원회
홍영표,0.0,농림축산식품해양수산위원회
신동근,0.0,농림축산식품해양수산위원회
이후삼,0.0,농림축산식품해양수산위원회
조정식,0.0,농림축산식품해양수산위원회
어기구,0.004225088834410125,농림축산식품해양수산위원회
금태섭,0.0,농림축산식품해양수산위원회
원혜영,0.0,농림축산식품해양수산위원회
강병원,0.0021723924995604876,농림축산식품해양수산위원회
김상희,0.004427113820929162,농림축산식품해양수산위원회
이규희,0.0,농림축산식품해양수산위원회
조응천,0.0005239602833132274,농림축산식품해양수산위원회
김경협,0.0,농림축산식품해양수산위원회
조승래,0.0,농림축산식품해양수산위원회
김선동,0.0,농림축산식품해양수산위원회
김학용,0.0004609772964433725,농림축산식품해양수산위원회
여상규,0.0006055402012507662,농림축산식품해양수산위원회
이은권,0.0009951704078047692,농림축산식품해양수산위원회
이현재,0.0,농림축산식품해양수산위원회
송옥주,0.0011456547557175984,농림축산식품해양수산위원회
김명연,0.00038361701551025904,농림축산식품해양수산위원회
정유섭,0.009758577233101674,농림축산식품해양수산위원회
홍철호,0.0008672025133771735,농림축산식품해양수산위원회
김종대,0.0,농림축산식품해양수산위원회
심상정,0.0003261790713307334,농림축산식품해양수산위원회
여영국,0.0,농림축산식품해양수산위원회
정춘숙,0.0,농림축산식품해양수산위원회
추혜선,0.0,농림축산식품해양수산위원회
김영진,0.0,농림축산식품해양수산위원회
김무성,0.0,농림축산식품해양수산위원회
윤재옥,0.0,농림축산식품해양수산위원회
김재경,0.0016956015045412433,농림축산식품해양수산위원회
정진석,0.0004936685211006508,농림축산식품해양수산위원회
추미애,0.0,농림축산식품해양수산위원회
박선숙,0.0,농림축산식품해양수산위원회
이훈,0.0,농림축산식품해양수산위원회
이용주,0.0013685720744788428,농림축산식품해양수산위원회
곽대훈,0.0,농림축산식품해양수산위원회
김기선,0.0003977351225785837,농림축산식품해양수산위원회
이혜훈,0.0,농림축산식품해양수산위원회
표창원,0.005381743416388001,농림축산식품해양수산위원회
이상돈,0.0008100022327178327,농림축산식품해양수산위원회
박용진,0.0,농림축산식품해양수산위원회
제윤경,0.0,농림축산식품해양수산위원회
장석춘,0.0006265067153486159,농림축산식품해양수산위원회
황영철,0.002397006738064567,농림축산식품해양수산위원회
강효상,0.00014774562829721475,농림축산식품해양수산위원회
김상훈,0.0,농림축산식품해양수산위원회
이진복,0.0,농림축산식품해양수산위원회
심재권,0.0005799810458807589,농림축산식품해양수산위원회
강길부,0.003835697686696689,농림축산식품해양수산위원회
김한표,0.00022349339081533025,농림축산식품해양수산위원회
한정애,0.0067120220727605985,농림축산식품해양수산위원회
이용호,0.0023689587682485646,농림축산식품해양수산위원회
설훈,0.0038373091251408765,농림축산식품해양수산위원회
변재일,0.0,농림축산식품해양수산위원회
엄용수,0.004108891825804394,농림축산식품해양수산위원회
장제원,0.001378604977541965,농림축산식품해양수산위원회
박대출,0.0013421999632394035,농림축산식품해양수산위원회
김도읍,0.005830959039627494,농림축산식품해양수산위원회
유재중,0.0,농림축산식품해양수산위원회
염동열,0.0,농림축산식품해양수산위원회
주광덕,0.0,농림축산식품해양수산위원회
박성중,0.0,농림축산식품해양수산위원회
김한정,0.0019212958973023042,농림축산식품해양수산위원회
주호영,0.004056012935313074,농림축산식품해양수산위원회
이헌승,0.0,농림축산식품해양수산위원회
이수혁,0.0004673908498892055,농림축산식품해양수산위원회
정우택,3.141771197552612e-05,농림축산식품해양수산위원회
조훈현,0.0,농림축산식품해양수산위원회
조경태,0.002882832244679065,농림축산식품해양수산위원회
유의동,0.0004541897990869594,농림축산식품해양수산위원회
김종석,0.0,농림축산식품해양수산위원회
이채익,0.0016646391951205255,농림축산식품해양수산위원회
소병훈,0.0,농림축산식품해양수산위원회
김성수,0.0,농림축산식품해양수산위원회
이태규,0.0002221380920645419,농림축산식품해양수산위원회
김영주,0.0,농림축산식품해양수산위원회
전해철,0.0,농림축산식품해양수산위원회
최운열,0.0005421086597665524,농림축산식품해양수산위원회
김태년,0.0,농림축산식품해양수산위원회
민병두,0.0,농림축산식품해양수산위원회
안규백,0.0,농림축산식품해양수산위원회
이인영,0.0,농림축산식품해양수산위원회
이철희,0.0,농림축산식품해양수산위원회
신보라,0.0,농림축산식품해양수산위원회
윤상현,0.0003061933999649873,농림축산식품해양수산위원회
이완영,0.013983057123851311,농림축산식품해양수산위원회
박인숙,0.0,농림축산식품해양수산위원회
박주민,0.023447669805080302,농림축산식품해양수산위원회
박순자,0.0024968944286749848,농림축산식품해양수산위원회
유기준,0.00669066670397477,농림축산식품해양수산위원회
이종구,0.0,농림축산식품해양수산위원회
홍일표,0.0,농림축산식품해양수산위원회
이주영,0.0,농림축산식품해양수산위원회
전희경,0.0,농림축산식품해양수산위원회
홍문종,0.0,농림축산식품해양수산위원회
한선교,0.0,농림축산식품해양수산위원회
지상욱,0.0,농림축산식품해양수산위원회
나경원,0.0,농림축산식품해양수산위원회
권은희,0.0,농림축산식품해양수산위원회
박영선,0.0,농림축산식품해양수산위원회
유은혜,0.0,농림축산식품해양수산위원회
이정현,0.0,농림축산식품해양수산위원회
노회찬,0.0,농림축산식품해양수산위원회
문희상,0.0,농림축산식품해양수산위원회
이군현,0.001328759063941708,농림축산식품해양수산위원회
오세정,0.0,농림축산식품해양수산위원회
곽상도,0.0,농림축산식품해양수산위원회
권석창,0.0022604215695315446,농림축산식품해양수산위원회
박남춘,0.0012543692032193307,농림축산식품해양수산위원회
김종훈,0.0,농림축산식품해양수산위원회
송기석,0.0,농림축산식품해양수산위원회
박찬우,0.0006776710977468521,농림축산식품해양수산위원회
박준영,0.0018838994773150688,농림축산식품해양수산위원회
양승조,0.0005014097020222574,농림축산식품해양수산위원회
김경수,9.716507114574425e-05,농림축산식품해양수산위원회
이철우,0.0,농림축산식품해양수산위원회
최명길,0.00018722235867882413,농림축산식품해양수산위원회
유승민,0.0,농림축산식품해양수산위원회
이해찬,0.0,농림축산식품해양수산위원회
박범계,1.9514225034010303e-05,농림축산식품해양수산위원회
배덕광,0.0,농림축산식품해양수산위원회
문미옥,0.0,농림축산식품해양수산위원회
윤종오,0.0,농림축산식품해양수산위원회
김현미,0.0,농림축산식품해양수산위원회
이우현,0.0,농림축산식품해양수산위원회
김종태,0.0003198419057419647,농림축산식품해양수산위원회
안철수,0.0,농림축산식품해양수산위원회
김성식,0.0,농림축산식품해양수산위원회
김종인,0.0,농림축산식품해양수산위원회
박병석,0.0,농림축산식품해양수산위원회
이상민,0.0,농림축산식품해양수산위원회
진영,0.0,농림축산식품해양수산위원회
송희경,0.008441456633923115,문화체육관광위원회
김무성,0.0,문화체육관광위원회
김석기,0.08724563856595562,문화체육관광위원회
김성찬,0.0,문화체육관광위원회
김승희,0.0,문화체육관광위원회
김정재,0.006179905487650367,문화체육관광위원회
박인숙,0.020091771728688486,문화체육관광위원회
원유철,0.003474475442239187,문화체육관광위원회
윤상직,0.0,문화체육관광위원회
임이자,0.0,문화체육관광위원회
정갑윤,0.0,문화체육관광위원회
조훈현,0.015021552238547141,문화체육관광위원회
곽상도,0.001099454454230112,문화체육관광위원회
김규환,0.002437442427378618,문화체육관광위원회
유민봉,0.0008645099458404617,문화체육관광위원회
이동섭,0.049661065413524746,문화체육관광위원회
이종명,0.0,문화체육관광위원회
정우택,0.0036203214197046835,문화체육관광위원회
최연혜,0.0,문화체육관광위원회
김영춘,0.0032196959371426793,문화체육관광위원회
기동민,0.0016075613588790187,문화체육관광위원회
김상희,0.003845557664841562,문화체육관광위원회
김영주,0.011206024032830365,문화체육관광위원회
김종민,0.0,문화체육관광위원회
민병두,0.0010104243818879468,문화체육관광위원회
박정,0.02368269506098962,문화체육관광위원회
서삼석,0.0004843523397131591,문화체육관광위원회
서영교,0.001363272468692377,문화체육관광위원회
소병훈,0.005512595376660078,문화체육관광위원회
신창현,0.007938849462959908,문화체육관광위원회
위성곤,0.007629897750287675,문화체육관광위원회
유승희,0.002385748854507821,문화체육관광위원회
윤준호,0.0020987344344391918,문화체육관광위원회
이상헌,0.010066654588639607,문화체육관광위원회
이용득,0.0,문화체육관광위원회
제윤경,0.0005927037920044512,문화체육관광위원회
한정애,0.0,문화체육관광위원회
안민석,0.01825354636960452,문화체육관광위원회
고용진,0.0,문화체육관광위원회
김민기,0.004238012403057919,문화체육관광위원회
김철민,0.003304309889133129,문화체육관광위원회
노웅래,0.016705656549798005,문화체육관광위원회
도종환,0.002747809778418798,문화체육관광위원회
송갑석,0.0,문화체육관광위원회
윤영일,0.0,문화체육관광위원회
주승용,0.002602274872912722,문화체육관광위원회
조경태,0.00848196783660008,문화체육관광위원회
강석호,0.0013784668030831224,문화체육관광위원회
김경진,0.005162930921268681,문화체육관광위원회
김수민,0.016121608524111913,문화체육관광위원회
김현아,0.0,문화체육관광위원회
신상진,0.0,문화체육관광위원회
염동열,0.014190710672968771,문화체육관광위원회
이학재,0.0,문화체육관광위원회
신동근,0.00791162167758892,문화체육관광위원회
민홍철,0.006051048161993026,문화체육관광위원회
심재권,0.0018053302831988818,문화체육관광위원회
전재수,0.02970047628350171,문화체육관광위원회
정은혜,0.0,문화체육관광위원회
박대출,0.003931392459897517,문화체육관광위원회
강효상,0.0008889816259710856,문화체육관광위원회
김상훈,0.0,문화체육관광위원회
김선동,0.0,문화체육관광위원회
박맹우,0.0,문화체육관광위원회
이장우,0.0008316639859015168,문화체육관광위원회
이주영,0.0,문화체육관광위원회
정태옥,0.005909092270509689,문화체육관광위원회
추경호,0.0,문화체육관광위원회
홍철호,0.0,문화체육관광위원회
우상호,0.0015452291438547373,문화체육관광위원회
김부겸,0.0024266011174611563,문화체육관광위원회
윤후덕,0.0030251386739103504,문화체육관광위원회
이규희,0.0,문화체육관광위원회
정세균,0.014891844385406918,문화체육관광위원회
김성원,0.0022801011465772084,문화체육관광위원회
김용태,0.0,문화체육관광위원회
윤종필,0.0018446574452568565,문화체육관광위원회
정진석,0.0018113377062303623,문화체육관광위원회
김명연,0.0038806235130341227,문화체육관광위원회
김광림,0.0,문화체육관광위원회
김세연,0.005376279591413492,문화체육관광위원회
박주현,0.0020866474531315506,문화체육관광위원회
신보라,0.0,문화체육관광위원회
이태규,0.0,문화체육관광위원회
정인화,0.0,문화체육관광위원회
정유섭,0.001551611107431772,문화체육관광위원회
민경욱,0.00309734970003475,문화체육관광위원회
안상수,0.0,문화체육관광위원회
이은권,0.004154026434876737,문화체육관광위원회
주호영,0.005872846065576117,문화체육관광위원회
홍일표,0.0,문화체육관광위원회
김종회,0.00651698235312786,문화체육관광위원회
강창일,0.006974774013790612,문화체육관광위원회
김관영,0.006957230286767347,문화체육관광위원회
박지원,0.0,문화체육관광위원회
안호영,0.0,문화체육관광위원회
유성엽,0.023857352660955292,문화체육관광위원회
장정숙,0.003093198141235042,문화체육관광위원회
조배숙,0.002007845218084526,문화체육관광위원회
천정배,0.0,문화체육관광위원회
장병완,0.0027164044934580005,문화체육관광위원회
정운천,0.002554285860341668,문화체육관광위원회
정동영,0.0014312331780251494,문화체육관광위원회
남인순,0.0013186322359359031,문화체육관광위원회
이원욱,0.0016536737993935896,문화체육관광위원회
이찬열,0.018946016901005367,문화체육관광위원회
전혜숙,0.0,문화체육관광위원회
조정식,0.0,문화체육관광위원회
정점식,0.00043812864566122655,문화체육관광위원회
백승주,0.0,문화체육관광위원회
성일종,0.0024203102387703322,문화체육관광위원회
이만희,0.0,문화체육관광위원회
이은재,0.0019384154717428093,문화체육관광위원회
최교일,0.0,문화체육관광위원회
송석준,0.002774702551805449,문화체육관광위원회
송옥주,0.010234398406251155,문화체육관광위원회
오영훈,0.00906791774705104,문화체육관광위원회
유재중,0.0,문화체육관광위원회
윤영석,0.003396348756568533,문화체육관광위원회
전희경,0.001355086011788949,문화체육관광위원회
정용기,0.0,문화체육관광위원회
함진규,0.0024401079715956494,문화체육관광위원회
김순례,0.0,문화체육관광위원회
김현권,0.0,문화체육관광위원회
설훈,0.00753280899987051,문화체육관광위원회
송영길,0.0,문화체육관광위원회
진선미,0.0008004471822348364,문화체육관광위원회
최재성,0.0,문화체육관광위원회
김정호,0.0013772176024509886,문화체육관광위원회
정재호,0.0,문화체육관광위원회
황주홍,0.028779148652153377,문화체육관광위원회
박광온,0.006935878146843012,문화체육관광위원회
권칠승,0.0015209753950001642,문화체육관광위원회
김병관,0.0013098382924463564,문화체육관광위원회
김성수,0.0,문화체육관광위원회
김진표,0.0,문화체육관광위원회
박찬대,0.0,문화체육관광위원회
전현희,0.0,문화체육관광위원회
김재원,0.004567458355643948,문화체육관광위원회
문진국,0.0,문화체육관광위원회
한선교,0.004669311288181909,문화체육관광위원회
박명재,0.004309733919283706,문화체육관광위원회
윤재옥,0.0,문화체육관광위원회
이종구,0.0,문화체육관광위원회
정종섭,0.002524376093626158,문화체육관광위원회
곽대훈,0.0014454569130165475,문화체육관광위원회
김도읍,0.0024395824033792727,문화체육관광위원회
김재경,0.0,문화체육관광위원회
김정훈,0.0,문화체육관광위원회
김한표,0.0,문화체육관광위원회
송언석,0.0,문화체육관광위원회
엄용수,0.0,문화체육관광위원회
유기준,0.0,문화체육관광위원회
이진복,0.0,문화체육관광위원회
이철규,0.0005556624863099622,문화체육관광위원회
장석춘,0.0005908606555679995,문화체육관광위원회
이명수,0.005460595506040495,문화체육관광위원회
권미혁,0.0009312737604226418,문화체육관광위원회
김병기,0.0,문화체육관광위원회
김태년,0.0008467720082396203,문화체육관광위원회
이개호,0.0,문화체육관광위원회
표창원,0.0,문화체육관광위원회
김광수,0.0034978508005217056,문화체육관광위원회
이용호,0.0013025649060019867,문화체육관광위원회
추혜선,0.0006495233534112247,문화체육관광위원회
김진태,0.0,문화체육관광위원회
김학용,0.0010880186107295568,문화체육관광위원회
이언주,0.0011853325413327595,문화체육관광위원회
이종배,0.026064273291098505,문화체육관광위원회
홍문표,0.0037877454398218846,문화체육관광위원회
박경미,0.012161084363367523,문화체육관광위원회
맹성규,0.0,문화체육관광위원회
임종성,0.002659036262988601,문화체육관광위원회
백혜련,0.0030520761805396444,문화체육관광위원회
이정미,0.003649480064834071,문화체육관광위원회
조응천,0.001138409828305553,문화체육관광위원회
김영호,0.0007620574315846425,문화체육관광위원회
변재일,0.002548943242243195,문화체육관광위원회
안규백,0.0013259003891843003,문화체육관광위원회
이석현,0.0042180666809849285,문화체육관광위원회
조승래,0.0072921993260258175,문화체육관광위원회
최인호,0.005138842912058245,문화체육관광위원회
박완주,0.00021633531095680797,문화체육관광위원회
박홍근,0.0021554636022577726,문화체육관광위원회
우원식,0.0,문화체육관광위원회
김한정,0.0003308467692835738,문화체육관광위원회
인재근,0.002439234614910359,문화체육관광위원회
홍영표,0.001711669447765745,문화체육관광위원회
김두관,0.006129584163612348,문화체육관광위원회
백재현,0.0,문화체육관광위원회
오제세,0.00246382212217641,문화체육관광위원회
이상민,0.0013426433215016384,문화체육관광위원회
이철희,0.0,문화체육관광위원회
정성호,0.0,문화체육관광위원회
금태섭,0.0,문화체육관광위원회
박재호,0.0,문화체육관광위원회
서형수,0.0,문화체육관광위원회
정춘숙,0.0,문화체육관광위원회
채이배,0.0,문화체육관광위원회
강훈식,0.0021554053798528913,문화체육관광위원회
윤일규,0.0,문화체육관광위원회
김중로,0.0002977930992241299,문화체육관광위원회
임재훈,3.233569616767402e-05,문화체육관광위원회
정병국,0.0030821417334171808,문화체육관광위원회
주광덕,0.0,문화체육관광위원회
원혜영,0.006993782952794779,문화체육관광위원회
추미애,0.0,문화체육관광위원회
박주선,0.0018026744241386003,문화체육관광위원회
신용현,0.0,문화체육관광위원회
유동수,0.002460624366401046,문화체육관광위원회
김기선,0.0006803406397056855,문화체육관광위원회
박덕흠,0.0022986506289666966,문화체육관광위원회
이학영,0.0005521361761567827,문화체육관광위원회
김태흠,0.0,문화체육관광위원회
서청원,0.0,문화체육관광위원회
김영우,0.00029752380584064384,문화체육관광위원회
유승민,0.0,문화체육관광위원회
어기구,0.0,문화체육관광위원회
이종걸,0.0,문화체육관광위원회
김해영,0.011618818311783775,문화체육관광위원회
송기헌,0.001534440235943128,문화체육관광위원회
김종훈,0.0,문화체육관광위원회
손혜원,0.010928540167897509,문화체육관광위원회
여영국,0.0,문화체육관광위원회
이용주,0.0,문화체육관광위원회
권성동,0.0021681586859066144,문화체육관광위원회
전해철,0.0,문화체육관광위원회
이훈,0.0,문화체육관광위원회
윤호중,0.0,문화체육관광위원회
윤관석,0.0018686849191848149,문화체육관광위원회
이재정,0.0,문화체육관광위원회
홍익표,0.0,문화체육관광위원회
이양수,0.0,문화체육관광위원회
이후삼,0.0,문화체육관광위원회
김삼화,0.002896850227189204,문화체육관광위원회
유의동,0.0007737859110273076,문화체육관광위원회
하태경,0.0,문화체육관광위원회
김동철,0.006359286195331201,문화체육관광위원회
심재철,0.0005231817969499787,문화체육관광위원회
강석진,0.0,문화체육관광위원회
지상욱,0.0,문화체육관광위원회
심기준,0.0007812097629465395,문화체육관광위원회
경대수,0.0021895649522555775,문화체육관광위원회
황영철,0.0,문화체육관광위원회
이수혁,0.0,문화체육관광위원회
김경협,0.0026230300662768106,문화체육관광위원회
신경민,0.001172607208337946,문화체육관광위원회
이정현,0.0,문화체육관광위원회
윤한홍,0.0,문화체육관광위원회
윤상현,0.0003394108920966932,문화체육관광위원회
오신환,0.0009688669311643621,문화체육관광위원회
최도자,0.005300390139831293,문화체육관광위원회
여상규,0.0,문화체육관광위원회
홍의락,0.0,문화체육관광위원회
윤소하,0.0,문화체육관광위원회
김종대,0.0,문화체육관광위원회
박선숙,0.0,문화체육관광위원회
손금주,0.001796352267709514,문화체육관광위원회
심상정,0.0,문화체육관광위원회
이상돈,0.0,문화체육관광위원회
홍문종,0.0008859787418791326,문화체육관광위원회
김영진,0.0007647806971573698,문화체육관광위원회
이춘석,0.0011102126185900463,문화체육관광위원회
박주민,0.0018036959373605235,문화체육관광위원회
박순자,0.0,문화체육관광위원회
이헌승,0.0,문화체육관광위원회
이현재,0.0,문화체육관광위원회
김성환,0.0,문화체육관광위원회
권은희,0.00013622129484473878,문화체육관광위원회
강길부,0.0,문화체육관광위원회
조원진,0.0001577734367851517,문화체육관광위원회
박완수,0.0,문화체육관광위원회
황희,0.0004942524512424649,문화체육관광위원회
최운열,0.0,문화체육관광위원회
이인영,0.00014271206119024124,문화체육관광위원회
이완영,0.004518211912031689,문화체육관광위원회
장제원,0.0,문화체육관광위원회
김정우,0.0042301423986650846,문화체육관광위원회
김종석,0.0,문화체육관광위원회
이군현,0.0,문화체육관광위원회
이채익,0.0,문화체육관광위원회
박범계,0.0,문화체육관광위원회
박용진,0.0,문화체육관광위원회
강병원,0.0,문화체육관광위원회
이혜훈,0.0,문화체육관광위원회
박성중,0.001762045988006086,문화체육관광위원회
박병석,0.00043507385449641586,문화체육관광위원회
유은혜,0.0077907332491223375,문화체육관광위원회
박영선,0.0,문화체육관광위원회
나경원,0.0011025940712282062,문화체육관광위원회
정양석,0.0,문화체육관광위원회
문희상,0.0,문화체육관광위원회
오세정,0.0007606571943076985,문화체육관광위원회
양승조,0.0,문화체육관광위원회
박남춘,0.000847431174087321,문화체육관광위원회
진영,0.0,문화체육관광위원회
송기석,0.0025586748033069808,문화체육관광위원회
김경수,0.00018452339361118254,문화체육관광위원회
이해찬,0.0,문화체육관광위원회
권석창,0.0,문화체육관광위원회
최명길,0.0019726924108485967,문화체육관광위원회
이우현,0.0006825357506481148,문화체육관광위원회
이철우,0.0,문화체육관광위원회
윤종오,0.0,문화체육관광위원회
박찬우,0.0,문화체육관광위원회
박준영,0.0,문화체육관광위원회
배덕광,0.0,문화체육관광위원회
김현미,0.0,문화체육관광위원회
문미옥,0.0,문화체육관광위원회
김종태,0.0,문화체육관광위원회
안철수,0.0,문화체육관광위원회
이원욱,0.016704173112782602,과학기술정보방송통신위원회
김두관,0.0,과학기술정보방송통신위원회
김병관,0.00096347154960506,과학기술정보방송통신위원회
김영진,0.0,과학기술정보방송통신위원회
김철민,0.002684996308810369,과학기술정보방송통신위원회
박경미,0.0018189379375863199,과학기술정보방송통신위원회
박선숙,0.009813445154048106,과학기술정보방송통신위원회
이인영,0.0,과학기술정보방송통신위원회
이훈,0.0,과학기술정보방송통신위원회
정춘숙,0.0,과학기술정보방송통신위원회
한정애,0.0024290718622724684,과학기술정보방송통신위원회
홍의락,0.0005545141382372092,과학기술정보방송통신위원회
허윤정,9.604143072467099e-05,과학기술정보방송통신위원회
강병원,0.002062917359529376,과학기술정보방송통신위원회
기동민,0.0016737894310009387,과학기술정보방송통신위원회
김상희,0.00048755251961830567,과학기술정보방송통신위원회
김정우,0.0,과학기술정보방송통신위원회
김종민,0.0,과학기술정보방송통신위원회
박홍근,0.04610953670497673,과학기술정보방송통신위원회
서영교,0.012322074235426831,과학기술정보방송통신위원회
손금주,0.0020501586246037245,과학기술정보방송통신위원회
윤준호,0.0006919528238281048,과학기술정보방송통신위원회
제윤경,0.0007698942346911744,과학기술정보방송통신위원회
진선미,0.0011013029270199757,과학기술정보방송통신위원회
박광온,0.00924610861221566,과학기술정보방송통신위원회
김영주,0.001879690643080773,과학기술정보방송통신위원회
김진표,0.00014640469790032438,과학기술정보방송통신위원회
송갑석,0.0,과학기술정보방송통신위원회
신경민,0.004494653479152089,과학기술정보방송통신위원회
이상민,0.008263995622182871,과학기술정보방송통신위원회
정재호,0.0,과학기술정보방송통신위원회
김영호,0.0011167952495761506,과학기술정보방송통신위원회
노웅래,0.022481650625419358,과학기술정보방송통신위원회
민병두,0.0,과학기술정보방송통신위원회
백혜련,0.004583290020474014,과학기술정보방송통신위원회
이개호,0.0021491035985891295,과학기술정보방송통신위원회
이철희,0.003772025636025722,과학기술정보방송통신위원회
권미혁,0.0012764705548808802,과학기술정보방송통신위원회
김부겸,0.0013509518362184848,과학기술정보방송통신위원회
남인순,0.0016148440621200865,과학기술정보방송통신위원회
유승희,0.0051787344475372026,과학기술정보방송통신위원회
이용득,0.0016812834371902053,과학기술정보방송통신위원회
임종성,0.0,과학기술정보방송통신위원회
정은혜,0.0,과학기술정보방송통신위원회
표창원,0.0,과학기술정보방송통신위원회
안호영,0.0007478670356704793,과학기술정보방송통신위원회
이규희,0.0,과학기술정보방송통신위원회
이학영,0.0010333509142673944,과학기술정보방송통신위원회
김관영,0.004584846569589171,과학기술정보방송통신위원회
김삼화,0.0,과학기술정보방송통신위원회
박지원,0.0,과학기술정보방송통신위원회
유의동,0.004914755170651941,과학기술정보방송통신위원회
인재근,0.0,과학기술정보방송통신위원회
주승용,0.002368601245858434,과학기술정보방송통신위원회
채이배,0.0,과학기술정보방송통신위원회
추혜선,0.007834757027743937,과학기술정보방송통신위원회
정인화,0.0032106580920254124,과학기술정보방송통신위원회
홍문표,0.0010338255250866746,과학기술정보방송통신위원회
김성찬,0.0,과학기술정보방송통신위원회
김학용,0.0,과학기술정보방송통신위원회
박덕흠,0.0,과학기술정보방송통신위원회
박성중,0.008113750205918186,과학기술정보방송통신위원회
안상수,0.0,과학기술정보방송통신위원회
위성곤,0.001114755122295558,과학기술정보방송통신위원회
이명수,0.003753930236842038,과학기술정보방송통신위원회
이은권,0.04002302493833252,과학기술정보방송통신위원회
정병국,0.001964011898952127,과학기술정보방송통신위원회
유성엽,0.0018899518311499782,과학기술정보방송통신위원회
김광수,0.0008856730033276515,과학기술정보방송통신위원회
김종회,0.0023676350198777994,과학기술정보방송통신위원회
윤영석,0.0038662393989677504,과학기술정보방송통신위원회
윤영일,0.0,과학기술정보방송통신위원회
임재훈,0.0004544598663914576,과학기술정보방송통신위원회
장정숙,0.0022717293702293776,과학기술정보방송통신위원회
전재수,0.0,과학기술정보방송통신위원회
황주홍,0.03818194855022097,과학기술정보방송통신위원회
장병완,0.0025506933822524495,과학기술정보방송통신위원회
김민기,0.0009389397581452169,과학기술정보방송통신위원회
설훈,0.0,과학기술정보방송통신위원회
송옥주,0.0016650720188671308,과학기술정보방송통신위원회
안규백,0.0,과학기술정보방송통신위원회
이상헌,0.0,과학기술정보방송통신위원회
이찬열,0.01484269612685368,과학기술정보방송통신위원회
이후삼,0.0,과학기술정보방송통신위원회
박찬대,0.001930639485589105,과학기술정보방송통신위원회
김현권,0.0,과학기술정보방송통신위원회
맹성규,0.0,과학기술정보방송통신위원회
신창현,0.005270623462940434,과학기술정보방송통신위원회
윤관석,0.0,과학기술정보방송통신위원회
정성호,0.006238283174443567,과학기술정보방송통신위원회
최연혜,0.0016362047622309778,과학기술정보방송통신위원회
곽대훈,0.0,과학기술정보방송통신위원회
김규환,0.00181884991057426,과학기술정보방송통신위원회
김도읍,0.006213089734217885,과학기술정보방송통신위원회
김정재,0.006138881554556425,과학기술정보방송통신위원회
백승주,0.0,과학기술정보방송통신위원회
이만희,0.0,과학기술정보방송통신위원회
이종배,0.004491733972133848,과학기술정보방송통신위원회
이채익,0.0018379245924366938,과학기술정보방송통신위원회
홍철호,0.001456052640467708,과학기술정보방송통신위원회
권성동,0.0,과학기술정보방송통신위원회
김석기,0.00540331578538246,과학기술정보방송통신위원회
김재경,0.0013357579392827103,과학기술정보방송통신위원회
성일종,0.0,과학기술정보방송통신위원회
송언석,0.0,과학기술정보방송통신위원회
이종구,0.0,과학기술정보방송통신위원회
정갑윤,0.011389921936922245,과학기술정보방송통신위원회
조훈현,0.0009384780983584426,과학기술정보방송통신위원회
추경호,0.003597020780033452,과학기술정보방송통신위원회
고용진,0.011323302020669626,과학기술정보방송통신위원회
김정호,0.0,과학기술정보방송통신위원회
박정,0.020896499232083397,과학기술정보방송통신위원회
전현희,0.0,과학기술정보방송통신위원회
조정식,0.0,과학기술정보방송통신위원회
최재성,0.0,과학기술정보방송통신위원회
김병기,0.002989242526069703,과학기술정보방송통신위원회
이종걸,0.0040707012200079185,과학기술정보방송통신위원회
김경진,0.035370273723478965,과학기술정보방송통신위원회
송영길,0.0,과학기술정보방송통신위원회
조응천,0.0006036883886547188,과학기술정보방송통신위원회
강창일,0.000406954355067486,과학기술정보방송통신위원회
강훈식,0.0,과학기술정보방송통신위원회
김세연,0.007419534102627248,과학기술정보방송통신위원회
김태흠,0.0,과학기술정보방송통신위원회
윤상직,0.009466885187604579,과학기술정보방송통신위원회
천정배,0.0004846712534301357,과학기술정보방송통신위원회
최도자,0.0017967871129404961,과학기술정보방송통신위원회
강석진,0.0,과학기술정보방송통신위원회
김승희,0.00299811776150831,과학기술정보방송통신위원회
문진국,0.0,과학기술정보방송통신위원회
박인숙,0.009325700675455961,과학기술정보방송통신위원회
이동섭,0.0054924013756796446,과학기술정보방송통신위원회
이종명,0.0,과학기술정보방송통신위원회
정유섭,0.0,과학기술정보방송통신위원회
최교일,0.0,과학기술정보방송통신위원회
김성원,0.0038964621764206965,과학기술정보방송통신위원회
박맹우,0.001887732511221277,과학기술정보방송통신위원회
윤한홍,0.0006811540771917501,과학기술정보방송통신위원회
이언주,0.0029070509269507913,과학기술정보방송통신위원회
정종섭,0.0003674531906217809,과학기술정보방송통신위원회
정태옥,0.002861839612790126,과학기술정보방송통신위원회
박대출,0.006916707746412383,과학기술정보방송통신위원회
김영우,0.0,과학기술정보방송통신위원회
민경욱,0.011058338618109365,과학기술정보방송통신위원회
박완수,0.0032416114296349224,과학기술정보방송통신위원회
이진복,0.0,과학기술정보방송통신위원회
주호영,0.005236107979012497,과학기술정보방송통신위원회
김명연,0.0,과학기술정보방송통신위원회
김선동,0.0008121563256115416,과학기술정보방송통신위원회
이학재,0.002953777975175122,과학기술정보방송통신위원회
홍문종,0.0,과학기술정보방송통신위원회
권칠승,0.004150983312695693,과학기술정보방송통신위원회
김성수,0.01568094835273697,과학기술정보방송통신위원회
김태년,0.0,과학기술정보방송통신위원회
김해영,0.0022460969552260575,과학기술정보방송통신위원회
소병훈,0.0,과학기술정보방송통신위원회
강길부,0.002665892826111582,과학기술정보방송통신위원회
김종훈,0.003246635562935766,과학기술정보방송통신위원회
손혜원,0.0,과학기술정보방송통신위원회
이용주,0.0,과학기술정보방송통신위원회
이정현,0.0010388459324035943,과학기술정보방송통신위원회
송희경,0.048279417959687224,과학기술정보방송통신위원회
강석호,0.0,과학기술정보방송통신위원회
김무성,0.0,과학기술정보방송통신위원회
김중로,0.002231239247617098,과학기술정보방송통신위원회
김현아,0.0,과학기술정보방송통신위원회
원유철,0.0097296575841816,과학기술정보방송통신위원회
심재철,0.0029148109279672836,과학기술정보방송통신위원회
염동열,0.0,과학기술정보방송통신위원회
임이자,0.0012584569105241893,과학기술정보방송통신위원회
윤소하,0.0,과학기술정보방송통신위원회
이정미,0.0,과학기술정보방송통신위원회
변재일,0.006908299697458711,과학기술정보방송통신위원회
신용현,0.017518323787207864,과학기술정보방송통신위원회
윤후덕,0.0025972714388664084,과학기술정보방송통신위원회
이용호,0.0013638528920536296,과학기술정보방송통신위원회
정동영,0.001068578433374574,과학기술정보방송통신위원회
김광림,0.000666178100326415,과학기술정보방송통신위원회
김용태,0.0,과학기술정보방송통신위원회
윤종필,0.003959794109061804,과학기술정보방송통신위원회
김상훈,0.004426277108864955,과학기술정보방송통신위원회
정진석,0.001126125122945104,과학기술정보방송통신위원회
조경태,0.008109571954762172,과학기술정보방송통신위원회
서삼석,0.0,과학기술정보방송통신위원회
하태경,0.008067327671750306,과학기술정보방송통신위원회
권은희,0.0,과학기술정보방송통신위원회
김수민,0.006589246224634756,과학기술정보방송통신위원회
오신환,0.00038796757694844325,과학기술정보방송통신위원회
유승민,0.0,과학기술정보방송통신위원회
정운천,0.005985659636881875,과학기술정보방송통신위원회
지상욱,0.0,과학기술정보방송통신위원회
우원식,0.012809606738585843,과학기술정보방송통신위원회
김성환,0.0,과학기술정보방송통신위원회
오영훈,0.000527781742665521,과학기술정보방송통신위원회
최인호,0.001792934098845957,과학기술정보방송통신위원회
김경협,0.0010621544191140317,과학기술정보방송통신위원회
안민석,0.0,과학기술정보방송통신위원회
박완주,0.00015891241030821418,과학기술정보방송통신위원회
윤일규,0.001472227696948747,과학기술정보방송통신위원회
박재호,0.009323623088250969,과학기술정보방송통신위원회
원혜영,0.006911751407644257,과학기술정보방송통신위원회
서형수,0.00035624608464692424,과학기술정보방송통신위원회
심기준,0.0008474558977723439,과학기술정보방송통신위원회
어기구,0.0,과학기술정보방송통신위원회
정세균,0.0056105876510028655,과학기술정보방송통신위원회
홍영표,0.0,과학기술정보방송통신위원회
도종환,0.0,과학기술정보방송통신위원회
조승래,0.0017477323634636388,과학기술정보방송통신위원회
이춘석,0.0016107253621027446,과학기술정보방송통신위원회
금태섭,0.0009079369444901045,과학기술정보방송통신위원회
민홍철,0.0022106967431160603,과학기술정보방송통신위원회
추미애,0.0,과학기술정보방송통신위원회
신보라,0.0,과학기술정보방송통신위원회
박명재,0.009823228561951586,과학기술정보방송통신위원회
황영철,0.0,과학기술정보방송통신위원회
김기선,0.0,과학기술정보방송통신위원회
김순례,0.0,과학기술정보방송통신위원회
박순자,0.0,과학기술정보방송통신위원회
이양수,0.0005125091081438499,과학기술정보방송통신위원회
이장우,0.0006444671651570017,과학기술정보방송통신위원회
이헌승,0.002508046802780262,과학기술정보방송통신위원회
강효상,0.005673342007763937,과학기술정보방송통신위원회
한선교,0.00041179728192074677,과학기술정보방송통신위원회
신상진,0.0210625386119624,과학기술정보방송통신위원회
조배숙,0.0,과학기술정보방송통신위원회
박용진,0.00036979685766845794,과학기술정보방송통신위원회
김재원,0.0008199237615699171,과학기술정보방송통신위원회
유기준,0.0,과학기술정보방송통신위원회
유민봉,0.005669055260556454,과학기술정보방송통신위원회
유재중,0.002662905066096982,과학기술정보방송통신위원회
정양석,0.0,과학기술정보방송통신위원회
전혜숙,0.0,과학기술정보방송통신위원회
장석춘,0.0030762286155742837,과학기술정보방송통신위원회
유동수,0.013822610829525128,과학기술정보방송통신위원회
오제세,0.0006925017944505202,과학기술정보방송통신위원회
이석현,0.0,과학기술정보방송통신위원회
송기헌,0.0006219815426245061,과학기술정보방송통신위원회
최운열,0.0,과학기술정보방송통신위원회
백재현,0.0022549974374254413,과학기술정보방송통신위원회
신동근,0.0,과학기술정보방송통신위원회
김영춘,0.0029177604836795206,과학기술정보방송통신위원회
황희,0.0015979972305290725,과학기술정보방송통신위원회
정용기,0.005373571494910641,과학기술정보방송통신위원회
윤재옥,0.0014903750773882039,과학기술정보방송통신위원회
주광덕,0.0022598164739084294,과학기술정보방송통신위원회
이철규,0.0005460677178608189,과학기술정보방송통신위원회
이현재,0.0,과학기술정보방송통신위원회
전해철,0.00036825905157416666,과학기술정보방송통신위원회
김동철,0.0,과학기술정보방송통신위원회
엄용수,0.0036283306089223877,과학기술정보방송통신위원회
장제원,0.0023006879050228015,과학기술정보방송통신위원회
이주영,0.0,과학기술정보방송통신위원회
이재정,0.0007385710519047118,과학기술정보방송통신위원회
박주민,0.0071959381423344565,과학기술정보방송통신위원회
윤호중,0.0,과학기술정보방송통신위원회
홍익표,0.0,과학기술정보방송통신위원회
박주선,0.0,과학기술정보방송통신위원회
정점식,0.0,과학기술정보방송통신위원회
경대수,0.0,과학기술정보방송통신위원회
김진태,0.0,과학기술정보방송통신위원회
조원진,0.0,과학기술정보방송통신위원회
이수혁,0.0,과학기술정보방송통신위원회
이혜훈,0.0,과학기술정보방송통신위원회
김종석,0.0,과학기술정보방송통신위원회
송석준,0.0,과학기술정보방송통신위원회
곽상도,0.00037886450724122875,과학기술정보방송통신위원회
김정훈,0.0022819364994720783,과학기술정보방송통신위원회
여상규,0.0,과학기술정보방송통신위원회
심재권,0.024067226531592056,과학기술정보방송통신위원회
심상정,0.0,과학기술정보방송통신위원회
이은재,0.0,과학기술정보방송통신위원회
김성식,0.0,과학기술정보방송통신위원회
김한표,0.0,과학기술정보방송통신위원회
박주현,0.0004588702466771112,과학기술정보방송통신위원회
전희경,0.00025143616895420323,과학기술정보방송통신위원회
이완영,0.0008448084174126676,과학기술정보방송통신위원회
정우택,0.0,과학기술정보방송통신위원회
이군현,0.0,과학기술정보방송통신위원회
우상호,0.00017370768259047857,과학기술정보방송통신위원회
박범계,0.0010136189805480453,과학기술정보방송통신위원회
김종대,0.0,과학기술정보방송통신위원회
유은혜,0.0,과학기술정보방송통신위원회
박영선,0.0,과학기술정보방송통신위원회
이태규,0.0009196667086775913,과학기술정보방송통신위원회
윤상현,0.0006438385889133169,과학기술정보방송통신위원회
함진규,0.0035565374518595535,과학기술정보방송통신위원회
김한정,0.0,과학기술정보방송통신위원회
오세정,0.013928760185530242,과학기술정보방송통신위원회
이해찬,0.0,과학기술정보방송통신위원회
진영,0.0,과학기술정보방송통신위원회
노회찬,0.00014306611813743073,과학기술정보방송통신위원회
이상돈,0.0,과학기술정보방송통신위원회
문희상,0.0,과학기술정보방송통신위원회
홍일표,0.0,과학기술정보방송통신위원회
박남춘,0.0,과학기술정보방송통신위원회
양승조,0.0,과학기술정보방송통신위원회
권석창,0.0,과학기술정보방송통신위원회
서청원,0.0,과학기술정보방송통신위원회
송기석,0.0,과학기술정보방송통신위원회
박찬우,0.0,과학기술정보방송통신위원회
이철우,0.0010605521518673978,과학기술정보방송통신위원회
박준영,0.0,과학기술정보방송통신위원회
나경원,0.0,과학기술정보방송통신위원회
최명길,0.0032506657823000635,과학기술정보방송통신위원회
윤종오,0.0009937126334262703,과학기술정보방송통신위원회
배덕광,0.0029675025248332076,과학기술정보방송통신위원회
문미옥,0.004005850253921039,과학기술정보방송통신위원회
김경수,0.0,과학기술정보방송통신위원회
김현미,0.0,과학기술정보방송통신위원회
박병석,0.0,과학기술정보방송통신위원회
이우현,0.0,과학기술정보방송통신위원회
김종태,0.0,과학기술정보방송통신위원회
안철수,0.0,과학기술정보방송통신위원회
백혜련,0.013999945145367473,국회운영위원회
강훈식,0.0,국회운영위원회
김영주,0.0,국회운영위원회
김영진,0.00068747221732214,국회운영위원회
박광온,0.0043122981861664035,국회운영위원회
박범계,0.0,국회운영위원회
박주민,0.02996424567963635,국회운영위원회
안호영,0.0,국회운영위원회
이재정,0.0027540249660707988,국회운영위원회
이종걸,0.0034609630701973567,국회운영위원회
정성호,0.007967948610075647,국회운영위원회
허윤정,0.0,국회운영위원회
정병국,0.016288162175218848,국회운영위원회
강창일,0.003359453485210595,국회운영위원회
김경협,0.0022330807338372667,국회운영위원회
김무성,0.0,국회운영위원회
김상희,0.0044775922702176355,국회운영위원회
김세연,0.008325189532782017,국회운영위원회
박경미,0.0,국회운영위원회
박명재,0.02285383909141329,국회운영위원회
박홍근,0.01068693118800559,국회운영위원회
백재현,0.006324885853986555,국회운영위원회
서삼석,0.0,국회운영위원회
손금주,0.00723884215915196,국회운영위원회
신용현,0.0,국회운영위원회
신창현,0.0038715219162541795,국회운영위원회
심재권,0.005275282423960646,국회운영위원회
원유철,0.0,국회운영위원회
원혜영,0.008379629640043865,국회운영위원회
유승희,0.014280295335507162,국회운영위원회
이석현,0.0020568986176177006,국회운영위원회
이용득,0.0,국회운영위원회
이훈,0.0,국회운영위원회
정갑윤,0.0011531374013347521,국회운영위원회
정운천,0.0,국회운영위원회
최운열,0.0,국회운영위원회
강병원,0.0020957470712376675,국회운영위원회
권미혁,0.0,국회운영위원회
기동민,0.004456277504652176,국회운영위원회
김민기,0.002068578526028278,국회운영위원회
김병관,0.0006467633642046421,국회운영위원회
김영춘,0.0,국회운영위원회
김철민,0.011666878564218656,국회운영위원회
김태년,0.0006293861866002037,국회운영위원회
민병두,0.0013438136476020632,국회운영위원회
서영교,0.001291932713040995,국회운영위원회
송기헌,0.0005247611904882209,국회운영위원회
심기준,0.0,국회운영위원회
우원식,0.01435459312894386,국회운영위원회
윤후덕,0.002168771423070604,국회운영위원회
이개호,0.0,국회운영위원회
이후삼,0.0,국회운영위원회
정인화,0.009202003378133655,국회운영위원회
정재호,0.0,국회운영위원회
조승래,0.001563694957920141,국회운영위원회
최재성,0.001108818631086302,국회운영위원회
심재철,0.003804727483698305,국회운영위원회
강효상,0.004469111953539516,국회운영위원회
김명연,0.0,국회운영위원회
김정재,0.0022441002702603824,국회운영위원회
김한표,0.003600182130157417,국회운영위원회
김현아,0.0066271386335907175,국회운영위원회
박덕흠,0.0,국회운영위원회
성일종,0.004897689242681442,국회운영위원회
윤종필,0.0,국회운영위원회
최연혜,0.0015911971761336302,국회운영위원회
홍철호,0.0010436750791462488,국회운영위원회
문희상,0.001087439669199928,국회운영위원회
김동철,0.0,국회운영위원회
김진표,0.0003454114253058438,국회운영위원회
여영국,0.0,국회운영위원회
윤관석,0.0,국회운영위원회
홍의락,0.0,국회운영위원회
김정우,0.006964746945935239,국회운영위원회
이철희,0.0,국회운영위원회
송언석,0.0021830806303190413,국회운영위원회
강석호,0.0006102122296734245,국회운영위원회
곽대훈,0.0,국회운영위원회
김석기,0.004780806465197502,국회운영위원회
김용태,0.0,국회운영위원회
송희경,0.004980743276492009,국회운영위원회
추경호,0.00582621898345398,국회운영위원회
함진규,0.0019326199298215566,국회운영위원회
김성원,0.0056292773035328345,국회운영위원회
김종석,0.0025292274440810785,국회운영위원회
김진태,0.0,국회운영위원회
이현재,0.0013733632197746063,국회운영위원회
정태옥,0.0,국회운영위원회
박인숙,0.007785311459084793,국회운영위원회
김상훈,0.0,국회운영위원회
김승희,0.04137716319697878,국회운영위원회
송석준,0.0,국회운영위원회
정진석,0.0,국회운영위원회
오신환,0.0009380232027473804,국회운영위원회
김삼화,0.005466054596794372,국회운영위원회
김수민,0.0030490688031411515,국회운영위원회
유승민,0.002022997724845331,국회운영위원회
유의동,0.008219260238463637,국회운영위원회
이동섭,0.007247154990985661,국회운영위원회
지상욱,0.0010588743999501266,국회운영위원회
하태경,0.005733334322931354,국회운영위원회
김정호,0.0010383435519830222,국회운영위원회
고용진,0.001624963725841992,국회운영위원회
김병기,0.00997586228871933,국회운영위원회
민홍철,0.0,국회운영위원회
송옥주,0.0073673676960517055,국회운영위원회
윤준호,0.0,국회운영위원회
윤호중,0.0010881979603175424,국회운영위원회
이상헌,0.003185005053990112,국회운영위원회
이찬열,0.006501512438176276,국회운영위원회
전재수,0.0,국회운영위원회
한정애,0.0,국회운영위원회
전해철,0.0014015965609127468,국회운영위원회
김종민,0.001465929261683201,국회운영위원회
김한정,0.005094772272021138,국회운영위원회
김현권,0.0,국회운영위원회
맹성규,0.0,국회운영위원회
박재호,0.0011568353768243314,국회운영위원회
박정,0.014831992355680876,국회운영위원회
박찬대,0.003819230726894845,국회운영위원회
설훈,0.01081008948701336,국회운영위원회
소병훈,0.007306259387856876,국회운영위원회
송영길,0.0,국회운영위원회
위성곤,0.0023298419383560205,국회운영위원회
유동수,0.00851169433407669,국회운영위원회
윤일규,0.0,국회운영위원회
이학영,0.0009726629093181204,국회운영위원회
임종성,0.0,국회운영위원회
전현희,0.0009364109144628486,국회운영위원회
전혜숙,0.0018241982129947043,국회운영위원회
정춘숙,0.001022233132649129,국회운영위원회
제윤경,0.0,국회운영위원회
최인호,0.0,국회운영위원회
홍영표,0.0010363686825181344,국회운영위원회
안상수,0.02743031799597877,국회운영위원회
김경진,0.04179909368203488,국회운영위원회
김영우,0.005921505151475583,국회운영위원회
김태흠,0.0068763438312268235,국회운영위원회
민경욱,0.0,국회운영위원회
박맹우,0.0058869334835866,국회운영위원회
염동열,0.0,국회운영위원회
윤상직,0.0,국회운영위원회
윤상현,0.0005791113935937552,국회운영위원회
윤재옥,0.002442962734097356,국회운영위원회
윤한홍,0.00350238572013979,국회운영위원회
이명수,0.0030931868322355257,국회운영위원회
이언주,0.0008897037608557982,국회운영위원회
이종명,0.0,국회운영위원회
이주영,0.01895533233145391,국회운영위원회
이채익,0.0,국회운영위원회
이학재,0.0,국회운영위원회
이헌승,0.0,국회운영위원회
장석춘,0.002796564698868261,국회운영위원회
정용기,0.0017567042110061125,국회운영위원회
정우택,0.0005074003685392226,국회운영위원회
정유섭,0.0,국회운영위원회
정점식,0.0,국회운영위원회
조배숙,0.005028898378292231,국회운영위원회
조원진,0.0004943387440331535,국회운영위원회
주광덕,0.0012755800501568304,국회운영위원회
홍문표,0.0,국회운영위원회
황주홍,0.034856680043960586,국회운영위원회
심상정,0.002075454432903829,국회운영위원회
김종대,0.0,국회운영위원회
손혜원,0.007123425971450774,국회운영위원회
유성엽,0.003602344826182207,국회운영위원회
윤소하,0.005485710734384085,국회운영위원회
이정미,0.0008578024379979211,국회운영위원회
정동영,0.004116854487772091,국회운영위원회
천정배,0.0035718904175213503,국회운영위원회
추혜선,0.008927801230222611,국회운영위원회
김재원,0.0,국회운영위원회
박성중,0.002412934696294102,국회운영위원회
이만희,0.0008619640800066107,국회운영위원회
임이자,0.0,국회운영위원회
김광수,0.0027236233798815742,국회운영위원회
김종회,0.0035680291644228242,국회운영위원회
박지원,0.0,국회운영위원회
장병완,0.04601115792036651,국회운영위원회
홍문종,0.0,국회운영위원회
강석진,0.006665898424076359,국회운영위원회
김규환,0.0,국회운영위원회
이양수,0.0,국회운영위원회
이은권,0.0,국회운영위원회
김두관,0.0,국회운영위원회
윤영일,0.0,국회운영위원회
이규희,0.0,국회운영위원회
이춘석,0.002779593220310709,국회운영위원회
노웅래,0.004827158749449313,국회운영위원회
김해영,0.010386822242982605,국회운영위원회
남인순,0.0,국회운영위원회
정은혜,0.0,국회운영위원회
안민석,0.0012894053426002288,국회운영위원회
송갑석,0.0,국회운영위원회
금태섭,0.007625602018821796,국회운영위원회
이인영,0.0003837749050780702,국회운영위원회
이원욱,0.0027658556773666725,국회운영위원회
박선숙,0.0,국회운영위원회
서형수,0.001522080941181224,국회운영위원회
인재근,0.0015691120250431643,국회운영위원회
조응천,0.00016097796161508755,국회운영위원회
곽상도,0.03209162540850308,국회운영위원회
경대수,0.0,국회운영위원회
권성동,0.0,국회운영위원회
김광림,0.0,국회운영위원회
김기선,0.0,국회운영위원회
김도읍,0.0053404207988998025,국회운영위원회
김선동,0.0,국회운영위원회
김성찬,0.006248810704533176,국회운영위원회
김순례,0.0,국회운영위원회
김재경,0.0006963406719838184,국회운영위원회
김정훈,8.680804634405798e-06,국회운영위원회
김학용,0.0,국회운영위원회
나경원,0.0,국회운영위원회
문진국,0.0,국회운영위원회
박대출,0.002428617170319905,국회운영위원회
박순자,0.0,국회운영위원회
박완수,0.005274283348981574,국회운영위원회
백승주,0.0007730896991752798,국회운영위원회
신보라,0.027334158303185457,국회운영위원회
신상진,0.006598150833912286,국회운영위원회
엄용수,0.0031873760845297387,국회운영위원회
여상규,0.0,국회운영위원회
유기준,0.0,국회운영위원회
유민봉,0.004835328517743726,국회운영위원회
유재중,0.0,국회운영위원회
윤영석,0.0,국회운영위원회
이은재,0.0,국회운영위원회
이장우,0.0,국회운영위원회
이종구,0.0,국회운영위원회
이종배,0.0023492181382462124,국회운영위원회
이진복,0.0,국회운영위원회
이철규,0.0,국회운영위원회
장제원,0.0021872786763024545,국회운영위원회
전희경,0.0,국회운영위원회
정양석,0.006007037166183016,국회운영위원회
정종섭,0.0027148172860709946,국회운영위원회
조경태,0.009531950174147022,국회운영위원회
조훈현,0.0,국회운영위원회
주호영,0.015669219368552274,국회운영위원회
최교일,0.0024620640708022273,국회운영위원회
한선교,0.00038856606502565984,국회운영위원회
홍일표,0.000975949400882506,국회운영위원회
황영철,0.0,국회운영위원회
신경민,0.0026288593789026665,국회운영위원회
박주현,5.945280317575128e-05,국회운영위원회
이용주,0.0,국회운영위원회
권칠승,0.0036767215024384337,국회운영위원회
김영호,0.0014583660567544815,국회운영위원회
표창원,0.0033111015443996676,국회운영위원회
변재일,0.004731456296414472,국회운영위원회
안규백,0.003775904967646895,국회운영위원회
이용호,0.0,국회운영위원회
장정숙,0.008847776402699863,국회운영위원회
최도자,0.021596667373311333,국회운영위원회
홍익표,0.0008519888292918103,국회운영위원회
오영훈,0.0,국회운영위원회
김부겸,0.0002329920142859095,국회운영위원회
신동근,0.000981838228922665,국회운영위원회
김성수,0.003217501286061516,국회운영위원회
박완주,0.0022779337712837944,국회운영위원회
이수혁,0.006118599905796806,국회운영위원회
이혜훈,0.0,국회운영위원회
임재훈,0.0004136981076903896,국회운영위원회
채이배,0.011667767591989054,국회운영위원회
도종환,0.0,국회운영위원회
주승용,0.01000478795201909,국회운영위원회
정세균,0.005202606754545151,국회운영위원회
황희,0.0012352830206862422,국회운영위원회
어기구,0.0018723773992077516,국회운영위원회
이완영,0.010592414419641654,국회운영위원회
김관영,0.02027919103191433,국회운영위원회
박주선,0.0,국회운영위원회
김중로,0.004593407072164497,국회운영위원회
이정현,0.0003055051688037904,국회운영위원회
박병석,0.00011145309324328995,국회운영위원회
김종훈,0.0018855111741880903,국회운영위원회
우상호,0.0005286891347471687,국회운영위원회
권은희,0.0013341632365990027,국회운영위원회
이태규,0.006578392049203209,국회운영위원회
박영선,0.002716509663438858,국회운영위원회
진선미,0.0029918005358676196,국회운영위원회
강길부,0.0,국회운영위원회
서청원,0.0,국회운영위원회
조정식,0.006683331825718128,국회운영위원회
이상돈,0.0021146801925840493,국회운영위원회
오제세,0.0,국회운영위원회
이해찬,0.008835639213007571,국회운영위원회
유은혜,0.005426733819047938,국회운영위원회
추미애,0.003464705391995588,국회운영위원회
노회찬,0.0012529375520151861,국회운영위원회
박용진,0.002401394514829265,국회운영위원회
김경수,0.0003166153743590556,국회운영위원회
박남춘,0.0021064692775356417,국회운영위원회
오세정,0.0015974981601591235,국회운영위원회
권석창,0.0,국회운영위원회
김성식,0.0,국회운영위원회
양승조,0.0011412793958566602,국회운영위원회
박준영,0.0,국회운영위원회
진영,0.0,국회운영위원회
윤종오,0.0,국회운영위원회
송기석,0.000714017022853863,국회운영위원회
최명길,0.0008871548847468495,국회운영위원회
박찬우,0.0,국회운영위원회
이우현,0.0,국회운영위원회
이철우,0.0,국회운영위원회
배덕광,0.0,국회운영위원회
문미옥,0.002336318640408613,국회운영위원회
이군현,0.0,국회운영위원회
김현미,0.0017421768036659188,국회운영위원회
김진표,0.009151280767974872,국방위원회
권칠승,0.007758743453375748,국방위원회
김병기,0.02645851603856747,국방위원회
김영진,0.0,국방위원회
김종민,0.0031193043868571616,국방위원회
남인순,0.0,국방위원회
박광온,0.002879823395698782,국방위원회
변재일,0.002704820111558486,국방위원회
윤후덕,0.002270493860533117,국방위원회
임종성,0.0,국방위원회
조승래,0.004598251553174828,국방위원회
홍영표,0.002278205442355779,국방위원회
안규백,0.07213068989595287,국방위원회
강훈식,0.0014388197140170458,국방위원회
기동민,0.0031258702042909975,국방위원회
김철민,0.0026413458122927294,국방위원회
백승주,0.022853008077983662,국방위원회
우원식,0.0,국방위원회
유동수,0.012816064061517262,국방위원회
유의동,0.004495134462835566,국방위원회
윤관석,0.0,국방위원회
이학영,0.0010016603929536019,국방위원회
김성원,0.006138408254248527,국방위원회
경대수,0.010770547229934138,국방위원회
김명연,0.000199733737796598,국방위원회
김순례,0.0,국방위원회
김정재,0.0019770168887998066,국방위원회
김종석,0.0,국방위원회
윤상직,0.0,국방위원회
이은권,0.0,국방위원회
함진규,0.0,국방위원회
김종대,0.021018350824210493,국방위원회
강창일,0.0009293324567546718,국방위원회
설훈,0.0,국방위원회
심상정,0.0,국방위원회
여영국,0.0,국방위원회
윤소하,0.0,국방위원회
이용득,0.0,국방위원회
이정미,0.0,국방위원회
인재근,0.0006695653742010006,국방위원회
제윤경,0.0,국방위원회
조배숙,0.0,국방위원회
추혜선,0.0,국방위원회
조원진,0.000343277540776739,국방위원회
김진태,0.0014943600105082973,국방위원회
민경욱,0.002816612103044731,국방위원회
박덕흠,0.0,국방위원회
서청원,0.006958518469314947,국방위원회
원유철,0.014435014108981842,국방위원회
윤상현,0.0,국방위원회
윤종필,0.001618577246239794,국방위원회
이현재,0.0,국방위원회
김영호,0.0,국방위원회
민홍철,0.01598867813438999,국방위원회
신창현,0.0,국방위원회
이상헌,0.0,국방위원회
정은혜,0.0,국방위원회
최운열,0.0,국방위원회
한정애,0.0,국방위원회
강석호,0.0,국방위원회
김정훈,0.0,국방위원회
이언주,0.004563109386358876,국방위원회
이학재,0.0,국방위원회
임이자,0.0,국방위원회
하태경,0.0020416549720921238,국방위원회
김삼화,0.0013788233949809992,국방위원회
오신환,0.0,국방위원회
유승민,0.013728356825994215,국방위원회
이동섭,0.0,국방위원회
이혜훈,0.0,국방위원회
정병국,0.0,국방위원회
정운천,0.0,국방위원회
지상욱,0.0,국방위원회
박찬대,0.0024642455919608418,국방위원회
김현권,0.0,국방위원회
맹성규,0.0,국방위원회
박홍근,0.009903892447877026,국방위원회
서영교,0.012084794744463443,국방위원회
이찬열,0.022664728092771223,국방위원회
장정숙,0.0,국방위원회
정성호,0.0,국방위원회
도종환,0.0004143334869289827,국방위원회
강병원,0.0,국방위원회
김태년,0.0006711364562031221,국방위원회
노웅래,0.0,국방위원회
박재호,0.0,국방위원회
오제세,0.0,국방위원회
조정식,0.0,국방위원회
최인호,0.0010406421814520422,국방위원회
최재성,0.0033709722402160388,국방위원회
권은희,0.004080156967575092,국방위원회
김수민,0.0,국방위원회
신용현,0.006830414216896054,국방위원회
심재철,0.0033532584151976,국방위원회
김광림,0.0,국방위원회
박대출,0.0009360557867331764,국방위원회
여상규,0.002140373417390228,국방위원회
유기준,0.0,국방위원회
정갑윤,0.0,국방위원회
정용기,0.0,국방위원회
김태흠,0.0,국방위원회
송희경,0.0037747419357052774,국방위원회
조경태,0.0,국방위원회
이만희,0.0017521281137102688,국방위원회
김승희,0.0,국방위원회
송석준,0.002418201837484893,국방위원회
정점식,0.0,국방위원회
최교일,0.0,국방위원회
최연혜,0.0,국방위원회
김정호,0.0,국방위원회
김해영,0.0016492339502668552,국방위원회
서삼석,0.0,국방위원회
송갑석,0.0049702120032137,국방위원회
윤영일,0.0,국방위원회
이개호,0.011745460662539488,국방위원회
이용주,0.0006628988581457389,국방위원회
이종걸,0.005426885481685969,국방위원회
최도자,0.0018429355495203376,국방위원회
김경협,0.0,국방위원회
신동근,0.0,국방위원회
김두관,0.0,국방위원회
김정우,0.0,국방위원회
윤일규,0.0,국방위원회
이원욱,0.0,국방위원회
이후삼,0.0,국방위원회
오영훈,0.0,국방위원회
위성곤,0.0,국방위원회
이석현,0.000283172165650799,국방위원회
김부겸,0.0,국방위원회
백재현,0.0032227169637856997,국방위원회
심재권,0.0011734241199394986,국방위원회
이상민,0.0,국방위원회
이철희,0.024641351937275603,국방위원회
조응천,0.0018954886675217621,국방위원회
진선미,0.0,국방위원회
김상희,0.0016092796988112024,국방위원회
이춘석,0.002401471337384601,국방위원회
정재호,0.0,국방위원회
금태섭,0.0024549650773227857,국방위원회
박지원,0.0,국방위원회
백혜련,0.004129721636147014,국방위원회
안민석,0.0,국방위원회
원혜영,0.003339712310434598,국방위원회
고용진,0.0,국방위원회
박정,0.007173588740785309,국방위원회
윤준호,0.0,국방위원회
이규희,0.0,국방위원회
박선숙,0.0,국방위원회
안호영,0.0,국방위원회
정세균,0.0,국방위원회
서형수,0.0,국방위원회
정인화,0.0029257701500537375,국방위원회
김규환,0.0009122814084126832,국방위원회
김기선,0.006232542275313853,국방위원회
김한표,0.0,국방위원회
김현아,0.002006618497056846,국방위원회
이채익,0.004735373233684805,국방위원회
정유섭,0.0,국방위원회
정양석,0.0014556270378072679,국방위원회
김무성,0.0,국방위원회
김영우,0.016165593716133683,국방위원회
김재경,0.0,국방위원회
유민봉,0.006236872273564491,국방위원회
이정현,0.0,국방위원회
이종명,0.03309634588999519,국방위원회
이주영,0.001921177155373371,국방위원회
정진석,0.0015298391443373035,국방위원회
전재수,0.0,국방위원회
이철규,0.005938796896028992,국방위원회
곽대훈,0.0,국방위원회
권성동,0.0,국방위원회
김도읍,0.0,국방위원회
김석기,0.0,국방위원회
문진국,0.0,국방위원회
신보라,0.0007320650424462399,국방위원회
박완주,0.0,국방위원회
박명재,0.0020892182531667596,국방위원회
박인숙,0.005310057027278407,국방위원회
성일종,0.005492326173240687,국방위원회
이명수,0.0005909593392239974,국방위원회
이종배,0.005278987416202821,국방위원회
추경호,0.0,국방위원회
송옥주,0.0013225440534098286,국방위원회
송언석,0.0,국방위원회
염동열,0.0,국방위원회
정태옥,0.0,국방위원회
김중로,0.035972172654579776,국방위원회
김동철,0.009908766928042951,국방위원회
장병완,0.0,국방위원회
황주홍,0.026103632384026406,국방위원회
이수혁,0.003333716502783039,국방위원회
박경미,0.0,국방위원회
송영길,0.0,국방위원회
이재정,0.0,국방위원회
우상호,0.00034319260496732973,국방위원회
정춘숙,0.0,국방위원회
윤영석,0.0,국방위원회
이은재,0.0,국방위원회
이헌승,0.0,국방위원회
주광덕,0.0,국방위원회
전현희,0.0,국방위원회
황영철,0.0012439145346537588,국방위원회
소병훈,0.0,국방위원회
전해철,0.0009997061101370513,국방위원회
표창원,0.0,국방위원회
김상훈,0.00048645609323597777,국방위원회
김성찬,0.011422566041154141,국방위원회
김용태,0.0010052910848783556,국방위원회
신상진,0.001981415288592977,국방위원회
강석진,0.0,국방위원회
정동영,0.009942064419961434,국방위원회
전혜숙,0.01074449409907338,국방위원회
황희,0.0,국방위원회
장제원,0.0012199420999083046,국방위원회
김선동,0.0,국방위원회
이완영,0.0,국방위원회
주호영,0.0,국방위원회
채이배,0.0,국방위원회
유승희,0.0019425176044860232,국방위원회
권미혁,0.0,국방위원회
김경진,0.006769527506066326,국방위원회
박주선,0.0,국방위원회
주승용,0.004357795644906277,국방위원회
천정배,0.0,국방위원회
김성수,0.0,국방위원회
김영춘,0.0,국방위원회
민병두,0.002605053574832091,국방위원회
김영주,0.0,국방위원회
김관영,0.005096904816566221,국방위원회
홍철호,0.005607534130987618,국방위원회
박맹우,0.0,국방위원회
정종섭,0.0021383720110497184,국방위원회
유성엽,0.0,국방위원회
홍문표,0.0,국방위원회
송기헌,0.0,국방위원회
윤호중,0.0,국방위원회
신경민,0.0011718166836893829,국방위원회
이인영,0.0,국방위원회
김세연,0.0,국방위원회
김재원,0.0020417040918786406,국방위원회
박성중,0.0,국방위원회
장석춘,0.0,국방위원회
조훈현,0.0,국방위원회
박완수,0.004323392078598562,국방위원회
윤한홍,0.0,국방위원회
홍문종,0.0,국방위원회
홍익표,0.0002434684218686464,국방위원회
윤재옥,0.0,국방위원회
김학용,0.008009787059916808,국방위원회
어기구,0.0,국방위원회
홍일표,0.0,국방위원회
김병관,0.0,국방위원회
임재훈,0.0,국방위원회
엄용수,0.0,국방위원회
박영선,0.0,국방위원회
이훈,0.0,국방위원회
박주민,0.0027777357478085242,국방위원회
김종회,0.0018401387603237704,국방위원회
손금주,0.002515574679150078,국방위원회
나경원,0.0,국방위원회
이장우,0.0,국방위원회
이진복,0.0,국방위원회
김민기,0.0,국방위원회
곽상도,0.0,국방위원회
박주현,0.0010927350883251665,국방위원회
유재중,0.0,국방위원회
김종훈,0.0017979056409284332,국방위원회
김광수,0.001702322199257327,국방위원회
이용호,0.0,국방위원회
이태규,0.0007576312279521237,국방위원회
이양수,0.0,국방위원회
강효상,0.0,국방위원회
한선교,0.0,국방위원회
홍의락,0.0003862175509155389,국방위원회
박용진,0.0,국방위원회
김성식,0.0,국방위원회
추미애,0.0,국방위원회
박순자,0.0,국방위원회
강길부,0.0,국방위원회
오세정,0.0004217857078381562,국방위원회
유은혜,0.0,국방위원회
노회찬,0.0,국방위원회
손혜원,0.0,국방위원회
이종구,0.0,국방위원회
이군현,0.0,국방위원회
안상수,0.0007608132198339369,국방위원회
박범계,0.0,국방위원회
이상돈,0.0,국방위원회
심기준,0.0,국방위원회
박찬우,0.0,국방위원회
전희경,0.0,국방위원회
송기석,0.00022299685296466943,국방위원회
이해찬,0.0,국방위원회
박준영,0.0,국방위원회
김한정,0.0,국방위원회
문희상,0.00016448220226072038,국방위원회
이철우,0.0,국방위원회
김경수,0.0,국방위원회
김현미,0.0,국방위원회
박남춘,0.0,국방위원회
박병석,1.5629959087643992e-05,국방위원회
양승조,0.0,국방위원회
진영,0.0017418113586516743,국방위원회
권석창,0.0,국방위원회
최명길,4.9268748055181e-06,국방위원회
배덕광,0.0,국방위원회
윤종오,0.0,국방위원회
이우현,0.0,국방위원회
문미옥,0.0021843738817368566,국방위원회
김종인,0.0,국방위원회
김종태,0.003670077081026697,국방위원회
정우택,0.0,국방위원회
권미혁,0.01750569804743264,여성가족위원회
김병관,0.0009121473433589963,여성가족위원회
김병기,0.0055171986991925165,여성가족위원회
김상희,0.004836486902120534,여성가족위원회
김영주,0.0,여성가족위원회
남인순,0.00920861533960296,여성가족위원회
맹성규,0.0,여성가족위원회
유승희,0.008411088937161151,여성가족위원회
인재근,0.01738626243114138,여성가족위원회
한정애,0.0024910868805294822,여성가족위원회
홍익표,0.0012465482041623538,여성가족위원회
정춘숙,0.017167815235045715,여성가족위원회
강훈식,0.0,여성가족위원회
김영진,0.003023768761252085,여성가족위원회
백혜련,0.00844926990500485,여성가족위원회
송옥주,0.0045074305103559205,여성가족위원회
이용득,0.0,여성가족위원회
임종성,0.0013954729849932853,여성가족위원회
허윤정,0.0,여성가족위원회
강병원,0.0,여성가족위원회
기동민,0.0,여성가족위원회
김정우,0.0,여성가족위원회
김종민,0.0004253616436090095,여성가족위원회
박경미,0.023935309203486323,여성가족위원회
박홍근,0.0027865033201632723,여성가족위원회
서영교,0.024235148132125458,여성가족위원회
손금주,0.011217673340007983,여성가족위원회
윤준호,0.002568026580600472,여성가족위원회
제윤경,0.0,여성가족위원회
진선미,0.00683792559460289,여성가족위원회
김경협,0.006458333706428315,여성가족위원회
김성환,0.0,여성가족위원회
박영선,0.0,여성가족위원회
정성호,0.0,여성가족위원회
박대출,0.0029789182072965997,여성가족위원회
김석기,0.0,여성가족위원회
김재경,0.0,여성가족위원회
송희경,0.05840753708720247,여성가족위원회
염동열,0.0,여성가족위원회
이은권,0.0,여성가족위원회
이진복,0.0,여성가족위원회
정갑윤,0.0,여성가족위원회
최교일,0.0034355448695285516,여성가족위원회
최연혜,0.0,여성가족위원회
김승희,0.005229928816480361,여성가족위원회
김정재,0.016008142535980187,여성가족위원회
김현아,0.0,여성가족위원회
박성중,0.004055322819439674,여성가족위원회
신보라,0.010516868291746032,여성가족위원회
윤상직,0.0,여성가족위원회
윤종필,0.04625117779786679,여성가족위원회
이종명,0.004102299049315063,여성가족위원회
임이자,0.004696985128014068,여성가족위원회
정병국,0.0,여성가족위원회
김철민,0.0031688255339922576,여성가족위원회
민병두,0.0,여성가족위원회
박주민,0.005847508134395535,여성가족위원회
송갑석,0.0,여성가족위원회
송영길,0.0,여성가족위원회
윤후덕,0.0022238863360891144,여성가족위원회
김성원,0.006706165736245333,여성가족위원회
김태흠,0.0,여성가족위원회
박덕흠,0.0,여성가족위원회
박명재,0.0,여성가족위원회
서청원,0.0,여성가족위원회
원유철,0.0045757409329683025,여성가족위원회
이만희,0.0,여성가족위원회
이은재,0.0,여성가족위원회
노웅래,0.004142993404656913,여성가족위원회
신창현,0.00558686402752512,여성가족위원회
안규백,0.0,여성가족위원회
이상헌,0.0,여성가족위원회
이찬열,0.012951489187785147,여성가족위원회
전현희,0.0,여성가족위원회
정은혜,0.00033202711247922297,여성가족위원회
백재현,0.0014699772864558453,여성가족위원회
소병훈,0.008055371488822485,여성가족위원회
유동수,0.0,여성가족위원회
전혜숙,0.014286794055281625,여성가족위원회
천정배,0.000808232590930162,여성가족위원회
최인호,0.0016691061799490364,여성가족위원회
김삼화,0.02449167265389564,여성가족위원회
박선숙,0.0010355101353012976,여성가족위원회
신경민,0.00416553760346818,여성가족위원회
우원식,0.002410828806432681,여성가족위원회
윤소하,0.0,여성가족위원회
이규희,0.0,여성가족위원회
강석진,0.0,여성가족위원회
박인숙,0.018292259141905874,여성가족위원회
송언석,0.0,여성가족위원회
안상수,0.0,여성가족위원회
이동섭,0.01234825299494737,여성가족위원회
장석춘,0.0,여성가족위원회
정유섭,0.0,여성가족위원회
오영훈,0.0006292085221894544,여성가족위원회
김종회,0.0020204237137526355,여성가족위원회
김경진,0.022809175514072917,여성가족위원회
김관영,0.0018413207288665776,여성가족위원회
박지원,0.0,여성가족위원회
안호영,0.0,여성가족위원회
유성엽,0.0,여성가족위원회
장병완,0.0,여성가족위원회
장정숙,0.0029495295059164942,여성가족위원회
정운천,0.0,여성가족위원회
조배숙,0.0,여성가족위원회
정인화,0.0026629286731654806,여성가족위원회
윤영석,0.009814540407814711,여성가족위원회
강길부,0.0,여성가족위원회
김광림,0.0,여성가족위원회
김상훈,0.0016479681870582386,여성가족위원회
김수민,0.019578410296277823,여성가족위원회
김순례,0.0,여성가족위원회
윤한홍,0.0,여성가족위원회
강창일,0.005790451893540232,여성가족위원회
권칠승,0.0,여성가족위원회
서삼석,0.0,여성가족위원회
설훈,0.0,여성가족위원회
이개호,0.0,여성가족위원회
이종걸,0.0,여성가족위원회
전재수,0.0006696641868644649,여성가족위원회
권성동,0.0,여성가족위원회
윤상현,0.0014133410808991266,여성가족위원회
이채익,0.0,여성가족위원회
정점식,0.0,여성가족위원회
강석호,0.000828912181271343,여성가족위원회
곽대훈,0.001426544834182107,여성가족위원회
문진국,0.016462876596474028,여성가족위원회
윤재옥,0.0,여성가족위원회
정종섭,0.0,여성가족위원회
정태옥,0.0,여성가족위원회
추경호,0.0,여성가족위원회
김민기,0.005641984592051841,여성가족위원회
김성찬,0.0017220562647719752,여성가족위원회
박맹우,0.0,여성가족위원회
유기준,0.0,여성가족위원회
고용진,0.0028007430248032984,여성가족위원회
박정,0.004867492722234852,여성가족위원회
이정미,0.0022462439969391013,여성가족위원회
윤일규,0.0,여성가족위원회
표창원,0.0033597170444630104,여성가족위원회
김두관,0.0,여성가족위원회
김정호,0.0,여성가족위원회
최재성,0.0,여성가족위원회
금태섭,0.003347384623011078,여성가족위원회
변재일,0.0,여성가족위원회
심기준,0.0,여성가족위원회
원혜영,0.0,여성가족위원회
윤관석,0.0,여성가족위원회
정재호,0.0,여성가족위원회
민홍철,0.0,여성가족위원회
박재호,0.0012943233166956257,여성가족위원회
황주홍,0.02471170786786157,여성가족위원회
신용현,0.044810189485346125,여성가족위원회
이철희,0.0,여성가족위원회
김동철,0.003065261293366885,여성가족위원회
박주선,0.0,여성가족위원회
정동영,0.0,여성가족위원회
채이배,0.0,여성가족위원회
홍의락,0.0,여성가족위원회
권은희,0.0,여성가족위원회
김광수,0.0024482484151361595,여성가족위원회
김영호,0.0019434202915748376,여성가족위원회
김현권,0.0,여성가족위원회
정세균,0.0,여성가족위원회
박찬대,0.0007137174048089877,여성가족위원회
이학영,0.0024276249141718443,여성가족위원회
조승래,0.0,여성가족위원회
오신환,0.0008895368694521753,여성가족위원회
유의동,0.001948490379414467,여성가족위원회
지상욱,0.0,여성가족위원회
여영국,0.0,여성가족위원회
윤영일,0.0,여성가족위원회
홍문표,0.0,여성가족위원회
김성수,0.0,여성가족위원회
성일종,0.0,여성가족위원회
이양수,0.0039363667873105615,여성가족위원회
서형수,0.0,여성가족위원회
함진규,0.010390887480200391,여성가족위원회
박순자,0.0,여성가족위원회
이종구,0.0,여성가족위원회
이현재,0.0,여성가족위원회
이철규,0.00024039919987236576,여성가족위원회
김선동,0.0013202816055057816,여성가족위원회
김영춘,0.0,여성가족위원회
강효상,0.0005094661445026932,여성가족위원회
김무성,0.0,여성가족위원회
김영우,0.0,여성가족위원회
박완수,0.0,여성가족위원회
백승주,0.0,여성가족위원회
송석준,0.0025269983092979956,여성가족위원회
주광덕,0.0,여성가족위원회
김태년,0.0,여성가족위원회
김부겸,0.0,여성가족위원회
송기헌,0.0020439462645297085,여성가족위원회
도종환,0.0,여성가족위원회
윤호중,0.0006244228604245155,여성가족위원회
이석현,0.0,여성가족위원회
정양석,0.0,여성가족위원회
우상호,0.0,여성가족위원회
조응천,0.0,여성가족위원회
신동근,0.0,여성가족위원회
이수혁,0.0,여성가족위원회
경대수,0.0,여성가족위원회
김용태,0.0,여성가족위원회
김중로,0.0,여성가족위원회
이완영,0.007436703133327267,여성가족위원회
조원진,0.0008257583612234442,여성가족위원회
김해영,0.002838837298683588,여성가족위원회
오제세,0.0,여성가족위원회
이재정,0.000617198614799639,여성가족위원회
엄용수,0.0,여성가족위원회
홍철호,0.0,여성가족위원회
김기선,0.003032007376124223,여성가족위원회
김명연,0.0024155082675811883,여성가족위원회
김세연,0.0,여성가족위원회
민경욱,0.003742277361499561,여성가족위원회
신상진,0.0025991183102351484,여성가족위원회
김도읍,0.0,여성가족위원회
이종배,0.003952768823268826,여성가족위원회
이원욱,0.0,여성가족위원회
이후삼,0.0,여성가족위원회
안민석,0.0,여성가족위원회
어기구,0.0,여성가족위원회
박광온,0.004391628310883547,여성가족위원회
전해철,0.0007841133348982497,여성가족위원회
최운열,0.0,여성가족위원회
임재훈,0.0001387872989838076,여성가족위원회
주승용,0.0016431606087800043,여성가족위원회
최도자,0.006733772070946865,여성가족위원회
이혜훈,0.004518812405723094,여성가족위원회
하태경,0.0,여성가족위원회
김진태,0.0,여성가족위원회
전희경,0.0003285266382094157,여성가족위원회
김종훈,0.0,여성가족위원회
이용주,0.0,여성가족위원회
이용호,0.0010067885025128868,여성가족위원회
조훈현,0.0,여성가족위원회
위성곤,0.0007604251380469392,여성가족위원회
박주현,0.0,여성가족위원회
이명수,0.004313097475709764,여성가족위원회
홍문종,0.0,여성가족위원회
김규환,0.0,여성가족위원회
김학용,0.0,여성가족위원회
유승민,0.0,여성가족위원회
유재중,0.0,여성가족위원회
정우택,0.0022501787269708943,여성가족위원회
김종대,0.0,여성가족위원회
이주영,0.009288722321550843,여성가족위원회
여상규,0.0,여성가족위원회
홍일표,0.0,여성가족위원회
심재권,0.00537751844662409,여성가족위원회
이인영,0.0006386253671454108,여성가족위원회
심상정,0.0,여성가족위원회
추혜선,0.0,여성가족위원회
이춘석,0.00205421636244962,여성가족위원회
심재철,0.0,여성가족위원회
주호영,0.0,여성가족위원회
이언주,0.0,여성가족위원회
황희,0.0,여성가족위원회
이학재,0.0,여성가족위원회
박범계,0.0,여성가족위원회
유은혜,0.009895967974758788,여성가족위원회
조정식,0.0,여성가족위원회
김한표,0.0,여성가족위원회
나경원,0.002352135950196558,여성가족위원회
손혜원,0.0,여성가족위원회
오세정,0.0,여성가족위원회
유민봉,0.0,여성가족위원회
김진표,0.0,여성가족위원회
조경태,0.0,여성가족위원회
이군현,0.0,여성가족위원회
양승조,0.0003700174540153421,여성가족위원회
홍영표,0.0,여성가족위원회
권석창,0.0,여성가족위원회
이해찬,0.0,여성가족위원회
곽상도,0.0,여성가족위원회
한선교,0.0,여성가족위원회
박완주,0.00024799511154762643,여성가족위원회
추미애,0.0,여성가족위원회
문희상,0.0,여성가족위원회
김성식,0.0,여성가족위원회
이태규,0.0,여성가족위원회
김정훈,0.0,여성가족위원회
이상돈,0.0,여성가족위원회
이훈,0.0,여성가족위원회
박찬우,0.0,여성가족위원회
박남춘,0.0,여성가족위원회
송기석,0.0,여성가족위원회
최명길,0.0,여성가족위원회
박준영,0.0,여성가족위원회
정진석,0.0,여성가족위원회
이우현,0.0,여성가족위원회
이헌승,0.0,여성가족위원회
장제원,0.0,여성가족위원회
정용기,0.0,여성가족위원회
김경수,0.0,여성가족위원회
문미옥,0.0013916324111993895,여성가족위원회
배덕광,0.0,여성가족위원회
윤종오,0.0,여성가족위원회
김종석,0.0,여성가족위원회
김현미,0.0,여성가족위원회
김한정,0.0,여성가족위원회
이철우,0.0,여성가족위원회
황영철,0.0,여성가족위원회
박용진,0.0,여성가족위원회
정병국,0.019759148684845008,외교통일위원회
권성동,0.0,외교통일위원회
김무성,0.007347463029771472,외교통일위원회
김삼화,0.007851639791609683,외교통일위원회
유의동,0.0,외교통일위원회
윤영일,0.0031318559464165356,외교통일위원회
이언주,0.045193974260371236,외교통일위원회
정운천,0.0,외교통일위원회
하태경,0.009857319466690623,외교통일위원회
홍문표,0.0,외교통일위원회
홍일표,0.006882835716807001,외교통일위원회
강효상,0.0,외교통일위원회
김성찬,0.009619551657060311,외교통일위원회
김세연,0.0,외교통일위원회
김재경,0.012234201876669567,외교통일위원회
송희경,0.0,외교통일위원회
여상규,0.0,외교통일위원회
유민봉,0.0,외교통일위원회
이주영,0.005396999001119229,외교통일위원회
정양석,0.022997083931513364,외교통일위원회
김용태,0.001727212266081641,외교통일위원회
김태흠,0.0,외교통일위원회
성일종,0.0,외교통일위원회
이명수,0.00231527711417007,외교통일위원회
이종명,0.010283385913941045,외교통일위원회
정태옥,0.0,외교통일위원회
박찬대,0.0016819752423378252,외교통일위원회
강훈식,0.0,외교통일위원회
김영호,0.0,외교통일위원회
김현권,0.0,외교통일위원회
맹성규,0.0,외교통일위원회
박홍근,0.0,외교통일위원회
서영교,0.0,외교통일위원회
윤관석,0.0,외교통일위원회
이찬열,0.024480824080497003,외교통일위원회
장정숙,0.0,외교통일위원회
전재수,0.0032067096553242574,외교통일위원회
김정호,0.0,외교통일위원회
김종민,0.0,외교통일위원회
김철민,0.013614151587068263,외교통일위원회
신동근,0.0,외교통일위원회
윤준호,0.0,외교통일위원회
이종걸,0.0,외교통일위원회
정은혜,0.0,외교통일위원회
정재호,0.0,외교통일위원회
강석호,0.0018816468699484879,외교통일위원회
김수민,0.0,외교통일위원회
김학용,0.0020436478242515676,외교통일위원회
신상진,0.0025086243895191575,외교통일위원회
원유철,0.0,외교통일위원회
유기준,0.0,외교통일위원회
유승민,0.0,외교통일위원회
이정현,0.0,외교통일위원회
정진석,0.0007995887040052267,외교통일위원회
원혜영,0.02294882119378594,외교통일위원회
강창일,0.005913895929831537,외교통일위원회
김경협,0.013152436620440227,외교통일위원회
김부겸,6.933345839236646e-05,외교통일위원회
김상희,0.0,외교통일위원회
김정우,0.004247841308765687,외교통일위원회
박정,0.009635709932939156,외교통일위원회
송영길,0.0011745459115152079,외교통일위원회
이석현,0.006856303642648428,외교통일위원회
전혜숙,0.001496321838435825,외교통일위원회
추미애,0.006335321614217989,외교통일위원회
곽대훈,0.0023556499275920024,외교통일위원회
김석기,0.0,외교통일위원회
김정재,0.0,외교통일위원회
박대출,0.0,외교통일위원회
윤상직,0.0,외교통일위원회
임이자,0.0,외교통일위원회
박재호,0.0,외교통일위원회
신창현,0.0,외교통일위원회
유성엽,0.0,외교통일위원회
최인호,0.0,외교통일위원회
고용진,0.0,외교통일위원회
권칠승,0.0,외교통일위원회
변재일,0.0,외교통일위원회
임종성,0.0028310405679076705,외교통일위원회
천정배,0.002423275664810735,외교통일위원회
김병관,0.0,외교통일위원회
김진표,0.0,외교통일위원회
김태년,0.0,외교통일위원회
백재현,0.0,외교통일위원회
이원욱,0.0,외교통일위원회
최재성,0.0,외교통일위원회
이인영,0.006939152406736765,외교통일위원회
서삼석,0.0,외교통일위원회
송갑석,0.004339405933142102,외교통일위원회
윤후덕,0.026318313633533166,외교통일위원회
정춘숙,0.0,외교통일위원회
제윤경,0.0,외교통일위원회
김영진,0.0,외교통일위원회
이규희,0.0,외교통일위원회
이춘석,0.004794847896619425,외교통일위원회
금태섭,0.0,외교통일위원회
기동민,0.0,외교통일위원회
김두관,0.0026835062399437975,외교통일위원회
박지원,0.002757656788681003,외교통일위원회
백혜련,0.0,외교통일위원회
안민석,0.0,외교통일위원회
이학영,0.0017772157044106136,외교통일위원회
김병기,0.001331003579244754,외교통일위원회
도종환,0.0,외교통일위원회
안호영,0.0,외교통일위원회
유승희,0.0018627584386559023,외교통일위원회
윤일규,0.0,외교통일위원회
전현희,0.004185962013133039,외교통일위원회
정세균,0.0,외교통일위원회
조승래,0.0,외교통일위원회
홍영표,0.0,외교통일위원회
박병석,0.0008390067833023746,외교통일위원회
김관영,0.004145727378884717,외교통일위원회
남인순,0.0028986981037862135,외교통일위원회
노웅래,0.021710222059597006,외교통일위원회
설훈,0.005978171319825632,외교통일위원회
이용득,0.0,외교통일위원회
심재권,0.04634274646195492,외교통일위원회
김영춘,0.0,외교통일위원회
심기준,0.0,외교통일위원회
김명연,0.004198493434092004,외교통일위원회
송언석,0.03622895828847228,외교통일위원회
이채익,0.0,외교통일위원회
주호영,0.0,외교통일위원회
추경호,0.0067448918300771436,외교통일위원회
황영철,0.0,외교통일위원회
소병훈,0.002146172821057462,외교통일위원회
안규백,0.006570538249645868,외교통일위원회
김광림,0.0,외교통일위원회
김상훈,0.0,외교통일위원회
김선동,0.0,외교통일위원회
김진태,0.0,외교통일위원회
김현아,0.0,외교통일위원회
박덕흠,0.0,외교통일위원회
박맹우,0.0,외교통일위원회
박명재,0.0048125633661772575,외교통일위원회
신보라,0.005228597771089518,외교통일위원회
윤종필,0.0069350970723836575,외교통일위원회
이학재,0.016776405626044967,외교통일위원회
경대수,0.0,외교통일위원회
김영우,0.0,외교통일위원회
박성중,0.0,외교통일위원회
박인숙,0.0,외교통일위원회
조훈현,0.0,외교통일위원회
김순례,0.0,외교통일위원회
이종배,0.0,외교통일위원회
장석춘,0.0,외교통일위원회
박광온,0.0022033257975947592,외교통일위원회
이후삼,0.0,외교통일위원회
조정식,0.0,외교통일위원회
박완주,0.0,외교통일위원회
유동수,0.0,외교통일위원회
전해철,0.004194258017330921,외교통일위원회
김성수,0.0,외교통일위원회
박용진,0.0,외교통일위원회
백승주,0.0,외교통일위원회
서형수,0.0,외교통일위원회
신용현,0.002164371704203541,외교통일위원회
이현재,0.0,외교통일위원회
함진규,0.005090084267922627,외교통일위원회
홍의락,0.0,외교통일위원회
이상민,0.0,외교통일위원회
어기구,0.0,외교통일위원회
위성곤,0.0,외교통일위원회
이철희,0.0,외교통일위원회
채이배,0.0,외교통일위원회
이수혁,0.0042477376483468395,외교통일위원회
이재정,0.000527097699747799,외교통일위원회
김종대,0.0,외교통일위원회
박경미,0.0018921839258766524,외교통일위원회
송기헌,0.0,외교통일위원회
이훈,0.0,외교통일위원회
최운열,0.0,외교통일위원회
심재철,0.0029958565549955724,외교통일위원회
엄용수,0.0,외교통일위원회
최교일,0.0,외교통일위원회
박선숙,0.0042937005338922135,외교통일위원회
김동철,0.011369297037374876,외교통일위원회
인재근,0.0031164175489266106,외교통일위원회
장병완,0.000790843826486492,외교통일위원회
정동영,0.0,외교통일위원회
주승용,0.009919501618273638,외교통일위원회
윤상현,0.004986615711254227,외교통일위원회
김성원,0.013332648293178826,외교통일위원회
서청원,0.0012831001684539217,외교통일위원회
이완영,0.0,외교통일위원회
이은권,0.0,외교통일위원회
정유섭,0.0,외교통일위원회
김경진,0.0,외교통일위원회
김광수,0.0,외교통일위원회
정인화,0.0,외교통일위원회
조배숙,0.0014586088149935914,외교통일위원회
민병두,0.0,외교통일위원회
송옥주,0.0,외교통일위원회
김영주,0.0,외교통일위원회
우원식,0.0,외교통일위원회
윤재옥,0.0,외교통일위원회
문진국,0.0,외교통일위원회
정갑윤,0.0,외교통일위원회
임재훈,0.0021408934792334724,외교통일위원회
이동섭,0.008653805744916114,외교통일위원회
최도자,0.012940444534823283,외교통일위원회
이철규,0.000765188880014439,외교통일위원회
김규환,0.0,외교통일위원회
염동열,0.0,외교통일위원회
이은재,0.0,외교통일위원회
민경욱,0.002830059869077855,외교통일위원회
윤영석,0.0035084722830767343,외교통일위원회
이만희,0.0,외교통일위원회
조원진,0.00015117198734541272,외교통일위원회
오영훈,0.0,외교통일위원회
권은희,0.0,외교통일위원회
김민기,0.0,외교통일위원회
김한정,0.0,외교통일위원회
이개호,0.0,외교통일위원회
김종석,0.0,외교통일위원회
이장우,0.0,외교통일위원회
김종훈,0.0,외교통일위원회
박주선,0.005249794957130757,외교통일위원회
한정애,0.003778467679421887,외교통일위원회
강석진,0.0,외교통일위원회
곽상도,0.0,외교통일위원회
김기선,0.010100392215180118,외교통일위원회
김도읍,0.007757101809028063,외교통일위원회
김승희,0.005882727998162712,외교통일위원회
김재원,0.0,외교통일위원회
김정훈,0.0011961726378788501,외교통일위원회
김한표,0.000111826566205341,외교통일위원회
나경원,0.002148395499647707,외교통일위원회
박순자,0.0,외교통일위원회
박완수,0.0,외교통일위원회
송석준,0.0,외교통일위원회
안상수,0.0,외교통일위원회
유재중,0.0,외교통일위원회
윤한홍,0.0,외교통일위원회
이양수,0.00459439699091653,외교통일위원회
이우현,0.0,외교통일위원회
이종구,0.0,외교통일위원회
이진복,0.0,외교통일위원회
이헌승,0.0,외교통일위원회
장제원,0.0,외교통일위원회
전희경,0.0,외교통일위원회
정용기,0.0,외교통일위원회
정우택,0.0006718603879473218,외교통일위원회
정종섭,0.0,외교통일위원회
조경태,0.009811335483816108,외교통일위원회
주광덕,0.0,외교통일위원회
최연혜,0.0,외교통일위원회
한선교,0.0,외교통일위원회
홍문종,0.0,외교통일위원회
홍철호,0.012246716149476717,외교통일위원회
박주민,0.0059235413096547325,외교통일위원회
이상헌,0.0,외교통일위원회
표창원,0.0,외교통일위원회
황희,0.0,외교통일위원회
김중로,0.001288292682933357,외교통일위원회
김해영,0.0033453233139238764,외교통일위원회
황주홍,0.030238068962191986,외교통일위원회
박주현,0.0,외교통일위원회
이용주,0.0,외교통일위원회
김종회,0.0,외교통일위원회
윤소하,0.0,외교통일위원회
이태규,0.0,외교통일위원회
오신환,0.0,외교통일위원회
강병원,0.0,외교통일위원회
이용호,0.00496128113957958,외교통일위원회
손혜원,0.0,외교통일위원회
신경민,0.0003439025843770744,외교통일위원회
우상호,0.00043487177448114315,외교통일위원회
박범계,0.0,외교통일위원회
진선미,0.0,외교통일위원회
오세정,0.0,외교통일위원회
유은혜,0.0,외교통일위원회
손금주,0.0,외교통일위원회
정성호,0.0,외교통일위원회
이정미,0.0,외교통일위원회
문희상,0.0014825354297755894,외교통일위원회
홍익표,0.0007306254860042423,외교통일위원회
권석창,0.0,외교통일위원회
권미혁,0.0,외교통일위원회
김성식,0.0,외교통일위원회
이혜훈,0.0,외교통일위원회
지상욱,0.0,외교통일위원회
박준영,0.0019146929891665089,외교통일위원회
송기석,0.0,외교통일위원회
이해찬,0.0,외교통일위원회
민홍철,0.0,외교통일위원회
오제세,0.0,외교통일위원회
윤호중,0.0,외교통일위원회
박찬우,0.0,외교통일위원회
이군현,0.0,외교통일위원회
박남춘,0.0,외교통일위원회
윤종오,0.0,외교통일위원회
추혜선,0.002208482482008385,외교통일위원회
최명길,0.0,외교통일위원회
김경수,0.0,외교통일위원회
배덕광,0.0,외교통일위원회
양승조,0.0,외교통일위원회
김현미,0.0012733759055818853,외교통일위원회
문미옥,0.0,외교통일위원회
박영선,0.0,외교통일위원회
노회찬,0.0,외교통일위원회
심상정,0.0,외교통일위원회
이상돈,0.0,외교통일위원회
이철우,0.0,외교통일위원회
김종태,0.0,외교통일위원회
김민기,0.00044152403708801923,정보위원회
김병기,0.0023753560328632402,정보위원회
김영호,0.0,정보위원회
김철민,0.0,정보위원회
박정,0.0,정보위원회
서삼석,0.0,정보위원회
송기헌,0.0,정보위원회
윤관석,0.0,정보위원회
윤준호,0.0,정보위원회
이원욱,0.00035495069648252517,정보위원회
임종성,0.0,정보위원회
전해철,0.0,정보위원회
조승래,0.0,정보위원회
홍영표,0.0,정보위원회
고용진,0.0,정보위원회
김성수,0.0,정보위원회
김정우,0.0,정보위원회
맹성규,0.0,정보위원회
박경미,0.0,정보위원회
신동근,0.0,정보위원회
이인영,0.0,정보위원회
정춘숙,0.0,정보위원회
조정식,0.0,정보위원회
최운열,0.0,정보위원회
한정애,0.0,정보위원회
홍의락,0.0,정보위원회
이춘석,0.0009339099117817659,정보위원회
금태섭,0.0,정보위원회
기동민,0.0,정보위원회
김두관,0.0,정보위원회
박지원,0.0,정보위원회
백혜련,0.0,정보위원회
안민석,0.0,정보위원회
원혜영,0.0,정보위원회
이학영,0.0,정보위원회
최재성,0.0,정보위원회
이은재,1.2986001090824092e-05,정보위원회
곽대훈,0.0,정보위원회
곽상도,0.0,정보위원회
김성원,0.00011687400981741682,정보위원회
박성중,0.0,정보위원회
윤한홍,0.0,정보위원회
이양수,0.0,정보위원회
이종배,0.0,정보위원회
이진복,0.0,정보위원회
이채익,0.0,정보위원회
이철규,0.0,정보위원회
임이자,0.0,정보위원회
정유섭,0.0,정보위원회
한선교,0.0,정보위원회
송갑석,0.0,정보위원회
박광온,0.001388419949960609,정보위원회
박홍근,0.006668311560138172,정보위원회
설훈,0.0,정보위원회
신경민,0.0,정보위원회
이훈,0.0,정보위원회
인재근,0.0,정보위원회
홍익표,0.0,정보위원회
홍철호,0.0004545100381788432,정보위원회
권성동,0.0,정보위원회
김재경,0.0,정보위원회
박대출,0.0,정보위원회
박선숙,0.0004674960392696673,정보위원회
송언석,0.0,정보위원회
이종명,0.0,정보위원회
정갑윤,0.0,정보위원회
조훈현,0.0,정보위원회
추경호,0.0,정보위원회
장제원,0.0,정보위원회
김선동,0.0,정보위원회
성일종,0.0,정보위원회
여상규,0.0,정보위원회
염동열,0.0,정보위원회
장석춘,0.0,정보위원회
정태옥,0.0,정보위원회
이완영,0.0008830480741760382,정보위원회
강길부,0.0,정보위원회
강석진,0.0,정보위원회
강석호,2.5972002181648184e-05,정보위원회
권석창,0.0,정보위원회
김광림,0.0,정보위원회
김기선,0.0,정보위원회
김무성,0.0,정보위원회
김상훈,0.0,정보위원회
김성찬,0.0,정보위원회
김승희,0.0,정보위원회
김정재,0.0,정보위원회
김종석,0.0,정보위원회
김태흠,0.0,정보위원회
김한표,0.0,정보위원회
박덕흠,0.0,정보위원회
박맹우,0.0,정보위원회
박명재,0.0,정보위원회
박인숙,0.0,정보위원회
송석준,0.0,정보위원회
송희경,0.0,정보위원회
신상진,0.0,정보위원회
심재철,0.0,정보위원회
안상수,0.0,정보위원회
엄용수,0.0,정보위원회
유기준,0.0,정보위원회
유민봉,0.0,정보위원회
유재중,0.0,정보위원회
윤상직,0.0,정보위원회
윤상현,0.0,정보위원회
이만희,0.0,정보위원회
이명수,7.791600654494455e-05,정보위원회
이주영,0.0,정보위원회
이헌승,0.0,정보위원회
이현재,0.0,정보위원회
전희경,0.0,정보위원회
정우택,0.0,정보위원회
정종섭,0.0,정보위원회
정진석,0.0,정보위원회
최교일,0.0,정보위원회
함진규,0.0,정보위원회
홍일표,0.0,정보위원회
황영철,0.0,정보위원회
김관영,0.0,정보위원회
김광수,0.0,정보위원회
신용현,0.0,정보위원회
오세정,0.0,정보위원회
윤영일,0.0,정보위원회
이찬열,0.0,정보위원회
장정숙,0.0,정보위원회
채이배,0.0,정보위원회
문진국,0.0,정보위원회
원유철,0.0,정보위원회
노회찬,0.0004610030387242553,정보위원회
김종대,0.0,정보위원회
김종훈,0.0,정보위원회
심상정,0.0,정보위원회
윤소하,0.0,정보위원회
이정미,0.0,정보위원회
정동영,0.0,정보위원회
진선미,0.0013148326104459394,정보위원회
추혜선,0.0,정보위원회
추미애,0.007769957319343081,정보위원회
강훈식,0.0,정보위원회
권미혁,0.0,정보위원회
권칠승,0.0,정보위원회
김경협,0.0,정보위원회
김상희,0.0,정보위원회
김종민,0.0,정보위원회
김진표,0.0,정보위원회
김한정,0.0,정보위원회
김해영,0.0034218112874321474,정보위원회
김현권,0.0,정보위원회
남인순,0.0,정보위원회
노웅래,0.0,정보위원회
문희상,0.0,정보위원회
민병두,0.0,정보위원회
민홍철,0.0,정보위원회
박남춘,0.0,정보위원회
박범계,0.0,정보위원회
박영선,0.0,정보위원회
박완주,0.0,정보위원회
박주민,0.0,정보위원회
박찬대,0.0003030066921192288,정보위원회
백재현,0.0,정보위원회
변재일,0.0,정보위원회
서영교,0.0,정보위원회
서형수,0.0,정보위원회
소병훈,0.0,정보위원회
손혜원,0.0,정보위원회
송옥주,0.0,정보위원회
신창현,0.0,정보위원회
심기준,0.0,정보위원회
안호영,0.0,정보위원회
어기구,0.0,정보위원회
오영훈,0.0,정보위원회
오제세,0.0,정보위원회
우상호,0.0,정보위원회
우원식,0.0,정보위원회
유동수,0.0,정보위원회
유승희,0.0,정보위원회
유은혜,0.0,정보위원회
이석현,0.0,정보위원회
이수혁,0.0,정보위원회
이용득,0.0,정보위원회
이재정,0.0,정보위원회
이종걸,0.0,정보위원회
이해찬,0.0,정보위원회
전현희,0.0,정보위원회
전혜숙,0.0,정보위원회
정재호,0.0,정보위원회
제윤경,0.0,정보위원회
조배숙,0.0,정보위원회
진영,0.0,정보위원회
최인호,0.0,정보위원회
표창원,0.0,정보위원회
황희,0.0,정보위원회
강병원,0.0,정보위원회
김경수,0.0,정보위원회
김병관,0.0,정보위원회
김영진,0.0,정보위원회
김태년,0.0,정보위원회
박병석,0.0,정보위원회
박재호,0.0,정보위원회
심재권,0.0,정보위원회
양승조,0.0,정보위원회
위성곤,0.0,정보위원회
윤호중,0.0,정보위원회
윤후덕,0.0,정보위원회
이개호,0.0,정보위원회
이철희,0.0,정보위원회
전재수,0.0,정보위원회
이태규,0.0,정보위원회
김경진,0.0,정보위원회
김종회,0.0,정보위원회
송기석,0.0,정보위원회
이동섭,0.0,정보위원회
천정배,9.090200763576865e-05,정보위원회
하태경,0.0,정보위원회
김영우,0.0,정보위원회
신보라,0.0,정보위원회
윤종필,0.0,정보위원회
조원진,0.0,정보위원회
경대수,0.0,정보위원회
이정현,0.0,정보위원회
홍문표,0.0,정보위원회
박준영,0.0,정보위원회
최명길,0.0,정보위원회
김수민,0.0006817650572682649,정보위원회
김영주,0.0,정보위원회
권은희,0.0,정보위원회
박주현,0.0,정보위원회
정성호,0.0,정보위원회
윤종오,0.0009479780796301587,정보위원회
김도읍,0.0,정보위원회
김학용,0.0,정보위원회
서청원,0.0,정보위원회
유의동,0.0,정보위원회
이우현,0.0,정보위원회
이은권,0.0,정보위원회
손금주,0.0,정보위원회
이용주,0.0,정보위원회
장병완,0.0,정보위원회
정인화,0.0,정보위원회
강창일,0.0,정보위원회
김현미,0.0,정보위원회
이언주,0.0,정보위원회
주승용,0.0,정보위원회
이철우,0.0,정보위원회
강효상,0.0,정보위원회
김규환,0.0,정보위원회
김명연,0.0,정보위원회
김석기,0.0,정보위원회
김세연,0.0,정보위원회
김순례,0.0,정보위원회
김용태,0.0,정보위원회
김정훈,0.0,정보위원회
김종태,0.0,정보위원회
김진태,0.0,정보위원회
김현아,0.0,정보위원회
나경원,0.0,정보위원회
민경욱,0.0,정보위원회
박순자,0.0,정보위원회
박완수,0.0,정보위원회
박찬우,0.0,정보위원회
배덕광,0.0,정보위원회
백승주,0.0,정보위원회
오신환,0.0,정보위원회
윤영석,0.0,정보위원회
윤재옥,0.0,정보위원회
이군현,0.0,정보위원회
이장우,0.0,정보위원회
이종구,0.0,정보위원회
이학재,0.0,정보위원회
이혜훈,0.0,정보위원회
정병국,0.0,정보위원회
정양석,0.0,정보위원회
정용기,0.0,정보위원회
정운천,0.0,정보위원회
조경태,0.0,정보위원회
주광덕,0.0,정보위원회
지상욱,0.0,정보위원회
최연혜,0.0,정보위원회
홍문종,0.0,정보위원회
