노드,Betweenness,소관위원회,Id,Label,Party,Reselection,District_Type,Gender,Role,Importance,Final_Importance
김병관,0.0057522030096252,행정안전위원회,김병관,김병관,더불어민주당,초선,지역구,남,Representative,0.4357562473746135,0.002506558397611235
김철민,0.0024121718767042,행정안전위원회,김철민,김철민,더불어민주당,초선,지역구,남,Representative,0.4943055978963909,0.0011923500617431288
박재호,0.0016915967951171,행정안전위원회,박재호,박재호,더불어민주당,초선,지역구,남,Representative,0.2524296630381502,0.00042700920898782434
서형수,0.0003476735586261,행정안전위원회,서형수,서형수,더불어민주당,초선,지역구,남,Representative,0.5046603090328576,0.00017545704553880099
심기준,0.0029644997081473,행정안전위원회,심기준,심기준,더불어민주당,초선,비례대표,남,Representative,0.3265883675668164,0.0009681711203361305
위성곤,0.0076415805509231,행정안전위원회,위성곤,위성곤,더불어민주당,초선,지역구,남,Representative,0.8913491139784591,0.00681131605346033
유승희,0.0088759266305499,행정안전위원회,유승희,유승희,더불어민주당,3선,지역구,여,Representative,0.5469890607717001,0.00485503477112301
이규희,0.0008699370440789,행정안전위원회,이규희,이규희,더불어민주당,초선,지역구,남,Representative,0.3036400552435822,0.0002641477321225558
이원욱,0.0049640322154092,행정안전위원회,이원욱,이원욱,더불어민주당,재선,지역구,남,Representative,0.3714494969930796,0.00184388726947119
이종걸,0.0018972859953342,행정안전위원회,이종걸,이종걸,더불어민주당,5선,지역구,남,Representative,1.0363897595497007,0.001966327776501426
홍익표,0.0054511317254321,행정안전위원회,홍익표,홍익표,더불어민주당,재선,지역구,남,Representative,0.1975395629671791,0.001076814178718382
강창일,0.0052159155686962,행정안전위원회,강창일,강창일,더불어민주당,4선,지역구,남,Representative,0.8418881333730888,0.004391217421961277
권미혁,0.0052905735312556,행정안전위원회,권미혁,권미혁,더불어민주당,초선,지역구,여,Representative,0.4592713852034786,0.0024298090342206187
김민기,0.006539130711934,행정안전위원회,김민기,김민기,더불어민주당,재선,지역구,남,Representative,0.1891638569535047,0.0012369671865925527
김영호,0.0165378797202584,행정안전위원회,김영호,김영호,더불어민주당,초선,지역구,남,Representative,0.4539708046944207,0.007507714564545247
김한정,0.0035569526299972,행정안전위원회,김한정,김한정,더불어민주당,초선,지역구,남,Representative,0.475581724187707,0.0016916216646280676
소병훈,0.0201540223438225,행정안전위원회,소병훈,소병훈,더불어민주당,초선,지역구,남,Representative,0.5375988645747761,0.010834779528653644
전혜숙,0.01131204567339,행정안전위원회,전혜숙,전혜숙,더불어민주당,재선,지역구,여,Representative,0.717807959122133,0.008119876418312431
표창원,0.005354520618546,행정안전위원회,표창원,표창원,더불어민주당,초선,지역구,남,Representative,0.4432466247795722,0.0023733731914831416
박찬대,0.0023776959862996,행정안전위원회,박찬대,박찬대,더불어민주당,초선,지역구,남,Representative,0.6056175521921311,0.0014399744230798187
서삼석,0.0008631556498794,행정안전위원회,서삼석,서삼석,더불어민주당,초선,지역구,남,Representative,0.3135534965130757,0.000270645472054702
송옥주,0.0051762485177446,행정안전위원회,송옥주,송옥주,더불어민주당,초선,비례대표,여,Representative,0.5052940578089671,0.00261552761775882
윤후덕,0.0084649053185966,행정안전위원회,윤후덕,윤후덕,더불어민주당,재선,지역구,남,Representative,0.3602653219661517,0.003049611840017194
이용득,0.003586317654832,행정안전위원회,이용득,이용득,더불어민주당,초선,비례대표,남,Representative,0.4820345550834095,0.0017287290351347196
임종성,0.0021535824478843,행정안전위원회,임종성,임종성,더불어민주당,초선,지역구,남,Representative,0.5180000225410992,0.001115555756548183
정춘숙,0.0013358164309803,행정안전위원회,정춘숙,정춘숙,더불어민주당,초선,비례대표,여,Representative,0.6218718977568765,0.0008307066989885367
허윤정,8.166033856268686e-06,행정안전위원회,허윤정,허윤정,더불어민주당,초선,비례대표,여,Representative,-0.0,-0.0
금태섭,0.0006923807125859,행정안전위원회,금태섭,금태섭,더불어민주당,초선,지역구,남,Representative,0.4645794902283139,0.0003216658784970742
김상희,0.0024736165476073,행정안전위원회,김상희,김상희,더불어민주당,3선,지역구,여,Representative,0.549508602610133,0.001359273572468989
박광온,0.0027675153480764,행정안전위원회,박광온,박광온,더불어민주당,재선,지역구,남,Representative,0.2036686067716271,0.000563655995161815
백혜련,0.0032465515041484,행정안전위원회,백혜련,백혜련,더불어민주당,초선,지역구,여,Representative,0.2873528638507782,0.0009329058723560943
이춘석,0.0049872336273182,행정안전위원회,이춘석,이춘석,더불어민주당,3선,지역구,남,Representative,0.5338027552115759,0.002662199051146277
정재호,0.0013597642666254,행정안전위원회,정재호,정재호,더불어민주당,초선,지역구,남,Representative,0.2574447104853001,0.0003500641179496325
최운열,0.0044140552309103,행정안전위원회,최운열,최운열,더불어민주당,초선,비례대표,남,Representative,0.459943821659768,0.002030217431922173
박정,0.0112022066738905,행정안전위원회,박정,박정,더불어민주당,초선,지역구,남,Representative,0.2968827671690504,0.0033257421157442154
신경민,0.001448872241142,행정안전위원회,신경민,신경민,더불어민주당,재선,지역구,남,Representative,0.2582677030896177,0.00037419690579005107
이후삼,0.000166691253856,행정안전위원회,이후삼,이후삼,더불어민주당,초선,지역구,남,Representative,0.0401066425951788,6.6854265421448125e-06
이훈,0.0005125173296969,행정안전위원회,이훈,이훈,더불어민주당,초선,지역구,남,Representative,0.4457924997779086,0.0002284763815850796
조정식,0.0005993784494347,행정안전위원회,조정식,조정식,더불어민주당,4선,지역구,남,Representative,0.657600712329438,0.0003941516953031727
설훈,0.0007872413748221,행정안전위원회,설훈,설훈,더불어민주당,4선,지역구,남,Representative,0.2947522077855856,0.00023204113328897366
송갑석,0.0011813233567428,행정안전위원회,송갑석,송갑석,더불어민주당,초선,지역구,남,Representative,0.1128634081839454,0.00013332818020929117
원혜영,0.0037064417279622,행정안전위원회,원혜영,원혜영,더불어민주당,5선,지역구,남,Representative,0.8199263539696501,0.0030390092522090163
윤관석,0.0032687943792159,행정안전위원회,윤관석,윤관석,더불어민주당,재선,지역구,남,Representative,0.3522558143466113,0.0011514518259823226
정병국,0.0095749932676094,행정안전위원회,정병국,정병국,자유한국당,5선,지역구,남,Representative,1.1343779209474094,0.010861660955996194
김세연,0.0043428337562829,행정안전위원회,김세연,김세연,자유한국당,3선,지역구,남,Representative,1.016616967853162,0.00441499848520268
성일종,0.0035483731892864,행정안전위원회,성일종,성일종,자유한국당,초선,지역구,남,Representative,0.2957858911419952,0.0010495587258974415
송희경,0.0093409035097659,행정안전위원회,송희경,송희경,자유한국당,초선,비례대표,여,Representative,0.6136147509492222,0.005731716180785719
원유철,0.0016821777784921,행정안전위원회,원유철,원유철,자유한국당,5선,지역구,남,Representative,0.4771525237688151,0.0008026553724353243
유의동,0.0025605179610336,행정안전위원회,유의동,유의동,자유한국당,재선,지역구,남,Representative,1.0164179390168884,0.002602556388769497
윤영일,0.0043225823424282,행정안전위원회,윤영일,윤영일,국민의당,초선,지역구,남,Representative,1.2136308597582175,0.005246019324616826
이동섭,0.0100820411985164,행정안전위원회,이동섭,이동섭,국민의당,초선,비례대표,남,Representative,1.3011529436280886,0.013118277583229277
하태경,0.0193634771749778,행정안전위원회,하태경,하태경,자유한국당,재선,지역구,남,Representative,1.492172082079166,0.02889364005247903
홍문표,0.0050380987522745,행정안전위원회,홍문표,홍문표,자유한국당,3선,지역구,남,Representative,1.0738729958258912,0.005410278200371702
박대출,0.0006115633416827,행정안전위원회,박대출,박대출,자유한국당,재선,지역구,남,Representative,0.1666888897701005,0.00010194081444918189
곽상도,0.0015982443672983,행정안전위원회,곽상도,곽상도,자유한국당,초선,지역구,남,Representative,0.1797207201934033,0.00028723762873590067
김규환,0.002010880472681,행정안전위원회,김규환,김규환,자유한국당,초선,비례대표,남,Representative,0.4770049822009083,0.0009592000040793545
김상훈,0.0073655466983928,행정안전위원회,김상훈,김상훈,자유한국당,재선,지역구,남,Representative,0.1847431044523968,0.0013607339630501874
김석기,0.0096875847902036,행정안전위원회,김석기,김석기,자유한국당,초선,지역구,남,Representative,0.3618426593527747,0.0035053814431927626
김진태,0.0002518772143738,행정안전위원회,김진태,김진태,자유한국당,재선,지역구,남,Representative,0.0487572040542768,1.2280828737846187e-05
박명재,0.019512830008504,행정안전위원회,박명재,박명재,자유한국당,재선,지역구,남,Representative,0.5424317597732208,0.010584378719668537
박성중,0.0052658567507264,행정안전위원회,박성중,박성중,자유한국당,초선,지역구,남,Representative,0.1599671130327059,0.0008423639020574874
심재철,0.0008670657396465,행정안전위원회,심재철,심재철,자유한국당,5선,지역구,남,Representative,0.2402035505413585,0.00020827226921585844
윤상직,0.0009187264347922,행정안전위원회,윤상직,윤상직,자유한국당,초선,지역구,남,Representative,0.3535025828741088,0.00032477216765376416
윤종필,0.0,행정안전위원회,윤종필,윤종필,자유한국당,초선,비례대표,여,Representative,0.3873171504317463,0.0
이은권,0.0007435995253358,행정안전위원회,이은권,이은권,자유한국당,초선,지역구,남,Representative,0.2381916954337352,0.00017711923166345494
이종배,0.0035108438007969,행정안전위원회,이종배,이종배,자유한국당,재선,지역구,남,Representative,0.2546643617911198,0.0008940867958782519
정갑윤,0.0114442390147583,행정안전위원회,정갑윤,정갑윤,자유한국당,5선,지역구,남,Representative,0.2887216846392271,0.003304199967754985
정우택,0.0009492794325402,행정안전위원회,정우택,정우택,자유한국당,4선,지역구,남,Representative,0.5140939839979815,0.0004880188454019345
정종섭,0.0014862921468612,행정안전위원회,정종섭,정종섭,자유한국당,초선,지역구,남,Representative,0.3807594230574026,0.0005659197403336189
홍철호,0.0055860418391246,행정안전위원회,홍철호,홍철호,자유한국당,재선,지역구,남,Representative,0.4481695399588016,0.00250349380123109
이언주,0.0115531789191277,행정안전위원회,이언주,이언주,더불어민주당,재선,지역구,여,Representative,1.5238762330035724,0.017605614770496603
권성동,0.0024986588445872,행정안전위원회,권성동,권성동,자유한국당,3선,지역구,남,Representative,0.4062466024090395,0.0010150716661928463
김성찬,0.0114424927166548,행정안전위원회,김성찬,김성찬,자유한국당,재선,지역구,남,Representative,0.6145298499661254,0.007031753332404357
김태흠,0.0020172825551714,행정안전위원회,김태흠,김태흠,자유한국당,재선,지역구,남,Representative,0.74944812472639,0.0015118486280164662
박덕흠,0.0094351473865153,행정안전위원회,박덕흠,박덕흠,자유한국당,재선,지역구,남,Representative,0.3783016007215079,0.0035693313593620902
조훈현,0.0,행정안전위원회,조훈현,조훈현,자유한국당,초선,비례대표,남,Representative,0.3604447460125601,0.0
주호영,0.0031755194204219,행정안전위원회,주호영,주호영,자유한국당,4선,지역구,남,Representative,0.3195534977330795,0.0010147483379151394
강석호,0.0077021364633641,행정안전위원회,강석호,강석호,자유한국당,3선,지역구,남,Representative,0.4559473254820344,0.0035117685209685168
곽대훈,0.0010416113028999,행정안전위원회,곽대훈,곽대훈,자유한국당,초선,지역구,남,Representative,0.1312626090957611,0.00013672461728227598
김광림,0.0015124360918667,행정안전위원회,김광림,김광림,자유한국당,3선,지역구,남,Representative,0.2439500943098557,0.00036895892724851106
김도읍,0.0036536834160526,행정안전위원회,김도읍,김도읍,자유한국당,재선,지역구,남,Representative,0.0786043622449074,0.0002871954547636093
김무성,0.0,행정안전위원회,김무성,김무성,자유한국당,6선,지역구,남,Representative,0.2993921614051784,0.0
이진복,0.0020754804494506,행정안전위원회,이진복,이진복,자유한국당,3선,지역구,남,Representative,0.219085789524194,0.00045470827290991375
정태옥,0.0034643879596047,행정안전위원회,정태옥,정태옥,자유한국당,초선,지역구,남,Representative,0.3062475812524373,0.001060960433149006
추경호,0.0028115836788247,행정안전위원회,추경호,추경호,자유한국당,초선,지역구,남,Representative,0.1387872488569416,0.000390211963715159
강병원,0.0026362164478911,행정안전위원회,강병원,강병원,더불어민주당,초선,지역구,남,Representative,0.3711053074374737,0.0009783139153663515
박영선,0.0011641566716213,행정안전위원회,박영선,박영선,더불어민주당,4선,지역구,여,Representative,0.4472601336192084,0.0005206808685030356
유동수,0.0073142820637114,행정안전위원회,유동수,유동수,더불어민주당,초선,지역구,남,Representative,0.8688043750278167,0.006354680257139952
윤준호,0.0003505762599458,행정안전위원회,윤준호,윤준호,더불어민주당,초선,지역구,남,Representative,0.8409997210125054,0.00029483453680802533
제윤경,0.0025489737827171,행정안전위원회,제윤경,제윤경,더불어민주당,초선,비례대표,여,Representative,0.2928274618467911,0.0007464095231070623
김삼화,0.0062132626523971,행정안전위원회,김삼화,김삼화,국민의당,초선,비례대표,여,Representative,1.0477888116577914,0.006510187091072894
정운천,0.0043651564603779,행정안전위원회,정운천,정운천,자유한국당,초선,지역구,남,Representative,1.205596444443113,0.005262617108069481
김영춘,0.0033743068212906,행정안전위원회,김영춘,김영춘,더불어민주당,3선,지역구,남,Representative,0.6816995899942737,0.002300263576588683
기동민,0.0022456518373052,행정안전위원회,기동민,기동민,더불어민주당,초선,지역구,남,Representative,0.1406386680233549,0.000315825483242803
김영주,0.0,행정안전위원회,김영주,김영주,더불어민주당,3선,지역구,여,Representative,0.5066585031839548,0.0
김종민,0.0029353414884107,행정안전위원회,김종민,김종민,더불어민주당,초선,지역구,남,Representative,0.5934295202694789,0.00174191829129466
서영교,0.008693343842519,행정안전위원회,서영교,서영교,더불어민주당,재선,지역구,여,Representative,0.4822796444107599,0.004192622777110532
한정애,0.0014088948305638,행정안전위원회,한정애,한정애,더불어민주당,재선,지역구,여,Representative,0.4432117996184036,0.0006244388133272476
문진국,0.0020792047918609,행정안전위원회,문진국,문진국,자유한국당,초선,비례대표,남,Representative,0.6376962280009649,0.0013259010530112273
윤재옥,0.0068916084545271,행정안전위원회,윤재옥,윤재옥,자유한국당,재선,지역구,남,Representative,0.1344948665442003,0.0009268859593665047
이종구,0.001484485582143,행정안전위원회,이종구,이종구,자유한국당,3선,지역구,남,Representative,0.5199034206107074,0.000771789132003423
홍문종,0.0002234387251613,행정안전위원회,홍문종,홍문종,자유한국당,4선,지역구,남,Representative,0.1754129276773165,3.919404093703092e-05
김영우,0.0024233729030314,행정안전위원회,김영우,김영우,자유한국당,3선,지역구,남,Representative,0.6260518797021696,0.0015171571611621115
김한표,0.0004422233432365,행정안전위원회,김한표,김한표,자유한국당,재선,지역구,남,Representative,0.3879670316340894,0.00017156807779476798
김현아,0.0031793933108932,행정안전위원회,김현아,김현아,자유한국당,초선,비례대표,여,Representative,0.6541850288553541,0.002079911504829188
안상수,0.0061628121639075,행정안전위원회,안상수,안상수,자유한국당,3선,지역구,남,Representative,0.6645956077847494,0.0040957778957353514
이채익,0.0103657189539491,행정안전위원회,이채익,이채익,자유한국당,재선,지역구,남,Representative,0.415602928743905,0.004308023155797453
전희경,0.0002528110020783,행정안전위원회,전희경,전희경,자유한국당,초선,비례대표,여,Representative,0.0178870009551029,4.5220306356350735e-06
심상정,0.0006044411241407,행정안전위원회,심상정,심상정,정의당,3선,지역구,여,Representative,1.4101172974735254,0.0008523328844551437
윤영석,0.0025548082940516,행정안전위원회,윤영석,윤영석,자유한국당,재선,지역구,남,Representative,0.3920069894662951,0.0010015027080146888
이정미,0.0041109883100464,행정안전위원회,이정미,이정미,정의당,초선,비례대표,여,Representative,1.419781284660404,0.0058367042640615815
조배숙,0.0027440102249796,행정안전위원회,조배숙,조배숙,국민의당,4선,지역구,여,Representative,1.0458037986965076,0.002869696316945724
천정배,0.0011966401213222,행정안전위원회,천정배,천정배,국민의당,6선,지역구,남,Representative,0.9572737450190898,0.0011455121703782003
박인숙,0.0114910646829001,행정안전위원회,박인숙,박인숙,자유한국당,재선,지역구,여,Representative,0.5061732872045339,0.005816469984023469
김승희,0.0051265561798368,행정안전위원회,김승희,김승희,자유한국당,초선,비례대표,여,Representative,0.3319279231870295,0.0017016471458748607
이명수,0.0181628384536679,행정안전위원회,이명수,이명수,자유한국당,3선,지역구,남,Representative,0.3282274440638352,0.005961542042591755
김병기,0.0023773788348356,행정안전위원회,김병기,김병기,더불어민주당,초선,지역구,남,Representative,0.1877751940353654,0.0004464127720068257
신창현,0.0121383156817327,행정안전위원회,신창현,신창현,더불어민주당,초선,지역구,남,Representative,0.0854651307466251,0.001037402736783095
윤일규,0.0004435608852917,행정안전위원회,윤일규,윤일규,더불어민주당,초선,지역구,남,Representative,0.2463711717270404,0.00010928061504159949
이찬열,0.0170680366413233,행정안전위원회,이찬열,이찬열,더불어민주당,3선,지역구,남,Representative,1.1746514826711774,0.020048994547016398
조승래,0.0044861758483298,행정안전위원회,조승래,조승래,더불어민주당,초선,지역구,남,Representative,0.2088104943838757,0.0009367605967827485
주승용,0.0243478601716736,행정안전위원회,주승용,주승용,국민의당,4선,지역구,남,Representative,1.1127518815412194,0.027093127217532317
백승주,0.0010823699922797,행정안전위원회,백승주,백승주,자유한국당,초선,지역구,남,Representative,0.1747219249951915,0.00018911376860813976
조경태,0.0103270460631409,행정안전위원회,조경태,조경태,자유한국당,4선,지역구,남,Representative,0.9905363611314508,0.010229314628620463
최연혜,0.000699275567224,행정안전위원회,최연혜,최연혜,자유한국당,초선,비례대표,여,Representative,0.0914081709115077,6.391950056305289e-05
이상헌,0.0031584955418921,행정안전위원회,이상헌,이상헌,더불어민주당,초선,지역구,남,Representative,0.7296652103979866,0.0023046443141158017
김두관,0.0017810880935443,행정안전위원회,김두관,김두관,더불어민주당,초선,지역구,남,Representative,0.4560581632169218,0.0008122797644693424
김정호,0.0003158632886309,행정안전위원회,김정호,김정호,더불어민주당,초선,지역구,남,Representative,0.2510534798158137,7.92985777568542e-05
노웅래,0.0173887841977524,행정안전위원회,노웅래,노웅래,더불어민주당,3선,지역구,남,Representative,0.7159401864066474,0.012449329399923817
도종환,0.004437056193786,행정안전위원회,도종환,도종환,더불어민주당,재선,지역구,남,Representative,0.5493526775829224,0.0024375087006422293
신동근,0.0008647581411225,행정안전위원회,신동근,신동근,더불어민주당,초선,지역구,남,Representative,0.4356644688754545,0.0003767443962578593
김기선,0.0013390733685924,행정안전위원회,김기선,김기선,자유한국당,재선,지역구,남,Representative,0.2058944226376191,0.0002757077380957439
김명연,0.0020242740931466,행정안전위원회,김명연,김명연,자유한국당,재선,지역구,남,Representative,0.1923901370296166,0.0003894503701659773
오영훈,0.0033725481677563,행정안전위원회,오영훈,오영훈,더불어민주당,초선,지역구,남,Representative,0.7649594424293005,0.002579862565972818
장정숙,0.0023194911914766,행정안전위원회,장정숙,장정숙,국민의당,초선,비례대표,여,Representative,1.0742364163183826,0.002491681905213878
전재수,0.001769688490126,행정안전위원회,전재수,전재수,더불어민주당,초선,지역구,남,Representative,0.2424661719200068,0.000429089593691748
황주홍,0.0260020016034055,행정안전위원회,황주홍,황주홍,국민의당,재선,지역구,남,Representative,1.2962987186817088,0.03370636136165429
정인화,0.0136230841085691,행정안전위원회,정인화,정인화,국민의당,초선,지역구,남,Representative,1.152650910093734,0.01570266029602566
김현권,0.0024025738595646,행정안전위원회,김현권,김현권,더불어민주당,초선,비례대표,남,Representative,0.6106213595945515,0.0014670629166536652
맹성규,0.0001568035680657,행정안전위원회,맹성규,맹성규,더불어민주당,초선,지역구,남,Representative,0.302559084695415,4.74423440309334e-05
박홍근,0.0036327743396032,행정안전위원회,박홍근,박홍근,더불어민주당,재선,지역구,남,Representative,0.4380480284960645,0.0015913296374342745
정성호,0.0058218575280277,행정안전위원회,정성호,정성호,더불어민주당,3선,지역구,남,Representative,0.9858607826855786,0.005739541019265317
이학재,0.0078717125720481,행정안전위원회,이학재,이학재,자유한국당,3선,지역구,남,Representative,1.0008889465537203,0.007878710103810898
김재경,0.0016321421522964,행정안전위원회,김재경,김재경,자유한국당,4선,지역구,남,Representative,0.1491019221549866,0.00024335553213757012
박지원,0.0027392355555527,행정안전위원회,박지원,박지원,국민의당,4선,지역구,남,Representative,0.7565970138970873,0.0020724974416919018
유성엽,0.0014152357926724,행정안전위원회,유성엽,유성엽,국민의당,3선,지역구,남,Representative,1.0788643249197116,0.001526847408063722
정유섭,0.0134847780476682,행정안전위원회,정유섭,정유섭,자유한국당,초선,지역구,남,Representative,0.4080188775728643,0.005502044003328779
홍일표,0.0026635983161165,행정안전위원회,홍일표,홍일표,자유한국당,3선,지역구,남,Representative,0.7569146892318556,0.0020161166916818143
강효상,0.0017675147851419,행정안전위원회,강효상,강효상,자유한국당,초선,비례대표,남,Representative,0.2888513821081876,0.0005105490885848941
김종석,0.000291665030692,행정안전위원회,김종석,김종석,자유한국당,초선,비례대표,남,Representative,0.1902354048834826,5.548501520404599e-05
임이자,0.0013581423182442,행정안전위원회,임이자,임이자,자유한국당,초선,비례대표,여,Representative,0.2625742813254558,0.00035661324315065926
안민석,0.0,행정안전위원회,안민석,안민석,더불어민주당,4선,지역구,남,Representative,0.6831934548821521,0.0
임재훈,0.0005881385245269,행정안전위원회,임재훈,임재훈,국민의당,초선,비례대표,남,Representative,1.0830349246445592,0.0006369745625915533
정세균,0.0,행정안전위원회,정세균,정세균,더불어민주당,6선,지역구,남,Representative,0.8298975517248326,0.0
김해영,0.0049705029423587,행정안전위원회,김해영,김해영,더불어민주당,초선,지역구,남,Representative,0.4741611749752225,0.0023568195153666014
신용현,0.0033008206809919,행정안전위원회,신용현,신용현,국민의당,초선,지역구,여,Representative,0.9729453901363904,0.0032115182652379297
안규백,0.0039945550636938,행정안전위원회,안규백,안규백,더불어민주당,3선,지역구,남,Representative,0.6009595071079386,0.002400565842192946
김성원,0.0088966457890653,행정안전위원회,김성원,김성원,자유한국당,초선,지역구,남,Representative,0.1487072947006423,0.0013229961272017623
권칠승,0.0031009574956824,행정안전위원회,권칠승,권칠승,더불어민주당,초선,지역구,남,Representative,0.3014891570605743,0.0009349050614539563
안호영,0.0015042265362449,행정안전위원회,안호영,안호영,더불어민주당,초선,지역구,남,Representative,0.3178846521149758,0.0004781705291763251
윤호중,0.0013376087670786,행정안전위원회,윤호중,윤호중,더불어민주당,3선,지역구,남,Representative,0.3826215742444835,0.0005117979721828365
강훈식,0.0029815311028293,행정안전위원회,강훈식,강훈식,더불어민주당,초선,지역구,남,Representative,0.371852456351433,0.001108689664275272
우원식,0.0013972855025402,행정안전위원회,우원식,우원식,더불어민주당,3선,지역구,남,Representative,0.2682558233303833,0.00037482997291152974
오신환,0.0010592502605023,행정안전위원회,오신환,오신환,자유한국당,재선,지역구,남,Representative,1.0828612536923172,0.0011470210650614341
김수민,0.0049466149655611,행정안전위원회,김수민,김수민,국민의당,초선,비례대표,여,Representative,1.362224448997969,0.006738399845866576
지상욱,0.0011087584702019,행정안전위원회,지상욱,지상욱,자유한국당,초선,지역구,남,Representative,0.7380939530534976,0.000818367922252869
권은희,0.0016730595398544,행정안전위원회,권은희,권은희,국민의당,재선,지역구,여,Representative,0.9101311635551772,0.0015227036257047745
김중로,0.0043291918737185,행정안전위원회,김중로,김중로,국민의당,초선,비례대표,남,Representative,1.0195617327999331,0.004413878368391823
유승민,0.0006011239131831,행정안전위원회,유승민,유승민,자유한국당,4선,지역구,남,Representative,1.0521010990735595,0.0006324431297393384
윤상현,0.0018979654765015,행정안전위원회,윤상현,윤상현,자유한국당,3선,지역구,남,Representative,0.2001655767502632,0.0003799073542560109
이혜훈,0.0013688613951821,행정안전위원회,이혜훈,이혜훈,자유한국당,3선,지역구,여,Representative,1.4755924567120928,0.002019881549015098
문희상,0.0051203584006643,행정안전위원회,문희상,문희상,더불어민주당,6선,지역구,남,Representative,0.6351751444405559,0.0032523243867293604
김경진,0.003860881387103,행정안전위원회,김경진,김경진,국민의당,초선,지역구,남,Representative,1.3711841868583572,0.005293979505331393
김성수,0.0013286493882141,행정안전위원회,김성수,김성수,더불어민주당,초선,비례대표,남,Representative,0.6300024830232042,0.0008370524136421442
김진표,0.0026383356337818,행정안전위원회,김진표,김진표,더불어민주당,4선,지역구,남,Representative,0.9058736267791744,0.0023899986692346507
김태년,0.000609773648134,행정안전위원회,김태년,김태년,더불어민주당,3선,지역구,남,Representative,0.3475258712280392,0.00021191211831966816
백재현,0.0068077648288676,행정안전위원회,백재현,백재현,더불어민주당,3선,지역구,남,Representative,0.5536257649582159,0.003768954011037463
서청원,0.0006619460116844,행정안전위원회,서청원,서청원,자유한국당,8선,지역구,남,Representative,0.2133277142020287,0.00014121142959778245
김학용,0.0026514426528534,행정안전위원회,김학용,김학용,자유한국당,3선,지역구,남,Representative,0.3347518226262136,0.0008875752606315587
김정재,0.0160779177520646,행정안전위원회,김정재,김정재,자유한국당,초선,지역구,여,Representative,0.2044480865242837,0.00328709951970442
송언석,0.0006839185009685,행정안전위원회,송언석,송언석,자유한국당,초선,지역구,남,Representative,0.1908856424447248,0.00013055022243720527
이만희,0.002281967829023,행정안전위원회,이만희,이만희,자유한국당,초선,지역구,남,Representative,0.3536107077628312,0.0008069282591128345
조원진,0.0002936019905318,행정안전위원회,조원진,조원진,자유한국당,3선,지역구,남,Representative,0.1561314852952748,4.584051486737915e-05
신상진,0.0051671248231993,행정안전위원회,신상진,신상진,자유한국당,4선,지역구,남,Representative,0.5170961526344651,0.0026719003662583987
여상규,0.0001431914130875,행정안전위원회,여상규,여상규,자유한국당,3선,지역구,남,Representative,0.179755435767015,2.573943485763822e-05
고용진,0.0034677748470028,행정안전위원회,고용진,고용진,더불어민주당,초선,지역구,남,Representative,0.4239737881662508,0.0014702456383914179
민홍철,0.0056077803870555,행정안전위원회,민홍철,민홍철,더불어민주당,재선,지역구,남,Representative,0.9609964146420744,0.00538905684606048
정은혜,0.0,행정안전위원회,정은혜,정은혜,더불어민주당,초선,비례대표,여,Representative,0.6448259909434018,0.0
최교일,0.0012840258307072,행정안전위원회,최교일,최교일,자유한국당,초선,지역구,남,Representative,0.095160296612104,0.00012218827890770036
박완수,0.0097062519977355,행정안전위원회,박완수,박완수,자유한국당,초선,지역구,남,Representative,0.320674965976727,0.0031125520291353697
박맹우,0.0020726113092781,행정안전위원회,박맹우,박맹우,자유한국당,재선,지역구,남,Representative,0.2150211852210185,0.000445655340223464
김광수,0.0011195173865247,행정안전위원회,김광수,김광수,국민의당,초선,지역구,남,Representative,0.7050580980902613,0.000789324799322085
김종회,0.0021211451450301,행정안전위원회,김종회,김종회,국민의당,초선,지역구,남,Representative,1.05317158253419,0.0022339297891760647
인재근,0.0036018759917763,행정안전위원회,인재근,인재근,더불어민주당,재선,지역구,여,Representative,0.4706617600587874,0.0016952652938029239
함진규,0.0064730213679111,행정안전위원회,함진규,함진규,자유한국당,재선,지역구,남,Representative,0.2078582495326021,0.0013454708907211308
김용태,0.0004199104612543,행정안전위원회,김용태,김용태,자유한국당,3선,지역구,남,Representative,0.121605698183563,5.106350481541113e-05
염동열,0.001433629401671,행정안전위원회,염동열,염동열,자유한국당,재선,지역구,남,Representative,0.2114928291135159,0.00030320233805971686
이학영,0.0009411245633473,행정안전위원회,이학영,이학영,더불어민주당,재선,지역구,남,Representative,0.3212334061727276,0.00030232064911687415
홍의락,0.0028893121959769,행정안전위원회,홍의락,홍의락,더불어민주당,재선,지역구,남,Representative,0.5274233799288646,0.0015238908040718264
오제세,0.0108610621013737,행정안전위원회,오제세,오제세,더불어민주당,4선,지역구,남,Representative,1.1845693642879889,0.012865681428916613
최인호,0.0011019785223595,행정안전위원회,최인호,최인호,더불어민주당,초선,지역구,남,Representative,0.1459769861531162,0.00016086350349950418
최재성,0.0013008559759399,행정안전위원회,최재성,최재성,더불어민주당,4선,지역구,남,Representative,0.0631784868170286,8.218611212677185e-05
김순례,0.0003225749894873,행정안전위원회,김순례,김순례,자유한국당,초선,비례대표,여,Representative,0.2162730117184349,6.976426448146085e-05
민경욱,0.0015588436440381,행정안전위원회,민경욱,민경욱,자유한국당,초선,지역구,남,Representative,0.073326278826337,0.00011430420368940094
유기준,0.0002707351571247,행정안전위원회,유기준,유기준,자유한국당,4선,지역구,남,Representative,0.2633017533080311,7.128504155305878e-05
이종명,0.0027557072450747,행정안전위원회,이종명,이종명,자유한국당,초선,비례대표,남,Representative,0.1302432569839321,0.00035891228689274775
이주영,0.001123675315484,행정안전위원회,이주영,이주영,자유한국당,5선,지역구,남,Representative,0.5651882414157886,0.0006350880754807334
강석진,0.0018714084643949,행정안전위원회,강석진,강석진,자유한국당,초선,지역구,남,Representative,0.6089939732328231,0.0011396764762733865
경대수,0.0029200141701245,행정안전위원회,경대수,경대수,자유한국당,재선,지역구,남,Representative,0.635460965905347,0.0018555550250046147
김선동,0.0003957411446686,행정안전위원회,김선동,김선동,자유한국당,재선,지역구,남,Representative,0.1938810024934638,7.672668985625906e-05
김재원,0.0011748766676178,행정안전위원회,김재원,김재원,자유한국당,3선,지역구,남,Representative,0.215473832424108,0.0002531551781972723
김정훈,0.0,행정안전위원회,김정훈,김정훈,자유한국당,4선,지역구,남,Representative,0.260541039338365,0.0
나경원,0.0015988188561629,행정안전위원회,나경원,나경원,자유한국당,4선,지역구,여,Representative,0.4570003286366014,0.0007306607426968405
박순자,0.0013554362972306,행정안전위원회,박순자,박순자,자유한국당,3선,지역구,여,Representative,0.4713721881542825,0.0006389149733293263
송석준,0.0033053959224099,행정안전위원회,송석준,송석준,자유한국당,초선,지역구,남,Representative,0.8824103424051088,0.0029167155476781705
신보라,0.0012125261608504,행정안전위원회,신보라,신보라,자유한국당,초선,비례대표,여,Representative,0.2403514969713895,0.00029143247787736544
유민봉,0.0033529118109519,행정안전위원회,유민봉,유민봉,자유한국당,초선,비례대표,남,Representative,0.2816932534582966,0.0009444926365857898
유재중,0.0094198084931533,행정안전위원회,유재중,유재중,자유한국당,3선,지역구,남,Representative,0.4969856333113908,0.00468150948964181
윤한홍,0.0006361370517063,행정안전위원회,윤한홍,윤한홍,자유한국당,초선,지역구,남,Representative,0.2622782919078764,0.0001668449393408408
이양수,0.0034050462213923,행정안전위원회,이양수,이양수,자유한국당,초선,지역구,남,Representative,0.8099604387683925,0.002757952731505564
이은재,0.0003091198436497,행정안전위원회,이은재,이은재,자유한국당,재선,지역구,여,Representative,0.0511753819484567,1.5819326066620616e-05
이장우,0.0010347213463682,행정안전위원회,이장우,이장우,자유한국당,재선,지역구,남,Representative,0.2676638759131752,0.00027695752605901144
이철규,0.0012287033421901,행정안전위원회,이철규,이철규,자유한국당,초선,지역구,남,Representative,0.4017209073035526,0.0004935958214315145
이헌승,0.0004234655084688,행정안전위원회,이헌승,이헌승,자유한국당,재선,지역구,남,Representative,0.1422055697125377,6.021915388541516e-05
이현재,0.0014975165702011,행정안전위원회,이현재,이현재,자유한국당,재선,지역구,남,Representative,0.2081669972188319,0.00031173352770420706
장석춘,0.00052365316487,행정안전위원회,장석춘,장석춘,자유한국당,초선,지역구,남,Representative,0.1436037583640525,7.519856255456284e-05
장제원,0.0035163097422011,행정안전위원회,장제원,장제원,자유한국당,재선,지역구,남,Representative,0.5900030223326368,0.002074633375356344
정양석,0.0002725816731208,행정안전위원회,정양석,정양석,자유한국당,재선,지역구,남,Representative,0.3859603071668061,0.00010520570628574592
정용기,0.0002917191012875,행정안전위원회,정용기,정용기,자유한국당,재선,지역구,남,Representative,0.1798568900906483,5.246769033760859e-05
정점식,1.9601987955519983e-05,행정안전위원회,정점식,정점식,자유한국당,초선,지역구,남,Representative,-0.0,-0.0
정진석,0.0,행정안전위원회,정진석,정진석,자유한국당,4선,지역구,남,Representative,0.2765017781360929,0.0
주광덕,0.0008679701806236,행정안전위원회,주광덕,주광덕,자유한국당,재선,지역구,남,Representative,0.2195218361538728,0.0001905384077773013
한선교,9.27549773230255e-05,행정안전위원회,한선교,한선교,자유한국당,4선,지역구,남,Representative,0.1186880320068769,1.1008905717312392e-05
이석현,0.0010464391942785,행정안전위원회,이석현,이석현,더불어민주당,6선,지역구,남,Representative,0.4261848158879266,0.00044597649535149284
박주민,0.0066678903639422,행정안전위원회,박주민,박주민,더불어민주당,초선,지역구,남,Representative,0.6441785729603295,0.004295312099300219
이재정,0.0020731407813726,행정안전위원회,이재정,이재정,더불어민주당,초선,비례대표,여,Representative,0.1297805327369249,0.00026905331504518075
박주선,0.0028390524025614,행정안전위원회,박주선,박주선,국민의당,4선,지역구,남,Representative,1.0117643014135882,0.002872451870754104
최도자,0.0082954046343085,행정안전위원회,최도자,최도자,국민의당,초선,비례대표,여,Representative,1.2596089727347155,0.010448966109840129
김동철,0.0043007755185023,행정안전위원회,김동철,김동철,국민의당,4선,지역구,남,Representative,1.2078444006959184,0.005194667628673088
이태규,0.0008152757282902,행정안전위원회,이태규,이태규,국민의당,초선,비례대표,남,Representative,1.2563599016081857,0.0010242797337782176
채이배,0.006032199335119,행정안전위원회,채이배,채이배,국민의당,초선,비례대표,남,Representative,1.231055717778328,0.007425973482276873
장병완,0.001321051920139,행정안전위원회,장병완,장병완,국민의당,3선,지역구,남,Representative,0.8364677546616743,0.0011050173334301628
송기헌,0.0027920287767686,행정안전위원회,송기헌,송기헌,더불어민주당,초선,지역구,남,Representative,0.3192665277817301,0.0008914013330255822
이용호,0.0042714829806429,행정안전위원회,이용호,이용호,국민의당,초선,지역구,남,Representative,0.9837359713108262,0.004202011458900407
전현희,0.0010143114214252,행정안전위원회,전현희,전현희,더불어민주당,재선,지역구,여,Representative,0.2186320857698749,0.00022176102168639805
김정우,0.0091306119901759,행정안전위원회,김정우,김정우,더불어민주당,초선,지역구,남,Representative,0.4417726916628472,0.0040336550354290734
김경협,0.0019306250027415,행정안전위원회,김경협,김경협,더불어민주당,재선,지역구,남,Representative,0.2751830860421476,0.0005312753462445356
이개호,0.0015665454018418,행정안전위원회,이개호,이개호,더불어민주당,재선,지역구,남,Representative,0.9076344805120292,0.0014218506219991901
여영국,8.78780264204652e-05,행정안전위원회,여영국,여영국,정의당,초선,지역구,남,Representative,1.4694207601469056,0.0001291297963829698
김종대,0.0020039500986174,행정안전위원회,김종대,김종대,정의당,초선,비례대표,남,Representative,1.4582975228087227,0.0029223554646460497
윤소하,0.0021988001324969,행정안전위원회,윤소하,윤소하,정의당,초선,비례대표,남,Representative,1.501385577848504,0.003301246807502225
추혜선,0.0018865869421248,행정안전위원회,추혜선,추혜선,정의당,초선,비례대표,여,Representative,1.4776255797827655,0.0027876691241677525
김종훈,0.0,행정안전위원회,김종훈,김종훈,더불어민주당,초선,지역구,남,Representative,1.5948540798459616,0.0
정동영,0.0040728719872159,행정안전위원회,정동영,정동영,국민의당,4선,지역구,남,Representative,1.1063278234248168,0.004505931600704475
변재일,0.0083985259539131,행정안전위원회,변재일,변재일,더불어민주당,4선,지역구,남,Representative,0.629493870938658,0.005286820612907543
이용주,0.0031212289757276,행정안전위원회,이용주,이용주,국민의당,초선,지역구,남,Representative,0.6566531230147329,0.0020495647545556044
이상민,0.0008397923208875,행정안전위원회,이상민,이상민,더불어민주당,4선,지역구,남,Representative,0.6302132597162741,0.0005292482560312066
엄용수,0.0027369920090516,행정안전위원회,엄용수,엄용수,자유한국당,초선,지역구,남,Representative,0.3660271027599738,0.001001813255350357
민병두,0.0029846048965863,행정안전위원회,민병두,민병두,더불어민주당,3선,지역구,남,Representative,0.4585025107011514,0.0013684488385357688
김부겸,0.0005572866167368,행정안전위원회,김부겸,김부겸,더불어민주당,4선,지역구,남,Representative,0.8571509059437675,0.0004776787284062853
김영진,0.0014368023108951,행정안전위원회,김영진,김영진,더불어민주당,초선,지역구,남,Representative,0.1323556283416291,0.00019016887266122567
박병석,0.0002715209914847,행정안전위원회,박병석,박병석,더불어민주당,5선,지역구,남,Representative,0.4701074306076837,0.00012764403566292305
추미애,0.0005613959349801,행정안전위원회,추미애,추미애,더불어민주당,5선,지역구,여,Representative,0.2576812972041676,0.00014466123277081868
진선미,0.0054407861432647,행정안전위원회,진선미,진선미,더불어민주당,재선,지역구,여,Representative,0.7038169878391717,0.003829317714829665
남인순,0.0020346322031358,행정안전위원회,남인순,남인순,더불어민주당,재선,지역구,여,Representative,0.6462902314628618,0.0013149629175064287
박범계,0.000285767524898,행정안전위원회,박범계,박범계,더불어민주당,재선,지역구,남,Representative,0.5376962952563203,0.00015365613944222289
이인영,0.0003661371180012,행정안전위원회,이인영,이인영,더불어민주당,3선,지역구,남,Representative,0.1211476890856317,4.4356665734318625e-05
박완주,0.0035159414896816,행정안전위원회,박완주,박완주,더불어민주당,재선,지역구,남,Representative,0.7029909046961353,0.0024716748886899455
조응천,0.0007689424381952,행정안전위원회,조응천,조응천,더불어민주당,초선,지역구,남,Representative,0.3625277926369529,0.00027876300478378243
전해철,0.0006189078783167,행정안전위원회,전해철,전해철,더불어민주당,재선,지역구,남,Representative,0.1604451590533877,9.930077297591765e-05
김관영,0.0072023890217966,행정안전위원회,김관영,김관영,국민의당,재선,지역구,남,Representative,1.1358758772529134,0.008181019948449966
어기구,0.0014978038348919,행정안전위원회,어기구,어기구,더불어민주당,초선,지역구,남,Representative,0.386064465691427,0.0005782488372281117
홍영표,0.0,행정안전위원회,홍영표,홍영표,더불어민주당,3선,지역구,남,Representative,0.7711565648093,0.0
송영길,0.0013902298643556,행정안전위원회,송영길,송영길,더불어민주당,4선,지역구,남,Representative,0.4968450830667373,0.0006907288724376171
박용진,0.000971155911195,행정안전위원회,박용진,박용진,더불어민주당,초선,지역구,남,Representative,0.6153148674123682,0.0005975666707336891
강길부,0.0007477681778243,행정안전위원회,강길부,강길부,자유한국당,4선,지역구,남,Representative,1.011544857155329,0.0007564010546225821
심재권,0.0022661909390892,행정안전위원회,심재권,심재권,더불어민주당,3선,지역구,남,Representative,0.5028645163718454,0.0011395870105913486
황영철,0.0044421486477037,행정안전위원회,황영철,황영철,자유한국당,3선,지역구,남,Representative,0.3717335455385492,0.001651295666620168
황희,0.0006471696346786,행정안전위원회,황희,황희,더불어민주당,초선,지역구,남,Representative,0.2691269447247251,0.00017417078649966812
박선숙,0.0016974937406543,행정안전위원회,박선숙,박선숙,국민의당,재선,비례대표,여,Representative,1.2142537538570304,0.0020611881467382962
박주현,0.0007646891418423,행정안전위원회,박주현,박주현,국민의당,초선,비례대표,여,Representative,0.6812471540561623,0.0005209423016177159
김성환,0.0003559341802455,행정안전위원회,김성환,김성환,더불어민주당,초선,지역구,남,Representative,0.4284341213691399,0.00015249434777872586
이수혁,0.0001658155992557,행정안전위원회,이수혁,이수혁,더불어민주당,초선,비례대표,남,Representative,0.3510840296934358,5.8215208772723024e-05
손혜원,0.0001977135896047,행정안전위원회,손혜원,손혜원,더불어민주당,초선,지역구,여,Representative,0.8635365284530971,0.000170732906795243
이상돈,0.0,행정안전위원회,이상돈,이상돈,국민의당,초선,비례대표,남,Representative,1.606671771644464,0.0
이해찬,0.0003772568464129,행정안전위원회,이해찬,이해찬,더불어민주당,7선,지역구,남,Representative,0.3925330774809683,0.00014808579092322064
박경미,0.0006703269402027,행정안전위원회,박경미,박경미,더불어민주당,초선,비례대표,여,Representative,0.5361234903354704,0.00035937801884736766
이정현,0.0,행정안전위원회,이정현,이정현,자유한국당,3선,지역구,남,Representative,0.583583007550223,0.0
손금주,0.0023422680349638,행정안전위원회,손금주,손금주,국민의당,초선,지역구,남,Representative,1.3417577348471896,0.0031427562529980062
이철희,0.0019965444851099,행정안전위원회,이철희,이철희,더불어민주당,초선,비례대표,남,Representative,0.8472933004468098,0.0016916587662776437
이완영,0.0032731752450311,행정안전위원회,이완영,이완영,자유한국당,재선,지역구,남,Representative,0.3571997154092039,0.0011691772660095603
우상호,1.3464275530567253e-05,행정안전위원회,우상호,우상호,더불어민주당,3선,지역구,남,Representative,0.950393725091267,1.2796362977151005e-05
김성식,0.0003313601932789,행정안전위원회,김성식,김성식,국민의당,재선,지역구,남,Representative,1.2630624263755816,0.0004185286097271291
유은혜,0.0004410748101516,행정안전위원회,유은혜,유은혜,더불어민주당,재선,지역구,여,Representative,0.4014353783153699,0.0001770630332785875
이우현,0.0004464553017008,행정안전위원회,이우현,이우현,자유한국당,재선,지역구,남,Representative,0.2335736215615007,0.00010428018168358827
이군현,0.0,행정안전위원회,이군현,이군현,자유한국당,4선,지역구,남,Representative,0.5199038049730397,0.0
오세정,0.0022612601520888,행정안전위원회,오세정,오세정,국민의당,초선,비례대표,남,Representative,1.1278834176360886,0.0025504378285022174
권석창,0.001102870039615,행정안전위원회,권석창,권석창,자유한국당,초선,지역구,남,Representative,0.2295248300116327,0.0002531360583675555
박남춘,0.0078142338227543,행정안전위원회,박남춘,박남춘,더불어민주당,재선,지역구,남,Representative,0.4605735800336737,0.003599029646966168
노회찬,0.0002068958624361,행정안전위원회,노회찬,노회찬,정의당,3선,지역구,남,Representative,1.280547886443722,0.00026494005935649896
양승조,0.0005687122014216,행정안전위원회,양승조,양승조,더불어민주당,4선,지역구,남,Representative,0.7857133708245717,0.0004468447808080281
이철우,0.000351667821414,행정안전위원회,이철우,이철우,자유한국당,3선,지역구,남,Representative,0.2619402628325249,9.211596157092459e-05
박찬우,0.0005925941546884,행정안전위원회,박찬우,박찬우,자유한국당,초선,지역구,남,Representative,0.453230298468986,0.0002685816256004
박준영,0.0002035380317967,행정안전위원회,박준영,박준영,국민의당,초선,지역구,남,Representative,0.8806716279052433,0.00017925016980302897
송기석,0.0003175745299068,행정안전위원회,송기석,송기석,국민의당,초선,지역구,남,Representative,0.7845483731860012,0.00024915258080368904
김경수,0.0002844967816422,행정안전위원회,김경수,김경수,더불어민주당,초선,지역구,남,Representative,0.2933099446985726,8.344573529039556e-05
진영,0.0,행정안전위원회,진영,진영,더불어민주당,4선,지역구,남,Representative,0.930618422605128,0.0
윤종오,0.0003119597240322,행정안전위원회,윤종오,윤종오,더불어민주당,초선,지역구,남,Representative,1.1947717620134848,0.0003727206691591921
최명길,0.0003351537877633,행정안전위원회,최명길,최명길,더불어민주당,초선,지역구,남,Representative,0.6829154638268365,0.00022888170442369516
배덕광,0.0,행정안전위원회,배덕광,배덕광,자유한국당,재선,지역구,남,Representative,0.1475526412690407,0.0
문미옥,0.00081042382695,행정안전위원회,문미옥,문미옥,더불어민주당,초선,비례대표,여,Representative,0.3542828873224695,0.0002871192933667714
김현미,0.0005842956358095,행정안전위원회,김현미,김현미,더불어민주당,3선,지역구,여,Representative,0.5372955133516878,0.00031393942359141607
안철수,3.9384716209488884e-07,행정안전위원회,안철수,안철수,국민의당,재선,지역구,남,Representative,0.3712323266408756,1.4620879832539164e-07
김종태,0.0,행정안전위원회,김종태,김종태,자유한국당,재선,지역구,남,Representative,0.4863851342735198,0.0
김병관,0.0018292985662515,법제사법위원회,김병관,김병관,더불어민주당,초선,지역구,남,Representative,0.4357562473746135,0.0007971282785575144
고용진,0.0014469953000228,법제사법위원회,고용진,고용진,더불어민주당,초선,지역구,남,Representative,0.4239737881662508,0.0006134880788094271
김철민,0.0038008458419688,법제사법위원회,김철민,김철민,더불어민주당,초선,지역구,남,Representative,0.4943055978963909,0.0018787793764263989
박재호,0.0016152531276663,법제사법위원회,박재호,박재호,더불어민주당,초선,지역구,남,Representative,0.2524296630381502,0.00040773780273812226
박정,0.0027714543504079,법제사법위원회,박정,박정,더불어민주당,초선,지역구,남,Representative,0.2968827671690504,0.0008227970366318004
서형수,0.0,법제사법위원회,서형수,서형수,더불어민주당,초선,지역구,남,Representative,0.5046603090328576,0.0
심기준,0.0,법제사법위원회,심기준,심기준,더불어민주당,초선,비례대표,남,Representative,0.3265883675668164,0.0
위성곤,0.0023739530399552,법제사법위원회,위성곤,위성곤,더불어민주당,초선,지역구,남,Representative,0.8913491139784591,0.0021160209387905368
유승희,0.0032803755850224,법제사법위원회,유승희,유승희,더불어민주당,3선,지역구,여,Representative,0.5469890607717001,0.0017943295602298188
이규희,0.0006307519582955,법제사법위원회,이규희,이규희,더불어민주당,초선,지역구,남,Representative,0.3036400552435822,0.00019152155946184325
이원욱,0.0029491799248662,법제사법위원회,이원욱,이원욱,더불어민주당,재선,지역구,남,Representative,0.3714494969930796,0.0010954713996336382
홍익표,0.0008995174477085,법제사법위원회,홍익표,홍익표,더불어민주당,재선,지역구,남,Representative,0.1975395629671791,0.00017769028350168945
권미혁,0.0028267629493024,법제사법위원회,권미혁,권미혁,더불어민주당,초선,지역구,여,Representative,0.4592713852034786,0.0012982513353679839
김병기,0.0108352787347262,법제사법위원회,김병기,김병기,더불어민주당,초선,지역구,남,Representative,0.1877751940353654,0.002034596566840481
김상희,0.0066365014723751,법제사법위원회,김상희,김상희,더불어민주당,3선,지역구,여,Representative,0.549508602610133,0.003646814650304932
김영주,0.0,법제사법위원회,김영주,김영주,더불어민주당,3선,지역구,여,Representative,0.5066585031839548,0.0
남인순,0.0040612637875051,법제사법위원회,남인순,남인순,더불어민주당,재선,지역구,여,Representative,0.6462902314628618,0.00262475511325841
맹성규,0.0004543373310621,법제사법위원회,맹성규,맹성규,더불어민주당,초선,지역구,남,Representative,0.302559084695415,0.0001374638870291067
인재근,0.0104630052250939,법제사법위원회,인재근,인재근,더불어민주당,재선,지역구,여,Representative,0.4706617600587874,0.004924536454746983
한정애,0.0023333101115327,법제사법위원회,한정애,한정애,더불어민주당,재선,지역구,여,Representative,0.4432117996184036,0.001034150573600226
송기헌,0.0031053250421293,법제사법위원회,송기헌,송기헌,더불어민주당,초선,지역구,남,Representative,0.3192665277817301,0.0009914263438342763
김민기,0.0016053339356319,법제사법위원회,김민기,김민기,더불어민주당,재선,지역구,남,Representative,0.1891638569535047,0.0003036711589624795
김종민,0.0027629052199436,법제사법위원회,김종민,김종민,더불어민주당,초선,지역구,남,Representative,0.5934295202694789,0.0016395895192211699
박광온,0.0031029997637911,법제사법위원회,박광온,박광온,더불어민주당,재선,지역구,남,Representative,0.2036686067716271,0.0006319836387040213
백혜련,0.0113938334925006,법제사법위원회,백혜련,백혜련,더불어민주당,초선,지역구,여,Representative,0.2873528638507782,0.0032740506843089616
이철희,0.0152774573284911,법제사법위원회,이철희,이철희,더불어민주당,초선,비례대표,남,Representative,0.8472933004468098,0.012944487242292526
이학영,0.0013911067704706,법제사법위원회,이학영,이학영,더불어민주당,재선,지역구,남,Representative,0.3212334061727276,0.0004468699662282136
전해철,0.000733546058681,법제사법위원회,전해철,전해철,더불어민주당,재선,지역구,남,Representative,0.1604451590533877,0.00011769391405805871
정성호,0.0234637096062429,법제사법위원회,정성호,정성호,더불어민주당,3선,지역구,남,Representative,0.9858607826855786,0.023131951117117754
강병원,0.0009804008669091,법제사법위원회,강병원,강병원,더불어민주당,초선,지역구,남,Representative,0.3711053074374737,0.0003638319651262673
기동민,0.0008400340720712,법제사법위원회,기동민,기동민,더불어민주당,초선,지역구,남,Representative,0.1406386680233549,0.00011814127299032847
김영진,0.0009312570235587,법제사법위원회,김영진,김영진,더불어민주당,초선,지역구,남,Representative,0.1323556283416291,0.00012325710850066702
김정우,0.0014674552733652,법제사법위원회,김정우,김정우,더불어민주당,초선,지역구,남,Representative,0.4417726916628472,0.0006482816660093836
박경미,0.0027448503914295,법제사법위원회,박경미,박경미,더불어민주당,초선,비례대표,여,Representative,0.5361234903354704,0.0014715787723018656
박홍근,0.0034131838770431,법제사법위원회,박홍근,박홍근,더불어민주당,재선,지역구,남,Representative,0.4380480284960645,0.0014951384682332838
서영교,0.0112545157233382,법제사법위원회,서영교,서영교,더불어민주당,재선,지역구,여,Representative,0.4822796444107599,0.005427823841066853
손금주,0.0046737543275078,법제사법위원회,손금주,손금주,국민의당,초선,지역구,남,Representative,1.3417577348471896,0.006271046019709116
윤준호,0.0,법제사법위원회,윤준호,윤준호,더불어민주당,초선,지역구,남,Representative,0.8409997210125054,0.0
제윤경,0.0026651658561082,법제사법위원회,제윤경,제윤경,더불어민주당,초선,비례대표,여,Representative,0.2928274618467911,0.0007804337530448943
진선미,0.0057330969682711,법제사법위원회,진선미,진선미,더불어민주당,재선,지역구,여,Representative,0.7038169878391717,0.004035051039198452
허윤정,0.0,법제사법위원회,허윤정,허윤정,더불어민주당,초선,비례대표,여,Representative,-0.0,-0.0
박대출,0.0045389433099691,법제사법위원회,박대출,박대출,자유한국당,재선,지역구,남,Representative,0.1666888897701005,0.0007565914210681744
김석기,0.0158436587171791,법제사법위원회,김석기,김석기,자유한국당,초선,지역구,남,Representative,0.3618426593527747,0.005732911604101857
김재경,0.0004759364330943,법제사법위원회,김재경,김재경,자유한국당,4선,지역구,남,Representative,0.1491019221549866,7.09630369979483e-05
송희경,0.0096333114398455,법제사법위원회,송희경,송희경,자유한국당,초선,비례대표,여,Representative,0.6136147509492222,0.005911141999977091
염동열,0.0,법제사법위원회,염동열,염동열,자유한국당,재선,지역구,남,Representative,0.2114928291135159,0.0
이은권,0.0006608302848106,법제사법위원회,이은권,이은권,자유한국당,초선,지역구,남,Representative,0.2381916954337352,0.0001574042859329949
이진복,0.0,법제사법위원회,이진복,이진복,자유한국당,3선,지역구,남,Representative,0.219085789524194,0.0
정갑윤,0.0142799190464745,법제사법위원회,정갑윤,정갑윤,자유한국당,5선,지역구,남,Representative,0.2887216846392271,0.004122922283609903
최교일,0.008409090958972,법제사법위원회,최교일,최교일,자유한국당,초선,지역구,남,Representative,0.095160296612104,0.0008002115898939376
최연혜,0.0005807008699933,법제사법위원회,최연혜,최연혜,자유한국당,초선,비례대표,여,Representative,0.0914081709115077,5.3080804372808785e-05
김진표,0.0001464720479394,법제사법위원회,김진표,김진표,더불어민주당,4선,지역구,남,Representative,0.9058736267791744,0.00013268516528863739
송갑석,0.0012386676208041,법제사법위원회,송갑석,송갑석,더불어민주당,초선,지역구,남,Representative,0.1128634081839454,0.00013980024929104962
신경민,0.0023570715707643,법제사법위원회,신경민,신경민,더불어민주당,재선,지역구,남,Representative,0.2582677030896177,0.0006087554605991332
이상민,0.0020328222639647,법제사법위원회,이상민,이상민,더불어민주당,4선,지역구,남,Representative,0.6302132597162741,0.0012811115453970098
정재호,0.0002353644328807,법제사법위원회,정재호,정재호,더불어민주당,초선,지역구,남,Representative,0.2574447104853001,6.059332828150866e-05
김승희,0.0032270227707434,법제사법위원회,김승희,김승희,자유한국당,초선,비례대표,여,Representative,0.3319279231870295,0.0010711389663701104
김정재,0.0064852351687185,법제사법위원회,김정재,김정재,자유한국당,초선,지역구,여,Representative,0.2044480865242837,0.0013258939209044875
김현아,0.0093832133602697,법제사법위원회,김현아,김현아,자유한국당,초선,비례대표,여,Representative,0.6541850288553541,0.006138357702843979
박성중,0.0036404711030059,법제사법위원회,박성중,박성중,자유한국당,초선,지역구,남,Representative,0.1599671130327059,0.0005823556524268443
신보라,0.0011348253351348,법제사법위원회,신보라,신보라,자유한국당,초선,비례대표,여,Representative,0.2403514969713895,0.00027275696810070797
윤상직,0.0095933499093613,법제사법위원회,윤상직,윤상직,자유한국당,초선,지역구,남,Representative,0.3535025828741088,0.003391273971374317
윤종필,0.0020548799803937,법제사법위원회,윤종필,윤종필,자유한국당,초선,비례대표,여,Representative,0.3873171504317463,0.0007958902584853306
이종명,0.0046235588792447,법제사법위원회,이종명,이종명,자유한국당,초선,비례대표,남,Representative,0.1302432569839321,0.0006021873672898086
임이자,0.0005548981264628,법제사법위원회,임이자,임이자,자유한국당,초선,비례대표,여,Representative,0.2625742813254558,0.00014570197676481162
정병국,0.0,법제사법위원회,정병국,정병국,자유한국당,5선,지역구,남,Representative,1.1343779209474094,0.0
김부겸,0.0,법제사법위원회,김부겸,김부겸,더불어민주당,4선,지역구,남,Representative,0.8571509059437675,0.0
이용득,0.0,법제사법위원회,이용득,이용득,더불어민주당,초선,비례대표,남,Representative,0.4820345550834095,0.0
임종성,0.0031881578252127,법제사법위원회,임종성,임종성,더불어민주당,초선,지역구,남,Representative,0.5180000225410992,0.0016514658253247603
정은혜,0.0,법제사법위원회,정은혜,정은혜,더불어민주당,초선,비례대표,여,Representative,0.6448259909434018,0.0
정춘숙,0.0038964091993276,법제사법위원회,정춘숙,정춘숙,더불어민주당,초선,비례대표,여,Representative,0.6218718977568765,0.0024230673832232063
표창원,0.0115543130135541,법제사법위원회,표창원,표창원,더불어민주당,초선,지역구,남,Representative,0.4432466247795722,0.005121410244904543
주호영,0.0052025536691242,법제사법위원회,주호영,주호영,자유한국당,4선,지역구,남,Representative,0.3195534977330795,0.0016624942221127046
강석호,0.0011070860158995,법제사법위원회,강석호,강석호,자유한국당,3선,지역구,남,Representative,0.4559473254820344,0.0005047729080279381
곽대훈,0.0013357729031885,법제사법위원회,곽대훈,곽대훈,자유한국당,초선,지역구,남,Representative,0.1312626090957611,0.000175337036431942
김광림,0.0,법제사법위원회,김광림,김광림,자유한국당,3선,지역구,남,Representative,0.2439500943098557,0.0
김도읍,0.0070603696278629,법제사법위원회,김도읍,김도읍,자유한국당,재선,지역구,남,Representative,0.0786043622449074,0.0005549758518114775
김무성,0.0,법제사법위원회,김무성,김무성,자유한국당,6선,지역구,남,Representative,0.2993921614051784,0.0
김상훈,0.0,법제사법위원회,김상훈,김상훈,자유한국당,재선,지역구,남,Representative,0.1847431044523968,0.0
정태옥,0.0060883910188848,법제사법위원회,정태옥,정태옥,자유한국당,초선,지역구,남,Representative,0.3062475812524373,0.0018645550232525322
추경호,0.0016871206101303,법제사법위원회,추경호,추경호,자유한국당,초선,지역구,남,Representative,0.1387872488569416,0.00023415082796982912
안민석,0.0067343080761971,법제사법위원회,안민석,안민석,더불어민주당,4선,지역구,남,Representative,0.6831934548821521,0.004600835200817876
윤후덕,0.007922797481135,법제사법위원회,윤후덕,윤후덕,더불어민주당,재선,지역구,남,Representative,0.3602653219661517,0.0028543091854137167
추혜선,0.0033823433633382,법제사법위원회,추혜선,추혜선,정의당,초선,비례대표,여,Representative,1.4776255797827655,0.004997837073276997
김종대,0.0010790396717109,법제사법위원회,김종대,김종대,정의당,초선,비례대표,남,Representative,1.4582975228087227,0.0015735608802683427
김종훈,0.0,법제사법위원회,김종훈,김종훈,더불어민주당,초선,지역구,남,Representative,1.5948540798459616,0.0
박선숙,0.0003884721300125,법제사법위원회,박선숙,박선숙,국민의당,재선,비례대표,여,Representative,1.2142537538570304,0.0004717037421365145
심상정,0.0002863149567329,법제사법위원회,심상정,심상정,정의당,3선,지역구,여,Representative,1.4101172974735254,0.00040373767301444635
여영국,0.0,법제사법위원회,여영국,여영국,정의당,초선,지역구,남,Representative,1.4694207601469056,0.0
윤소하,0.0005209254156048,법제사법위원회,윤소하,윤소하,정의당,초선,비례대표,남,Representative,1.501385577848504,0.0007821099061237847
이정미,0.0025834291322825,법제사법위원회,이정미,이정미,정의당,초선,비례대표,여,Representative,1.419781284660404,0.003667904332261161
채이배,0.0136497115677341,법제사법위원회,채이배,채이배,국민의당,초선,비례대표,남,Representative,1.231055717778328,0.016803555471484048
천정배,0.003664848786306,법제사법위원회,천정배,천정배,국민의당,6선,지역구,남,Representative,0.9572737450190898,0.0035082635225958106
금태섭,0.0060426906741011,법제사법위원회,금태섭,금태섭,더불어민주당,초선,지역구,남,Representative,0.4645794902283139,0.0028073101529812756
박지원,0.001700212331427,법제사법위원회,박지원,박지원,국민의당,4선,지역구,남,Representative,0.7565970138970873,0.001286375572948673
이재정,0.0010031718475467,법제사법위원회,이재정,이재정,더불어민주당,초선,비례대표,여,Representative,0.1297805327369249,0.00013019217680129594
홍일표,0.0013413169549792,법제사법위원회,홍일표,홍일표,자유한국당,3선,지역구,남,Representative,0.7569146892318556,0.0010152625061395
강효상,0.0043410720144393,법제사법위원회,강효상,강효상,자유한국당,초선,비례대표,남,Representative,0.2888513821081876,0.001253924651201966
권성동,0.0108391191233614,법제사법위원회,권성동,권성동,자유한국당,3선,지역구,남,Representative,0.4062466024090395,0.004403355316972416
김성찬,0.0107948606282491,법제사법위원회,김성찬,김성찬,자유한국당,재선,지역구,남,Representative,0.6145298499661254,0.006633764082283154
김세연,0.0009093114490086,법제사법위원회,김세연,김세연,자유한국당,3선,지역구,남,Representative,1.016616967853162,0.0009244214481252881
여상규,0.001274076932831,법제사법위원회,여상규,여상규,자유한국당,3선,지역구,남,Representative,0.179755435767015,0.0002290222542617383
유민봉,0.0007527023005668,법제사법위원회,유민봉,유민봉,자유한국당,초선,비례대표,남,Representative,0.2816932534582966,0.00021203115993220656
이주영,0.0015752148121685,법제사법위원회,이주영,이주영,자유한국당,5선,지역구,남,Representative,0.5651882414157886,0.0008902928895416162
정양석,0.0,법제사법위원회,정양석,정양석,자유한국당,재선,지역구,남,Representative,0.3859603071668061,0.0
윤호중,0.0019457540434017,법제사법위원회,윤호중,윤호중,더불어민주당,3선,지역구,남,Representative,0.3826215742444835,0.0007444874751789275
김진태,0.0019512318981942,법제사법위원회,김진태,김진태,자유한국당,재선,지역구,남,Representative,0.0487572040542768,9.513661181746845e-05
민경욱,0.0013590426405175,법제사법위원회,민경욱,민경욱,자유한국당,초선,지역구,남,Representative,0.073326278826337,9.965353959546747e-05
조원진,0.0003887293290838,법제사법위원회,조원진,조원진,자유한국당,3선,지역구,남,Representative,0.1561314852952748,6.069288752768936e-05
주광덕,0.0027895307582502,법제사법위원회,주광덕,주광덕,자유한국당,재선,지역구,남,Representative,0.2195218361538728,0.000612362914058789
이명수,0.0115650271597621,법제사법위원회,이명수,이명수,자유한국당,3선,지역구,남,Representative,0.3282274440638352,0.0037959593051775493
김성원,0.0027463458161152,법제사법위원회,김성원,김성원,자유한국당,초선,지역구,남,Representative,0.1487072947006423,0.0004084016566269191
박덕흠,0.0115324733098658,법제사법위원회,박덕흠,박덕흠,자유한국당,재선,지역구,남,Representative,0.3783016007215079,0.004362753113400298
박인숙,0.0062527372743636,법제사법위원회,박인숙,박인숙,자유한국당,재선,지역구,여,Representative,0.5061732872045339,0.003164968580190941
성일종,0.0,법제사법위원회,성일종,성일종,자유한국당,초선,지역구,남,Representative,0.2957858911419952,0.0
조배숙,0.0004900170674429,법제사법위원회,조배숙,조배숙,국민의당,4선,지역구,여,Representative,1.0458037986965076,0.0005124617105579076
홍문표,0.0026209540333315,법제사법위원회,홍문표,홍문표,자유한국당,3선,지역구,남,Representative,1.0738729958258912,0.0028145717596956507
이종배,0.0059423045753638,법제사법위원회,이종배,이종배,자유한국당,재선,지역구,남,Representative,0.2546643617911198,0.001513293202253473
김규환,0.002300043297466,법제사법위원회,김규환,김규환,자유한국당,초선,비례대표,남,Representative,0.4770049822009083,0.0010971321121690878
윤영석,0.0009489161574011,법제사법위원회,윤영석,윤영석,자유한국당,재선,지역구,남,Representative,0.3920069894662951,0.0003719817661187302
이동섭,0.0126597496653196,법제사법위원회,이동섭,이동섭,국민의당,초선,비례대표,남,Representative,1.3011529436280886,0.016472270542625306
정유섭,0.0047858780921039,법제사법위원회,정유섭,정유섭,자유한국당,초선,지역구,남,Representative,0.4080188775728643,0.0019527286073407948
이은재,0.0011932430313211,법제사법위원회,이은재,이은재,자유한국당,재선,지역구,여,Representative,0.0511753819484567,6.106466788519158e-05
원유철,0.0036874012006846,법제사법위원회,원유철,원유철,자유한국당,5선,지역구,남,Representative,0.4771525237688151,0.001759452789054816
정우택,0.0021515189264189,법제사법위원회,정우택,정우택,자유한국당,4선,지역구,남,Representative,0.5140939839979815,0.0011060829365297524
정운천,0.0021812922247991,법제사법위원회,정운천,정운천,자유한국당,초선,지역구,남,Representative,1.205596444443113,0.0026297581505092026
정점식,2.342867517867921e-05,법제사법위원회,정점식,정점식,자유한국당,초선,지역구,남,Representative,-0.0,-0.0
함진규,0.0099330072963637,법제사법위원회,함진규,함진규,자유한국당,재선,지역구,남,Representative,0.2078582495326021,0.002064657509216723
강석진,0.0016725370096993,법제사법위원회,강석진,강석진,자유한국당,초선,지역구,남,Representative,0.6089939732328231,0.0010185649589157216
김기선,0.0002690937617065,법제사법위원회,김기선,김기선,자유한국당,재선,지역구,남,Representative,0.2058944226376191,5.540490470194487e-05
박맹우,0.0019340123945102,법제사법위원회,박맹우,박맹우,자유한국당,재선,지역구,남,Representative,0.2150211852210185,0.00041585363729972324
박순자,0.0008622046468181,법제사법위원회,박순자,박순자,자유한국당,3선,지역구,여,Representative,0.4713721881542825,0.00040641929100743813
백승주,0.0005152413745643,법제사법위원회,백승주,백승주,자유한국당,초선,지역구,남,Representative,0.1747219249951915,9.0023964801043e-05
송석준,0.0095368860171393,법제사법위원회,송석준,송석준,자유한국당,초선,지역구,남,Representative,0.8824103424051088,0.008415446855862384
유기준,0.0058876689731243,법제사법위원회,유기준,유기준,자유한국당,4선,지역구,남,Representative,0.2633017533080311,0.001550233563520923
유재중,0.0006511702891605,법제사법위원회,유재중,유재중,자유한국당,3선,지역구,남,Representative,0.4969856333113908,0.00032362227855199253
윤한홍,0.0005169089636377,법제사법위원회,윤한홍,윤한홍,자유한국당,초선,지역구,남,Representative,0.2622782919078764,0.00013557400005476653
이만희,0.0019187054182191,법제사법위원회,이만희,이만희,자유한국당,초선,지역구,남,Representative,0.3536107077628312,0.000678474780924835
이채익,0.0012626966687929,법제사법위원회,이채익,이채익,자유한국당,재선,지역구,남,Representative,0.415602928743905,0.0005247804336655018
이헌승,0.0009783723536759,법제사법위원회,이헌승,이헌승,자유한국당,재선,지역구,남,Representative,0.1422055697125377,0.00013912999794547776
이현재,0.0,법제사법위원회,이현재,이현재,자유한국당,재선,지역구,남,Representative,0.2081669972188319,0.0
정용기,0.0020808449111718,법제사법위원회,정용기,정용기,자유한국당,재선,지역구,남,Representative,0.1798568900906483,0.0003742542944843113
정종섭,0.0006162993764634,법제사법위원회,정종섭,정종섭,자유한국당,초선,지역구,남,Representative,0.3807594230574026,0.00023466179501284117
박찬대,0.0047629909461393,법제사법위원회,박찬대,박찬대,더불어민주당,초선,지역구,남,Representative,0.6056175521921311,0.0028845509179141653
신창현,0.0042582485935358,법제사법위원회,신창현,신창현,더불어민주당,초선,지역구,남,Representative,0.0854651307466251,0.00036393177279816954
이종걸,0.0031869669630104,법제사법위원회,이종걸,이종걸,더불어민주당,5선,지역구,남,Representative,1.0363897595497007,0.003302939924487188
이찬열,0.0214056399714798,법제사법위원회,이찬열,이찬열,더불어민주당,3선,지역구,남,Representative,1.1746514826711774,0.025144166730024165
전혜숙,0.0048260995809063,법제사법위원회,전혜숙,전혜숙,더불어민주당,재선,지역구,여,Representative,0.717807959122133,0.0034642126906905325
조승래,0.0006221562762447,법제사법위원회,조승래,조승래,더불어민주당,초선,지역구,남,Representative,0.2088104943838757,0.00012991275962668695
주승용,0.0359875354276459,법제사법위원회,주승용,주승용,국민의당,4선,지역구,남,Representative,1.1127518815412194,0.040045197759144266
박주민,0.0127232495447491,법제사법위원회,박주민,박주민,더불어민주당,초선,지역구,남,Representative,0.6441785729603295,0.008196044735154638
권칠승,0.0067027923950727,법제사법위원회,권칠승,권칠승,더불어민주당,초선,지역구,남,Representative,0.3014891570605743,0.0020208192291424963
노웅래,0.0086205264354806,법제사법위원회,노웅래,노웅래,더불어민주당,3선,지역구,남,Representative,0.7159401864066474,0.006171781303141412
설훈,0.0006183066874464,법제사법위원회,설훈,설훈,더불어민주당,4선,지역구,남,Representative,0.2947522077855856,0.00018224726121341843
윤일규,0.0005348870893182,법제사법위원회,윤일규,윤일규,더불어민주당,초선,지역구,남,Representative,0.2463711717270404,0.00013178075893699107
김태흠,0.0,법제사법위원회,김태흠,김태흠,자유한국당,재선,지역구,남,Representative,0.74944812472639,0.0
박명재,0.0070652270270133,법제사법위원회,박명재,박명재,자유한국당,재선,지역구,남,Representative,0.5424317597732208,0.0038324035294601453
서청원,0.0015685095268493,법제사법위원회,서청원,서청원,자유한국당,8선,지역구,남,Representative,0.2133277142020287,0.0003346065520668667
신용현,0.0065859424188011,법제사법위원회,신용현,신용현,국민의당,초선,지역구,여,Representative,0.9729453901363904,0.006407762316076238
안규백,0.0125162372464693,법제사법위원회,안규백,안규백,더불어민주당,3선,지역구,남,Representative,0.6009595071079386,0.007521751766484212
유동수,0.0093440779474344,법제사법위원회,유동수,유동수,더불어민주당,초선,지역구,남,Representative,0.8688043750278167,0.008118175801331947
정인화,0.0059202618696055,법제사법위원회,정인화,정인화,국민의당,초선,지역구,남,Representative,1.152650910093734,0.006823995231994011
하태경,0.0231087649345557,법제사법위원회,하태경,하태경,자유한국당,재선,지역구,남,Representative,1.492172082079166,0.034482253886674
홍철호,0.0037226238867626,법제사법위원회,홍철호,홍철호,자유한국당,재선,지역구,남,Representative,0.4481695399588016,0.0016683666347700405
송언석,0.0,법제사법위원회,송언석,송언석,자유한국당,초선,지역구,남,Representative,0.1908856424447248,0.0
심재철,0.0076852213277736,법제사법위원회,심재철,심재철,자유한국당,5선,지역구,남,Representative,0.2402035505413585,0.001846017449627392
이종구,0.0,법제사법위원회,이종구,이종구,자유한국당,3선,지역구,남,Representative,0.5199034206107074,0.0
조훈현,0.0,법제사법위원회,조훈현,조훈현,자유한국당,초선,비례대표,남,Representative,0.3604447460125601,0.0
김종회,0.0027734014242164,법제사법위원회,김종회,김종회,국민의당,초선,지역구,남,Representative,1.05317158253419,0.0029208675669445626
손혜원,0.0003258337142487,법제사법위원회,손혜원,손혜원,더불어민주당,초선,지역구,여,Representative,0.8635365284530971,0.00028136931445530084
장병완,0.0,법제사법위원회,장병완,장병완,국민의당,3선,지역구,남,Representative,0.8364677546616743,0.0
장정숙,0.0032965048188959,법제사법위원회,장정숙,장정숙,국민의당,초선,비례대표,여,Representative,1.0742364163183826,0.0035412255230270104
황주홍,0.0159811014534659,법제사법위원회,황주홍,황주홍,국민의당,재선,지역구,남,Representative,1.2962987186817088,0.02071628133725024
곽상도,0.0049091396551565,법제사법위원회,곽상도,곽상도,자유한국당,초선,지역구,남,Representative,0.1797207201934033,0.0008822741143547217
안상수,0.0030521946607821,법제사법위원회,안상수,안상수,자유한국당,3선,지역구,남,Representative,0.6645956077847494,0.0020284751656598466
김선동,0.0015075587537414,법제사법위원회,김선동,김선동,자유한국당,재선,지역구,남,Representative,0.1938810024934638,0.00029228700249317956
이장우,0.0001923322370065,법제사법위원회,이장우,이장우,자유한국당,재선,지역구,남,Representative,0.2676638759131752,5.148039202021122e-05
김정호,0.0,법제사법위원회,김정호,김정호,더불어민주당,초선,지역구,남,Representative,0.2510534798158137,0.0
안호영,0.002269773178149,법제사법위원회,안호영,안호영,더불어민주당,초선,지역구,남,Representative,0.3178846521149758,0.0007215260571157979
경대수,0.0006336671843823,법제사법위원회,경대수,경대수,자유한국당,재선,지역구,남,Representative,0.635460965905347,0.00040267076105009793
김순례,0.0020376761197519,법제사법위원회,김순례,김순례,자유한국당,초선,비례대표,여,Representative,0.2162730117184349,0.0004406943513254776
김영우,0.0026318665195879,법제사법위원회,김영우,김영우,자유한국당,3선,지역구,남,Representative,0.6260518797021696,0.0016476849817132118
김재원,0.0016464803096026,법제사법위원회,김재원,김재원,자유한국당,3선,지역구,남,Representative,0.215473832424108,0.00035477342232090406
김종석,0.0,법제사법위원회,김종석,김종석,자유한국당,초선,비례대표,남,Representative,0.1902354048834826,0.0
김학용,0.0028617509796487,법제사법위원회,김학용,김학용,자유한국당,3선,지역구,남,Representative,0.3347518226262136,0.0009579763563397546
나경원,0.0061899511430544,법제사법위원회,나경원,나경원,자유한국당,4선,지역구,여,Representative,0.4570003286366014,0.002828809706620367
박완수,0.0044439907419766,법제사법위원회,박완수,박완수,자유한국당,초선,지역구,남,Representative,0.320674965976727,0.0014250765799842361
이철규,0.0106933562144128,법제사법위원회,이철규,이철규,자유한국당,초선,지역구,남,Representative,0.4017209073035526,0.0042957447605739925
장석춘,0.0,법제사법위원회,장석춘,장석춘,자유한국당,초선,지역구,남,Representative,0.1436037583640525,0.0
조경태,0.0173569346982251,법제사법위원회,조경태,조경태,자유한국당,4선,지역구,남,Representative,0.9905363611314508,0.017192674936376107
강창일,0.0019870920530477,법제사법위원회,강창일,강창일,더불어민주당,4선,지역구,남,Representative,0.8418881333730888,0.0016729092193808269
김동철,0.005138456500802,법제사법위원회,김동철,김동철,국민의당,4선,지역구,남,Representative,1.2078444006959184,0.006206455912713238
정동영,0.0020163984588225,법제사법위원회,정동영,정동영,국민의당,4선,지역구,남,Representative,1.1063278234248168,0.0022307977181062516
문진국,0.0,법제사법위원회,문진국,문진국,자유한국당,초선,비례대표,남,Representative,0.6376962280009649,0.0
권은희,0.000772287584625,법제사법위원회,권은희,권은희,국민의당,재선,지역구,여,Representative,0.9101311635551772,0.0007028829979939685
김관영,0.0108926395810539,법제사법위원회,김관영,김관영,국민의당,재선,지역구,남,Representative,1.1358758772529134,0.012372686539729406
김광수,0.0017236571306452,법제사법위원회,김광수,김광수,국민의당,초선,지역구,남,Representative,0.7050580980902613,0.0012152784182924217
김삼화,0.0072922391423143,법제사법위원회,김삼화,김삼화,국민의당,초선,비례대표,여,Representative,1.0477888116577914,0.007640726585249932
최도자,0.0052058046633122,법제사법위원회,최도자,최도자,국민의당,초선,비례대표,여,Representative,1.2596089727347155,0.006557278264212272
이언주,0.0125090572300746,법제사법위원회,이언주,이언주,더불어민주당,재선,지역구,여,Representative,1.5238762330035724,0.019062255010192184
이학재,0.00182876907879,법제사법위원회,이학재,이학재,자유한국당,3선,지역구,남,Representative,1.0008889465537203,0.0018303947567601406
홍문종,0.0,법제사법위원회,홍문종,홍문종,자유한국당,4선,지역구,남,Representative,0.1754129276773165,0.0
김해영,0.0024553662799429,법제사법위원회,김해영,김해영,더불어민주당,초선,지역구,남,Representative,0.4741611749752225,0.0011642393602922666
윤상현,0.0013687877894725,법제사법위원회,윤상현,윤상현,자유한국당,3선,지역구,남,Representative,0.2001655767502632,0.00027398419732848077
김성수,0.0009509757390744,법제사법위원회,김성수,김성수,더불어민주당,초선,비례대표,남,Representative,0.6300024830232042,0.0005991170769116987
김현권,0.0005202960697425,법제사법위원회,김현권,김현권,더불어민주당,초선,비례대표,남,Representative,0.6106213595945515,0.00031770389349786697
이양수,0.0,법제사법위원회,이양수,이양수,자유한국당,초선,지역구,남,Representative,0.8099604387683925,0.0
한선교,0.0001186151366484,법제사법위원회,한선교,한선교,자유한국당,4선,지역구,남,Representative,0.1186880320068769,1.4078197135025375e-05
소병훈,0.0052572712933685,법제사법위원회,소병훈,소병훈,더불어민주당,초선,지역구,남,Representative,0.5375988645747761,0.0028263030780764703
송영길,0.0011879485197402,법제사법위원회,송영길,송영길,더불어민주당,4선,지역구,남,Representative,0.4968450830667373,0.0005902263809693273
송옥주,0.0,법제사법위원회,송옥주,송옥주,더불어민주당,초선,비례대표,여,Representative,0.5052940578089671,0.0
조정식,0.0026274318798528,법제사법위원회,조정식,조정식,더불어민주당,4선,지역구,남,Representative,0.657600712329438,0.0017278010757882756
김수민,0.0109153169162083,법제사법위원회,김수민,김수민,국민의당,초선,비례대표,여,Representative,1.362224448997969,0.014869111571820061
오신환,0.0077803886844757,법제사법위원회,오신환,오신환,자유한국당,재선,지역구,남,Representative,1.0828612536923172,0.008425081445084876
이태규,0.0018229915669298,법제사법위원회,이태규,이태규,국민의당,초선,비례대표,남,Representative,1.2563599016081857,0.0022903335056604756
윤영일,0.0046753857081896,법제사법위원회,윤영일,윤영일,국민의당,초선,지역구,남,Representative,1.2136308597582175,0.005674192376731426
윤재옥,0.0008998289748938,법제사법위원회,윤재옥,윤재옥,자유한국당,재선,지역구,남,Representative,0.1344948665442003,0.00012102237789094618
김한표,0.0003741570729818,법제사법위원회,김한표,김한표,자유한국당,재선,지역구,남,Representative,0.3879670316340894,0.00014516060896964828
유승민,0.0,법제사법위원회,유승민,유승민,자유한국당,4선,지역구,남,Representative,1.0521010990735595,0.0
이춘석,0.0071958931824822,법제사법위원회,이춘석,이춘석,더불어민주당,3선,지역구,남,Representative,0.5338027552115759,0.0038411876070171937
전현희,0.0004128565597236,법제사법위원회,전현희,전현희,더불어민주당,재선,지역구,여,Representative,0.2186320857698749,9.02636907761456e-05
이석현,0.005507635191029,법제사법위원회,이석현,이석현,더불어민주당,6선,지역구,남,Representative,0.4261848158879266,0.00234727048986656
서삼석,0.0,법제사법위원회,서삼석,서삼석,더불어민주당,초선,지역구,남,Representative,0.3135534965130757,0.0
우원식,0.0008092674600094,법제사법위원회,우원식,우원식,더불어민주당,3선,지역구,남,Representative,0.2682558233303833,0.00021709070877930963
김한정,0.0,법제사법위원회,김한정,김한정,더불어민주당,초선,지역구,남,Representative,0.475581724187707,0.0
오영훈,0.0013043332255656,법제사법위원회,오영훈,오영훈,더불어민주당,초선,지역구,남,Representative,0.7649594424293005,0.0009977620169706724
박주현,0.0002193929198131,법제사법위원회,박주현,박주현,국민의당,초선,비례대표,여,Representative,0.6812471540561623,0.00014946080224274621
유성엽,0.0216090783979379,법제사법위원회,유성엽,유성엽,국민의당,3선,지역구,남,Representative,1.0788643249197116,0.0233132637779284
전재수,0.0015232325632844,법제사법위원회,전재수,전재수,더불어민주당,초선,지역구,남,Representative,0.2424661719200068,0.000369332368563468
최인호,0.0006923282559852,법제사법위원회,최인호,최인호,더불어민주당,초선,지역구,남,Representative,0.1459769861531162,0.00010106399223736263
박주선,0.0008080979416764,법제사법위원회,박주선,박주선,국민의당,4선,지역구,남,Representative,1.0117643014135882,0.0008176046494339814
임재훈,3.842727061485526e-05,법제사법위원회,임재훈,임재훈,국민의당,초선,비례대표,남,Representative,1.0830349246445592,4.161807613465585e-05
홍영표,0.0,법제사법위원회,홍영표,홍영표,더불어민주당,3선,지역구,남,Representative,0.7711565648093,0.0
원혜영,0.015190895494006,법제사법위원회,원혜영,원혜영,더불어민주당,5선,지역구,남,Representative,0.8199263539696501,0.012455415555934326
윤관석,0.0,법제사법위원회,윤관석,윤관석,더불어민주당,재선,지역구,남,Representative,0.3522558143466113,0.0
조응천,0.0010654071889233,법제사법위원회,조응천,조응천,더불어민주당,초선,지역구,남,Representative,0.3625277926369529,0.000386239716459905
김경협,0.0027539958979635,법제사법위원회,김경협,김경협,더불어민주당,재선,지역구,남,Representative,0.2751830860421476,0.0007578530901490113
민병두,0.002889548547063,법제사법위원회,민병두,민병두,더불어민주당,3선,지역구,남,Representative,0.4585025107011514,0.0013248652636212496
이상헌,0.0,법제사법위원회,이상헌,이상헌,더불어민주당,초선,지역구,남,Representative,0.7296652103979866,0.0
최운열,0.0024354182516959,법제사법위원회,최운열,최운열,더불어민주당,초선,비례대표,남,Representative,0.459943821659768,0.001120155578024963
박완주,0.0001661568700377,법제사법위원회,박완주,박완주,더불어민주당,재선,지역구,남,Representative,0.7029909046961353,0.0001168067683892809
이개호,0.0020845013378168,법제사법위원회,이개호,이개호,더불어민주당,재선,지역구,남,Representative,0.9076344805120292,0.0018919652888759813
강훈식,0.002199092559897,법제사법위원회,강훈식,강훈식,더불어민주당,초선,지역구,남,Representative,0.371852456351433,0.0008177379701418602
김경진,0.0173366279145395,법제사법위원회,김경진,김경진,국민의당,초선,지역구,남,Representative,1.3711841868583572,0.02377171004986374
김두관,0.0,법제사법위원회,김두관,김두관,더불어민주당,초선,지역구,남,Representative,0.4560581632169218,0.0
김태년,0.0002424599687542,법제사법위원회,김태년,김태년,더불어민주당,3선,지역구,남,Representative,0.3475258712280392,8.426111187922652e-05
황희,0.000303252055329,법제사법위원회,황희,황희,더불어민주당,초선,지역구,남,Representative,0.2691269447247251,8.161329913218706e-05
박범계,0.0062682340363159,법제사법위원회,박범계,박범계,더불어민주당,재선,지역구,남,Representative,0.5376962952563203,0.0033704062191266307
어기구,0.0005466368588583,법제사법위원회,어기구,어기구,더불어민주당,초선,지역구,남,Representative,0.386064465691427,0.00021103706684236958
변재일,0.0016162548886458,법제사법위원회,변재일,변재일,더불어민주당,4선,지역구,남,Representative,0.629493870938658,0.0010174225462771744
최재성,0.00051475347249,법제사법위원회,최재성,최재성,더불어민주당,4선,지역구,남,Representative,0.0631784868170286,3.252134547572916e-05
도종환,0.0,법제사법위원회,도종환,도종환,더불어민주당,재선,지역구,남,Representative,0.5493526775829224,0.0
민홍철,0.0039903212686754,법제사법위원회,민홍철,민홍철,더불어민주당,재선,지역구,남,Representative,0.9609964146420744,0.0038346844324670735
추미애,0.0030423136646234,법제사법위원회,추미애,추미애,더불어민주당,5선,지역구,여,Representative,0.2576812972041676,0.0007839473316021227
백재현,0.0019278461781486,법제사법위원회,백재현,백재현,더불어민주당,3선,지역구,남,Representative,0.5536257649582159,0.0010673053150992917
오제세,0.0027121948071045,법제사법위원회,오제세,오제세,더불어민주당,4선,지역구,남,Representative,1.1845693642879889,0.0032127828784769617
정세균,0.0,법제사법위원회,정세균,정세균,더불어민주당,6선,지역구,남,Representative,0.8298975517248326,0.0
이인영,0.0001498265249716,법제사법위원회,이인영,이인영,더불어민주당,3선,지역구,남,Representative,0.1211476890856317,1.8151137264040032e-05
박용진,0.0018222389936069,법제사법위원회,박용진,박용진,더불어민주당,초선,지역구,남,Representative,0.6153148674123682,0.001121250744744877
김영호,0.0016430045924538,법제사법위원회,김영호,김영호,더불어민주당,초선,지역구,남,Representative,0.4539708046944207,0.0007458761169528803
신동근,0.0031476835746394,법제사법위원회,신동근,신동근,더불어민주당,초선,지역구,남,Representative,0.4356644688754545,0.0013713338927332662
박병석,0.0001788467042841,법제사법위원회,박병석,박병석,더불어민주당,5선,지역구,남,Representative,0.4701074306076837,8.407716462365046e-05
이후삼,0.0,법제사법위원회,이후삼,이후삼,더불어민주당,초선,지역구,남,Representative,0.0401066425951788,0.0
홍의락,0.0041916329130024,법제사법위원회,홍의락,홍의락,더불어민주당,재선,지역구,남,Representative,0.5274233799288646,0.002210765198396798
문희상,0.0001067243263256,법제사법위원회,문희상,문희상,더불어민주당,6선,지역구,남,Representative,0.6351751444405559,6.7788639389184e-05
박영선,0.0049571138219535,법제사법위원회,박영선,박영선,더불어민주당,4선,지역구,여,Representative,0.4472601336192084,0.0022171193903725473
신상진,0.0026479218148833,법제사법위원회,신상진,신상진,자유한국당,4선,지역구,남,Representative,0.5170961526344651,0.0013692301829530246
이해찬,0.0,법제사법위원회,이해찬,이해찬,더불어민주당,7선,지역구,남,Representative,0.3925330774809683,0.0
진영,0.0005087082715771,법제사법위원회,진영,진영,더불어민주당,4선,지역구,남,Representative,0.930618422605128,0.0004734132892612618
엄용수,0.0,법제사법위원회,엄용수,엄용수,자유한국당,초선,지역구,남,Representative,0.3660271027599738,0.0
황영철,0.0010007744645199,법제사법위원회,황영철,황영철,자유한국당,3선,지역구,남,Representative,0.3717335455385492,0.00037202143998042546
김용태,0.0,법제사법위원회,김용태,김용태,자유한국당,3선,지역구,남,Representative,0.121605698183563,0.0
이용호,0.0009908071752719,법제사법위원회,이용호,이용호,국민의당,초선,지역구,남,Representative,0.9837359713108262,0.0009746926589478387
유의동,0.0012254105413556,법제사법위원회,유의동,유의동,자유한국당,재선,지역구,남,Representative,1.0164179390168884,0.0012455292568942283
정진석,0.0002230059998273,법제사법위원회,정진석,정진석,자유한국당,4선,지역구,남,Representative,0.2765017781360929,6.166155548726567e-05
강길부,0.0,법제사법위원회,강길부,강길부,자유한국당,4선,지역구,남,Representative,1.011544857155329,0.0
김영춘,0.0012163961678513,법제사법위원회,김영춘,김영춘,더불어민주당,3선,지역구,남,Representative,0.6816995899942737,0.0008292167688948369
심재권,0.00221311286467,법제사법위원회,심재권,심재권,더불어민주당,3선,지역구,남,Representative,0.5028645163718454,0.0011128959303685888
장제원,0.0024079732144567,법제사법위원회,장제원,장제원,자유한국당,재선,지역구,남,Representative,0.5900030223326368,0.0014207114742254877
이수혁,0.0010386864164465,법제사법위원회,이수혁,이수혁,더불어민주당,초선,비례대표,남,Representative,0.3510840296934358,0.0003646662126738714
이혜훈,0.0014050242911633,법제사법위원회,이혜훈,이혜훈,자유한국당,3선,지역구,여,Representative,1.4755924567120928,0.0020732432455378208
이정현,0.0009700125956264,법제사법위원회,이정현,이정현,자유한국당,3선,지역구,남,Representative,0.583583007550223,0.0005660828679172528
김명연,0.0024757890684528,법제사법위원회,김명연,김명연,자유한국당,재선,지역구,남,Representative,0.1923901370296166,0.000476317398136061
이완영,0.0046104811561001,법제사법위원회,이완영,이완영,자유한국당,재선,지역구,남,Representative,0.3571997154092039,0.0016468625568584533
이훈,0.0003281882762458,법제사법위원회,이훈,이훈,더불어민주당,초선,지역구,남,Representative,0.4457924997779086,0.00014630387206541798
김중로,0.0049092711098223,법제사법위원회,김중로,김중로,국민의당,초선,비례대표,남,Representative,1.0195617327999331,0.005005304959515075
이용주,0.0005261029031505,법제사법위원회,이용주,이용주,국민의당,초선,지역구,남,Representative,0.6566531230147329,0.0003454671143808934
이상돈,0.0,법제사법위원회,이상돈,이상돈,국민의당,초선,비례대표,남,Representative,1.606671771644464,0.0
전희경,0.0,법제사법위원회,전희경,전희경,자유한국당,초선,비례대표,여,Representative,0.0178870009551029,0.0
김정훈,0.0002252033560841,법제사법위원회,김정훈,김정훈,자유한국당,4선,지역구,남,Representative,0.260541039338365,5.867471645663931e-05
이우현,0.0010956770836889,법제사법위원회,이우현,이우현,자유한국당,재선,지역구,남,Representative,0.2335736215615007,0.0002559212644991598
김성식,0.0,법제사법위원회,김성식,김성식,국민의당,재선,지역구,남,Representative,1.2630624263755816,0.0
김성환,0.0,법제사법위원회,김성환,김성환,더불어민주당,초선,지역구,남,Representative,0.4284341213691399,0.0
김현미,0.0,법제사법위원회,김현미,김현미,더불어민주당,3선,지역구,여,Representative,0.5372955133516878,0.0
우상호,0.0143833683096559,법제사법위원회,우상호,우상호,더불어민주당,3선,지역구,남,Representative,0.950393725091267,0.013669862987173551
유은혜,0.0001952648656076,법제사법위원회,유은혜,유은혜,더불어민주당,재선,지역구,여,Representative,0.4014353783153699,7.838622519688678e-05
이군현,0.0,법제사법위원회,이군현,이군현,자유한국당,4선,지역구,남,Representative,0.5199038049730397,0.0
오세정,0.0,법제사법위원회,오세정,오세정,국민의당,초선,비례대표,남,Representative,1.1278834176360886,0.0
양승조,0.0018456809413442,법제사법위원회,양승조,양승조,더불어민주당,4선,지역구,남,Representative,0.7857133708245717,0.00145017619389022
권석창,0.0003182619544869,법제사법위원회,권석창,권석창,자유한국당,초선,지역구,남,Representative,0.2295248300116327,7.304902100277572e-05
이철우,0.0006329107576159,법제사법위원회,이철우,이철우,자유한국당,3선,지역구,남,Representative,0.2619402628325249,0.00016578481019944132
노회찬,0.00228726320229,법제사법위원회,노회찬,노회찬,정의당,3선,지역구,남,Representative,1.280547886443722,0.0029289500594329595
지상욱,0.0006243085124296,법제사법위원회,지상욱,지상욱,자유한국당,초선,지역구,남,Representative,0.7380939530534976,0.00046079833786411207
박남춘,0.0022883330514357,법제사법위원회,박남춘,박남춘,더불어민주당,재선,지역구,남,Representative,0.4605735800336737,0.0010539457458091212
송기석,0.0006145335015038,법제사법위원회,송기석,송기석,국민의당,초선,지역구,남,Representative,0.7845483731860012,0.0004821312588731033
박준영,0.0016401853377903,법제사법위원회,박준영,박준영,국민의당,초선,지역구,남,Representative,0.8806716279052433,0.001444464691498095
박찬우,0.0009716441195756,법제사법위원회,박찬우,박찬우,자유한국당,초선,지역구,남,Representative,0.453230298468986,0.0004403785543208843
김경수,0.0,법제사법위원회,김경수,김경수,더불어민주당,초선,지역구,남,Representative,0.2933099446985726,0.0
윤종오,0.0002016310389026,법제사법위원회,윤종오,윤종오,더불어민주당,초선,지역구,남,Representative,1.1947717620134848,0.0002409030716262689
최명길,0.0005543593282952,법제사법위원회,최명길,최명길,더불어민주당,초선,지역구,남,Representative,0.6829154638268365,0.00037858055780945005
배덕광,0.0,법제사법위원회,배덕광,배덕광,자유한국당,재선,지역구,남,Representative,0.1475526412690407,0.0
문미옥,0.0,법제사법위원회,문미옥,문미옥,더불어민주당,초선,비례대표,여,Representative,0.3542828873224695,0.0
김종인,0.0002120619483593,법제사법위원회,김종인,김종인,더불어민주당,5선,비례대표,남,Representative,0.5695817734956851,0.00012078662063744047
안철수,0.0,법제사법위원회,안철수,안철수,국민의당,재선,지역구,남,Representative,0.3712323266408756,0.0
김종태,0.0002973370452655,법제사법위원회,김종태,김종태,자유한국당,재선,지역구,남,Representative,0.4863851342735198,0.00014462031868595185
송석준,0.0100443739360041,국토교통위원회,송석준,송석준,자유한국당,초선,지역구,남,Representative,0.8824103424051088,0.008863259444114329
김석기,0.003024154105304,국토교통위원회,김석기,김석기,자유한국당,초선,지역구,남,Representative,0.3618426593527747,0.0010942679637558105
김정재,0.0075947649338775,국토교통위원회,김정재,김정재,자유한국당,초선,지역구,여,Representative,0.2044480865242837,0.001552735158332983
성일종,0.0014851498898782,국토교통위원회,성일종,성일종,자유한국당,초선,지역구,남,Representative,0.2957858911419952,0.00043928638365705946
송언석,0.0012383616062764,국토교통위원회,송언석,송언석,자유한국당,초선,지역구,남,Representative,0.1908856424447248,0.000236385450792952
송희경,0.0077546186813918,국토교통위원회,송희경,송희경,자유한국당,초선,비례대표,여,Representative,0.6136147509492222,0.004758348410888416
유동수,0.0036189472776336,국토교통위원회,유동수,유동수,더불어민주당,초선,지역구,남,Representative,0.8688043750278167,0.0031441572278030788
윤종필,0.0010753209588495,국토교통위원회,윤종필,윤종필,자유한국당,초선,비례대표,여,Representative,0.3873171504317463,0.0004164902495811215
이양수,0.0024309918140085,국토교통위원회,이양수,이양수,자유한국당,초선,지역구,남,Representative,0.8099604387683925,0.001969007196316695
이종배,0.0036131916658925,국토교통위원회,이종배,이종배,자유한국당,재선,지역구,남,Representative,0.2546643617911198,0.0009201511496235064
함진규,0.0260328474410614,국토교통위원회,함진규,함진규,자유한국당,재선,지역구,남,Representative,0.2078582495326021,0.005411142099448303
조훈현,0.0003765173129062,국토교통위원회,조훈현,조훈현,자유한국당,초선,비례대표,남,Representative,0.3604447460125601,0.0001357136872198069
김규환,0.0032628536518149,국토교통위원회,김규환,김규환,자유한국당,초선,비례대표,남,Representative,0.4770049822009083,0.001556397448108135
김성찬,0.0029764448956772,국토교통위원회,김성찬,김성찬,자유한국당,재선,지역구,남,Representative,0.6145298499661254,0.0018291142351729492
김재경,0.0016126248031682,국토교통위원회,김재경,김재경,자유한국당,4선,지역구,남,Representative,0.1491019221549866,0.00024044545786718554
문진국,0.0128355357373593,국토교통위원회,문진국,문진국,자유한국당,초선,비례대표,남,Representative,0.6376962280009649,0.00818517272408561
박인숙,0.0046660718175207,국토교통위원회,박인숙,박인숙,자유한국당,재선,지역구,여,Representative,0.5061732872045339,0.002361840910206887
원유철,0.003353331340265,국토교통위원회,원유철,원유철,자유한국당,5선,지역구,남,Representative,0.4771525237688151,0.001600050512040508
이종명,0.0050170432685237,국토교통위원회,이종명,이종명,자유한국당,초선,비례대표,남,Representative,0.1302432569839321,0.000653436055721839
정갑윤,0.0029599944067559,국토교통위원회,정갑윤,정갑윤,자유한국당,5선,지역구,남,Representative,0.2887216846392271,0.0008546145716412531
최연혜,0.0020364874396159,국토교통위원회,최연혜,최연혜,자유한국당,초선,비례대표,여,Representative,0.0914081709115077,0.0001861515919395489
이현재,0.0086459226771585,국토교통위원회,이현재,이현재,자유한국당,재선,지역구,남,Representative,0.2081669972188319,0.001799795761890289
곽상도,0.0012162749317811,국토교통위원회,곽상도,곽상도,자유한국당,초선,지역구,남,Representative,0.1797207201934033,0.00021858980669288176
김경협,0.006867669630492,국토교통위원회,김경협,김경협,더불어민주당,재선,지역구,남,Representative,0.2751830860421476,0.0018898665228367238
김승희,0.0019229249305669,국토교통위원회,김승희,김승희,자유한국당,초선,비례대표,여,Representative,0.3319279231870295,0.0006382724786476341
김한표,0.0005307068843624,국토교통위원회,김한표,김한표,자유한국당,재선,지역구,남,Representative,0.3879670316340894,0.00020589677459385627
이원욱,0.0138986914142349,국토교통위원회,이원욱,이원욱,더불어민주당,재선,지역구,남,Representative,0.3714494969930796,0.005162661934679588
이진복,0.0,국토교통위원회,이진복,이진복,자유한국당,3선,지역구,남,Representative,0.219085789524194,0.0
이철규,0.0021009994464833,국토교통위원회,이철규,이철규,자유한국당,초선,지역구,남,Representative,0.4017209073035526,0.0008440154038855331
임종성,0.0092387648330141,국토교통위원회,임종성,임종성,더불어민주당,초선,지역구,남,Representative,0.5180000225410992,0.004785680391753219
심재철,0.0008194386725213,국토교통위원회,심재철,심재철,자유한국당,5선,지역구,남,Representative,0.2402035505413585,0.0001968320785905138
김현아,0.0270680656155682,국토교통위원회,김현아,김현아,자유한국당,초선,비례대표,여,Representative,0.6541850288553541,0.0177075232857791
박덕흠,0.0311298244469129,국토교통위원회,박덕흠,박덕흠,자유한국당,재선,지역구,남,Representative,0.3783016007215079,0.01177646241844668
최교일,0.0002965646368372,국토교통위원회,최교일,최교일,자유한국당,초선,지역구,남,Representative,0.095160296612104,2.8221178806088852e-05
홍철호,0.0043785053621748,국토교통위원회,홍철호,홍철호,자유한국당,재선,지역구,남,Representative,0.4481695399588016,0.001962312733873026
신창현,0.0099749458953642,국토교통위원회,신창현,신창현,더불어민주당,초선,지역구,남,Representative,0.0854651307466251,0.0008525100551378127
김병기,0.0021435173894602,국토교통위원회,김병기,김병기,더불어민주당,초선,지역구,남,Representative,0.1877751940353654,0.000402499393724069
박찬대,0.0009072065150497,국토교통위원회,박찬대,박찬대,더불어민주당,초선,지역구,남,Representative,0.6056175521921311,0.000549420188977153
소병훈,0.0029174579633813,국토교통위원회,소병훈,소병훈,더불어민주당,초선,지역구,남,Representative,0.5375988645747761,0.0015684220885584257
송옥주,0.006483599602779,국토교통위원회,송옥주,송옥주,더불어민주당,초선,비례대표,여,Representative,0.5052940578089671,0.003276124352496808
신동근,0.0003510304426014,국토교통위원회,신동근,신동근,더불어민주당,초선,지역구,남,Representative,0.4356644688754545,0.00015293149133505465
이용득,0.0007116281385334,국토교통위원회,이용득,이용득,더불어민주당,초선,비례대표,남,Representative,0.4820345550834095,0.00034302935314278234
정은혜,0.0,국토교통위원회,정은혜,정은혜,더불어민주당,초선,비례대표,여,Representative,0.6448259909434018,0.0
강석진,0.0006269928840447,국토교통위원회,강석진,강석진,자유한국당,초선,지역구,남,Representative,0.6089939732328231,0.0003818348876430886
김성원,0.007151834609808,국토교통위원회,김성원,김성원,자유한국당,초선,지역구,남,Representative,0.1487072947006423,0.0010635299769709715
김용태,0.0012085789377387,국토교통위원회,김용태,김용태,자유한국당,3선,지역구,남,Representative,0.121605698183563,0.00014697008553366352
이은권,0.0049465168508501,국토교통위원회,이은권,이은권,자유한국당,초선,지역구,남,Representative,0.2381916954337352,0.001178219235195526
이은재,0.0006952747780649,국토교통위원회,이은재,이은재,자유한국당,재선,지역구,여,Representative,0.0511753819484567,3.558095232659972e-05
이찬열,0.0321528086142081,국토교통위원회,이찬열,이찬열,더불어민주당,3선,지역구,남,Representative,1.1746514826711774,0.037768344310722145
윤관석,0.0240817615628827,국토교통위원회,윤관석,윤관석,더불어민주당,재선,지역구,남,Representative,0.3522558143466113,0.008482940530234169
고용진,0.0028335864994374,국토교통위원회,고용진,고용진,더불어민주당,초선,지역구,남,Representative,0.4239737881662508,0.0012013664022632205
김정우,0.0056672961175091,국토교통위원회,김정우,김정우,더불어민주당,초선,지역구,남,Representative,0.4417726916628472,0.002503656660282399
박정,0.0109761123028083,국토교통위원회,박정,박정,더불어민주당,초선,지역구,남,Representative,0.2968827671690504,0.003258618593215986
박홍근,0.0083775674748213,국토교통위원회,박홍근,박홍근,더불어민주당,재선,지역구,남,Representative,0.4380480284960645,0.0036697769159382237
송영길,0.0002717184845865,국토교통위원회,송영길,송영길,더불어민주당,4선,지역구,남,Representative,0.4968450830667373,0.00013500199304514757
오제세,0.0008718369094722,국토교통위원회,오제세,오제세,더불어민주당,4선,지역구,남,Representative,1.1845693642879889,0.0010327512936162888
이재정,0.000489452185139,국토교통위원회,이재정,이재정,더불어민주당,초선,비례대표,여,Representative,0.1297805327369249,6.35213653365914e-05
이학영,0.001319900299123,국토교통위원회,이학영,이학영,더불어민주당,재선,지역구,남,Representative,0.3212334061727276,0.0004239960688956833
김상희,0.0024453228459075,국토교통위원회,김상희,김상희,더불어민주당,3선,지역구,여,Representative,0.549508602610133,0.001343725939985264
박재호,0.0045489803881317,국토교통위원회,박재호,박재호,더불어민주당,초선,지역구,남,Representative,0.2524296630381502,0.0011482975865432386
안호영,0.0080651636465941,국토교통위원회,안호영,안호영,더불어민주당,초선,지역구,남,Representative,0.3178846521149758,0.002563791740047915
정성호,0.0129368512066789,국토교통위원회,정성호,정성호,더불어민주당,3선,지역구,남,Representative,0.9858607826855786,0.012753934256103333
조정식,0.0133502820217517,국토교통위원회,조정식,조정식,더불어민주당,4선,지역구,남,Representative,0.657600712329438,0.008779154967302806
김동철,0.0071138672101253,국토교통위원회,김동철,김동철,국민의당,4선,지역구,남,Representative,1.2078444006959184,0.008592444677044137
김관영,0.0147596685822303,국토교통위원회,김관영,김관영,국민의당,재선,지역구,남,Representative,1.1358758772529134,0.016765151498803105
김삼화,0.0014567618244734,국토교통위원회,김삼화,김삼화,국민의당,초선,비례대표,여,Representative,1.0477888116577914,0.0015263787409334198
박주선,0.0,국토교통위원회,박주선,박주선,국민의당,4선,지역구,남,Representative,1.0117643014135882,0.0
임재훈,0.0,국토교통위원회,임재훈,임재훈,국민의당,초선,비례대표,남,Representative,1.0830349246445592,0.0
장병완,0.0009363434109209,국토교통위원회,장병완,장병완,국민의당,3선,지역구,남,Representative,0.8364677546616743,0.0007832210705252588
조배숙,0.0010428629324515,국토교통위원회,조배숙,조배숙,국민의당,4선,지역구,여,Representative,1.0458037986965076,0.001090630016277558
채이배,0.0022727588950946,국토교통위원회,채이배,채이배,국민의당,초선,비례대표,남,Representative,1.231055717778328,0.0027978928329377623
황주홍,0.0270902249531488,국토교통위원회,황주홍,황주홍,국민의당,재선,지역구,남,Representative,1.2962987186817088,0.03511702389556604
김민기,0.0021114340589045,국토교통위원회,김민기,김민기,더불어민주당,재선,지역구,남,Representative,0.1891638569535047,0.00039940701028536865
김병관,0.0003466689499581,국토교통위원회,김병관,김병관,더불어민주당,초선,지역구,남,Representative,0.4357562473746135,0.0001510631607150393
서형수,0.0069483007021606,국토교통위원회,서형수,서형수,더불어민주당,초선,지역구,남,Representative,0.5046603090328576,0.00350653157960559
송기헌,0.0053571592821304,국토교통위원회,송기헌,송기헌,더불어민주당,초선,지역구,남,Representative,0.3192665277817301,0.0017103616427794385
심기준,0.0020219917307268,국토교통위원회,심기준,심기준,더불어민주당,초선,비례대표,남,Representative,0.3265883675668164,0.0006603589785716675
우원식,0.0013214867069275,국토교통위원회,우원식,우원식,더불어민주당,3선,지역구,남,Representative,0.2682558233303833,0.00035449650458699343
전재수,0.0010729728959433,국토교통위원회,전재수,전재수,더불어민주당,초선,지역구,남,Representative,0.2424661719200068,0.00026015963065329574
강석호,0.0003432109794817,국토교통위원회,강석호,강석호,자유한국당,3선,지역구,남,Representative,0.4559473254820344,0.00015648612817075052
곽대훈,0.0011626242299852,국토교통위원회,곽대훈,곽대훈,자유한국당,초선,지역구,남,Representative,0.1312626090957611,0.00015260908982580757
김무성,0.0,국토교통위원회,김무성,김무성,자유한국당,6선,지역구,남,Representative,0.2993921614051784,0.0
정병국,0.0033523095205511,국토교통위원회,정병국,정병국,자유한국당,5선,지역구,남,Representative,1.1343779209474094,0.0038027859042949635
추경호,0.004285435832412,국토교통위원회,추경호,추경호,자유한국당,초선,지역구,남,Representative,0.1387872488569416,0.0005947638493334189
이명수,0.0072718359084367,국토교통위원회,이명수,이명수,자유한국당,3선,지역구,남,Representative,0.3282274440638352,0.002386816113877795
유민봉,0.0008860366663671,국토교통위원회,유민봉,유민봉,자유한국당,초선,비례대표,남,Representative,0.2816932534582966,0.0002495905512322917
홍문표,0.00122967002536,국토교통위원회,홍문표,홍문표,자유한국당,3선,지역구,남,Representative,1.0738729958258912,0.001320509434010643
신상진,0.0070371642838492,국토교통위원회,신상진,신상진,자유한국당,4선,지역구,남,Representative,0.5170961526344651,0.0036388905766350918
김상훈,0.0053062684228607,국토교통위원회,김상훈,김상훈,자유한국당,재선,지역구,남,Representative,0.1847431044523968,0.0009802965014970091
박명재,0.0151303878268642,국토교통위원회,박명재,박명재,자유한국당,재선,지역구,남,Representative,0.5424317597732208,0.008207202894977266
박성중,0.0035662989052928,국토교통위원회,박성중,박성중,자유한국당,초선,지역구,남,Representative,0.1599671130327059,0.0005704905400913886
이장우,0.0005451546411554,국토교통위원회,이장우,이장우,자유한국당,재선,지역구,남,Representative,0.2676638759131752,0.00014591820422371054
정유섭,0.0062362703381247,국토교통위원회,정유섭,정유섭,자유한국당,초선,지역구,남,Representative,0.4080188775728643,0.002544516023602587
주호영,0.0054367146446773,국토교통위원회,주호영,주호영,자유한국당,4선,지역구,남,Representative,0.3195534977330795,0.0017373211808832877
권은희,0.00064984906342,국토교통위원회,권은희,권은희,국민의당,재선,지역구,여,Representative,0.9101311635551772,0.0005914478842256867
김철민,0.0152197214405778,국토교통위원회,김철민,김철민,더불어민주당,초선,지역구,남,Representative,0.4943055978963909,0.00752319350650133
이동섭,0.003225245632931,국토교통위원회,이동섭,이동섭,국민의당,초선,비례대표,남,Representative,1.3011529436280886,0.004196537849211809
이언주,0.0078726246818401,국토교통위원회,이언주,이언주,더불어민주당,재선,지역구,여,Representative,1.5238762330035724,0.01199690564401344
이용호,0.004976940683544,국토교통위원회,이용호,이용호,국민의당,초선,지역구,남,Representative,0.9837359713108262,0.004895995577482525
장정숙,0.0023675559144991,국토교통위원회,장정숙,장정숙,국민의당,초선,비례대표,여,Representative,1.0742364163183826,0.0025433147810249046
정동영,0.0232989257250336,국토교통위원회,정동영,정동영,국민의당,4선,지역구,남,Representative,1.1063278234248168,0.025776249785512895
주승용,0.0099951682775983,국토교통위원회,주승용,주승용,국민의당,4선,지역구,남,Representative,1.1127518815412194,0.011122142307218618
박순자,0.0039440501564901,국토교통위원회,박순자,박순자,자유한국당,3선,지역구,여,Representative,0.4713721881542825,0.0018591155524549786
윤영석,0.0026114893662827,국토교통위원회,윤영석,윤영석,자유한국당,재선,지역구,남,Representative,0.3920069894662951,0.001023722084499724
김선동,0.0,국토교통위원회,김선동,김선동,자유한국당,재선,지역구,남,Representative,0.1938810024934638,0.0
홍일표,0.0015409434579011,국토교통위원회,홍일표,홍일표,자유한국당,3선,지역구,남,Representative,0.7569146892318556,0.001166362738561072
김수민,0.0032425351084621,국토교통위원회,김수민,김수민,국민의당,초선,비례대표,여,Representative,1.362224448997969,0.004417060601481353
김중로,0.0035732444840094,국토교통위원회,김중로,김중로,국민의당,초선,비례대표,남,Representative,1.0195617327999331,0.003643143337834427
박선숙,0.0006318352672163,국토교통위원회,박선숙,박선숙,국민의당,재선,비례대표,여,Representative,1.2142537538570304,0.000767208345036652
신용현,0.0025039156816694,국토교통위원회,신용현,신용현,국민의당,초선,지역구,여,Representative,0.9729453901363904,0.0024361732197704603
최도자,0.0050008748660952,국토교통위원회,최도자,최도자,국민의당,초선,비례대표,여,Representative,1.2596089727347155,0.006299146852857033
하태경,0.0010713995362444,국토교통위원회,하태경,하태경,자유한국당,재선,지역구,남,Representative,1.492172082079166,0.0015987124767364593
김영호,0.0045773618920303,국토교통위원회,김영호,김영호,더불어민주당,초선,지역구,남,Representative,0.4539708046944207,0.0020779886615025713
맹성규,0.0006435017861388,국토교통위원회,맹성규,맹성규,더불어민주당,초선,지역구,남,Representative,0.302559084695415,0.00019469731141402
서영교,0.0065294298159617,국토교통위원회,서영교,서영교,더불어민주당,재선,지역구,여,Representative,0.4822796444107599,0.003149011089847022
김현권,0.0,국토교통위원회,김현권,김현권,더불어민주당,초선,비례대표,남,Representative,0.6106213595945515,0.0
강훈식,0.0099536709653475,국토교통위원회,강훈식,강훈식,더불어민주당,초선,지역구,남,Representative,0.371852456351433,0.003701296998178407
노웅래,0.008521708499996,국토교통위원회,노웅래,노웅래,더불어민주당,3선,지역구,남,Representative,0.7159401864066474,0.006101033571990248
박광온,0.0032905789472866,국토교통위원회,박광온,박광온,더불어민주당,재선,지역구,남,Representative,0.2036686067716271,0.0006701876296659092
이상헌,0.0023692726849764,국토교통위원회,이상헌,이상헌,더불어민주당,초선,지역구,남,Representative,0.7296652103979866,0.0017287758521735076
이후삼,0.0003341922976542,국토교통위원회,이후삼,이후삼,더불어민주당,초선,지역구,남,Representative,0.0401066425951788,1.340333104007861e-05
김정호,0.0011908724786567,국토교통위원회,김정호,김정호,더불어민주당,초선,지역구,남,Representative,0.2510534798158137,0.0002989726797836479
김종민,0.001701931376608,국토교통위원회,김종민,김종민,더불어민주당,초선,지역구,남,Representative,0.5934295202694789,0.0010099763203520594
윤준호,0.0009335328213363,국토교통위원회,윤준호,윤준호,더불어민주당,초선,지역구,남,Representative,0.8409997210125054,0.0007851008422998454
이종걸,0.0012819554940096,국토교통위원회,이종걸,이종걸,더불어민주당,5선,지역구,남,Representative,1.0363897595497007,0.001328605546190027
정재호,0.0006258477207154,국토교통위원회,정재호,정재호,더불어민주당,초선,지역구,남,Representative,0.2574447104853001,0.0001611211852674611
최인호,0.0157783463390529,국토교통위원회,최인호,최인호,더불어민주당,초선,지역구,남,Representative,0.1459769861531162,0.0023032754450549964
권성동,0.0,국토교통위원회,권성동,권성동,자유한국당,3선,지역구,남,Representative,0.4062466024090395,0.0
박맹우,0.0061898998878517,국토교통위원회,박맹우,박맹우,자유한국당,재선,지역구,남,Representative,0.2150211852210185,0.0013309596102853221
윤재옥,0.0,국토교통위원회,윤재옥,윤재옥,자유한국당,재선,지역구,남,Representative,0.1344948665442003,0.0
이만희,0.0,국토교통위원회,이만희,이만희,자유한국당,초선,지역구,남,Representative,0.3536107077628312,0.0
윤상직,0.000448335246537,국토교통위원회,윤상직,윤상직,자유한국당,초선,지역구,남,Representative,0.3535025828741088,0.00015848766764432984
이종구,0.000405030483093,국토교통위원회,이종구,이종구,자유한국당,3선,지역구,남,Representative,0.5199034206107074,0.00021057673361165796
오신환,0.0,국토교통위원회,오신환,오신환,자유한국당,재선,지역구,남,Representative,1.0828612536923172,0.0
유승민,0.0005852838406104,국토교통위원회,유승민,유승민,자유한국당,4선,지역구,남,Representative,1.0521010990735595,0.0006157777719761958
윤상현,0.0011969351119219,국토교통위원회,윤상현,윤상현,자유한국당,3선,지역구,남,Representative,0.2001655767502632,0.00023958520701048794
이혜훈,0.0022459137936639,국토교통위원회,이혜훈,이혜훈,자유한국당,3선,지역구,여,Representative,1.4755924567120928,0.003314053452356091
김성환,0.0,국토교통위원회,김성환,김성환,더불어민주당,초선,지역구,남,Representative,0.4284341213691399,0.0
위성곤,0.0033951850060154,국토교통위원회,위성곤,위성곤,더불어민주당,초선,지역구,남,Representative,0.8913491139784591,0.003026295146904776
전현희,0.0044902744941586,국토교통위원회,전현희,전현희,더불어민주당,재선,지역구,여,Representative,0.2186320857698749,0.0009817180783371646
홍의락,0.0,국토교통위원회,홍의락,홍의락,더불어민주당,재선,지역구,남,Representative,0.5274233799288646,0.0
김광수,0.0053697944073239,국토교통위원회,김광수,김광수,국민의당,초선,지역구,남,Representative,0.7050580980902613,0.003786017031963511
김종회,0.0012584917824673,국토교통위원회,김종회,김종회,국민의당,초선,지역구,남,Representative,1.05317158253419,0.00132540778214736
박주현,0.0001118774952105,국토교통위원회,박주현,박주현,국민의당,초선,비례대표,여,Representative,0.6812471540561623,7.621622521508506e-05
이석현,0.0044489045050533,국토교통위원회,이석현,이석현,더불어민주당,6선,지역구,남,Representative,0.4261848158879266,0.0018960555473891078
정인화,0.0044621600868499,국토교통위원회,정인화,정인화,국민의당,초선,지역구,남,Representative,1.152650910093734,0.005143312885091473
기동민,0.0006644504903493,국토교통위원회,기동민,기동민,더불어민주당,초선,지역구,남,Representative,0.1406386680233549,9.344743193019058e-05
윤호중,0.0036057531106403,국토교통위원회,윤호중,윤호중,더불어민주당,3선,지역구,남,Representative,0.3826215742444835,0.001379638931530135
표창원,0.0,국토교통위원회,표창원,표창원,더불어민주당,초선,지역구,남,Representative,0.4432466247795722,0.0
김두관,0.0012528214133073,국토교통위원회,김두관,김두관,더불어민주당,초선,지역구,남,Representative,0.4560581632169218,0.0005713594325917552
최재성,0.0005359870401775,국토교통위원회,최재성,최재성,더불어민주당,4선,지역구,남,Representative,0.0631784868170286,3.3862850151952365e-05
민경욱,0.0055433373198046,국토교통위원회,민경욱,민경욱,자유한국당,초선,지역구,남,Representative,0.073326278826337,0.0004064722979404317
김광림,0.0,국토교통위원회,김광림,김광림,자유한국당,3선,지역구,남,Representative,0.2439500943098557,0.0
김명연,0.000413696430523,국토교통위원회,김명연,김명연,자유한국당,재선,지역구,남,Representative,0.1923901370296166,7.959111295698324e-05
김순례,0.0004398115370464,국토교통위원회,김순례,김순례,자유한국당,초선,비례대표,여,Representative,0.2162730117184349,9.511936570553894e-05
김학용,0.0004593269921979,국토교통위원회,김학용,김학용,자유한국당,3선,지역구,남,Representative,0.3347518226262136,0.00015376054781966362
박대출,0.0004237599771839,국토교통위원회,박대출,박대출,자유한국당,재선,지역구,남,Representative,0.1666888897701005,7.06360801257874e-05
서청원,0.0004755187910234,국토교통위원회,서청원,서청원,자유한국당,8선,지역구,남,Representative,0.2133277142020287,0.00010144133674913409
조원진,0.0001225825240207,국토교통위원회,조원진,조원진,자유한국당,3선,지역구,남,Representative,0.1561314852952748,1.9138991546595592e-05
권칠승,0.0023463786022183,국토교통위원회,권칠승,권칠승,더불어민주당,초선,지역구,남,Representative,0.3014891570605743,0.0007074077069277638
조응천,0.0006832158130966,국토교통위원회,조응천,조응천,더불어민주당,초선,지역구,남,Representative,0.3625277926369529,0.0002476847206165714
경대수,0.0011845009083455,국토교통위원회,경대수,경대수,자유한국당,재선,지역구,남,Representative,0.635460965905347,0.0007527040913329923
김재원,0.0006784828008203,국토교통위원회,김재원,김재원,자유한국당,3선,지역구,남,Representative,0.215473832424108,0.00014619528932659277
장석춘,0.0006083199338875,국토교통위원회,장석춘,장석춘,자유한국당,초선,지역구,남,Representative,0.1436037583640525,8.735702879401695e-05
신경민,0.0009308019783126,국토교통위원회,신경민,신경민,더불어민주당,재선,지역구,남,Representative,0.2582677030896177,0.00024039608897006735
남인순,0.0024275918032618,국토교통위원회,남인순,남인순,더불어민주당,재선,지역구,여,Representative,0.6462902314628618,0.0015689288684274149
전혜숙,0.0091670840601555,국토교통위원회,전혜숙,전혜숙,더불어민주당,재선,지역구,여,Representative,0.717807959122133,0.0065802059003212555
정춘숙,0.0,국토교통위원회,정춘숙,정춘숙,더불어민주당,초선,비례대표,여,Representative,0.6218718977568765,0.0
서삼석,0.0004290673312614,국토교통위원회,서삼석,서삼석,더불어민주당,초선,지역구,남,Representative,0.3135534965130757,0.00013453556195654607
윤영일,0.0126367455029014,국토교통위원회,윤영일,윤영일,국민의당,초선,지역구,남,Representative,1.2136308597582175,0.015336344309232015
이개호,0.0013383609871517,국토교통위원회,이개호,이개호,더불어민주당,재선,지역구,남,Representative,0.9076344805120292,0.0012147425793109998
송갑석,0.0,국토교통위원회,송갑석,송갑석,더불어민주당,초선,지역구,남,Representative,0.1128634081839454,0.0
오영훈,0.0012545946030588,국토교통위원회,오영훈,오영훈,더불어민주당,초선,지역구,남,Representative,0.7649594424293005,0.0009597139880306693
인재근,0.0010464500447276,국토교통위원회,인재근,인재근,더불어민주당,재선,지역구,여,Representative,0.4706617600587874,0.0004925240198650891
한정애,0.0011146990333282,국토교통위원회,한정애,한정애,더불어민주당,재선,지역구,여,Representative,0.4432117996184036,0.0004940477645942864
김영진,0.0015610164642177,국토교통위원회,김영진,김영진,더불어민주당,초선,지역구,남,Representative,0.1323556283416291,0.00020660931497316185
이규희,0.0021461730718545,국토교통위원회,이규희,이규희,더불어민주당,초선,지역구,남,Representative,0.3036400552435822,0.0006516641101001889
정세균,0.0,국토교통위원회,정세균,정세균,더불어민주당,6선,지역구,남,Representative,0.8298975517248326,0.0
김세연,0.0,국토교통위원회,김세연,김세연,자유한국당,3선,지역구,남,Representative,1.016616967853162,0.0
김태흠,0.0020796767363125,국토교통위원회,김태흠,김태흠,자유한국당,재선,지역구,남,Representative,0.74944812472639,0.0015586098300665022
유성엽,0.0,국토교통위원회,유성엽,유성엽,국민의당,3선,지역구,남,Representative,1.0788643249197116,0.0
천정배,0.0001642834868747,국토교통위원회,천정배,천정배,국민의당,6선,지역구,남,Representative,0.9572737450190898,0.00015726426872533853
여영국,4.391889728515611e-05,국토교통위원회,여영국,여영국,정의당,초선,지역구,남,Representative,1.4694207601469056,6.453533943356795e-05
김종대,0.0,국토교통위원회,김종대,김종대,정의당,초선,비례대표,남,Representative,1.4582975228087227,0.0
설훈,0.0,국토교통위원회,설훈,설훈,더불어민주당,4선,지역구,남,Representative,0.2947522077855856,0.0
심상정,0.0,국토교통위원회,심상정,심상정,정의당,3선,지역구,여,Representative,1.4101172974735254,0.0
윤소하,0.0019611434203602,국토교통위원회,윤소하,윤소하,정의당,초선,비례대표,남,Representative,1.501385577848504,0.0029444324474212904
이정미,0.0014882902267634,국토교통위원회,이정미,이정미,정의당,초선,비례대표,여,Representative,1.419781284660404,0.002113046610101664
추혜선,0.0,국토교통위원회,추혜선,추혜선,정의당,초선,비례대표,여,Representative,1.4776255797827655,0.0
염동열,0.0008461149765062,국토교통위원회,염동열,염동열,자유한국당,재선,지역구,남,Representative,0.2114928291135159,0.0001789472501366123
정점식,0.0,국토교통위원회,정점식,정점식,자유한국당,초선,지역구,남,Representative,-0.0,-0.0
정태옥,0.0,국토교통위원회,정태옥,정태옥,자유한국당,초선,지역구,남,Representative,0.3062475812524373,0.0
변재일,0.0098011531016135,국토교통위원회,변재일,변재일,더불어민주당,4선,지역구,남,Representative,0.629493870938658,0.006169765805597117
김진태,8.399944173652326e-05,국토교통위원회,김진태,김진태,자유한국당,재선,지역구,남,Representative,0.0487572040542768,4.095577921193e-06
강창일,0.0027008799302484,국토교통위원회,강창일,강창일,더불어민주당,4선,지역구,남,Representative,0.8418881333730888,0.0022738387629416637
박지원,0.0,국토교통위원회,박지원,박지원,국민의당,4선,지역구,남,Representative,0.7565970138970873,0.0
임이자,0.0,국토교통위원회,임이자,임이자,자유한국당,초선,비례대표,여,Representative,0.2625742813254558,0.0
백재현,0.0010906156387675,국토교통위원회,백재현,백재현,더불어민주당,3선,지역구,남,Representative,0.5536257649582159,0.0006037929172880504
윤일규,0.0,국토교통위원회,윤일규,윤일규,더불어민주당,초선,지역구,남,Representative,0.2463711717270404,0.0
윤후덕,0.0094558072484002,국토교통위원회,윤후덕,윤후덕,더불어민주당,재선,지역구,남,Representative,0.3602653219661517,0.003406599442794769
백혜련,0.0040908230578458,국토교통위원회,백혜련,백혜련,더불어민주당,초선,지역구,여,Representative,0.2873528638507782,0.0011755097211787883
강효상,0.0011731394219748,국토교통위원회,강효상,강효상,자유한국당,초선,비례대표,남,Representative,0.2888513821081876,0.00033886294344302135
김기선,0.0028597158443918,국토교통위원회,김기선,김기선,자유한국당,재선,지역구,남,Representative,0.2058944226376191,0.000588799542688701
유기준,0.0,국토교통위원회,유기준,유기준,자유한국당,4선,지역구,남,Representative,0.2633017533080311,0.0
이채익,0.0009249893391915,국토교통위원회,이채익,이채익,자유한국당,재선,지역구,남,Representative,0.415602928743905,0.0003844282784248767
전희경,0.0,국토교통위원회,전희경,전희경,자유한국당,초선,비례대표,여,Representative,0.0178870009551029,0.0
한선교,0.0,국토교통위원회,한선교,한선교,자유한국당,4선,지역구,남,Representative,0.1186880320068769,0.0
홍익표,0.0005877658305548,국토교통위원회,홍익표,홍익표,더불어민주당,재선,지역구,남,Representative,0.1975395629671791,0.00011610700529483623
원혜영,0.0039621025628123,국토교통위원회,원혜영,원혜영,더불어민주당,5선,지역구,남,Representative,0.8199263539696501,0.003248632308380495
이춘석,0.0024141517558795,국토교통위원회,이춘석,이춘석,더불어민주당,3선,지역구,남,Representative,0.5338027552115759,0.0012886808587873409
어기구,0.0018284340399755,국토교통위원회,어기구,어기구,더불어민주당,초선,지역구,남,Representative,0.386064465691427,0.0007058934106951586
유승희,0.0013525797775458,국토교통위원회,유승희,유승희,더불어민주당,3선,지역구,여,Representative,0.5469890607717001,0.0007398463421385721
홍문종,0.0,국토교통위원회,홍문종,홍문종,자유한국당,4선,지역구,남,Representative,0.1754129276773165,0.0
진선미,0.0010883279050663,국토교통위원회,진선미,진선미,더불어민주당,재선,지역구,여,Representative,0.7038169878391717,0.0007659836679250792
김영춘,0.0014855543624372,국토교통위원회,김영춘,김영춘,더불어민주당,3선,지역구,남,Representative,0.6816995899942737,0.001012701799787644
박범계,0.0006229586939296,국토교통위원회,박범계,박범계,더불어민주당,재선,지역구,남,Representative,0.5376962952563203,0.0003349625818236619
민홍철,0.0213415104325367,국토교통위원회,민홍철,민홍철,더불어민주당,재선,지역구,남,Representative,0.9609964146420744,0.020509115008714194
도종환,0.0,국토교통위원회,도종환,도종환,더불어민주당,재선,지역구,남,Representative,0.5493526775829224,0.0
이훈,0.0003807117119428,국토교통위원회,이훈,이훈,더불어민주당,초선,지역구,남,Representative,0.4457924997779086,0.00016971842576170786
황희,0.0084402169071012,국토교통위원회,황희,황희,더불어민주당,초선,지역구,남,Representative,0.2691269447247251,0.002271489789022115
조승래,0.0,국토교통위원회,조승래,조승래,더불어민주당,초선,지역구,남,Representative,0.2088104943838757,0.0
김태년,0.0,국토교통위원회,김태년,김태년,더불어민주당,3선,지역구,남,Representative,0.3475258712280392,0.0
금태섭,0.0020105509996359,국토교통위원회,금태섭,금태섭,더불어민주당,초선,지역구,남,Representative,0.4645794902283139,0.0009340607584888733
김해영,0.0016556862674587,국토교통위원회,김해영,김해영,더불어민주당,초선,지역구,남,Representative,0.4741611749752225,0.0007850621459685576
제윤경,0.0001296850704119,국토교통위원회,제윤경,제윤경,더불어민주당,초선,비례대표,여,Representative,0.2928274618467911,3.797535000813906e-05
김진표,7.771927584782376e-05,국토교통위원회,김진표,김진표,더불어민주당,4선,지역구,남,Representative,0.9058736267791744,7.04038422829192e-05
안규백,0.0057243134503264,국토교통위원회,안규백,안규백,더불어민주당,3선,지역구,남,Representative,0.6009595071079386,0.0034400805896394964
안민석,0.0,국토교통위원회,안민석,안민석,더불어민주당,4선,지역구,남,Representative,0.6831934548821521,0.0
추미애,0.0,국토교통위원회,추미애,추미애,더불어민주당,5선,지역구,여,Representative,0.2576812972041676,0.0
홍영표,0.0002997686180768,국토교통위원회,홍영표,홍영표,더불어민주당,3선,지역구,남,Representative,0.7711565648093,0.0002311685377537361
김경진,0.0080033203442385,국토교통위원회,김경진,김경진,국민의당,초선,지역구,남,Representative,1.3711841868583572,0.010974026298381616
백승주,0.0007026376028409,국토교통위원회,백승주,백승주,자유한국당,초선,지역구,남,Representative,0.1747219249951915,0.0001227661945423689
정용기,0.0014225886265712,국토교통위원회,정용기,정용기,자유한국당,재선,지역구,남,Representative,0.1798568900906483,0.00025586236625342265
민병두,0.0018569511720944,국토교통위원회,민병두,민병두,더불어민주당,3선,지역구,남,Representative,0.4585025107011514,0.0008514167746547283
박완주,9.143409260484696e-05,국토교통위원회,박완주,박완주,더불어민주당,재선,지역구,남,Representative,0.7029909046961353,6.427733548035158e-05
김영주,0.0011540330265693,국토교통위원회,김영주,김영주,더불어민주당,3선,지역구,여,Representative,0.5066585031839548,0.0005847006458664507
김부겸,0.0042468559867041,국토교통위원회,김부겸,김부겸,더불어민주당,4선,지역구,남,Representative,0.8571509059437675,0.0036401964564161324
권미혁,0.000831026605443,국토교통위원회,권미혁,권미혁,더불어민주당,초선,지역구,여,Representative,0.4592713852034786,0.0003816667402227513
최운열,0.0,국토교통위원회,최운열,최운열,더불어민주당,초선,비례대표,남,Representative,0.459943821659768,0.0
강병원,0.0013841727194691,국토교통위원회,강병원,강병원,더불어민주당,초선,지역구,남,Representative,0.3711053074374737,0.0005136738426051445
박경미,0.001417082098381,국토교통위원회,박경미,박경미,더불어민주당,초선,비례대표,여,Representative,0.5361234903354704,0.0007597310006759342
전해철,0.0004595498105875,국토교통위원회,전해철,전해철,더불어민주당,재선,지역구,남,Representative,0.1604451590533877,7.373254245266562e-05
정종섭,0.0011975531803276,국토교통위원회,정종섭,정종섭,자유한국당,초선,지역구,남,Representative,0.3807594230574026,0.00045597965802209457
이학재,0.0099030354127912,국토교통위원회,이학재,이학재,자유한국당,3선,지역구,남,Representative,1.0008889465537203,0.00991183868199277
정진석,0.0026448778774759,국토교통위원회,정진석,정진석,자유한국당,4선,지역구,남,Representative,0.2765017781360929,0.0007313134360749016
김성수,0.0,국토교통위원회,김성수,김성수,더불어민주당,초선,비례대표,남,Representative,0.6300024830232042,0.0
박용진,0.000331588544099,국토교통위원회,박용진,박용진,더불어민주당,초선,지역구,남,Representative,0.6153148674123682,0.0002040313610477364
이상민,0.0,국토교통위원회,이상민,이상민,더불어민주당,4선,지역구,남,Representative,0.6302132597162741,0.0
박병석,0.0007980832226293,국토교통위원회,박병석,박병석,더불어민주당,5선,지역구,남,Representative,0.4701074306076837,0.0003751848532013602
이헌승,0.0041479633493134,국토교통위원회,이헌승,이헌승,자유한국당,재선,지역구,남,Representative,0.1422055697125377,0.0005898634912358382
조경태,0.0074651572571393,국토교통위원회,조경태,조경태,자유한국당,4선,지역구,남,Representative,0.9905363611314508,0.007394509704760805
엄용수,0.0018864033188508,국토교통위원회,엄용수,엄용수,자유한국당,초선,지역구,남,Representative,0.3660271027599738,0.0006904747414357574
황영철,0.0,국토교통위원회,황영철,황영철,자유한국당,3선,지역구,남,Representative,0.3717335455385492,0.0
유의동,0.0,국토교통위원회,유의동,유의동,자유한국당,재선,지역구,남,Representative,1.0164179390168884,0.0
정운천,0.0023221469422261,국토교통위원회,정운천,정운천,자유한국당,초선,지역구,남,Representative,1.205596444443113,0.0027995720970222333
이철희,0.0,국토교통위원회,이철희,이철희,더불어민주당,초선,비례대표,남,Representative,0.8472933004468098,0.0
유재중,0.0,국토교통위원회,유재중,유재중,자유한국당,3선,지역구,남,Representative,0.4969856333113908,0.0
박완수,0.0054535329333993,국토교통위원회,박완수,박완수,자유한국당,초선,지역구,남,Representative,0.320674965976727,0.001748811487870781
이주영,0.000255151562807,국토교통위원회,이주영,이주영,자유한국당,5선,지역구,남,Representative,0.5651882414157886,0.00014420866307737849
정우택,0.0004772840510187,국토교통위원회,정우택,정우택,자유한국당,4선,지역구,남,Representative,0.5140939839979815,0.0002453688592868993
윤한홍,0.0007969172564852,국토교통위원회,윤한홍,윤한홍,자유한국당,초선,지역구,남,Representative,0.2622782919078764,0.0002090140968228493
김도읍,0.0086537317004549,국토교통위원회,김도읍,김도읍,자유한국당,재선,지역구,남,Representative,0.0786043622449074,0.0006802210613527954
장제원,0.0010875753041695,국토교통위원회,장제원,장제원,자유한국당,재선,지역구,남,Representative,0.5900030223326368,0.0006416727164743418
강길부,0.0,국토교통위원회,강길부,강길부,자유한국당,4선,지역구,남,Representative,1.011544857155329,0.0
이용주,0.0003147227163173,국토교통위원회,이용주,이용주,국민의당,초선,지역구,남,Representative,0.6566531230147329,0.00020666365455343486
신보라,0.0005300606588393,국토교통위원회,신보라,신보라,자유한국당,초선,비례대표,여,Representative,0.2403514969713895,0.00012740087283766673
박주민,0.0050196731952618,국토교통위원회,박주민,박주민,더불어민주당,초선,지역구,남,Representative,0.6441785729603295,0.003233565915650964
김종훈,0.0,국토교통위원회,김종훈,김종훈,더불어민주당,초선,지역구,남,Representative,1.5948540798459616,0.0
이상돈,0.0009662329672011,국토교통위원회,이상돈,이상돈,국민의당,초선,비례대표,남,Representative,1.606671771644464,0.0015524192332342787
김종석,0.0,국토교통위원회,김종석,김종석,자유한국당,초선,비례대표,남,Representative,0.1902354048834826,0.0
이해찬,0.0008673031226561,국토교통위원회,이해찬,이해찬,더불어민주당,7선,지역구,남,Representative,0.3925330774809683,0.00034044516384505263
손혜원,0.0,국토교통위원회,손혜원,손혜원,더불어민주당,초선,지역구,여,Representative,0.8635365284530971,0.0
김영우,0.000424318407804,국토교통위원회,김영우,김영우,자유한국당,3선,지역구,남,Representative,0.6260518797021696,0.00026564533679792593
안상수,0.0,국토교통위원회,안상수,안상수,자유한국당,3선,지역구,남,Representative,0.6645956077847494,0.0
김한정,0.0003382308464848,국토교통위원회,김한정,김한정,더불어민주당,초선,지역구,남,Representative,0.475581724187707,0.00016085640914470883
주광덕,0.0022125173367604,국토교통위원회,주광덕,주광덕,자유한국당,재선,지역구,남,Representative,0.2195218361538728,0.00048569586828791956
손금주,0.0043569154931897,국토교통위원회,손금주,손금주,국민의당,초선,지역구,남,Representative,1.3417577348471896,0.005845925063062838
여상규,0.0,국토교통위원회,여상규,여상규,자유한국당,3선,지역구,남,Representative,0.179755435767015,0.0
이인영,0.0,국토교통위원회,이인영,이인영,더불어민주당,3선,지역구,남,Representative,0.1211476890856317,0.0
이완영,0.0066795359940726,국토교통위원회,이완영,이완영,자유한국당,재선,지역구,남,Representative,0.3571997154092039,0.0023859283561482665
지상욱,0.0,국토교통위원회,지상욱,지상욱,자유한국당,초선,지역구,남,Representative,0.7380939530534976,0.0
심재권,0.0015763115250615,국토교통위원회,심재권,심재권,더불어민주당,3선,지역구,남,Representative,0.5028645163718454,0.0007926711327014172
우상호,0.0,국토교통위원회,우상호,우상호,더불어민주당,3선,지역구,남,Representative,0.950393725091267,0.0
이수혁,0.0,국토교통위원회,이수혁,이수혁,더불어민주당,초선,비례대표,남,Representative,0.3510840296934358,0.0
이태규,0.0,국토교통위원회,이태규,이태규,국민의당,초선,비례대표,남,Representative,1.2563599016081857,0.0
박영선,0.0,국토교통위원회,박영선,박영선,더불어민주당,4선,지역구,여,Representative,0.4472601336192084,0.0
이정현,0.0002433764585371,국토교통위원회,이정현,이정현,자유한국당,3선,지역구,남,Representative,0.583583007550223,0.00014203036564000297
정양석,0.0,국토교통위원회,정양석,정양석,자유한국당,재선,지역구,남,Representative,0.3859603071668061,0.0
나경원,0.0014387885286855,국토교통위원회,나경원,나경원,자유한국당,4선,지역구,여,Representative,0.4570003286366014,0.0006575268304478457
이우현,0.0057608488587182,국토교통위원회,이우현,이우현,자유한국당,재선,지역구,남,Representative,0.2335736215615007,0.0013455823311992478
오세정,0.0,국토교통위원회,오세정,오세정,국민의당,초선,비례대표,남,Representative,1.1278834176360886,0.0
유은혜,0.0,국토교통위원회,유은혜,유은혜,더불어민주당,재선,지역구,여,Representative,0.4014353783153699,0.0
문희상,0.000250670115493,국토교통위원회,문희상,문희상,더불어민주당,6선,지역구,남,Representative,0.6351751444405559,0.0001592194268151971
김정훈,3.761771189529295e-05,국토교통위원회,김정훈,김정훈,자유한국당,4선,지역구,남,Representative,0.260541039338365,9.8009577547308e-06
양승조,0.0006995558196947,국토교통위원회,양승조,양승조,더불어민주당,4선,지역구,남,Representative,0.7857133708245717,0.000549650361172269
노회찬,0.0001174175490645,국토교통위원회,노회찬,노회찬,정의당,3선,지역구,남,Representative,1.280547886443722,0.00015035879428594752
박남춘,0.0,국토교통위원회,박남춘,박남춘,더불어민주당,재선,지역구,남,Representative,0.4605735800336737,0.0
김경수,0.0005492018481846,국토교통위원회,김경수,김경수,더불어민주당,초선,지역구,남,Representative,0.2933099446985726,0.00016108636371937887
권석창,0.0006851935009223,국토교통위원회,권석창,권석창,자유한국당,초선,지역구,남,Representative,0.2295248300116327,0.0001572689218242664
이군현,0.0,국토교통위원회,이군현,이군현,자유한국당,4선,지역구,남,Representative,0.5199038049730397,0.0
박찬우,0.004370867656015,국토교통위원회,박찬우,박찬우,자유한국당,초선,지역구,남,Representative,0.453230298468986,0.0019810096523041154
박준영,0.0009873716624408,국토교통위원회,박준영,박준영,국민의당,초선,지역구,남,Representative,0.8806716279052433,0.0008695502093092458
송기석,0.0,국토교통위원회,송기석,송기석,국민의당,초선,지역구,남,Representative,0.7845483731860012,0.0
이철우,0.0006634846159621,국토교통위원회,이철우,이철우,자유한국당,3선,지역구,남,Representative,0.2619402628325249,0.00017379333469044934
윤종오,0.0,국토교통위원회,윤종오,윤종오,더불어민주당,초선,지역구,남,Representative,1.1947717620134848,0.0
진영,0.0,국토교통위원회,진영,진영,더불어민주당,4선,지역구,남,Representative,0.930618422605128,0.0
최명길,0.0003794912397514,국토교통위원회,최명길,최명길,더불어민주당,초선,지역구,남,Representative,0.6829154638268365,0.00025916043601304856
배덕광,0.0,국토교통위원회,배덕광,배덕광,자유한국당,재선,지역구,남,Representative,0.1475526412690407,0.0
김현미,0.0,국토교통위원회,김현미,김현미,더불어민주당,3선,지역구,여,Representative,0.5372955133516878,0.0
문미옥,0.0,국토교통위원회,문미옥,문미옥,더불어민주당,초선,비례대표,여,Representative,0.3542828873224695,0.0
김성식,0.0,국토교통위원회,김성식,김성식,국민의당,재선,지역구,남,Representative,1.2630624263755816,0.0
김종태,7.295756867898824e-05,국토교통위원회,김종태,김종태,자유한국당,재선,지역구,남,Representative,0.4863851342735198,3.548547683819924e-05
안철수,0.0,국토교통위원회,안철수,안철수,국민의당,재선,지역구,남,Representative,0.3712323266408756,0.0
한정애,0.0027267757868185,보건복지위원회,한정애,한정애,더불어민주당,재선,지역구,여,Representative,0.4432117996184036,0.0012085392036317159
강병원,0.002133711588058,보건복지위원회,강병원,강병원,더불어민주당,초선,지역구,남,Representative,0.3711053074374737,0.0007918316948691643
기동민,0.0143778483713539,보건복지위원회,기동민,기동민,더불어민주당,초선,지역구,남,Representative,0.1406386680233549,0.0020220814439889747
김상희,0.0237333947309167,보건복지위원회,김상희,김상희,더불어민주당,3선,지역구,여,Representative,0.549508602610133,0.013041704573780729
김영진,0.0004543445076648,보건복지위원회,김영진,김영진,더불어민주당,초선,지역구,남,Representative,0.1323556283416291,6.013505279554272e-05
김정우,0.0021678697374336,보건복지위원회,김정우,김정우,더불어민주당,초선,지역구,남,Representative,0.4417726916628472,0.0009577056490804713
김종민,0.0013842134575175,보건복지위원회,김종민,김종민,더불어민주당,초선,지역구,남,Representative,0.5934295202694789,0.0008214331280451668
박경미,0.0009493059296369,보건복지위원회,박경미,박경미,더불어민주당,초선,비례대표,여,Representative,0.5361234903354704,0.0005089452083930933
박홍근,0.0005782705487505,보건복지위원회,박홍근,박홍근,더불어민주당,재선,지역구,남,Representative,0.4380480284960645,0.0002533102738174939
서영교,0.0131911166487343,보건복지위원회,서영교,서영교,더불어민주당,재선,지역구,여,Representative,0.4822796444107599,0.006361807046732433
손금주,0.0023265366893069,보건복지위원회,손금주,손금주,국민의당,초선,지역구,남,Representative,1.3417577348471896,0.0031216485982833056
윤준호,0.0,보건복지위원회,윤준호,윤준호,더불어민주당,초선,지역구,남,Representative,0.8409997210125054,0.0
제윤경,0.002288735498905,보건복지위원회,제윤경,제윤경,더불어민주당,초선,비례대표,여,Representative,0.2928274618467911,0.0006702046069830002
진선미,0.0025194837083052,보건복지위원회,진선미,진선미,더불어민주당,재선,지역구,여,Representative,0.7038169878391717,0.0017732554344892322
허윤정,0.0001249329440339,보건복지위원회,허윤정,허윤정,더불어민주당,초선,비례대표,여,Representative,-0.0,-0.0
백혜련,0.0041376376102306,보건복지위원회,백혜련,백혜련,더불어민주당,초선,지역구,여,Representative,0.2873528638507782,0.0011889620168764527
송영길,0.0016451539961304,보건복지위원회,송영길,송영길,더불어민주당,4선,지역구,남,Representative,0.4968450830667373,0.0008173866738649835
이개호,0.0027834062063721,보건복지위원회,이개호,이개호,더불어민주당,재선,지역구,남,Representative,0.9076344805120292,0.0025263154461744987
이원욱,0.0025310516315063,보건복지위원회,이원욱,이원욱,더불어민주당,재선,지역구,남,Representative,0.3714494969930796,0.0009401578553865286
임종성,0.0039778683501748,보건복지위원회,임종성,임종성,더불어민주당,초선,지역구,남,Representative,0.5180000225410992,0.0020605358950560714
김경협,0.0009281190080042,보건복지위원회,김경협,김경협,더불어민주당,재선,지역구,남,Representative,0.2751830860421476,0.0002554026528369724
강창일,0.004620803974999,보건복지위원회,강창일,강창일,더불어민주당,4선,지역구,남,Representative,0.8418881333730888,0.0038902000331948565
김병기,0.0022276195725021,보건복지위원회,김병기,김병기,더불어민주당,초선,지역구,남,Representative,0.1877751940353654,0.0004182916974635596
김영호,0.0043197386822199,보건복지위원회,김영호,김영호,더불어민주당,초선,지역구,남,Representative,0.4539708046944207,0.0019610352456369846
박완주,0.0011038787529762,보건복지위원회,박완주,박완주,더불어민주당,재선,지역구,남,Representative,0.7029909046961353,0.0007760167232295805
설훈,0.0013470274759894,보건복지위원회,설훈,설훈,더불어민주당,4선,지역구,남,Representative,0.2947522077855856,0.0003970393224957205
인재근,0.0135266845959417,보건복지위원회,인재근,인재근,더불어민주당,재선,지역구,여,Representative,0.4706617600587874,0.006366493179686007
권미혁,0.0076230177225271,보건복지위원회,권미혁,권미혁,더불어민주당,초선,지역구,여,Representative,0.4592713852034786,0.003501033908855688
김철민,0.0074828228267793,보건복지위원회,김철민,김철민,더불어민주당,초선,지역구,남,Representative,0.4943055978963909,0.0036988012113439036
서삼석,0.0001271189612757,보건복지위원회,서삼석,서삼석,더불어민주당,초선,지역구,남,Representative,0.3135534965130757,3.9858594781106e-05
소병훈,0.0041219473056158,보건복지위원회,소병훈,소병훈,더불어민주당,초선,지역구,남,Representative,0.5375988645747761,0.002215954191336112
송갑석,0.0,보건복지위원회,송갑석,송갑석,더불어민주당,초선,지역구,남,Representative,0.1128634081839454,0.0
우원식,0.000866420104581,보건복지위원회,우원식,우원식,더불어민주당,3선,지역구,남,Representative,0.2682558233303833,0.00023242223850437294
정춘숙,0.0100666977425256,보건복지위원회,정춘숙,정춘숙,더불어민주당,초선,비례대표,여,Representative,0.6218718977568765,0.006260196429289259
김민기,0.0017453767778833,보건복지위원회,김민기,김민기,더불어민주당,재선,지역구,남,Representative,0.1891638569535047,0.0003301622031414855
김병관,0.0,보건복지위원회,김병관,김병관,더불어민주당,초선,지역구,남,Representative,0.4357562473746135,0.0
송옥주,0.002562087221672,보건복지위원회,송옥주,송옥주,더불어민주당,초선,비례대표,여,Representative,0.5052940578089671,0.0012946074486991474
윤후덕,0.0101479654589068,보건복지위원회,윤후덕,윤후덕,더불어민주당,재선,지역구,남,Representative,0.3602653219661517,0.0036559600433544444
이상민,7.386546027339993e-05,보건복지위원회,이상민,이상민,더불어민주당,4선,지역구,남,Representative,0.6302132597162741,4.6550992499342314e-05
이인영,0.0001774706033625,보건복지위원회,이인영,이인영,더불어민주당,3선,지역구,남,Representative,0.1211476890856317,2.1500153477999614e-05
장병완,0.0018055569801462,보건복지위원회,장병완,장병완,국민의당,3선,지역구,남,Representative,0.8364677546616743,0.0015102901930966052
최운열,0.0004703913110987,보건복지위원회,최운열,최운열,더불어민주당,초선,비례대표,남,Representative,0.459943821659768,0.0002163535773022849
홍의락,0.0020525193459597,보건복지위원회,홍의락,홍의락,더불어민주당,재선,지역구,남,Representative,0.5274233799288646,0.0010825466908154476
김광수,0.0082321287030167,보건복지위원회,김광수,김광수,국민의당,초선,지역구,남,Representative,0.7050580980902613,0.005804129006583204
김경진,0.012188749996627,보건복지위원회,김경진,김경진,국민의당,초선,지역구,남,Representative,1.3711841868583572,0.0167130212529448
김종회,0.0045314221826524,보건복지위원회,김종회,김종회,국민의당,초선,지역구,남,Representative,1.05317158253419,0.004772365071234562
박주현,0.000592110352435,보건복지위원회,박주현,박주현,국민의당,초선,비례대표,여,Representative,0.6812471540561623,0.000403373492483535
오영훈,0.0020172057794008,보건복지위원회,오영훈,오영훈,더불어민주당,초선,지역구,남,Representative,0.7649594424293005,0.0015430806082755986
유성엽,0.0008704693118529,보건복지위원회,유성엽,유성엽,국민의당,3선,지역구,남,Representative,1.0788643249197116,0.0009391182864955049
장정숙,0.0104629246187035,보건복지위원회,장정숙,장정숙,국민의당,초선,비례대표,여,Representative,1.0742364163183826,0.011239654646605427
정동영,0.0007008170103581,보건복지위원회,정동영,정동영,국민의당,4선,지역구,남,Representative,1.1063278234248168,0.000775333357688564
정인화,0.0054250318133899,보건복지위원회,정인화,정인화,국민의당,초선,지역구,남,Representative,1.152650910093734,0.006253167856991329
채이배,0.0065705395496568,보건복지위원회,채이배,채이배,국민의당,초선,비례대표,남,Representative,1.231055717778328,0.008088700281493643
최도자,0.0340169147940183,보건복지위원회,최도자,최도자,국민의당,초선,비례대표,여,Representative,1.2596089727347155,0.042848011099297735
김승희,0.0326063711307899,보건복지위원회,김승희,김승희,자유한국당,초선,비례대표,여,Representative,0.3319279231870295,0.010822965052108608
김명연,0.0105088290025756,보건복지위원회,김명연,김명연,자유한국당,재선,지역구,남,Representative,0.1923901370296166,0.002021795051826329
김상훈,0.0095471427662342,보건복지위원회,김상훈,김상훈,자유한국당,재선,지역구,남,Representative,0.1847431044523968,0.0017637687932843492
김정재,0.0048865936944125,보건복지위원회,김정재,김정재,자유한국당,초선,지역구,여,Representative,0.2044480865242837,0.0009990547304442661
박성중,0.0012118118319892,보건복지위원회,박성중,박성중,자유한국당,초선,지역구,남,Representative,0.1599671130327059,0.00019385004030218674
박인숙,0.0166352813240432,보건복지위원회,박인숙,박인숙,자유한국당,재선,지역구,여,Representative,0.5061732872045339,0.008420335031363139
윤종필,0.0186780584232797,보건복지위원회,윤종필,윤종필,자유한국당,초선,비례대표,여,Representative,0.3873171504317463,0.00723433236410237
정태옥,0.0024193107430193,보건복지위원회,정태옥,정태옥,자유한국당,초선,지역구,남,Representative,0.3062475812524373,0.0007409080633476975
추경호,0.0017991923767852,보건복지위원회,추경호,추경호,자유한국당,초선,지역구,남,Representative,0.1387872488569416,0.0002497049601383998
홍일표,0.0,보건복지위원회,홍일표,홍일표,자유한국당,3선,지역구,남,Representative,0.7569146892318556,0.0
강석진,0.0097632721038393,보건복지위원회,강석진,강석진,자유한국당,초선,지역구,남,Representative,0.6089939732328231,0.005945773870270279
김기선,0.0046675652320603,보건복지위원회,김기선,김기선,자유한국당,재선,지역구,남,Representative,0.2058944226376191,0.00096102564857848
김성원,0.0019577906046478,보건복지위원회,김성원,김성원,자유한국당,초선,지역구,남,Representative,0.1487072947006423,0.0002911377444075091
송언석,0.0005324706499779,보건복지위원회,송언석,송언석,자유한국당,초선,지역구,남,Representative,0.1908856424447248,0.00010164100210399163
이철규,0.0,보건복지위원회,이철규,이철규,자유한국당,초선,지역구,남,Representative,0.4017209073035526,0.0
이학재,0.003190604155458,보건복지위원회,이학재,이학재,자유한국당,3선,지역구,남,Representative,1.0008889465537203,0.00319344043202628
이헌승,0.0012490987350231,보건복지위원회,이헌승,이헌승,자유한국당,재선,지역구,남,Representative,0.1422055697125377,0.0001776287972411701
정유섭,0.0,보건복지위원회,정유섭,정유섭,자유한국당,초선,지역구,남,Representative,0.4080188775728643,0.0
정점식,5.163415238927464e-05,보건복지위원회,정점식,정점식,자유한국당,초선,지역구,남,Representative,-0.0,-0.0
정종섭,0.0,보건복지위원회,정종섭,정종섭,자유한국당,초선,지역구,남,Representative,0.3807594230574026,0.0
정병국,0.0012027304013739,보건복지위원회,정병국,정병국,자유한국당,5선,지역구,남,Representative,1.1343779209474094,0.001364350812170768
권성동,0.0,보건복지위원회,권성동,권성동,자유한국당,3선,지역구,남,Representative,0.4062466024090395,0.0
김무성,0.0,보건복지위원회,김무성,김무성,자유한국당,6선,지역구,남,Representative,0.2993921614051784,0.0
김삼화,0.0073978648929415,보건복지위원회,김삼화,김삼화,국민의당,초선,비례대표,여,Representative,1.0477888116577914,0.0077514000649800685
유의동,0.0037535838948117,보건복지위원회,유의동,유의동,자유한국당,재선,지역구,남,Representative,1.0164179390168884,0.003815210006291493
윤영일,0.0010641575128582,보건복지위원회,윤영일,윤영일,국민의당,초선,지역구,남,Representative,1.2136308597582175,0.0012914943972482636
이동섭,0.0063426418886454,보건복지위원회,이동섭,이동섭,국민의당,초선,비례대표,남,Representative,1.3011529436280886,0.008252747163789782
정운천,0.0,보건복지위원회,정운천,정운천,자유한국당,초선,지역구,남,Representative,1.205596444443113,0.0
홍문표,0.0,보건복지위원회,홍문표,홍문표,자유한국당,3선,지역구,남,Representative,1.0738729958258912,0.0
원유철,0.0041853175803022,보건복지위원회,원유철,원유철,자유한국당,5선,지역구,남,Representative,0.4771525237688151,0.0019970348462151856
윤상직,0.0013886359977448,보건복지위원회,윤상직,윤상직,자유한국당,초선,지역구,남,Representative,0.3535025828741088,0.0004908864118747519
이현재,0.0,보건복지위원회,이현재,이현재,자유한국당,재선,지역구,남,Representative,0.2081669972188319,0.0
임이자,0.0011592781873794,보건복지위원회,임이자,임이자,자유한국당,초선,비례대표,여,Representative,0.2625742813254558,0.0003043966369074231
조훈현,0.0011879003356417,보건복지위원회,조훈현,조훈현,자유한국당,초선,비례대표,남,Representative,0.3604447460125601,0.00042817243476860745
주광덕,0.0,보건복지위원회,주광덕,주광덕,자유한국당,재선,지역구,남,Representative,0.2195218361538728,0.0
민병두,0.0019231149024016,보건복지위원회,민병두,민병두,더불어민주당,3선,지역구,남,Representative,0.4585025107011514,0.0008817530111179333
김영춘,0.0014884943073616,보건복지위원회,김영춘,김영춘,더불어민주당,3선,지역구,남,Representative,0.6816995899942737,0.0010147059590372132
안규백,0.0043406079662709,보건복지위원회,안규백,안규백,더불어민주당,3선,지역구,남,Representative,0.6009595071079386,0.0026085296239589514
위성곤,0.0054021446364452,보건복지위원회,위성곤,위성곤,더불어민주당,초선,지역구,남,Representative,0.8913491139784591,0.004815196835278914
이철희,0.0019294134850608,보건복지위원회,이철희,이철희,더불어민주당,초선,비례대표,남,Representative,0.8472933004468098,0.001634779119683747
전재수,0.0024004898015577,보건복지위원회,전재수,전재수,더불어민주당,초선,지역구,남,Representative,0.2424661719200068,0.0005820375729167123
표창원,0.0007207502936536,보건복지위원회,표창원,표창원,더불어민주당,초선,지역구,남,Representative,0.4432466247795722,0.0003194701349708437
곽상도,0.0008969656786765,보건복지위원회,곽상도,곽상도,자유한국당,초선,지역구,남,Representative,0.1797207201934033,0.00016120331776050534
김용태,0.0,보건복지위원회,김용태,김용태,자유한국당,3선,지역구,남,Representative,0.121605698183563,0.0
박명재,0.0042004296492562,보건복지위원회,박명재,박명재,자유한국당,재선,지역구,남,Representative,0.5424317597732208,0.0022784464464496532
송희경,0.0172424924684512,보건복지위원회,송희경,송희경,자유한국당,초선,비례대표,여,Representative,0.6136147509492222,0.010580247721772523
유민봉,0.0022699851166737,보건복지위원회,유민봉,유민봉,자유한국당,초선,비례대표,남,Representative,0.2816932534582966,0.0006394394928177256
함진규,0.0120343023391533,보건복지위원회,함진규,함진규,자유한국당,재선,지역구,남,Representative,0.2078582495326021,0.0025014290185625034
성일종,0.0159993723238656,보건복지위원회,성일종,성일종,자유한국당,초선,지역구,남,Representative,0.2957858911419952,0.004732388600527161
이언주,0.0095702027280136,보건복지위원회,이언주,이언주,더불어민주당,재선,지역구,여,Representative,1.5238762330035724,0.01458380448224588
주호영,0.003918819942992,보건복지위원회,주호영,주호영,자유한국당,4선,지역구,남,Representative,0.3195534977330795,0.001252272619769241
최교일,0.0015335045952466,보건복지위원회,최교일,최교일,자유한국당,초선,지역구,남,Representative,0.095160296612104,0.00014592875213969095
문진국,0.0,보건복지위원회,문진국,문진국,자유한국당,초선,비례대표,남,Representative,0.6376962280009649,0.0
박덕흠,0.0044395326968195,보건복지위원회,박덕흠,박덕흠,자유한국당,재선,지역구,남,Representative,0.3783016007215079,0.0016794823256622898
심재철,0.0013261855710156,보건복지위원회,심재철,심재철,자유한국당,5선,지역구,남,Representative,0.2402035505413585,0.00031855448283466605
안상수,0.0,보건복지위원회,안상수,안상수,자유한국당,3선,지역구,남,Representative,0.6645956077847494,0.0
유재중,0.0026378245038359,보건복지위원회,유재중,유재중,자유한국당,3선,지역구,남,Representative,0.4969856333113908,0.0013109608816031899
이종배,0.0020081222116328,보건복지위원회,이종배,이종배,자유한국당,재선,지역구,남,Representative,0.2546643617911198,0.000511397161424039
최연혜,0.0004399867555257,보건복지위원회,최연혜,최연혜,자유한국당,초선,비례대표,여,Representative,0.0914081709115077,4.021838454789294e-05
김세연,0.0225396238189431,보건복지위원회,김세연,김세연,자유한국당,3선,지역구,남,Representative,1.016616967853162,0.022914164023364842
김현아,0.0032866966355685,보건복지위원회,김현아,김현아,자유한국당,초선,비례대표,여,Representative,0.6541850288553541,0.0021501077333781747
정갑윤,0.0141630052987217,보건복지위원회,정갑윤,정갑윤,자유한국당,5선,지역구,남,Representative,0.2887216846392271,0.0040891667494012286
홍철호,0.0,보건복지위원회,홍철호,홍철호,자유한국당,재선,지역구,남,Representative,0.4481695399588016,0.0
김재원,0.0004988504330551,보건복지위원회,김재원,김재원,자유한국당,3선,지역구,남,Representative,0.215473832424108,0.00010748921461680833
장석춘,0.0,보건복지위원회,장석춘,장석춘,자유한국당,초선,지역구,남,Representative,0.1436037583640525,0.0
박광온,0.0049150494831729,보건복지위원회,박광온,박광온,더불어민주당,재선,지역구,남,Representative,0.2036686067716271,0.0010010412804514303
이용득,0.0,보건복지위원회,이용득,이용득,더불어민주당,초선,비례대표,남,Representative,0.4820345550834095,0.0
이종걸,0.0004657964104595,보건복지위원회,이종걸,이종걸,더불어민주당,5선,지역구,남,Representative,1.0363897595497007,0.00048274662983523485
이찬열,0.0300470398822623,보건복지위원회,이찬열,이찬열,더불어민주당,3선,지역구,남,Representative,1.1746514826711774,0.035294799947579406
조응천,0.0002401531882156,보건복지위원회,조응천,조응천,더불어민주당,초선,지역구,남,Representative,0.3625277926369529,8.706220521852817e-05
조정식,0.0,보건복지위원회,조정식,조정식,더불어민주당,4선,지역구,남,Representative,0.657600712329438,0.0
홍익표,0.0009972482975455,보건복지위원회,홍익표,홍익표,더불어민주당,재선,지역구,남,Representative,0.1975395629671791,0.00019699599286690145
김정훈,0.0001524047206752,보건복지위원회,김정훈,김정훈,자유한국당,4선,지역구,남,Representative,0.260541039338365,3.9707684324789805e-05
유기준,0.0007498836866926,보건복지위원회,유기준,유기준,자유한국당,4선,지역구,남,Representative,0.2633017533080311,0.00019744568948325183
이양수,0.0033021017104403,보건복지위원회,이양수,이양수,자유한국당,초선,지역구,남,Representative,0.8099604387683925,0.0026745717502460846
이진복,0.0004405340171623,보건복지위원회,이진복,이진복,자유한국당,3선,지역구,남,Representative,0.219085789524194,9.651474296226732e-05
강훈식,0.0023151400796418,보건복지위원회,강훈식,강훈식,더불어민주당,초선,지역구,남,Representative,0.371852456351433,0.0008608905254124555
금태섭,0.0026698463541499,보건복지위원회,금태섭,금태섭,더불어민주당,초선,지역구,남,Representative,0.4645794902283139,0.001240355858198883
김해영,0.0030382052559464,보건복지위원회,김해영,김해영,더불어민주당,초선,지역구,남,Representative,0.4741611749752225,0.0014405989739754415
남인순,0.019637697750942,보건복지위원회,남인순,남인순,더불어민주당,재선,지역구,여,Representative,0.6462902314628618,0.012691652224854025
노웅래,0.007954167158728,보건복지위원회,노웅래,노웅래,더불어민주당,3선,지역구,남,Representative,0.7159401864066474,0.005694707918329356
도종환,0.0,보건복지위원회,도종환,도종환,더불어민주당,재선,지역구,남,Representative,0.5493526775829224,0.0
박용진,0.0002700753128593,보건복지위원회,박용진,박용진,더불어민주당,초선,지역구,남,Representative,0.6153148674123682,0.00016618135532337402
안민석,0.0,보건복지위원회,안민석,안민석,더불어민주당,4선,지역구,남,Representative,0.6831934548821521,0.0
이춘석,0.0033216346762081,보건복지위원회,이춘석,이춘석,더불어민주당,3선,지역구,남,Representative,0.5338027552115759,0.0017730977419661946
조승래,0.0011246965898835,보건복지위원회,조승래,조승래,더불어민주당,초선,지역구,남,Representative,0.2088104943838757,0.00023484845096543273
강석호,0.0004620440858868,보건복지위원회,강석호,강석호,자유한국당,3선,지역구,남,Representative,0.4559473254820344,0.00021066776521487787
서청원,0.0,보건복지위원회,서청원,서청원,자유한국당,8선,지역구,남,Representative,0.2133277142020287,0.0
이정미,0.0015031751747547,보건복지위원회,이정미,이정미,정의당,초선,비례대표,여,Representative,1.419781284660404,0.002134179980682855
김종대,0.0,보건복지위원회,김종대,김종대,정의당,초선,비례대표,남,Representative,1.4582975228087227,0.0
김종훈,0.0004949058056452,보건복지위원회,김종훈,김종훈,더불어민주당,초선,지역구,남,Representative,1.5948540798459616,0.0007893025432726997
심상정,0.0005025549253232,보건복지위원회,심상정,심상정,정의당,3선,지역구,여,Representative,1.4101172974735254,0.0007086613931287602
여영국,0.0,보건복지위원회,여영국,여영국,정의당,초선,지역구,남,Representative,1.4694207601469056,0.0
윤소하,0.0166299673247517,보건복지위원회,윤소하,윤소하,정의당,초선,비례대표,남,Representative,1.501385577848504,0.02496799310147407
이상돈,0.0003042394929139,보건복지위원회,이상돈,이상돈,국민의당,초선,비례대표,남,Representative,1.606671771644464,0.0004888130050841891
정은혜,0.0010134541359189,보건복지위원회,정은혜,정은혜,더불어민주당,초선,비례대표,여,Representative,0.6448259909434018,0.0006535015674695937
추혜선,0.0016660918221453,보건복지위원회,추혜선,추혜선,정의당,초선,비례대표,여,Representative,1.4776255797827655,0.002461859894668773
유승민,0.0,보건복지위원회,유승민,유승민,자유한국당,4선,지역구,남,Representative,1.0521010990735595,0.0
이명수,0.0167738411815057,보건복지위원회,이명수,이명수,자유한국당,3선,지역구,남,Representative,0.3282274440638352,0.005505635018138317
김성찬,0.0033847051864748,보건복지위원회,김성찬,김성찬,자유한국당,재선,지역구,남,Representative,0.6145298499661254,0.002080002370423925
오제세,0.039309512925626,보건복지위원회,오제세,오제세,더불어민주당,4선,지역구,남,Representative,1.1845693642879889,0.04656484473677927
조배숙,0.0014691718853311,보건복지위원회,조배숙,조배숙,국민의당,4선,지역구,여,Representative,1.0458037986965076,0.001536465538617374
윤일규,0.0019736327210343,보건복지위원회,윤일규,윤일규,더불어민주당,초선,지역구,남,Representative,0.2463711717270404,0.0004862462060400475
신동근,0.0015660793036052,보건복지위원회,신동근,신동근,더불어민주당,초선,지역구,남,Representative,0.4356644688754545,0.0006822851080220011
신창현,0.0064896595835118,보건복지위원회,신창현,신창현,더불어민주당,초선,지역구,남,Representative,0.0854651307466251,0.0005546396048059245
안호영,0.000393173205056,보건복지위원회,안호영,안호영,더불어민주당,초선,지역구,남,Representative,0.3178846521149758,0.0001249837275101566
이석현,0.0091357042384452,보건복지위원회,이석현,이석현,더불어민주당,6선,지역구,남,Representative,0.4261848158879266,0.003893498428868319
경대수,0.0028702546764501,보건복지위원회,경대수,경대수,자유한국당,재선,지역구,남,Representative,0.635460965905347,0.0018239348090913197
이은권,0.0007249978736422,보건복지위원회,이은권,이은권,자유한국당,초선,지역구,남,Representative,0.2381916954337352,0.00017268847270868854
윤영석,0.0019592846808592,보건복지위원회,윤영석,윤영석,자유한국당,재선,지역구,남,Representative,0.3920069894662951,0.0007680532892510458
김규환,0.0010500139331537,보건복지위원회,김규환,김규환,자유한국당,초선,비례대표,남,Representative,0.4770049822009083,0.0005008618774946864
곽대훈,0.0009824265362687,보건복지위원회,곽대훈,곽대훈,자유한국당,초선,지역구,남,Representative,0.1312626090957611,0.00012895587039554092
김선동,0.0013169239009411,보건복지위원회,김선동,김선동,자유한국당,재선,지역구,남,Representative,0.1938810024934638,0.00025532652612206345
백승주,0.0007718612310032,보건복지위원회,백승주,백승주,자유한국당,초선,지역구,남,Representative,0.1747219249951915,0.0001348610801100373
윤상현,0.0012428937998176,보건복지위원회,윤상현,윤상현,자유한국당,3선,지역구,남,Representative,0.2001655767502632,0.0002487845542798161
이종명,0.003622767857029,보건복지위원회,이종명,이종명,자유한국당,초선,비례대표,남,Representative,0.1302432569839321,0.00047184108499615706
김석기,0.0013637077198089,보건복지위원회,김석기,김석기,자유한국당,초선,지역구,남,Representative,0.3618426593527747,0.000493447627915561
윤재옥,0.0002286465966859,보건복지위원회,윤재옥,윤재옥,자유한국당,재선,지역구,남,Representative,0.1344948665442003,3.075179350705571e-05
이종구,0.0,보건복지위원회,이종구,이종구,자유한국당,3선,지역구,남,Representative,0.5199034206107074,0.0
김태흠,0.001473889210158,보건복지위원회,김태흠,김태흠,자유한국당,재선,지역구,남,Representative,0.74944812472639,0.0011046035046073733
이만희,0.001036678349188,보건복지위원회,이만희,이만희,자유한국당,초선,지역구,남,Representative,0.3536107077628312,0.0003665805647787722
조경태,0.0059987316118923,보건복지위원회,조경태,조경태,자유한국당,4선,지역구,남,Representative,0.9905363611314508,0.0059419617822480016
박정,0.0077304692799376,보건복지위원회,박정,박정,더불어민주당,초선,지역구,남,Representative,0.2968827671690504,0.002295043111343211
심기준,0.0019950811387298,보건복지위원회,심기준,심기준,더불어민주당,초선,비례대표,남,Representative,0.3265883675668164,0.0006515702922611106
유승희,0.0078140310742662,보건복지위원회,유승희,유승희,더불어민주당,3선,지역구,여,Representative,0.5469890607717001,0.004274189518153747
윤관석,0.0019628460409365,보건복지위원회,윤관석,윤관석,더불어민주당,재선,지역구,남,Representative,0.3522558143466113,0.0006914239305871088
고용진,0.0011886480696112,보건복지위원회,고용진,고용진,더불어민주당,초선,지역구,남,Representative,0.4239737881662508,0.0005039556248695619
김두관,0.0006949881791941,보건복지위원회,김두관,김두관,더불어민주당,초선,지역구,남,Representative,0.4560581632169218,0.00031695503246073414
김정호,0.0,보건복지위원회,김정호,김정호,더불어민주당,초선,지역구,남,Representative,0.2510534798158137,0.0
전현희,0.0014443615988362,보건복지위원회,전현희,전현희,더불어민주당,재선,지역구,여,Representative,0.2186320857698749,0.0003157837889594697
최재성,0.0006501697307643,보건복지위원회,최재성,최재성,더불어민주당,4선,지역구,남,Representative,0.0631784868170286,4.107673976392337e-05
김광림,0.0015441672743467,보건복지위원회,김광림,김광림,자유한국당,3선,지역구,남,Representative,0.2439500943098557,0.0003766997522070703
천정배,0.001088350650139,보건복지위원회,천정배,천정배,국민의당,6선,지역구,남,Representative,0.9572737450190898,0.0010418495027525218
염동열,0.0,보건복지위원회,염동열,염동열,자유한국당,재선,지역구,남,Representative,0.2114928291135159,0.0
정진석,0.000386219924599,보건복지위원회,정진석,정진석,자유한국당,4선,지역구,남,Representative,0.2765017781360929,0.00010679049590321122
신상진,0.0071991929724184,보건복지위원회,신상진,신상진,자유한국당,4선,지역구,남,Representative,0.5170961526344651,0.0037226749881106333
원혜영,0.010441178918076,보건복지위원회,원혜영,원혜영,더불어민주당,5선,지역구,남,Representative,0.8199263539696501,0.00856099776144283
김현권,0.0039223456112698,보건복지위원회,김현권,김현권,더불어민주당,초선,비례대표,남,Representative,0.6106213595945515,0.002395068009953288
박주민,0.0092316851888153,보건복지위원회,박주민,박주민,더불어민주당,초선,지역구,남,Representative,0.6441785729603295,0.0059468537909500505
이상헌,0.001102755946843,보건복지위원회,이상헌,이상헌,더불어민주당,초선,지역구,남,Representative,0.7296652103979866,0.0008046426499708285
정재호,0.0011446807984137,보건복지위원회,정재호,정재호,더불어민주당,초선,지역구,남,Representative,0.2574447104853001,0.00029469201674569716
김진태,0.0003739275403642,보건복지위원회,김진태,김진태,자유한국당,재선,지역구,남,Representative,0.0487572040542768,1.8231661387051123e-05
박대출,0.0008245743352003,보건복지위원회,박대출,박대출,자유한국당,재선,지역구,남,Representative,0.1666888897701005,0.0001374473804674567
조원진,0.0001722851674275,보건복지위원회,조원진,조원진,자유한국당,3선,지역구,남,Representative,0.1561314852952748,2.689913908480067e-05
홍문종,0.0,보건복지위원회,홍문종,홍문종,자유한국당,4선,지역구,남,Representative,0.1754129276773165,0.0
박선숙,0.0005584127492297,보건복지위원회,박선숙,박선숙,국민의당,재선,비례대표,여,Representative,1.2142537538570304,0.0006780547769537877
이규희,0.0,보건복지위원회,이규희,이규희,더불어민주당,초선,지역구,남,Representative,0.3036400552435822,0.0
김부겸,0.0007766581058409,보건복지위원회,김부겸,김부겸,더불어민주당,4선,지역구,남,Representative,0.8571509059437675,0.0006657131990300979
정세균,0.0,보건복지위원회,정세균,정세균,더불어민주당,6선,지역구,남,Representative,0.8298975517248326,0.0
박지원,0.0,보건복지위원회,박지원,박지원,국민의당,4선,지역구,남,Representative,0.7565970138970873,0.0
김관영,0.0074946493351087,보건복지위원회,김관영,김관영,국민의당,재선,지역구,남,Representative,1.1358758772529134,0.008512991388219558
김성수,0.000646456939667,보건복지위원회,김성수,김성수,더불어민주당,초선,비례대표,남,Representative,0.6300024830232042,0.0004072694771577917
박찬대,0.0005580596366534,보건복지위원회,박찬대,박찬대,더불어민주당,초선,지역구,남,Representative,0.6056175521921311,0.0003379707111272622
강길부,0.0021034449077329,보건복지위원회,강길부,강길부,자유한국당,4선,지역구,남,Representative,1.011544857155329,0.0021277288787267803
김수민,0.0028053887282489,보건복지위원회,김수민,김수민,국민의당,초선,비례대표,여,Representative,1.362224448997969,0.00382156911456397
이용호,0.0014214341634035,보건복지위원회,이용호,이용호,국민의당,초선,지역구,남,Representative,0.9837359713108262,0.0013983159173901337
하태경,0.0,보건복지위원회,하태경,하태경,자유한국당,재선,지역구,남,Representative,1.492172082079166,0.0
이장우,0.0004278581534011,보건복지위원회,이장우,이장우,자유한국당,재선,지역구,남,Representative,0.2676638759131752,0.00011452217168039231
강효상,0.0007446318056469,보건복지위원회,강효상,강효상,자유한국당,초선,비례대표,남,Representative,0.2888513821081876,0.00021508792622282243
김도읍,0.0026447097202454,보건복지위원회,김도읍,김도읍,자유한국당,재선,지역구,남,Representative,0.0786043622449074,0.00020788572088279713
이채익,0.0006445734318328,보건복지위원회,이채익,이채익,자유한국당,재선,지역구,남,Representative,0.415602928743905,0.0002678866060602215
전희경,0.0,보건복지위원회,전희경,전희경,자유한국당,초선,비례대표,여,Representative,0.0178870009551029,0.0
한선교,0.0,보건복지위원회,한선교,한선교,자유한국당,4선,지역구,남,Representative,0.1186880320068769,0.0
박주선,0.0005033604492316,보건복지위원회,박주선,박주선,국민의당,4선,지역구,남,Representative,1.0117643014135882,0.0005092821332760396
신용현,0.0034612916610883,보건복지위원회,신용현,신용현,국민의당,초선,지역구,여,Representative,0.9729453901363904,0.003367647765573391
임재훈,0.0,보건복지위원회,임재훈,임재훈,국민의당,초선,비례대표,남,Representative,1.0830349246445592,0.0
주승용,0.0035742905382571,보건복지위원회,주승용,주승용,국민의당,4선,지역구,남,Representative,1.1127518815412194,0.003977298521620566
황주홍,0.0282822635519875,보건복지위원회,황주홍,황주홍,국민의당,재선,지역구,남,Representative,1.2962987186817088,0.03666226200385979
민홍철,0.0,보건복지위원회,민홍철,민홍철,더불어민주당,재선,지역구,남,Representative,0.9609964146420744,0.0
김학용,0.001718397075867,보건복지위원회,김학용,김학용,자유한국당,3선,지역구,남,Representative,0.3347518226262136,0.0005752365531420341
민경욱,0.0028105844183738,보건복지위원회,민경욱,민경욱,자유한국당,초선,지역구,남,Representative,0.073326278826337,0.00020608969672663546
전혜숙,0.0248487898284439,보건복지위원회,전혜숙,전혜숙,더불어민주당,재선,지역구,여,Representative,0.717807959122133,0.017836659113410133
김진표,0.0,보건복지위원회,김진표,김진표,더불어민주당,4선,지역구,남,Representative,0.9058736267791744,0.0
박재호,0.0041103813295024,보건복지위원회,박재호,박재호,더불어민주당,초선,지역구,남,Representative,0.2524296630381502,0.0010375821739645945
최인호,0.0007027512485832,보건복지위원회,최인호,최인호,더불어민주당,초선,지역구,남,Representative,0.1459769861531162,0.00010258550928351489
김태년,0.000815087791375,보건복지위원회,김태년,김태년,더불어민주당,3선,지역구,남,Representative,0.3475258712280392,0.0002832640948249351
김한표,0.0,보건복지위원회,김한표,김한표,자유한국당,재선,지역구,남,Representative,0.3879670316340894,0.0
박순자,0.0047457910281116,보건복지위원회,박순자,박순자,자유한국당,3선,지역구,여,Representative,0.4713721881542825,0.0022370339014439267
송석준,0.0123817045188393,보건복지위원회,송석준,송석준,자유한국당,초선,지역구,남,Representative,0.8824103424051088,0.01092574412402787
김한정,0.0006860713693828,보건복지위원회,김한정,김한정,더불어민주당,초선,지역구,남,Representative,0.475581724187707,0.0003262830047668932
손혜원,0.0006389226662612,보건복지위원회,손혜원,손혜원,더불어민주당,초선,지역구,여,Representative,0.8635365284530971,0.0005517330611731934
이재정,0.0001350420560328,보건복지위원회,이재정,이재정,더불어민주당,초선,비례대표,여,Representative,0.1297805327369249,1.7525829973826444e-05
김영주,0.0003641657325688,보건복지위원회,김영주,김영주,더불어민주당,3선,지역구,여,Representative,0.5066585031839548,0.00018450766497419657
유동수,0.0028136017098798,보건복지위원회,유동수,유동수,더불어민주당,초선,지역구,남,Representative,0.8688043750278167,0.0024444694751293164
추미애,0.0007658036570964,보건복지위원회,추미애,추미애,더불어민주당,5선,지역구,여,Representative,0.2576812972041676,0.0001973332797642959
전해철,0.0014103800156809,보건복지위원회,전해철,전해철,더불어민주당,재선,지역구,남,Representative,0.1604451590533877,0.00022628864594164143
맹성규,0.0012526765864206,보건복지위원회,맹성규,맹성규,더불어민주당,초선,지역구,남,Representative,0.302559084695415,0.0003790086814067937
박병석,0.0003385990981024,보건복지위원회,박병석,박병석,더불어민주당,5선,지역구,남,Representative,0.4701074306076837,0.00015917795201499829
백재현,0.000597961659958,보건복지위원회,백재현,백재현,더불어민주당,3선,지역구,남,Representative,0.5536257649582159,0.0003310469814099323
송기헌,0.0027140447332669,보건복지위원회,송기헌,송기헌,더불어민주당,초선,지역구,남,Representative,0.3192665277817301,0.000866503638234415
권칠승,0.0017947587747674,보건복지위원회,권칠승,권칠승,더불어민주당,초선,지역구,남,Representative,0.3014891570605743,0.0005411003101316926
박범계,0.0036885737434222,보건복지위원회,박범계,박범계,더불어민주당,재선,지역구,남,Representative,0.5376962952563203,0.0019833324366178543
이훈,0.0,보건복지위원회,이훈,이훈,더불어민주당,초선,지역구,남,Representative,0.4457924997779086,0.0
신경민,0.0022517377069925,보건복지위원회,신경민,신경민,더불어민주당,재선,지역구,남,Representative,0.2582677030896177,0.0005815511255452356
홍영표,0.0,보건복지위원회,홍영표,홍영표,더불어민주당,3선,지역구,남,Representative,0.7711565648093,0.0
이후삼,0.0,보건복지위원회,이후삼,이후삼,더불어민주당,초선,지역구,남,Representative,0.0401066425951788,0.0
어기구,0.0007255456263562,보건복지위원회,어기구,어기구,더불어민주당,초선,지역구,남,Representative,0.386064465691427,0.0002801073845739581
서형수,0.0,보건복지위원회,서형수,서형수,더불어민주당,초선,지역구,남,Representative,0.5046603090328576,0.0
이학영,0.000763122255368,보건복지위원회,이학영,이학영,더불어민주당,재선,지역구,남,Representative,0.3212334061727276,0.0002451403614180767
변재일,0.0,보건복지위원회,변재일,변재일,더불어민주당,4선,지역구,남,Representative,0.629493870938658,0.0
정우택,0.0003056941801486,보건복지위원회,정우택,정우택,자유한국당,4선,지역구,남,Representative,0.5140939839979815,0.0001571555389575904
윤호중,0.0006877129960051,보건복지위원회,윤호중,윤호중,더불어민주당,3선,지역구,남,Representative,0.3826215742444835,0.0002631338291598615
박맹우,0.0017216845143378,보건복지위원회,박맹우,박맹우,자유한국당,재선,지역구,남,Representative,0.2150211852210185,0.0003701986448495874
김영우,0.00047094876381,보건복지위원회,김영우,김영우,자유한국당,3선,지역구,남,Representative,0.6260518797021696,0.0002948383588266636
황영철,0.0025235924602375,보건복지위원회,황영철,황영철,자유한국당,3선,지역구,남,Representative,0.3717335455385492,0.000938103972738436
김순례,0.0110555885086059,보건복지위원회,김순례,김순례,자유한국당,초선,비례대표,여,Representative,0.2162730117184349,0.0023910254230759182
정성호,0.0,보건복지위원회,정성호,정성호,더불어민주당,3선,지역구,남,Representative,0.9858607826855786,0.0
김재경,0.0006816263159565,보건복지위원회,김재경,김재경,자유한국당,4선,지역구,남,Representative,0.1491019221549866,0.00010163179390053637
이은재,0.0,보건복지위원회,이은재,이은재,자유한국당,재선,지역구,여,Representative,0.0511753819484567,0.0
엄용수,0.0058788915676395,보건복지위원회,엄용수,엄용수,자유한국당,초선,지역구,남,Representative,0.3660271027599738,0.002151833647943127
이주영,0.0004659912876231,보건복지위원회,이주영,이주영,자유한국당,5선,지역구,남,Representative,0.5651882414157886,0.00026337279636677883
김동철,0.0043603687143673,보건복지위원회,김동철,김동철,국민의당,4선,지역구,남,Representative,1.2078444006959184,0.005266646936618203
김성환,0.0,보건복지위원회,김성환,김성환,더불어민주당,초선,지역구,남,Representative,0.4284341213691399,0.0
김성식,0.0003488663612532,보건복지위원회,김성식,김성식,국민의당,재선,지역구,남,Representative,1.2630624263755816,0.000440639992725287
이용주,0.0021077668278511,보건복지위원회,이용주,이용주,국민의당,초선,지역구,남,Representative,0.6566531230147329,0.0013840716700952815
김중로,0.0011630527710227,보건복지위원회,김중로,김중로,국민의당,초선,비례대표,남,Representative,1.0195617327999331,0.0011858040985616679
권은희,0.0003444006060413,보건복지위원회,권은희,권은희,국민의당,재선,지역구,여,Representative,0.9101311635551772,0.0003134497243054766
김종석,0.0003727938305823,보건복지위원회,김종석,김종석,자유한국당,초선,비례대표,남,Representative,0.1902354048834826,7.091858529888826e-05
박완수,0.0,보건복지위원회,박완수,박완수,자유한국당,초선,지역구,남,Representative,0.320674965976727,0.0
심재권,0.0044409536639649,보건복지위원회,심재권,심재권,더불어민주당,3선,지역구,남,Representative,0.5028645163718454,0.002233198016459484
오신환,0.0028589856704817,보건복지위원회,오신환,오신환,자유한국당,재선,지역구,남,Representative,1.0828612536923172,0.003095884807426184
이태규,0.0014111223378833,보건복지위원회,이태규,이태규,국민의당,초선,비례대표,남,Representative,1.2563599016081857,0.0017728775215801757
이혜훈,0.0003168910644547,보건복지위원회,이혜훈,이혜훈,자유한국당,3선,지역구,여,Representative,1.4755924567120928,0.0004676020643088209
지상욱,0.0011486512326129,보건복지위원회,지상욱,지상욱,자유한국당,초선,지역구,남,Representative,0.7380939530534976,0.0008478125289590279
이수혁,0.0,보건복지위원회,이수혁,이수혁,더불어민주당,초선,비례대표,남,Representative,0.3510840296934358,0.0
장제원,0.0003284386297979,보건복지위원회,장제원,장제원,자유한국당,재선,지역구,남,Representative,0.5900030223326368,0.00019377978423155103
신보라,0.0023625373105767,보건복지위원회,신보라,신보라,자유한국당,초선,비례대표,여,Representative,0.2403514969713895,0.0005678393792478703
우상호,0.0,보건복지위원회,우상호,우상호,더불어민주당,3선,지역구,남,Representative,0.950393725091267,0.0
이완영,0.0,보건복지위원회,이완영,이완영,자유한국당,재선,지역구,남,Representative,0.3571997154092039,0.0
황희,0.0006146433102875,보건복지위원회,황희,황희,더불어민주당,초선,지역구,남,Representative,0.2691269447247251,0.00016541707619316607
여상규,0.0,보건복지위원회,여상규,여상규,자유한국당,3선,지역구,남,Representative,0.179755435767015,0.0
윤한홍,0.0004153524257135,보건복지위원회,윤한홍,윤한홍,자유한국당,초선,지역구,남,Representative,0.2622782919078764,0.00010893792475592989
나경원,0.0040580293568799,보건복지위원회,나경원,나경원,자유한국당,4선,지역구,여,Representative,0.4570003286366014,0.0018545207497110906
정용기,0.0,보건복지위원회,정용기,정용기,자유한국당,재선,지역구,남,Representative,0.1798568900906483,0.0
정양석,0.0,보건복지위원회,정양석,정양석,자유한국당,재선,지역구,남,Representative,0.3859603071668061,0.0
문희상,0.0001987077393764,보건복지위원회,문희상,문희상,더불어민주당,6선,지역구,남,Representative,0.6351751444405559,0.00012621421705986122
박영선,0.0,보건복지위원회,박영선,박영선,더불어민주당,4선,지역구,여,Representative,0.4472601336192084,0.0
유은혜,0.0004268282834039,보건복지위원회,유은혜,유은혜,더불어민주당,재선,지역구,여,Representative,0.4014353783153699,0.00017134397342394452
이군현,0.0,보건복지위원회,이군현,이군현,자유한국당,4선,지역구,남,Representative,0.5199038049730397,0.0
이정현,0.002949803083524,보건복지위원회,이정현,이정현,자유한국당,3선,지역구,남,Representative,0.583583007550223,0.0017214549551638576
오세정,0.0,보건복지위원회,오세정,오세정,국민의당,초선,비례대표,남,Representative,1.1278834176360886,0.0
노회찬,0.0002742280703445,보건복지위원회,노회찬,노회찬,정의당,3선,지역구,남,Representative,1.280547886443722,0.00035116217588318976
권석창,0.0,보건복지위원회,권석창,권석창,자유한국당,초선,지역구,남,Representative,0.2295248300116327,0.0
양승조,0.0118603013157623,보건복지위원회,양승조,양승조,더불어민주당,4선,지역구,남,Representative,0.7857133708245717,0.0093187973258027
박남춘,0.0054236394967172,보건복지위원회,박남춘,박남춘,더불어민주당,재선,지역구,남,Representative,0.4605735800336737,0.0024979850598150733
이해찬,0.0,보건복지위원회,이해찬,이해찬,더불어민주당,7선,지역구,남,Representative,0.3925330774809683,0.0
박준영,0.0021727406024746,보건복지위원회,박준영,박준영,국민의당,초선,지역구,남,Representative,0.8806716279052433,0.0019134710033971252
박찬우,0.0,보건복지위원회,박찬우,박찬우,자유한국당,초선,지역구,남,Representative,0.453230298468986,0.0
이우현,0.0,보건복지위원회,이우현,이우현,자유한국당,재선,지역구,남,Representative,0.2335736215615007,0.0
김경수,2.1387370393365505e-05,보건복지위원회,김경수,김경수,더불어민주당,초선,지역구,남,Representative,0.2933099446985726,6.273128427325925e-06
송기석,0.0001790051504482,보건복지위원회,송기석,송기석,국민의당,초선,지역구,남,Representative,0.7845483731860012,0.0001404381995760507
최명길,0.0006568002661527,보건복지위원회,최명길,최명길,더불어민주당,초선,지역구,남,Representative,0.6829154638268365,0.0004485390584012608
이철우,0.0,보건복지위원회,이철우,이철우,자유한국당,3선,지역구,남,Representative,0.2619402628325249,0.0
배덕광,0.0,보건복지위원회,배덕광,배덕광,자유한국당,재선,지역구,남,Representative,0.1475526412690407,0.0
진영,0.0,보건복지위원회,진영,진영,더불어민주당,4선,지역구,남,Representative,0.930618422605128,0.0
윤종오,0.0,보건복지위원회,윤종오,윤종오,더불어민주당,초선,지역구,남,Representative,1.1947717620134848,0.0
문미옥,0.0001559890552299,보건복지위원회,문미옥,문미옥,더불어민주당,초선,비례대표,여,Representative,0.3542828873224695,5.526425287755314e-05
김현미,0.0,보건복지위원회,김현미,김현미,더불어민주당,3선,지역구,여,Representative,0.5372955133516878,0.0
김종태,0.0,보건복지위원회,김종태,김종태,자유한국당,재선,지역구,남,Representative,0.4863851342735198,0.0
안철수,0.0,보건복지위원회,안철수,안철수,국민의당,재선,지역구,남,Representative,0.3712323266408756,0.0
김종인,0.0,보건복지위원회,김종인,김종인,더불어민주당,5선,비례대표,남,Representative,0.5695817734956851,0.0
추경호,0.0271680671692954,기획재정위원회,추경호,추경호,자유한국당,초선,지역구,남,Representative,0.1387872488569416,0.003770581299187106
김광림,0.0045303216411967,기획재정위원회,김광림,김광림,자유한국당,3선,지역구,남,Representative,0.2439500943098557,0.0011051723916239153
김상훈,0.003257549304726,기획재정위원회,김상훈,김상훈,자유한국당,재선,지역구,남,Representative,0.1847431044523968,0.0006018097714618279
김석기,0.0091749770564094,기획재정위원회,김석기,김석기,자유한국당,초선,지역구,남,Representative,0.3618426593527747,0.0033198980975918703
김용태,0.0,기획재정위원회,김용태,김용태,자유한국당,3선,지역구,남,Representative,0.121605698183563,0.0
박덕흠,0.0043743100093046,기획재정위원회,박덕흠,박덕흠,자유한국당,재선,지역구,남,Representative,0.3783016007215079,0.0016548084785720444
송언석,0.001007861191761,기획재정위원회,송언석,송언석,자유한국당,초선,지역구,남,Representative,0.1908856424447248,0.00019238623108440447
이종배,0.0033069394782236,기획재정위원회,이종배,이종배,자유한국당,재선,지역구,남,Representative,0.2546643617911198,0.0008421596317036718
정갑윤,0.0049878078108848,기획재정위원회,정갑윤,정갑윤,자유한국당,5선,지역구,남,Representative,0.2887216846392271,0.001440088273815355
정병국,0.0058841511232446,기획재정위원회,정병국,정병국,자유한국당,5선,지역구,남,Representative,1.1343779209474094,0.006674851117726573
유성엽,0.0010152335481853,기획재정위원회,유성엽,유성엽,국민의당,3선,지역구,남,Representative,1.0788643249197116,0.0010952992565987773
김종회,0.0030309006401495,기획재정위원회,김종회,김종회,국민의당,초선,지역구,남,Representative,1.05317158253419,0.0031920584236901383
박지원,0.0,기획재정위원회,박지원,박지원,국민의당,4선,지역구,남,Representative,0.7565970138970873,0.0
윤영일,0.0070521811890695,기획재정위원회,윤영일,윤영일,국민의당,초선,지역구,남,Representative,1.2136308597582175,0.008558744719661145
이종걸,0.0019219528041605,기획재정위원회,이종걸,이종걸,더불어민주당,5선,지역구,남,Representative,1.0363897595497007,0.0019918922045697733
장병완,0.0010583612397579,기획재정위원회,장병완,장병완,국민의당,3선,지역구,남,Representative,0.8364677546616743,0.0008852850498412366
장정숙,0.0016790265113749,기획재정위원회,장정숙,장정숙,국민의당,초선,비례대표,여,Representative,1.0742364163183826,0.0018036714224829286
정동영,0.0043546090755214,기획재정위원회,정동영,정동영,국민의당,4선,지역구,남,Representative,1.1063278234248168,0.004817625180387544
정인화,0.0062753906637321,기획재정위원회,정인화,정인화,국민의당,초선,지역구,남,Representative,1.152650910093734,0.007233334759744527
조배숙,0.007219718552328,기획재정위원회,조배숙,조배숙,국민의당,4선,지역구,여,Representative,1.0458037986965076,0.007550409087544273
황주홍,0.0294860060610656,기획재정위원회,황주홍,황주홍,국민의당,재선,지역구,남,Representative,1.2962987186817088,0.03822267187600043
박홍근,0.0047214853262431,기획재정위원회,박홍근,박홍근,더불어민주당,재선,지역구,남,Representative,0.4380480284960645,0.002068237338733888
권칠승,0.0020103813796678,기획재정위원회,권칠승,권칠승,더불어민주당,초선,지역구,남,Representative,0.3014891570605743,0.0006061081875263194
기동민,0.0012223064737046,기획재정위원회,기동민,기동민,더불어민주당,초선,지역구,남,Representative,0.1406386680233549,0.0001719035543781388
김병기,0.0,기획재정위원회,김병기,김병기,더불어민주당,초선,지역구,남,Representative,0.1877751940353654,0.0
남인순,0.0019388145444261,기획재정위원회,남인순,남인순,더불어민주당,재선,지역구,여,Representative,0.6462902314628618,0.001253036900680707
안호영,0.0011067414436964,기획재정위원회,안호영,안호영,더불어민주당,초선,지역구,남,Representative,0.3178846521149758,0.00035181611881065616
우원식,0.0101491670179447,기획재정위원회,우원식,우원식,더불어민주당,3선,지역구,남,Representative,0.2682558233303833,0.002722573154516326
윤관석,0.003128022993486,기획재정위원회,윤관석,윤관석,더불어민주당,재선,지역구,남,Representative,0.3522558143466113,0.0011018642868653357
이용득,0.0019664380074709,기획재정위원회,이용득,이용득,더불어민주당,초선,비례대표,남,Representative,0.4820345550834095,0.0009478910700303414
정성호,0.0291589215538292,기획재정위원회,정성호,정성호,더불어민주당,3선,지역구,남,Representative,0.9858607826855786,0.028746637225325444
조승래,0.002444917114451,기획재정위원회,조승래,조승래,더불어민주당,초선,지역구,남,Representative,0.2088104943838757,0.0005105243513961121
김상희,0.0013286247366372,기획재정위원회,김상희,김상희,더불어민주당,3선,지역구,여,Representative,0.549508602610133,0.0007300907224227638
맹성규,0.0,기획재정위원회,맹성규,맹성규,더불어민주당,초선,지역구,남,Representative,0.302559084695415,0.0
박찬대,0.0018654870196414,기획재정위원회,박찬대,박찬대,더불어민주당,초선,지역구,남,Representative,0.6056175521921311,0.0011297716824814185
백혜련,0.0016693269463495,기획재정위원회,백혜련,백혜련,더불어민주당,초선,지역구,여,Representative,0.2873528638507782,0.00047968587873680314
송영길,0.0048311076212156,기획재정위원회,송영길,송영길,더불어민주당,4선,지역구,남,Representative,0.4968450830667373,0.0024003120673672124
윤호중,0.0024886572847173,기획재정위원회,윤호중,윤호중,더불어민주당,3선,지역구,남,Representative,0.3826215742444835,0.0009522139680335352
김정우,0.046789470311719,기획재정위원회,김정우,김정우,더불어민주당,초선,지역구,남,Representative,0.4417726916628472,0.02067031024108698
김경협,0.010847826127804,기획재정위원회,김경협,김경협,더불어민주당,재선,지역구,남,Representative,0.2751830860421476,0.0029851382706977446
김두관,0.006283167749659,기획재정위원회,김두관,김두관,더불어민주당,초선,지역구,남,Representative,0.4560581632169218,0.0028654899430932833
김영진,0.0015961154059106,기획재정위원회,김영진,김영진,더불어민주당,초선,지역구,남,Representative,0.1323556283416291,0.00021125485745505183
심기준,0.0045148712700704,기획재정위원회,심기준,심기준,더불어민주당,초선,비례대표,남,Representative,0.3265883675668164,0.0014745044378666112
오제세,0.0134856946855225,기획재정위원회,오제세,오제세,더불어민주당,4선,지역구,남,Representative,1.1845693642879889,0.015974740780611296
유승희,0.0030391765036299,기획재정위원회,유승희,유승희,더불어민주당,3선,지역구,여,Representative,0.5469890607717001,0.0016623963012399384
이춘석,0.0070810442737768,기획재정위원회,이춘석,이춘석,더불어민주당,3선,지역구,남,Representative,0.5338027552115759,0.0037798809431172087
조정식,0.0191956554491096,기획재정위원회,조정식,조정식,더불어민주당,4선,지역구,남,Representative,0.657600712329438,0.012623076696964929
김정재,0.004225811712862,기획재정위원회,김정재,김정재,자유한국당,초선,지역구,여,Representative,0.2044480865242837,0.0008639591187065416
김성원,0.0049655513115516,기획재정위원회,김성원,김성원,자유한국당,초선,지역구,남,Representative,0.1487072947006423,0.0007384137022380647
김승희,0.0037244301075089,기획재정위원회,김승희,김승희,자유한국당,초선,비례대표,여,Representative,0.3319279231870295,0.0012362423506406743
문진국,0.0018393201559944,기획재정위원회,문진국,문진국,자유한국당,초선,비례대표,남,Representative,0.6376962280009649,0.0011729275255637753
송희경,0.0045854981697095,기획재정위원회,송희경,송희경,자유한국당,초선,비례대표,여,Representative,0.6136147509492222,0.0028137293173844096
이현재,0.0049385933213765,기획재정위원회,이현재,이현재,자유한국당,재선,지역구,남,Representative,0.2081669972188319,0.0010280521421959237
장석춘,0.0015270460310767,기획재정위원회,장석춘,장석춘,자유한국당,초선,지역구,남,Representative,0.1436037583640525,0.00021928954925752386
정종섭,0.0002075098161305,기획재정위원회,정종섭,정종섭,자유한국당,초선,지역구,남,Representative,0.3807594230574026,7.901131786859687e-05
최연혜,0.0008126677958877,기획재정위원회,최연혜,최연혜,자유한국당,초선,비례대표,여,Representative,0.0914081709115077,7.428447678078114e-05
김세연,0.002389489171994,기획재정위원회,김세연,김세연,자유한국당,3선,지역구,남,Representative,1.016616967853162,0.002429195236750503
성일종,0.0037824341403465,기획재정위원회,성일종,성일종,자유한국당,초선,지역구,남,Representative,0.2957858911419952,0.001118790652888296
원유철,0.0027311928797682,기획재정위원회,원유철,원유철,자유한국당,5선,지역구,남,Representative,0.4771525237688151,0.0013031955754808147
유의동,0.000991990475828,기획재정위원회,유의동,유의동,자유한국당,재선,지역구,남,Representative,1.0164179390168884,0.0010082769149654782
이동섭,0.0071589081013134,기획재정위원회,이동섭,이동섭,국민의당,초선,비례대표,남,Representative,1.3011529436280886,0.009314834349186901
이학재,0.0174273231562664,기획재정위원회,이학재,이학재,자유한국당,3선,지역구,남,Representative,1.0008889465537203,0.017442815115126735
하태경,0.0012824411689688,기획재정위원회,하태경,하태경,자유한국당,재선,지역구,남,Representative,1.492172082079166,0.0019136229092442136
홍문표,0.0033768877780759,기획재정위원회,홍문표,홍문표,자유한국당,3선,지역구,남,Representative,1.0738729958258912,0.0036263485948102043
김명연,0.0024126626318499,기획재정위원회,김명연,김명연,자유한국당,재선,지역구,남,Representative,0.1923901370296166,0.0004641724943478377
김무성,0.0,기획재정위원회,김무성,김무성,자유한국당,6선,지역구,남,Representative,0.2993921614051784,0.0
김한표,0.0,기획재정위원회,김한표,김한표,자유한국당,재선,지역구,남,Representative,0.3879670316340894,0.0
심재철,0.0050663674902411,기획재정위원회,심재철,심재철,자유한국당,5선,지역구,남,Representative,0.2402035505413585,0.0012169594595032238
이만희,0.000324598292685,기획재정위원회,이만희,이만희,자유한국당,초선,지역구,남,Representative,0.3536107077628312,0.00011478143201494949
조경태,0.0081036780548445,기획재정위원회,조경태,조경태,자유한국당,4선,지역구,남,Representative,0.9905363611314508,0.008026987772226464
주광덕,0.0017583060972647,기획재정위원회,주광덕,주광덕,자유한국당,재선,지역구,남,Representative,0.2195218361538728,0.00038598658299209704
김광수,0.0018899843042949,기획재정위원회,김광수,김광수,국민의당,초선,지역구,남,Representative,0.7050580980902613,0.0013325487390066079
김경진,0.0025142101261288,기획재정위원회,김경진,김경진,국민의당,초선,지역구,남,Representative,1.3711841868583572,0.003447445167386966
박주현,0.0042618346246182,기획재정위원회,박주현,박주현,국민의당,초선,비례대표,여,Representative,0.6812471540561623,0.0029033627090791617
오영훈,0.0005937279319178,기획재정위원회,오영훈,오영훈,더불어민주당,초선,지역구,남,Representative,0.7649594424293005,0.000454177787754542
강병원,0.0038403119592537,기획재정위원회,강병원,강병원,더불어민주당,초선,지역구,남,Representative,0.3711053074374737,0.0014251601502946513
김영호,0.0020345302791365,기획재정위원회,김영호,김영호,더불어민주당,초선,지역구,남,Representative,0.4539708046944207,0.0009236173479947613
박정,0.0223012875560318,기획재정위원회,박정,박정,더불어민주당,초선,지역구,남,Representative,0.2968827671690504,0.0066208679610674295
위성곤,0.0042426319529899,기획재정위원회,위성곤,위성곤,더불어민주당,초선,지역구,남,Representative,0.8913491139784591,0.0037816662322342465
윤후덕,0.0231093404569317,기획재정위원회,윤후덕,윤후덕,더불어민주당,재선,지역구,남,Representative,0.3602653219661517,0.008325493980141914
이원욱,0.0088706554319697,기획재정위원회,이원욱,이원욱,더불어민주당,재선,지역구,남,Representative,0.3714494969930796,0.003295000498204074
임종성,0.0023742022794305,기획재정위원회,임종성,임종성,더불어민주당,초선,지역구,남,Representative,0.5180000225410992,0.0012298368342621283
한정애,0.000754897877827,기획재정위원회,한정애,한정애,더불어민주당,재선,지역구,여,Representative,0.4432117996184036,0.0003345796469598185
신동근,0.0016330518961212,기획재정위원회,신동근,신동근,더불어민주당,초선,지역구,남,Representative,0.4356644688754545,0.0007114626869696965
강훈식,0.003232807409256,기획재정위원회,강훈식,강훈식,더불어민주당,초선,지역구,남,Representative,0.371852456351433,0.001202127376042956
김영주,0.0025649099941099,기획재정위원회,김영주,김영주,더불어민주당,3선,지역구,여,Representative,0.5066585031839548,0.0012995334584172881
김철민,0.0046969202289425,기획재정위원회,김철민,김철민,더불어민주당,초선,지역구,남,Representative,0.4943055978963909,0.0023217139620390756
김해영,0.0134464095273506,기획재정위원회,김해영,김해영,더불어민주당,초선,지역구,남,Representative,0.4741611749752225,0.006375765340686587
신창현,0.0023855534972453,기획재정위원회,신창현,신창현,더불어민주당,초선,지역구,남,Representative,0.0854651307466251,0.0002038816415451383
윤일규,0.0,기획재정위원회,윤일규,윤일규,더불어민주당,초선,지역구,남,Representative,0.2463711717270404,0.0
전재수,0.0031822838254447,기획재정위원회,전재수,전재수,더불어민주당,초선,지역구,남,Representative,0.2424661719200068,0.0007715961771185316
홍영표,0.0,기획재정위원회,홍영표,홍영표,더불어민주당,3선,지역구,남,Representative,0.7711565648093,0.0
서영교,0.0137613130802844,기획재정위원회,서영교,서영교,더불어민주당,재선,지역구,여,Representative,0.4822796444107599,0.006636801178984699
김민기,0.0038473673016508,기획재정위원회,김민기,김민기,더불어민주당,재선,지역구,남,Representative,0.1891638569535047,0.0007277828378970633
신경민,0.0010459112980418,기획재정위원회,신경민,신경민,더불어민주당,재선,지역구,남,Representative,0.2582677030896177,0.0002701251085807363
이찬열,0.0402467614644269,기획재정위원회,이찬열,이찬열,더불어민주당,3선,지역구,남,Representative,1.1746514826711774,0.047275918026902265
정재호,0.0010117676880585,기획재정위원회,정재호,정재호,더불어민주당,초선,지역구,남,Representative,0.2574447104853001,0.00026047423953060196
주승용,0.0021251814083622,기획재정위원회,주승용,주승용,국민의당,4선,지역구,남,Representative,1.1127518815412194,0.0023647996107714563
곽대훈,0.0015846443879091,기획재정위원회,곽대훈,곽대훈,자유한국당,초선,지역구,남,Representative,0.1312626090957611,0.00020800455684590383
김현아,0.0077076387320255,기획재정위원회,김현아,김현아,자유한국당,초선,비례대표,여,Representative,0.6541850288553541,0.005042221866316747
박성중,0.0019733948032964,기획재정위원회,박성중,박성중,자유한국당,초선,지역구,남,Representative,0.1599671130327059,0.00031567826955706965
윤영석,0.0032613744968674,기획재정위원회,윤영석,윤영석,자유한국당,재선,지역구,남,Representative,0.3920069894662951,0.0012784815980391424
윤종필,0.0,기획재정위원회,윤종필,윤종필,자유한국당,초선,비례대표,여,Representative,0.3873171504317463,0.0
정태옥,0.0064768704299496,기획재정위원회,정태옥,정태옥,자유한국당,초선,지역구,남,Representative,0.3062475812524373,0.0019835259032574986
조훈현,0.0,기획재정위원회,조훈현,조훈현,자유한국당,초선,비례대표,남,Representative,0.3604447460125601,0.0
김기선,0.0019003378617481,기획재정위원회,김기선,김기선,자유한국당,재선,지역구,남,Representative,0.2058944226376191,0.00039126896686103265
박인숙,0.0130965616153895,기획재정위원회,박인숙,박인숙,자유한국당,재선,지역구,여,Representative,0.5061732872045339,0.0066291296439384235
주호영,0.0025640951315441,기획재정위원회,주호영,주호영,자유한국당,4선,지역구,남,Representative,0.3195534977330795,0.0008193655678052778
최교일,0.0056166868682447,기획재정위원회,최교일,최교일,자유한국당,초선,지역구,남,Representative,0.095160296612104,0.0005344855883594752
김태흠,0.0024218968513977,기획재정위원회,김태흠,김태흠,자유한국당,재선,지역구,남,Representative,0.74944812472639,0.0018150860535607546
박명재,0.0398898437800662,기획재정위원회,박명재,박명재,자유한국당,재선,지역구,남,Representative,0.5424317597732208,0.021637518158700176
서청원,0.0,기획재정위원회,서청원,서청원,자유한국당,8선,지역구,남,Representative,0.2133277142020287,0.0
이은재,0.0003234885962095,기획재정위원회,이은재,이은재,자유한국당,재선,지역구,여,Representative,0.0511753819484567,1.6554652466991244e-05
권성동,0.008938235433653,기획재정위원회,권성동,권성동,자유한국당,3선,지역구,남,Representative,0.4062466024090395,0.003631127776453619
임이자,0.0025182097790883,기획재정위원회,임이자,임이자,자유한국당,초선,비례대표,여,Representative,0.2625742813254558,0.0006612171229708452
정유섭,0.0010862708783977,기획재정위원회,정유섭,정유섭,자유한국당,초선,지역구,남,Representative,0.4080188775728643,0.0004432190245439189
홍철호,0.0064528043750696,기획재정위원회,홍철호,홍철호,자유한국당,재선,지역구,남,Representative,0.4481695399588016,0.002891950368219085
김선동,0.0026061453907781,기획재정위원회,김선동,김선동,자유한국당,재선,지역구,남,Representative,0.1938810024934638,0.000505282081007778
김재경,0.0003760022689096,기획재정위원회,김재경,김재경,자유한국당,4선,지역구,남,Representative,0.1491019221549866,5.606266102905752e-05
신상진,0.001597917785787,기획재정위원회,신상진,신상진,자유한국당,4선,지역구,남,Representative,0.5170961526344651,0.000826277139256641
김한정,0.0023850232398456,기획재정위원회,김한정,김한정,더불어민주당,초선,지역구,남,Representative,0.475581724187707,0.0011342734646335214
서삼석,0.0005166600755918,기획재정위원회,서삼석,서삼석,더불어민주당,초선,지역구,남,Representative,0.3135534965130757,0.00016200057321051888
심재권,0.0006981828009248,기획재정위원회,심재권,심재권,더불어민주당,3선,지역구,남,Representative,0.5028645163718454,0.00035109135652618996
윤준호,0.000697979791702,기획재정위원회,윤준호,윤준호,더불어민주당,초선,지역구,남,Representative,0.8409997210125054,0.0005870008100937487
이개호,0.0027129167730813,기획재정위원회,이개호,이개호,더불어민주당,재선,지역구,남,Representative,0.9076344805120292,0.0024623368060080163
이철규,0.0082410544855172,기획재정위원회,이철규,이철규,자유한국당,초선,지역구,남,Representative,0.4017209073035526,0.0033106038850599815
이종구,0.005234724300695,기획재정위원회,이종구,이종구,자유한국당,3선,지역구,남,Representative,0.5199034206107074,0.0027215510698853237
김정호,0.0016196121717684,기획재정위원회,김정호,김정호,더불어민주당,초선,지역구,남,Representative,0.2510534798158137,0.00040660927167450423
원혜영,0.0021871687558574,기획재정위원회,원혜영,원혜영,더불어민주당,5선,지역구,남,Representative,0.8199263539696501,0.0017933173035064936
고용진,0.0015771154427135,기획재정위원회,고용진,고용진,더불어민주당,초선,지역구,남,Representative,0.4239737881662508,0.0006686556086227363
송갑석,0.0021698314950665,기획재정위원회,송갑석,송갑석,더불어민주당,초선,지역구,남,Representative,0.1128634081839454,0.0002448945777180709
송옥주,0.0013375718251685,기획재정위원회,송옥주,송옥주,더불어민주당,초선,비례대표,여,Representative,0.5052940578089671,0.0006758670951503376
이상헌,0.0,기획재정위원회,이상헌,이상헌,더불어민주당,초선,지역구,남,Representative,0.7296652103979866,0.0
이혜훈,0.0026414628519529,기획재정위원회,이혜훈,이혜훈,자유한국당,3선,지역구,여,Representative,1.4755924567120928,0.003897722659026911
김성찬,0.0053391379318245,기획재정위원회,김성찬,김성찬,자유한국당,재선,지역구,남,Representative,0.6145298499661254,0.003281059632192559
유승민,0.0035471651213195,기획재정위원회,유승민,유승민,자유한국당,4선,지역구,남,Representative,1.0521010990735595,0.003731976322735642
김순례,0.0008319773737822,기획재정위원회,김순례,김순례,자유한국당,초선,비례대표,여,Representative,0.2162730117184349,0.00017993425230947044
김학용,0.0017708147981941,기획재정위원회,김학용,김학용,자유한국당,3선,지역구,남,Representative,0.3347518226262136,0.0005927834812289456
염동열,0.0011410913065496,기획재정위원회,염동열,염동열,자유한국당,재선,지역구,남,Representative,0.2114928291135159,0.00024133262869901315
이종명,0.0008022021990491,기획재정위원회,이종명,이종명,자유한국당,초선,비례대표,남,Representative,0.1302432569839321,0.00010448142716382739
강효상,0.0026920955116202,기획재정위원회,강효상,강효상,자유한국당,초선,비례대표,남,Representative,0.2888513821081876,0.0007776155092987432
김영우,0.0015361074999261,기획재정위원회,김영우,김영우,자유한국당,3선,지역구,남,Representative,0.6260518797021696,0.0009616829877533352
이양수,0.0013121125589839,기획재정위원회,이양수,이양수,자유한국당,초선,지역구,남,Representative,0.8099604387683925,0.001062759263988118
이장우,0.0006480165194824,기획재정위원회,이장우,이장우,자유한국당,재선,지역구,남,Representative,0.2676638759131752,0.0001734506132604248
정양석,0.0,기획재정위원회,정양석,정양석,자유한국당,재선,지역구,남,Representative,0.3859603071668061,0.0
정진석,0.0004240687978494,기획재정위원회,정진석,정진석,자유한국당,4선,지역구,남,Representative,0.2765017781360929,0.00011725577665739442
안상수,0.0033192818492858,기획재정위원회,안상수,안상수,자유한국당,3선,지역구,남,Representative,0.6645956077847494,0.002205980138034983
정은혜,0.0,기획재정위원회,정은혜,정은혜,더불어민주당,초선,비례대표,여,Representative,0.6448259909434018,0.0
조원진,0.0,기획재정위원회,조원진,조원진,자유한국당,3선,지역구,남,Representative,0.1561314852952748,0.0
강길부,0.0,기획재정위원회,강길부,강길부,자유한국당,4선,지역구,남,Representative,1.011544857155329,0.0
이용주,0.0,기획재정위원회,이용주,이용주,국민의당,초선,지역구,남,Representative,0.6566531230147329,0.0
김동철,0.0074623366423982,기획재정위원회,김동철,김동철,국민의당,4선,지역구,남,Representative,1.2078444006959184,0.009013341529628646
김관영,0.0170110001226874,기획재정위원회,김관영,김관영,국민의당,재선,지역구,남,Representative,1.1358758772529134,0.01932238468730697
김삼화,0.0056689969649761,기획재정위원회,김삼화,김삼화,국민의당,초선,비례대표,여,Representative,1.0477888116577914,0.0059399115932239335
임재훈,0.0001057016220383,기획재정위원회,임재훈,임재훈,국민의당,초선,비례대표,남,Representative,1.0830349246445592,0.00011447854825905791
천정배,0.0004968373140728,기획재정위원회,천정배,천정배,국민의당,6선,지역구,남,Representative,0.9572737450190898,0.00047560931630769493
김영춘,0.0125040805756396,기획재정위원회,김영춘,김영춘,더불어민주당,3선,지역구,남,Representative,0.6816995899942737,0.008524026601668877
강창일,0.0042618065514285,기획재정위원회,강창일,강창일,더불어민주당,4선,지역구,남,Representative,0.8418881333730888,0.0035879643623793404
김부겸,0.0009631389949971,기획재정위원회,김부겸,김부겸,더불어민주당,4선,지역구,남,Representative,0.8571509059437675,0.000825555462111534
김종민,0.0131397813108031,기획재정위원회,김종민,김종민,더불어민주당,초선,지역구,남,Representative,0.5934295202694789,0.007797534119715749
유동수,0.003806259869231,기획재정위원회,유동수,유동수,더불어민주당,초선,지역구,남,Representative,0.8688043750278167,0.003306895226880698
인재근,0.0010303202400752,기획재정위원회,인재근,인재근,더불어민주당,재선,지역구,여,Representative,0.4706617600587874,0.00048493233761798607
강석호,0.0041648407338163,기획재정위원회,강석호,강석호,자유한국당,3선,지역구,남,Representative,0.4559473254820344,0.0018989479936421755
김수민,0.0032367642323137,기획재정위원회,김수민,김수민,국민의당,초선,비례대표,여,Representative,1.362224448997969,0.004409199372899864
도종환,0.0003167167183559,기획재정위원회,도종환,도종환,더불어민주당,재선,지역구,남,Representative,0.5493526775829224,0.00017398917726408995
김태년,0.0014900298713984,기획재정위원회,김태년,김태년,더불어민주당,3선,지역구,남,Representative,0.3475258712280392,0.0005178239292135321
김현권,0.0,기획재정위원회,김현권,김현권,더불어민주당,초선,비례대표,남,Representative,0.6106213595945515,0.0
박재호,0.0015736830187927,기획재정위원회,박재호,박재호,더불어민주당,초선,지역구,남,Representative,0.2524296630381502,0.00039724427416270024
최인호,0.0023163444940577,기획재정위원회,최인호,최인호,더불어민주당,초선,지역구,남,Representative,0.1459769861531162,0.00033813298813490777
최재성,0.0002787211911909,기획재정위원회,최재성,최재성,더불어민주당,4선,지역구,남,Representative,0.0631784868170286,1.760918310328078e-05
박경미,0.0039068444082652,기획재정위원회,박경미,박경미,더불어민주당,초선,비례대표,여,Representative,0.5361234903354704,0.0020945510603567544
여영국,0.0,기획재정위원회,여영국,여영국,정의당,초선,지역구,남,Representative,1.4694207601469056,0.0
전현희,0.0011699805959187,기획재정위원회,전현희,전현희,더불어민주당,재선,지역구,여,Representative,0.2186320857698749,0.00025579529799598657
정세균,0.0055467766866326,기획재정위원회,정세균,정세균,더불어민주당,6선,지역구,남,Representative,0.8298975517248326,0.004603256392200774
정운천,0.0050329052275229,기획재정위원회,정운천,정운천,자유한국당,초선,지역구,남,Representative,1.205596444443113,0.006067652647520765
전혜숙,0.002518434262788,기획재정위원회,전혜숙,전혜숙,더불어민주당,재선,지역구,여,Representative,0.717807959122133,0.001807752158355108
민홍철,0.0087602229575021,기획재정위원회,민홍철,민홍철,더불어민주당,재선,지역구,남,Representative,0.9609964146420744,0.008418542853624707
윤상직,0.0,기획재정위원회,윤상직,윤상직,자유한국당,초선,지역구,남,Representative,0.3535025828741088,0.0
이상돈,0.0019460597758314,기획재정위원회,이상돈,이상돈,국민의당,초선,비례대표,남,Representative,1.606671771644464,0.003126679307761064
설훈,0.0025721527673395,기획재정위원회,설훈,설훈,더불어민주당,4선,지역구,남,Representative,0.2947522077855856,0.0007581477069351213
이정미,0.0007116328999785,기획재정위원회,이정미,이정미,정의당,초선,비례대표,여,Representative,1.419781284660404,0.0010103630729380835
이철희,0.0026846812546949,기획재정위원회,이철희,이철희,더불어민주당,초선,비례대표,남,Representative,0.8472933004468098,0.0022747124409381245
김종석,0.0005172698663608,기획재정위원회,김종석,김종석,자유한국당,초선,비례대표,남,Representative,0.1902354048834826,9.840304246117173e-05
박순자,0.0,기획재정위원회,박순자,박순자,자유한국당,3선,지역구,여,Representative,0.4713721881542825,0.0
박완수,0.0013808732788558,기획재정위원회,박완수,박완수,자유한국당,초선,지역구,남,Representative,0.320674965976727,0.0004428114917152551
이태규,0.0021939710621248,기획재정위원회,이태규,이태규,국민의당,초선,비례대표,남,Representative,1.2563599016081857,0.0027564172677423202
김성수,0.0004419840215082,기획재정위원회,김성수,김성수,더불어민주당,초선,비례대표,남,Representative,0.6300024830232042,0.0002784510310067473
안민석,0.0008959260480432,기획재정위원회,안민석,안민석,더불어민주당,4선,지역구,남,Representative,0.6831934548821521,0.0006120908120815468
우상호,0.0002011508626096,기획재정위원회,우상호,우상호,더불어민주당,3선,지역구,남,Representative,0.950393725091267,0.0001911725176208594
금태섭,0.0003057212804234,기획재정위원회,금태섭,금태섭,더불어민주당,초선,지역구,남,Representative,0.4645794902283139,0.00014203183661105057
곽상도,0.0010634765258134,기획재정위원회,곽상도,곽상도,자유한국당,초선,지역구,남,Representative,0.1797207201934033,0.0001911287671279627
김진태,0.0001309815541486,기획재정위원회,김진태,김진태,자유한국당,재선,지역구,남,Representative,0.0487572040542768,6.386294362969596e-06
윤재옥,0.0012135041981889,기획재정위원회,윤재옥,윤재옥,자유한국당,재선,지역구,남,Representative,0.1344948665442003,0.00016321008518624288
김성식,0.0075167892626662,기획재정위원회,김성식,김성식,국민의당,재선,지역구,남,Representative,1.2630624263755816,0.00949417408465709
엄용수,0.0103712087539175,기획재정위원회,엄용수,엄용수,자유한국당,초선,지역구,남,Representative,0.3660271027599738,0.0037961434923153006
정용기,0.0001668351326227,기획재정위원회,정용기,정용기,자유한국당,재선,지역구,남,Representative,0.1798568900906483,3.0006448111379692e-05
홍일표,0.0083033419020931,기획재정위원회,홍일표,홍일표,자유한국당,3선,지역구,남,Representative,0.7569146892318556,0.006284921455408644
이재정,0.0001845634261777,기획재정위원회,이재정,이재정,더불어민주당,초선,비례대표,여,Representative,0.1297805327369249,2.3952739773094017e-05
변재일,0.0027132528001027,기획재정위원회,변재일,변재일,더불어민주당,4선,지역구,남,Representative,0.629493870938658,0.0017079760079718015
이석현,0.0,기획재정위원회,이석현,이석현,더불어민주당,6선,지역구,남,Representative,0.4261848158879266,0.0
민경욱,0.000721006886456,기획재정위원회,민경욱,민경욱,자유한국당,초선,지역구,남,Representative,0.073326278826337,5.2868751991981755e-05
윤한홍,0.0014779256082469,기획재정위원회,윤한홍,윤한홍,자유한국당,초선,지역구,남,Representative,0.2622782919078764,0.0003876278040979062
김규환,0.0020352260070468,기획재정위원회,김규환,김규환,자유한국당,초선,비례대표,남,Representative,0.4770049822009083,0.0009708129452661845
송석준,0.0052911593321832,기획재정위원회,송석준,송석준,자유한국당,초선,지역구,남,Representative,0.8824103424051088,0.004668973718031765
이진복,0.0004491653769225,기획재정위원회,이진복,이진복,자유한국당,3선,지역구,남,Representative,0.219085789524194,9.84057512299981e-05
최도자,0.0034326821173709,기획재정위원회,최도자,최도자,국민의당,초선,비례대표,여,Representative,1.2596089727347155,0.004323837195586388
이명수,0.0206227107706714,기획재정위원회,이명수,이명수,자유한국당,3선,지역구,남,Representative,0.3282274440638352,0.006768939645925199
여상규,0.0,기획재정위원회,여상규,여상규,자유한국당,3선,지역구,남,Representative,0.179755435767015,0.0
유기준,0.0010461154708889,기획재정위원회,유기준,유기준,자유한국당,4선,지역구,남,Representative,0.2633017533080311,0.00027544403764770387
유재중,0.0048175982037465,기획재정위원회,유재중,유재중,자유한국당,3선,지역구,남,Representative,0.4969856333113908,0.002394277094328773
윤상현,0.0002730310256802,기획재정위원회,윤상현,윤상현,자유한국당,3선,지역구,남,Representative,0.2001655767502632,5.4651412725993155e-05
이주영,0.0019018318402818,기획재정위원회,이주영,이주영,자유한국당,5선,지역구,남,Representative,0.5651882414157886,0.0010748929932774235
김도읍,0.0036258201825116,기획재정위원회,김도읍,김도읍,자유한국당,재선,지역구,남,Representative,0.0786043622449074,0.00028500528306103806
홍익표,0.0003888368965104,기획재정위원회,홍익표,홍익표,더불어민주당,재선,지역구,남,Representative,0.1975395629671791,7.681067060217865e-05
노웅래,0.0109714317643063,기획재정위원회,노웅래,노웅래,더불어민주당,3선,지역구,남,Representative,0.7159401864066474,0.007854888902485264
권미혁,0.0032193628631653,기획재정위원회,권미혁,권미혁,더불어민주당,초선,지역구,여,Representative,0.4592713852034786,0.0014785612416385642
서형수,0.0033669356142461,기획재정위원회,서형수,서형수,더불어민주당,초선,지역구,남,Representative,0.5046603090328576,0.001699158767579171
소병훈,0.0029241800980872,기획재정위원회,소병훈,소병훈,더불어민주당,초선,지역구,남,Representative,0.5375988645747761,0.0015720359005438362
이은권,0.0063084414874112,기획재정위원회,이은권,이은권,자유한국당,초선,지역구,남,Representative,0.2381916954337352,0.001502618373430988
채이배,0.006313661876602,기획재정위원회,채이배,채이배,국민의당,초선,비례대표,남,Representative,1.231055717778328,0.00777246955330994
진선미,0.0004450637832677,기획재정위원회,진선미,진선미,더불어민주당,재선,지역구,여,Representative,0.7038169878391717,0.00031324345133577853
김병관,0.0,기획재정위원회,김병관,김병관,더불어민주당,초선,지역구,남,Representative,0.4357562473746135,0.0
조응천,0.0001094135439044,기획재정위원회,조응천,조응천,더불어민주당,초선,지역구,남,Representative,0.3625277926369529,3.9665450556248466e-05
어기구,0.0051986436619612,기획재정위원회,어기구,어기구,더불어민주당,초선,지역구,남,Representative,0.386064465691427,0.002007011587675174
박선숙,0.0023514794370044,기획재정위원회,박선숙,박선숙,국민의당,재선,비례대표,여,Representative,1.2142537538570304,0.0028552927335002095
윤소하,0.0021175842040568,기획재정위원회,윤소하,윤소하,정의당,초선,비례대표,남,Representative,1.501385577848504,0.0031793103838506833
이규희,0.0001398023039087,기획재정위원회,이규희,이규희,더불어민주당,초선,지역구,남,Representative,0.3036400552435822,4.244957928201773e-05
정춘숙,0.0014783274236371,기획재정위원회,정춘숙,정춘숙,더불어민주당,초선,비례대표,여,Representative,0.6218718977568765,0.0009193302804432372
이학영,0.0003601468010859,기획재정위원회,이학영,이학영,더불어민주당,재선,지역구,남,Representative,0.3212334061727276,0.00011569118363503546
박완주,0.0005409510749002,기획재정위원회,박완주,박완주,더불어민주당,재선,지역구,남,Representative,0.7029909046961353,0.00038028368554043847
홍의락,0.0057712267001111,기획재정위원회,홍의락,홍의락,더불어민주당,재선,지역구,남,Representative,0.5274233799288646,0.003043879892508304
백승주,0.0006454471741798,기획재정위원회,백승주,백승주,자유한국당,초선,지역구,남,Representative,0.1747219249951915,0.00011277377275540132
황영철,0.0007270585293238,기획재정위원회,황영철,황영철,자유한국당,3선,지역구,남,Representative,0.3717335455385492,0.0002702720449195794
김재원,0.0003617760812746,기획재정위원회,김재원,김재원,자유한국당,3선,지역구,남,Representative,0.215473832424108,7.795327871161365e-05
유민봉,0.0,기획재정위원회,유민봉,유민봉,자유한국당,초선,비례대표,남,Representative,0.2816932534582966,0.0
한선교,0.0005030683427434,기획재정위원회,한선교,한선교,자유한국당,4선,지역구,남,Representative,0.1186880320068769,5.970819156517518e-05
박용진,0.0016585795737942,기획재정위원회,박용진,박용진,더불어민주당,초선,지역구,남,Representative,0.6153148674123682,0.0010205486705420403
이용호,0.0005443405973786,기획재정위원회,이용호,이용호,국민의당,초선,지역구,남,Representative,0.9837359713108262,0.0005354874262861524
이채익,0.0,기획재정위원회,이채익,이채익,자유한국당,재선,지역구,남,Representative,0.415602928743905,0.0
백재현,0.0029349090151278,기획재정위원회,백재현,백재현,더불어민주당,3선,지역구,남,Representative,0.5536257649582159,0.0016248412485828923
안규백,0.0037723008993916,기획재정위원회,안규백,안규백,더불어민주당,3선,지역구,남,Representative,0.6009595071079386,0.002267000089161209
이인영,0.0015930260813557,기획재정위원회,이인영,이인영,더불어민주당,3선,지역구,남,Representative,0.1211476890856317,0.00019299142840938256
김성환,1.398617884774658e-05,기획재정위원회,김성환,김성환,더불어민주당,초선,지역구,남,Representative,0.4284341213691399,5.992156245945956e-06
김진표,0.0089067104335577,기획재정위원회,김진표,김진표,더불어민주당,4선,지역구,남,Representative,0.9058736267791744,0.008068354083118826
김현미,0.0038095091965431,기획재정위원회,김현미,김현미,더불어민주당,3선,지역구,여,Representative,0.5372955133516878,0.0020468321993746008
민병두,0.002524121901799,기획재정위원회,민병두,민병두,더불어민주당,3선,지역구,남,Representative,0.4585025107011514,0.0011573162292906065
박광온,0.0067356083806456,기획재정위원회,박광온,박광온,더불어민주당,재선,지역구,남,Representative,0.2036686067716271,0.0013718319746453846
박범계,0.000456340123639,기획재정위원회,박범계,박범계,더불어민주당,재선,지역구,남,Representative,0.5376962952563203,0.00024537239385750146
박병석,0.000402640209227,기획재정위원회,박병석,박병석,더불어민주당,5선,지역구,남,Representative,0.4701074306076837,0.00018928415421904513
박영선,0.0017744328258848,기획재정위원회,박영선,박영선,더불어민주당,4선,지역구,여,Representative,0.4472601336192084,0.0007936330628035452
박주민,0.0039551450734625,기획재정위원회,박주민,박주민,더불어민주당,초선,지역구,남,Representative,0.6441785729603295,0.002547819709274151
송기헌,0.0033802234832131,기획재정위원회,송기헌,송기헌,더불어민주당,초선,지역구,남,Representative,0.3192665277817301,0.0010791922146117117
유은혜,0.0008622187277016,기획재정위원회,유은혜,유은혜,더불어민주당,재선,지역구,여,Representative,0.4014353783153699,0.0003461251011454887
이상민,0.0013874405346983,기획재정위원회,이상민,이상민,더불어민주당,4선,지역구,남,Representative,0.6302132597162741,0.0008743834220347059
이해찬,0.0006484745827018,기획재정위원회,이해찬,이해찬,더불어민주당,7선,지역구,남,Representative,0.3925330774809683,0.00025454772361612426
이후삼,0.0,기획재정위원회,이후삼,이후삼,더불어민주당,초선,지역구,남,Representative,0.0401066425951788,0.0
이훈,0.0017391492811565,기획재정위원회,이훈,이훈,더불어민주당,초선,지역구,남,Representative,0.4457924997779086,0.0007752997055337088
전해철,0.000259820214861,기획재정위원회,전해철,전해철,더불어민주당,재선,지역구,남,Representative,0.1604451590533877,4.1686895698658506e-05
제윤경,0.0013935684485012,기획재정위원회,제윤경,제윤경,더불어민주당,초선,비례대표,여,Representative,0.2928274618467911,0.00040807511168437696
진영,0.0,기획재정위원회,진영,진영,더불어민주당,4선,지역구,남,Representative,0.930618422605128,0.0
최운열,0.0034391013174086,기획재정위원회,최운열,최운열,더불어민주당,초선,비례대표,남,Representative,0.459943821659768,0.0015817934030040541
추미애,0.0019257386307871,기획재정위원회,추미애,추미애,더불어민주당,5선,지역구,여,Representative,0.2576812972041676,0.0004962268284573975
표창원,0.0,기획재정위원회,표창원,표창원,더불어민주당,초선,지역구,남,Representative,0.4432466247795722,0.0
황희,0.0011856906695002,기획재정위원회,황희,황희,더불어민주당,초선,지역구,남,Representative,0.2691269447247251,0.0003191013072712026
경대수,0.0013526351433488,기획재정위원회,경대수,경대수,자유한국당,재선,지역구,남,Representative,0.635460965905347,0.0008595468347099459
함진규,0.0034617997852758,기획재정위원회,함진규,함진규,자유한국당,재선,지역구,남,Representative,0.2078582495326021,0.0007195636435997656
이헌승,0.0,기획재정위원회,이헌승,이헌승,자유한국당,재선,지역구,남,Representative,0.1422055697125377,0.0
홍문종,0.0,기획재정위원회,홍문종,홍문종,자유한국당,4선,지역구,남,Representative,0.1754129276773165,0.0
이언주,0.0103670898377439,기획재정위원회,이언주,이언주,더불어민주당,재선,지역구,여,Representative,1.5238762330035724,0.01579816180915079
신보라,0.0008738018005475,기획재정위원회,신보라,신보라,자유한국당,초선,비례대표,여,Representative,0.2403514969713895,0.00021001957081788714
장제원,0.0005692917383081,기획재정위원회,장제원,장제원,자유한국당,재선,지역구,남,Representative,0.5900030223326368,0.00033588384619077954
정우택,0.0006288868812911,기획재정위원회,정우택,정우택,자유한국당,4선,지역구,남,Representative,0.5140939839979815,0.0003233069622870072
지상욱,0.0004914746082421,기획재정위원회,지상욱,지상욱,자유한국당,초선,지역구,남,Representative,0.7380939530534976,0.00036275443642283067
이수혁,0.0,기획재정위원회,이수혁,이수혁,더불어민주당,초선,비례대표,남,Representative,0.3510840296934358,0.0
김종훈,0.0005898862634967,기획재정위원회,김종훈,김종훈,더불어민주당,초선,지역구,남,Representative,1.5948540798459616,0.000940782513982802
추혜선,0.0011782535208369,기획재정위원회,추혜선,추혜선,정의당,초선,비례대표,여,Representative,1.4776255797827655,0.0017410175418577092
신용현,0.0015977719990317,기획재정위원회,신용현,신용현,국민의당,초선,지역구,여,Representative,0.9729453901363904,0.0015545449009468977
오신환,0.0003583436217978,기획재정위원회,오신환,오신환,자유한국당,재선,지역구,남,Representative,1.0828612536923172,0.0003880364235526113
박맹우,0.0045859858511671,기획재정위원회,박맹우,박맹우,자유한국당,재선,지역구,남,Representative,0.2150211852210185,0.0009860841131247712
강석진,0.0,기획재정위원회,강석진,강석진,자유한국당,초선,지역구,남,Representative,0.6089939732328231,0.0
심상정,0.0011583488454609,기획재정위원회,심상정,심상정,정의당,3선,지역구,여,Representative,1.4101172974735254,0.0016334077434929028
손혜원,0.000314789840074,기획재정위원회,손혜원,손혜원,더불어민주당,초선,지역구,여,Representative,0.8635365284530971,0.0002718325256898076
권은희,0.0010374426553386,기획재정위원회,권은희,권은희,국민의당,재선,지역구,여,Representative,0.9101311635551772,0.0009442088910250927
박주선,0.0002479114956803,기획재정위원회,박주선,박주선,국민의당,4선,지역구,남,Representative,1.0117643014135882,0.0002508280012393765
김중로,0.0,기획재정위원회,김중로,김중로,국민의당,초선,비례대표,남,Representative,1.0195617327999331,0.0
정점식,0.0,기획재정위원회,정점식,정점식,자유한국당,초선,지역구,남,Representative,-0.0,-0.0
이완영,0.0022774392542533,기획재정위원회,이완영,이완영,자유한국당,재선,지역구,남,Representative,0.3571997154092039,0.0008135006534810283
김정훈,0.0,기획재정위원회,김정훈,김정훈,자유한국당,4선,지역구,남,Representative,0.260541039338365,0.0
박대출,0.0005272706274335,기획재정위원회,박대출,박대출,자유한국당,재선,지역구,남,Representative,0.1666888897701005,8.789015549527441e-05
전희경,0.0001003609817704,기획재정위원회,전희경,전희경,자유한국당,초선,비례대표,여,Representative,0.0178870009551029,1.7951569767822095e-06
손금주,0.0011873593558731,기획재정위원회,손금주,손금주,국민의당,초선,지역구,남,Representative,1.3417577348471896,0.0015931485997859086
이정현,0.0001565603387728,기획재정위원회,이정현,이정현,자유한국당,3선,지역구,남,Representative,0.583583007550223,9.13659533641124e-05
나경원,0.0008452725645222,기획재정위원회,나경원,나경원,자유한국당,4선,지역구,여,Representative,0.4570003286366014,0.0003862898397741483
문희상,0.0018920036775323,기획재정위원회,문희상,문희상,더불어민주당,6선,지역구,남,Representative,0.6351751444405559,0.0012017537091586416
오세정,0.0005893802621907,기획재정위원회,오세정,오세정,국민의당,초선,비례대표,남,Representative,1.1278834176360886,0.0006647522244069006
김종대,0.0,기획재정위원회,김종대,김종대,정의당,초선,비례대표,남,Representative,1.4582975228087227,0.0
이군현,0.0,기획재정위원회,이군현,이군현,자유한국당,4선,지역구,남,Representative,0.5199038049730397,0.0
권석창,0.0008135848944564,기획재정위원회,권석창,권석창,자유한국당,초선,지역구,남,Representative,0.2295248300116327,0.00018673793460013735
이우현,0.0024797317114289,기획재정위원회,이우현,이우현,자유한국당,재선,지역구,남,Representative,0.2335736215615007,0.0005791999163393463
노회찬,0.0002723910577921,기획재정위원회,노회찬,노회찬,정의당,3선,지역구,남,Representative,1.280547886443722,0.00034880979334184345
박찬우,0.0010999657177078,기획재정위원회,박찬우,박찬우,자유한국당,초선,지역구,남,Representative,0.453230298468986,0.0004985377905423585
양승조,0.0002687707327144,기획재정위원회,양승조,양승조,더불어민주당,4선,지역구,남,Representative,0.7857133708245717,0.0002111767583800212
김경수,0.000507721504242,기획재정위원회,김경수,김경수,더불어민주당,초선,지역구,남,Representative,0.2933099446985726,0.0001489197663314971
박남춘,0.0013011665539572,기획재정위원회,박남춘,박남춘,더불어민주당,재선,지역구,남,Representative,0.4605735800336737,0.0005992829379761459
박준영,0.0019755073897223,기획재정위원회,박준영,박준영,국민의당,초선,지역구,남,Representative,0.8806716279052433,0.0017397733088455759
송기석,0.0,기획재정위원회,송기석,송기석,국민의당,초선,지역구,남,Representative,0.7845483731860012,0.0
이철우,0.0001615881628882,기획재정위원회,이철우,이철우,자유한국당,3선,지역구,남,Representative,0.2619402628325249,4.232644585755996e-05
최명길,0.0,기획재정위원회,최명길,최명길,더불어민주당,초선,지역구,남,Representative,0.6829154638268365,0.0
윤종오,0.0,기획재정위원회,윤종오,윤종오,더불어민주당,초선,지역구,남,Representative,1.1947717620134848,0.0
배덕광,0.001390701537859,기획재정위원회,배덕광,배덕광,자유한국당,재선,지역구,남,Representative,0.1475526412690407,0.00020520168512801223
문미옥,0.0002247871318717,기획재정위원회,문미옥,문미옥,더불어민주당,초선,비례대표,여,Representative,0.3542828873224695,7.963823411244258e-05
안철수,9.938382495827965e-05,기획재정위원회,안철수,안철수,국민의당,재선,지역구,남,Representative,0.3712323266408756,3.689448856973167e-05
김종태,0.0,기획재정위원회,김종태,김종태,자유한국당,재선,지역구,남,Representative,0.4863851342735198,0.0
김종인,0.0,기획재정위원회,김종인,김종인,더불어민주당,5선,비례대표,남,Representative,0.5695817734956851,0.0
채이배,0.0178118673332299,정무위원회,채이배,채이배,국민의당,초선,비례대표,남,Representative,1.231055717778328,0.021927401124881687
김관영,0.0224672220507688,정무위원회,김관영,김관영,국민의당,재선,지역구,남,Representative,1.1358758772529134,0.025519975556353013
김동철,0.003255415689565,정무위원회,김동철,김동철,국민의당,4선,지역구,남,Representative,1.2078444006959184,0.003932035612578727
김종훈,0.0,정무위원회,김종훈,김종훈,더불어민주당,초선,지역구,남,Representative,1.5948540798459616,0.0
박선숙,0.0063818530709291,정무위원회,박선숙,박선숙,국민의당,재선,비례대표,여,Representative,1.2142537538570304,0.007749189047939677
박찬대,0.012873281086034,정무위원회,박찬대,박찬대,더불어민주당,초선,지역구,남,Representative,0.6056175521921311,0.00779628498000517
이용득,0.0012961341987276,정무위원회,이용득,이용득,더불어민주당,초선,비례대표,남,Representative,0.4820345550834095,0.0006247814718120501
이철희,0.0053936873442752,정무위원회,이철희,이철희,더불어민주당,초선,비례대표,남,Representative,0.8472933004468098,0.004570035151509123
정인화,0.0067716143332341,정무위원회,정인화,정인화,국민의당,초선,지역구,남,Representative,1.152650910093734,0.0078053074240060595
추혜선,0.0139874354607775,정무위원회,추혜선,추혜선,정의당,초선,비례대표,여,Representative,1.4776255797827655,0.02066819243240537
이학영,0.0160125753846132,정무위원회,이학영,이학영,더불어민주당,재선,지역구,남,Representative,0.3212334061727276,0.005143774132396872
김현권,0.0010496069670539,정무위원회,김현권,김현권,더불어민주당,초선,비례대표,남,Representative,0.6106213595945515,0.0006409124332623662
남인순,0.0016989501660843,정무위원회,남인순,남인순,더불어민주당,재선,지역구,여,Representative,0.6462902314628618,0.0010980148960824897
송영길,0.0013289640421283,정무위원회,송영길,송영길,더불어민주당,4선,지역구,남,Representative,0.4968450830667373,0.0006602892499039422
우원식,0.0073841497579082,정무위원회,우원식,우원식,더불어민주당,3선,지역구,남,Representative,0.2682558233303833,0.0019808411729025145
유동수,0.0222979553542721,정무위원회,유동수,유동수,더불어민주당,초선,지역구,남,Representative,0.8688043750278167,0.01937256116596653
윤관석,0.0072111525908741,정무위원회,윤관석,윤관석,더불어민주당,재선,지역구,남,Representative,0.3522558143466113,0.002540170428276032
윤호중,0.0010466967502648,정무위원회,윤호중,윤호중,더불어민주당,3선,지역구,남,Representative,0.3826215742444835,0.00040048875834290275
이춘석,0.0040786547530995,정무위원회,이춘석,이춘석,더불어민주당,3선,지역구,남,Representative,0.5338027552115759,0.0021771971447613033
조정식,0.0015345998757886,정무위원회,조정식,조정식,더불어민주당,4선,지역구,남,Representative,0.657600712329438,0.0010091539714592503
최운열,0.0219787006666285,정무위원회,최운열,최운열,더불어민주당,초선,비례대표,남,Representative,0.459943821659768,0.010108967579725202
허윤정,0.0,정무위원회,허윤정,허윤정,더불어민주당,초선,비례대표,여,Representative,-0.0,-0.0
홍의락,0.0024164134625614,정무위원회,홍의락,홍의락,더불어민주당,재선,지역구,남,Representative,0.5274233799288646,0.0012744729557297443
강훈식,0.0,정무위원회,강훈식,강훈식,더불어민주당,초선,지역구,남,Representative,0.371852456351433,0.0
기동민,0.0,정무위원회,기동민,기동민,더불어민주당,초선,지역구,남,Representative,0.1406386680233549,0.0
김민기,0.0009465227129403,정무위원회,김민기,김민기,더불어민주당,재선,지역구,남,Representative,0.1891638569535047,0.00017904788707388212
김부겸,0.0,정무위원회,김부겸,김부겸,더불어민주당,4선,지역구,남,Representative,0.8571509059437675,0.0
김성환,0.0,정무위원회,김성환,김성환,더불어민주당,초선,지역구,남,Representative,0.4284341213691399,0.0
박광온,0.0032825907059729,정무위원회,박광온,박광온,더불어민주당,재선,지역구,남,Representative,0.2036686067716271,0.0006685606756869924
송갑석,0.0016845849828335,정무위원회,송갑석,송갑석,더불어민주당,초선,지역구,남,Representative,0.1128634081839454,0.00019012800253808196
이원욱,0.0044683593757713,정무위원회,이원욱,이원욱,더불어민주당,재선,지역구,남,Representative,0.3714494969930796,0.0016597698425145607
정은혜,0.0,정무위원회,정은혜,정은혜,더불어민주당,초선,비례대표,여,Representative,0.6448259909434018,0.0
전해철,0.0039739621531326,정무위원회,전해철,전해철,더불어민주당,재선,지역구,남,Representative,0.1604451590533877,0.0006376029897315029
김영주,0.0040665366676994,정무위원회,김영주,김영주,더불어민주당,3선,지역구,여,Representative,0.5066585031839548,0.0020603453811992452
김진표,0.0,정무위원회,김진표,김진표,더불어민주당,4선,지역구,남,Representative,0.9058736267791744,0.0
맹성규,0.0004415512072015,정무위원회,맹성규,맹성규,더불어민주당,초선,지역구,남,Representative,0.302559084695415,0.00013359532909704136
민병두,0.0113412256651924,정무위원회,민병두,민병두,더불어민주당,3선,지역구,남,Representative,0.4585025107011514,0.005199980441919051
정재호,0.0037632410842178,정무위원회,정재호,정재호,더불어민주당,초선,지역구,남,Representative,0.2574447104853001,0.0009688265114128383
최인호,0.0016728329937805,정무위원회,최인호,최인호,더불어민주당,초선,지역구,남,Representative,0.1459769861531162,0.0002441951187695719
제윤경,0.0076704757755554,정무위원회,제윤경,제윤경,더불어민주당,초선,비례대표,여,Representative,0.2928274618467911,0.002246125952513184
서형수,0.0031656602595036,정무위원회,서형수,서형수,더불어민주당,초선,지역구,남,Representative,0.5046603090328576,0.001597583084854123
신동근,0.0007595057374973,정무위원회,신동근,신동근,더불어민주당,초선,지역구,남,Representative,0.4356644688754545,0.0003308896637346216
윤일규,0.0006491470825665,정무위원회,윤일규,윤일규,더불어민주당,초선,지역구,남,Representative,0.2463711717270404,0.00015993112735509843
전재수,0.0086510114050396,정무위원회,전재수,전재수,더불어민주당,초선,지역구,남,Representative,0.2424661719200068,0.0020975776186162713
주호영,0.0011109415709315,정무위원회,주호영,주호영,자유한국당,4선,지역구,남,Representative,0.3195534977330795,0.0003550052647682429
강석호,0.0004361387260444,정무위원회,강석호,강석호,자유한국당,3선,지역구,남,Representative,0.4559473254820344,0.00019885628567908588
곽대훈,0.0020378767931374,정무위원회,곽대훈,곽대훈,자유한국당,초선,지역구,남,Representative,0.1312626090957611,0.0002674970248829177
김광림,0.0111714987056379,정무위원회,김광림,김광림,자유한국당,3선,지역구,남,Representative,0.2439500943098557,0.0027252881628227967
김도읍,0.012089492641131,정무위원회,김도읍,김도읍,자유한국당,재선,지역구,남,Representative,0.0786043622449074,0.0009502868589206033
김무성,0.0,정무위원회,김무성,김무성,자유한국당,6선,지역구,남,Representative,0.2993921614051784,0.0
김상훈,0.0104476923126137,정무위원회,김상훈,김상훈,자유한국당,재선,지역구,남,Representative,0.1847431044523968,0.001930139112195696
이진복,0.0088070093751624,정무위원회,이진복,이진복,자유한국당,3선,지역구,남,Representative,0.219085789524194,0.001929490602304433
정태옥,0.0163560365767854,정무위원회,정태옥,정태옥,자유한국당,초선,지역구,남,Representative,0.3062475812524373,0.005008996640516923
추경호,0.0013055014914972,정무위원회,추경호,추경호,자유한국당,초선,지역구,남,Representative,0.1387872488569416,0.00018118696038353033
김상희,0.0008397260569631,정무위원회,김상희,김상희,더불어민주당,3선,지역구,여,Representative,0.549508602610133,0.00046143669213711
김정호,0.0001155380714485,정무위원회,김정호,김정호,더불어민주당,초선,지역구,남,Representative,0.2510534798158137,2.900623488835404e-05
김태년,0.0001348820638156,정무위원회,김태년,김태년,더불어민주당,3선,지역구,남,Representative,0.3475258712280392,4.687500674055237e-05
박홍근,0.0052151876462087,정무위원회,박홍근,박홍근,더불어민주당,재선,지역구,남,Representative,0.4380480284960645,0.002284502666658752
심기준,0.0016833728719189,정무위원회,심기준,심기준,더불어민주당,초선,비례대표,남,Representative,0.3265883675668164,0.0005497699982462571
김세연,0.0018615708406933,정무위원회,김세연,김세연,자유한국당,3선,지역구,남,Representative,1.016616967853162,0.0018925045035094845
김석기,0.0014407242585779,정무위원회,김석기,김석기,자유한국당,초선,지역구,남,Representative,0.3618426593527747,0.000521315497117882
박인숙,0.0027721207086989,정무위원회,박인숙,박인숙,자유한국당,재선,지역구,여,Representative,0.5061732872045339,0.0014031734516498843
염동열,0.0004692488742174,정무위원회,염동열,염동열,자유한국당,재선,지역구,남,Representative,0.2114928291135159,9.92427719665703e-05
유승민,0.0027018809251116,정무위원회,유승민,유승민,자유한국당,4선,지역구,남,Representative,1.0521010990735595,0.0028426518908758
이동섭,0.0047249189092936,정무위원회,이동섭,이동섭,국민의당,초선,비례대표,남,Representative,1.3011529436280886,0.006147842147231386
이학재,0.0,정무위원회,이학재,이학재,자유한국당,3선,지역구,남,Representative,1.0008889465537203,0.0
이헌승,0.00061675097137,정무위원회,이헌승,이헌승,자유한국당,재선,지역구,남,Representative,0.1422055697125377,8.770542325443187e-05
황주홍,0.030753633123115,정무위원회,황주홍,황주홍,국민의당,재선,지역구,남,Representative,1.2962987186817088,0.039865895212301335
김광수,0.002337051874674,정무위원회,김광수,김광수,국민의당,초선,지역구,남,Representative,0.7050580980902613,0.0016477573498959303
김수민,0.0050461207397878,정무위원회,김수민,김수민,국민의당,초선,비례대표,여,Representative,1.362224448997969,0.006873949044334659
김종회,0.0032901282424382,정무위원회,김종회,김종회,국민의당,초선,지역구,남,Representative,1.05317158253419,0.0034650695678290723
원혜영,0.0055185624771594,정무위원회,원혜영,원혜영,더불어민주당,5선,지역구,남,Representative,0.8199263539696501,0.004524814811051027
이용호,0.0017634180460427,정무위원회,이용호,이용호,국민의당,초선,지역구,남,Representative,0.9837359713108262,0.0017347377643508546
주승용,0.0015473868953277,정무위원회,주승용,주승용,국민의당,4선,지역구,남,Representative,1.1127518815412194,0.0017218576792481241
원유철,0.0048474797691806,정무위원회,원유철,원유철,자유한국당,5선,지역구,남,Representative,0.4771525237688151,0.002312987205782797
김명연,0.0,정무위원회,김명연,김명연,자유한국당,재선,지역구,남,Representative,0.1923901370296166,0.0
박덕흠,0.0051861174015371,정무위원회,박덕흠,박덕흠,자유한국당,재선,지역구,남,Representative,0.3783016007215079,0.0019619165145311522
서청원,0.0,정무위원회,서청원,서청원,자유한국당,8선,지역구,남,Representative,0.2133277142020287,0.0
송희경,0.0189386654742661,정무위원회,송희경,송희경,자유한국당,초선,비례대표,여,Representative,0.6136147509492222,0.011621044498302426
심재철,0.0029352324142423,정무위원회,심재철,심재철,자유한국당,5선,지역구,남,Representative,0.2402035505413585,0.0007050532475650841
윤종필,0.0,정무위원회,윤종필,윤종필,자유한국당,초선,비례대표,여,Representative,0.3873171504317463,0.0
이언주,0.011004060643999,정무위원회,이언주,이언주,더불어민주당,재선,지역구,여,Representative,1.5238762330035724,0.01676882648192006
임이자,0.0,정무위원회,임이자,임이자,자유한국당,초선,비례대표,여,Representative,0.2625742813254558,0.0
정병국,0.0067093411372811,정무위원회,정병국,정병국,자유한국당,5선,지역구,남,Representative,1.1343779209474094,0.007610928450235862
김정훈,0.0022040090035535,정무위원회,김정훈,김정훈,자유한국당,4선,지역구,남,Representative,0.260541039338365,0.0005742347964969431
김현아,0.0,정무위원회,김현아,김현아,자유한국당,초선,비례대표,여,Representative,0.6541850288553541,0.0
문진국,0.0,정무위원회,문진국,문진국,자유한국당,초선,비례대표,남,Representative,0.6376962280009649,0.0
유재중,0.0,정무위원회,유재중,유재중,자유한국당,3선,지역구,남,Representative,0.4969856333113908,0.0
이주영,0.0,정무위원회,이주영,이주영,자유한국당,5선,지역구,남,Representative,0.5651882414157886,0.0
조원진,0.0004348401797626,정무위원회,조원진,조원진,자유한국당,3선,지역구,남,Representative,0.1561314852952748,6.789224313239903e-05
하태경,0.0099577911108794,정무위원회,하태경,하태경,자유한국당,재선,지역구,남,Representative,1.492172082079166,0.014858737894830325
김삼화,0.0026042866051403,정무위원회,김삼화,김삼화,국민의당,초선,비례대표,여,Representative,1.0477888116577914,0.002728742367216259
오신환,0.0,정무위원회,오신환,오신환,자유한국당,재선,지역구,남,Representative,1.0828612536923172,0.0
유의동,0.0053776071345231,정무위원회,유의동,유의동,자유한국당,재선,지역구,남,Representative,1.0164179390168884,0.005465896360514483
이혜훈,0.0,정무위원회,이혜훈,이혜훈,자유한국당,3선,지역구,여,Representative,1.4755924567120928,0.0
정운천,0.0077274320451621,정무위원회,정운천,정운천,자유한국당,초선,지역구,남,Representative,1.205596444443113,0.009316164598323202
지상욱,0.0097305453915823,정무위원회,지상욱,지상욱,자유한국당,초선,지역구,남,Representative,0.7380939530534976,0.007182056713439473
김정재,0.0032527266858067,정무위원회,김정재,김정재,자유한국당,초선,지역구,여,Representative,0.2044480865242837,0.0006650137468996548
권성동,0.0003193610222745,정무위원회,권성동,권성동,자유한국당,3선,지역구,남,Representative,0.4062466024090395,0.0001297393302408932
김성원,0.0115037335498891,정무위원회,김성원,김성원,자유한국당,초선,지역구,남,Representative,0.1487072947006423,0.0017106890951610245
김승희,0.0040588537222638,정무위원회,김승희,김승희,자유한국당,초선,비례대표,여,Representative,0.3319279231870295,0.0013472468865509675
박명재,0.0066785829215207,정무위원회,박명재,박명재,자유한국당,재선,지역구,남,Representative,0.5424317597732208,0.0036226754869118512
송언석,0.0002994457535558,정무위원회,송언석,송언석,자유한국당,초선,지역구,남,Representative,0.1908856424447248,5.7159895044843626e-05
윤상직,0.0028676425404513,정무위원회,윤상직,윤상직,자유한국당,초선,지역구,남,Representative,0.3535025828741088,0.0010137190448092056
윤재옥,0.0009183143616833,정무위원회,윤재옥,윤재옥,자유한국당,재선,지역구,남,Representative,0.1344948665442003,0.0001235085675202179
이종구,0.0,정무위원회,이종구,이종구,자유한국당,3선,지역구,남,Representative,0.5199034206107074,0.0
이현재,0.0,정무위원회,이현재,이현재,자유한국당,재선,지역구,남,Representative,0.2081669972188319,0.0
조훈현,0.0,정무위원회,조훈현,조훈현,자유한국당,초선,비례대표,남,Representative,0.3604447460125601,0.0
김병관,0.0154158224187883,정무위원회,김병관,김병관,더불어민주당,초선,지역구,남,Representative,0.4357562473746135,0.006717540927404627
신창현,0.0065304878655579,정무위원회,신창현,신창현,더불어민주당,초선,지역구,남,Representative,0.0854651307466251,0.0005581289992691546
위성곤,0.0,정무위원회,위성곤,위성곤,더불어민주당,초선,지역구,남,Representative,0.8913491139784591,0.0
전현희,0.001038833057701,정무위원회,전현희,전현희,더불어민주당,재선,지역구,여,Representative,0.2186320857698749,0.00022712223817186644
고용진,0.0102932785064605,정무위원회,고용진,고용진,더불어민주당,초선,지역구,남,Representative,0.4239737881662508,0.004364080281034306
김병기,0.0019597428397918,정무위원회,김병기,김병기,더불어민주당,초선,지역구,남,Representative,0.1877751940353654,0.00036799109200132325
김해영,0.0249800335867694,정무위원회,김해영,김해영,더불어민주당,초선,지역구,남,Representative,0.4741611749752225,0.0118445620764231
서삼석,0.0,정무위원회,서삼석,서삼석,더불어민주당,초선,지역구,남,Representative,0.3135534965130757,0.0
송옥주,0.0086045512330827,정무위원회,송옥주,송옥주,더불어민주당,초선,비례대표,여,Representative,0.5052940578089671,0.004347828608189508
안호영,0.0,정무위원회,안호영,안호영,더불어민주당,초선,지역구,남,Representative,0.3178846521149758,0.0
윤준호,0.0,정무위원회,윤준호,윤준호,더불어민주당,초선,지역구,남,Representative,0.8409997210125054,0.0
이상헌,0.0,정무위원회,이상헌,이상헌,더불어민주당,초선,지역구,남,Representative,0.7296652103979866,0.0
이찬열,0.0287141155842285,정무위원회,이찬열,이찬열,더불어민주당,3선,지역구,남,Representative,1.1746514826711774,0.03372907844460557
정점식,1.9140172280383345e-05,정무위원회,정점식,정점식,자유한국당,초선,지역구,남,Representative,-0.0,-0.0
백승주,0.0004692937171347,정무위원회,백승주,백승주,자유한국당,초선,지역구,남,Representative,0.1747219249951915,8.199590164592367e-05
성일종,0.0110840491892474,정무위원회,성일종,성일종,자유한국당,초선,지역구,남,Representative,0.2957858911419952,0.0032785053669032514
이만희,0.0,정무위원회,이만희,이만희,자유한국당,초선,지역구,남,Representative,0.3536107077628312,0.0
최교일,0.0036884365612501,정무위원회,최교일,최교일,자유한국당,초선,지역구,남,Representative,0.095160296612104,0.0003509927172034884
김영호,0.0009674329710206,정무위원회,김영호,김영호,더불어민주당,초선,지역구,남,Representative,0.4539708046944207,0.000439186324342136
유성엽,0.0012956647599681,정무위원회,유성엽,유성엽,국민의당,3선,지역구,남,Representative,1.0788643249197116,0.0013978464865852444
윤영일,0.0006955922266897,정무위원회,윤영일,윤영일,국민의당,초선,지역구,남,Representative,1.2136308597582175,0.0008441921921185535
장정숙,0.0011505505580053,정무위원회,장정숙,장정숙,국민의당,초선,비례대표,여,Representative,1.0742364163183826,0.0012359633082247288
최도자,0.0030619346261988,정무위원회,최도자,최도자,국민의당,초선,비례대표,여,Representative,1.2596089727347155,0.0038568403290871254
금태섭,0.0030689721713323,정무위원회,금태섭,금태섭,더불어민주당,초선,지역구,남,Representative,0.4645794902283139,0.0014257815268824416
장병완,0.0050612427050391,정무위원회,장병완,장병완,국민의당,3선,지역구,남,Representative,0.8364677546616743,0.004233566321281835
홍문표,0.0036281854722399,정무위원회,홍문표,홍문표,자유한국당,3선,지역구,남,Representative,1.0738729958258912,0.0038962104024862373
민홍철,0.0018052471315526,정무위원회,민홍철,민홍철,더불어민주당,재선,지역구,남,Representative,0.9609964146420744,0.001734836020964938
서영교,0.0095878992701377,정무위원회,서영교,서영교,더불어민주당,재선,지역구,여,Representative,0.4822796444107599,0.004624048650648195
한정애,0.0032103463402727,정무위원회,한정애,한정애,더불어민주당,재선,지역구,여,Representative,0.4432117996184036,0.0014228633788706192
강병원,0.0011508980934689,정무위원회,강병원,강병원,더불어민주당,초선,지역구,남,Representative,0.3711053074374737,0.0004271043908059785
김철민,0.0049871265119697,정무위원회,김철민,김철민,더불어민주당,초선,지역구,남,Representative,0.4943055978963909,0.002465164552284125
신경민,0.0007299349898304,정무위원회,신경민,신경민,더불어민주당,재선,지역구,남,Representative,0.2582677030896177,0.00018851863322824088
김경진,0.0065116851354718,정무위원회,김경진,김경진,국민의당,초선,지역구,남,Representative,1.3711841868583572,0.008928719687559553
홍문종,0.0007876353080304,정무위원회,홍문종,홍문종,자유한국당,4선,지역구,남,Representative,0.1754129276773165,0.00013816141532363747
강길부,0.0,정무위원회,강길부,강길부,자유한국당,4선,지역구,남,Representative,1.011544857155329,0.0
이은권,0.0,정무위원회,이은권,이은권,자유한국당,초선,지역구,남,Representative,0.2381916954337352,0.0
정세균,0.0,정무위원회,정세균,정세균,더불어민주당,6선,지역구,남,Representative,0.8298975517248326,0.0
김영우,0.0011148794424005,정무위원회,김영우,김영우,자유한국당,3선,지역구,남,Representative,0.6260518797021696,0.0006979723705561397
김용태,0.0015069590728825,정무위원회,김용태,김용태,자유한국당,3선,지역구,남,Representative,0.121605698183563,0.0001832548101919312
최연혜,0.0011670627508255,정무위원회,최연혜,최연혜,자유한국당,초선,비례대표,여,Representative,0.0914081709115077,0.00010667907139191163
박지원,0.0011690027684847,정무위원회,박지원,박지원,국민의당,4선,지역구,남,Representative,0.7565970138970873,0.0008844640038729522
정동영,0.0077636524867296,정무위원회,정동영,정동영,국민의당,4선,지역구,남,Representative,1.1063278234248168,0.008589144757470225
천정배,0.0007452668193817,정무위원회,천정배,천정배,국민의당,6선,지역구,남,Representative,0.9572737450190898,0.0007134243592279856
김영춘,0.0030822598894207,정무위원회,김영춘,김영춘,더불어민주당,3선,지역구,남,Representative,0.6816995899942737,0.0021011753028738864
김종민,0.0069549215258478,정무위원회,김종민,김종민,더불어민주당,초선,지역구,남,Representative,0.5934295202694789,0.004127255744595733
박재호,0.0,정무위원회,박재호,박재호,더불어민주당,초선,지역구,남,Representative,0.2524296630381502,0.0
박정,0.0160395705125406,정무위원회,박정,박정,더불어민주당,초선,지역구,남,Representative,0.2968827671690504,0.004761872077966157
김두관,0.0012848499893988,정무위원회,김두관,김두관,더불어민주당,초선,지역구,남,Representative,0.4560581632169218,0.0005859663261744982
김성찬,0.0116035702817006,정무위원회,김성찬,김성찬,자유한국당,재선,지역구,남,Representative,0.6145298499661254,0.00713074030428486
김종석,0.006498697819938,정무위원회,김종석,김종석,자유한국당,초선,비례대표,남,Representative,0.1902354048834826,0.001236282410991311
김학용,0.0018483674368651,정무위원회,김학용,김학용,자유한국당,3선,지역구,남,Representative,0.3347518226262136,0.000618744368373535
홍철호,0.0,정무위원회,홍철호,홍철호,자유한국당,재선,지역구,남,Representative,0.4481695399588016,0.0
김진태,0.0011499617870649,정무위원회,김진태,김진태,자유한국당,재선,지역구,남,Representative,0.0487572040542768,5.606892150654413e-05
김규환,0.0023060017631973,정무위원회,김규환,김규환,자유한국당,초선,비례대표,남,Representative,0.4770049822009083,0.0010999743300091913
민경욱,0.0007891239130334,정무위원회,민경욱,민경욱,자유한국당,초선,지역구,남,Representative,0.073326278826337,5.78635200756172e-05
여상규,0.0,정무위원회,여상규,여상규,자유한국당,3선,지역구,남,Representative,0.179755435767015,0.0
한선교,0.0,정무위원회,한선교,한선교,자유한국당,4선,지역구,남,Representative,0.1186880320068769,0.0
유승희,0.0020648463112121,정무위원회,유승희,유승희,더불어민주당,3선,지역구,여,Representative,0.5469890607717001,0.001129448344407816
조배숙,0.0026030379552042,정무위원회,조배숙,조배숙,국민의당,4선,지역구,여,Representative,1.0458037986965076,0.002722266981703742
조응천,0.0001336055331311,정무위원회,조응천,조응천,더불어민주당,초선,지역구,남,Representative,0.3625277926369529,4.8435719010100956e-05
박성중,0.0030146780745599,정무위원회,박성중,박성중,자유한국당,초선,지역구,남,Representative,0.1599671130327059,0.0004822493483103437
송석준,0.0,정무위원회,송석준,송석준,자유한국당,초선,지역구,남,Representative,0.8824103424051088,0.0
정유섭,0.0021091536382215,정무위원회,정유섭,정유섭,자유한국당,초선,지역구,남,Representative,0.4080188775728643,0.0008605745000958595
정종섭,0.0,정무위원회,정종섭,정종섭,자유한국당,초선,지역구,남,Representative,0.3807594230574026,0.0
함진규,0.0015299591803093,정무위원회,함진규,함진규,자유한국당,재선,지역구,남,Representative,0.2078582495326021,0.00031801463707542587
이종명,0.0057386492174563,정무위원회,이종명,이종명,자유한국당,초선,비례대표,남,Representative,0.1302432569839321,0.0007474203647698017
김성식,0.0,정무위원회,김성식,김성식,국민의당,재선,지역구,남,Representative,1.2630624263755816,0.0
엄용수,0.0020013406038794,정무위원회,엄용수,엄용수,자유한국당,초선,지역구,남,Representative,0.3660271027599738,0.0007325449028738731
윤영석,0.0013089040638456,정무위원회,윤영석,윤영석,자유한국당,재선,지역구,남,Representative,0.3920069894662951,0.000513099541568313
정용기,0.0,정무위원회,정용기,정용기,자유한국당,재선,지역구,남,Representative,0.1798568900906483,0.0
홍일표,0.0057107921436566,정무위원회,홍일표,홍일표,자유한국당,3선,지역구,남,Representative,0.7569146892318556,0.0043225824606835574
강석진,0.0020901160741841,정무위원회,강석진,강석진,자유한국당,초선,지역구,남,Representative,0.6089939732328231,0.0012728680925351652
김태흠,0.0034195918040346,정무위원회,김태흠,김태흠,자유한국당,재선,지역구,남,Representative,0.74944812472639,0.0025628066648634637
박대출,0.0026340247254922,정무위원회,박대출,박대출,자유한국당,재선,지역구,남,Representative,0.1666888897701005,0.00043906265711928855
안상수,0.0,정무위원회,안상수,안상수,자유한국당,3선,지역구,남,Representative,0.6645956077847494,0.0
김선동,0.0143712539550407,정무위원회,김선동,김선동,자유한국당,재선,지역구,남,Representative,0.1938810024934638,0.0027863131238914473
김종대,0.0017825832643831,정무위원회,김종대,김종대,정의당,초선,비례대표,남,Representative,1.4582975228087227,0.0025995367586501613
심상정,0.0019502340233979,정무위원회,심상정,심상정,정의당,3선,지역구,여,Representative,1.4101172974735254,0.002750058730514767
여영국,0.0,정무위원회,여영국,여영국,정의당,초선,지역구,남,Representative,1.4694207601469056,0.0
윤소하,0.0,정무위원회,윤소하,윤소하,정의당,초선,비례대표,남,Representative,1.501385577848504,0.0
이정미,0.0011054071214065,정무위원회,이정미,이정미,정의당,초선,비례대표,여,Representative,1.419781284660404,0.0015694363429032798
진선미,0.0008825327112316,정무위원회,진선미,진선미,더불어민주당,재선,지역구,여,Representative,0.7038169878391717,0.0006211415144885622
이종걸,0.0054117820171369,정무위원회,이종걸,이종걸,더불어민주당,5선,지역구,남,Representative,1.0363897595497007,0.005608715463475906
이철규,0.0018456464780678,정무위원회,이철규,이철규,자유한국당,초선,지역구,남,Representative,0.4017209073035526,0.000741434777731003
정갑윤,0.0041721244110262,정무위원회,정갑윤,정갑윤,자유한국당,5선,지역구,남,Representative,0.2887216846392271,0.0012045827884759276
주광덕,0.0022360943828478,정무위원회,주광덕,주광덕,자유한국당,재선,지역구,남,Representative,0.2195218361538728,0.0004908715447361101
권칠승,0.0027077486869869,정무위원회,권칠승,권칠승,더불어민주당,초선,지역구,남,Representative,0.3014891570605743,0.0008163568691715573
김경협,0.0032410643297454,정무위원회,김경협,김경협,더불어민주당,재선,지역구,남,Representative,0.2751830860421476,0.0008918860843204637
변재일,0.000698906679006,정무위원회,변재일,변재일,더불어민주당,4선,지역구,남,Representative,0.629493870938658,0.00043995747079236905
안민석,0.00265964161156,정무위원회,안민석,안민석,더불어민주당,4선,지역구,남,Representative,0.6831934548821521,0.0018170497413500112
백재현,0.0013667969673826,정무위원회,백재현,백재현,더불어민주당,3선,지역구,남,Representative,0.5536257649582159,0.0007566940166097617
백혜련,0.0036635218655892,정무위원회,백혜련,백혜련,더불어민주당,초선,지역구,여,Representative,0.2873528638507782,0.0010527234998570023
표창원,0.0006521699062399,정무위원회,표창원,표창원,더불어민주당,초선,지역구,남,Representative,0.4432466247795722,0.0002890721097236458
오영훈,0.0007338794155234,정무위원회,오영훈,오영훈,더불어민주당,초선,지역구,남,Representative,0.7649594424293005,0.0005613879885091209
박완주,0.0001502237727878,정무위원회,박완주,박완주,더불어민주당,재선,지역구,남,Representative,0.7029909046961353,0.0001056059459389622
인재근,0.0019512098017439,정무위원회,인재근,인재근,더불어민주당,재선,지역구,여,Representative,0.4706617600587874,0.0009183598395327416
홍영표,0.0007157962618989,정무위원회,홍영표,홍영표,더불어민주당,3선,지역구,남,Representative,0.7711565648093,0.0005519909864292937
이재정,0.0,정무위원회,이재정,이재정,더불어민주당,초선,비례대표,여,Representative,0.1297805327369249,0.0
최재성,0.0003564909435453,정무위원회,최재성,최재성,더불어민주당,4선,지역구,남,Representative,0.0631784868170286,2.2522558377166823e-05
전혜숙,0.0,정무위원회,전혜숙,전혜숙,더불어민주당,재선,지역구,여,Representative,0.717807959122133,0.0
오제세,0.0047380109600037,정무위원회,오제세,오제세,더불어민주당,4선,지역구,남,Representative,1.1845693642879889,0.005612502630881106
이개호,0.0012667635478329,정무위원회,이개호,이개호,더불어민주당,재선,지역구,남,Representative,0.9076344805120292,0.0011497582746688893
조승래,0.0014469535160256,정무위원회,조승래,조승래,더불어민주당,초선,지역구,남,Representative,0.2088104943838757,0.00030213907903179276
이후삼,0.0,정무위원회,이후삼,이후삼,더불어민주당,초선,지역구,남,Representative,0.0401066425951788,0.0
임종성,0.0,정무위원회,임종성,임종성,더불어민주당,초선,지역구,남,Representative,0.5180000225410992,0.0
정춘숙,0.0,정무위원회,정춘숙,정춘숙,더불어민주당,초선,비례대표,여,Representative,0.6218718977568765,0.0
강효상,0.0009892786392083,정무위원회,강효상,강효상,자유한국당,초선,비례대표,남,Representative,0.2888513821081876,0.0002857545022254245
박맹우,0.00043224893881,정무위원회,박맹우,박맹우,자유한국당,재선,지역구,남,Representative,0.2150211852210185,9.29426791334537e-05
이장우,0.0013624766346189,정무위원회,이장우,이장우,자유한국당,재선,지역구,남,Representative,0.2676638759131752,0.0003646857768632338
김재경,0.0011118138710817,정무위원회,김재경,김재경,자유한국당,4선,지역구,남,Representative,0.1491019221549866,0.00016577358525685795
이명수,0.0252075255780592,정무위원회,이명수,이명수,자유한국당,3선,지역구,남,Representative,0.3282274440638352,0.00827380169166012
이종배,0.0093317676327633,정무위원회,이종배,이종배,자유한국당,재선,지역구,남,Representative,0.2546643617911198,0.0023764686485806944
이채익,0.0053220810223419,정무위원회,이채익,이채익,자유한국당,재선,지역구,남,Representative,0.415602928743905,0.0022118724598976496
김성수,0.0,정무위원회,김성수,김성수,더불어민주당,초선,비례대표,남,Representative,0.6300024830232042,0.0
이규희,0.0,정무위원회,이규희,이규희,더불어민주당,초선,지역구,남,Representative,0.3036400552435822,0.0
추미애,0.0,정무위원회,추미애,추미애,더불어민주당,5선,지역구,여,Representative,0.2576812972041676,0.0
임재훈,0.0002043278111631,정무위원회,임재훈,임재훈,국민의당,초선,비례대표,남,Representative,1.0830349246445592,0.00022129415556581574
경대수,0.0021750939241388,정무위원회,경대수,경대수,자유한국당,재선,지역구,남,Representative,0.635460965905347,0.0013821872859680934
윤한홍,0.0006144724393938,정무위원회,윤한홍,윤한홍,자유한국당,초선,지역구,남,Representative,0.2622782919078764,0.00016116278182867197
김순례,0.0,정무위원회,김순례,김순례,자유한국당,초선,비례대표,여,Representative,0.2162730117184349,0.0
이용주,0.0,정무위원회,이용주,이용주,국민의당,초선,지역구,남,Representative,0.6566531230147329,0.0
신상진,0.0024905845079858,정무위원회,신상진,신상진,자유한국당,4선,지역구,남,Representative,0.5170961526344651,0.0012878716668904592
이수혁,0.0,정무위원회,이수혁,이수혁,더불어민주당,초선,비례대표,남,Representative,0.3510840296934358,0.0
김영진,0.0,정무위원회,김영진,김영진,더불어민주당,초선,지역구,남,Representative,0.1323556283416291,0.0
송기헌,0.0027788050036491,정무위원회,송기헌,송기헌,더불어민주당,초선,지역구,남,Representative,0.3192665277817301,0.0008871794248975461
윤후덕,0.0023246485621276,정무위원회,윤후덕,윤후덕,더불어민주당,재선,지역구,남,Representative,0.3602653219661517,0.0008374902626930514
권미혁,0.0003823630189118,정무위원회,권미혁,권미혁,더불어민주당,초선,지역구,여,Representative,0.4592713852034786,0.00017560839334620628
이석현,0.0133371184198831,정무위원회,이석현,이석현,더불어민주당,6선,지역구,남,Representative,0.4261848158879266,0.005684077358253354
박주현,0.0003011706957872,정무위원회,박주현,박주현,국민의당,초선,비례대표,여,Representative,0.6812471540561623,0.00020517167939014424
박주선,0.0005909734185605,정무위원회,박주선,박주선,국민의당,4선,지역구,남,Representative,1.0117643014135882,0.0005979258079838644
권은희,0.0007319310872078,정무위원회,권은희,권은희,국민의당,재선,지역구,여,Representative,0.9101311635551772,0.0006661532920426409
김한표,0.0028592542810666,정무위원회,김한표,김한표,자유한국당,재선,지역구,남,Representative,0.3879670316340894,0.0011092963961124712
노웅래,0.0048446192765448,정무위원회,노웅래,노웅래,더불어민주당,3선,지역구,남,Representative,0.7159401864066474,0.003468457627918721
도종환,0.0004944421145423,정무위원회,도종환,도종환,더불어민주당,재선,지역구,남,Representative,0.5493526775829224,0.0002716230995335745
소병훈,0.0183512225117224,정무위원회,소병훈,소병훈,더불어민주당,초선,지역구,남,Representative,0.5375988645747761,0.009865596385861033
안규백,0.012743065076375,정무위원회,안규백,안규백,더불어민주당,3선,지역구,남,Representative,0.6009595071079386,0.007658066107342705
이상민,0.0,정무위원회,이상민,이상민,더불어민주당,4선,지역구,남,Representative,0.6302132597162741,0.0
신용현,0.0018864698910968,정무위원회,신용현,신용현,국민의당,초선,지역구,여,Representative,0.9729453901363904,0.00183543218417373
박주민,0.0085403574683918,정무위원회,박주민,박주민,더불어민주당,초선,지역구,남,Representative,0.6441785729603295,0.005501515286559722
박완수,0.0011402825798751,정무위원회,박완수,박완수,자유한국당,초선,지역구,남,Representative,0.320674965976727,0.0003656600775053022
설훈,0.0026779741448764,정무위원회,설훈,설훈,더불어민주당,4선,지역구,남,Representative,0.2947522077855856,0.0007893387915950345
강창일,0.0023531827404247,정무위원회,강창일,강창일,더불어민주당,4선,지역구,남,Representative,0.8418881333730888,0.00198111662482192
이양수,0.003349984042749,정무위원회,이양수,이양수,자유한국당,초선,지역구,남,Representative,0.8099604387683925,0.0027133545451320934
정진석,0.0004821911456164,정무위원회,정진석,정진석,자유한국당,4선,지역구,남,Representative,0.2765017781360929,0.0001333267091644143
정성호,0.003582946696554,정무위원회,정성호,정성호,더불어민주당,3선,지역구,남,Representative,0.9858607826855786,0.003532286634585435
김정우,0.0026797275915591,정무위원회,김정우,김정우,더불어민주당,초선,지역구,남,Representative,0.4417726916628472,0.0011838304710462626
홍익표,0.0002969037457853,정무위원회,홍익표,홍익표,더불어민주당,재선,지역구,남,Representative,0.1975395629671791,5.86502361857466e-05
김한정,0.0,정무위원회,김한정,김한정,더불어민주당,초선,지역구,남,Representative,0.475581724187707,0.0
심재권,0.0074317465225808,정무위원회,심재권,심재권,더불어민주당,3선,지역구,남,Representative,0.5028645163718454,0.0037371616208757377
장석춘,0.0,정무위원회,장석춘,장석춘,자유한국당,초선,지역구,남,Representative,0.1436037583640525,0.0
박용진,0.0053124553438853,정무위원회,박용진,박용진,더불어민주당,초선,지역구,남,Representative,0.6153148674123682,0.00326883275555691
황영철,0.0,정무위원회,황영철,황영철,자유한국당,3선,지역구,남,Representative,0.3717335455385492,0.0
김중로,0.0094584319565809,정무위원회,김중로,김중로,국민의당,초선,비례대표,남,Representative,1.0195617327999331,0.009643455275221884
조경태,0.014286806808559,정무위원회,조경태,조경태,자유한국당,4선,지역구,남,Representative,0.9905363611314508,0.014151601628338069
김재원,0.0,정무위원회,김재원,김재원,자유한국당,3선,지역구,남,Representative,0.215473832424108,0.0
신보라,0.0107068337615918,정무위원회,신보라,신보라,자유한국당,초선,비례대표,여,Representative,0.2403514969713895,0.0025734035224224024
황희,0.0,정무위원회,황희,황희,더불어민주당,초선,지역구,남,Representative,0.2691269447247251,0.0
곽상도,0.0011034676786962,정무위원회,곽상도,곽상도,자유한국당,초선,지역구,남,Representative,0.1797207201934033,0.00019831600592542403
유기준,0.0,정무위원회,유기준,유기준,자유한국당,4선,지역구,남,Representative,0.2633017533080311,0.0
박순자,0.0005461553846919,정무위원회,박순자,박순자,자유한국당,3선,지역구,여,Representative,0.4713721881542825,0.0002574424587544648
손금주,0.0043811844851505,정무위원회,손금주,손금주,국민의당,초선,지역구,남,Representative,1.3417577348471896,0.005878488170743186
윤상현,0.0,정무위원회,윤상현,윤상현,자유한국당,3선,지역구,남,Representative,0.2001655767502632,0.0
어기구,0.0011944487432437,정무위원회,어기구,어기구,더불어민주당,초선,지역구,남,Representative,0.386064465691427,0.00046113421585617547
이완영,0.0068698987182205,정무위원회,이완영,이완영,자유한국당,재선,지역구,남,Representative,0.3571997154092039,0.0024539258670384172
김기선,0.0024199506058629,정무위원회,김기선,김기선,자유한국당,재선,지역구,남,Representative,0.2058944226376191,0.0004982543328056983
이은재,0.0003347356422684,정무위원회,이은재,이은재,자유한국당,재선,지역구,여,Representative,0.0511753819484567,1.7130224344847336e-05
이인영,0.0002271858977664,정무위원회,이인영,이인영,더불어민주당,3선,지역구,남,Representative,0.1211476890856317,2.752304650724394e-05
박경미,0.0022104129804876,정무위원회,박경미,박경미,더불어민주당,초선,비례대표,여,Representative,0.5361234903354704,0.001185054322181842
이상돈,0.0,정무위원회,이상돈,이상돈,국민의당,초선,비례대표,남,Representative,1.606671771644464,0.0
이훈,0.0,정무위원회,이훈,이훈,더불어민주당,초선,지역구,남,Representative,0.4457924997779086,0.0
정양석,0.0,정무위원회,정양석,정양석,자유한국당,재선,지역구,남,Representative,0.3859603071668061,0.0
장제원,0.0022179880437066,정무위원회,장제원,장제원,자유한국당,재선,지역구,남,Representative,0.5900030223326368,0.0013086196492845465
이태규,0.0015811892848243,정무위원회,이태규,이태규,국민의당,초선,비례대표,남,Representative,1.2563599016081857,0.001986542814305775
정우택,0.0032834766062287,정무위원회,정우택,정우택,자유한국당,4선,지역구,남,Representative,0.5140939839979815,0.0016880155698602837
유은혜,0.0,정무위원회,유은혜,유은혜,더불어민주당,재선,지역구,여,Representative,0.4014353783153699,0.0
손혜원,0.0,정무위원회,손혜원,손혜원,더불어민주당,초선,지역구,여,Representative,0.8635365284530971,0.0
박영선,0.0004935737682942,정무위원회,박영선,박영선,더불어민주당,4선,지역구,여,Representative,0.4472601336192084,0.00022075586955820013
전희경,0.0,정무위원회,전희경,전희경,자유한국당,초선,비례대표,여,Representative,0.0178870009551029,0.0
나경원,0.0,정무위원회,나경원,나경원,자유한국당,4선,지역구,여,Representative,0.4570003286366014,0.0
오세정,0.0,정무위원회,오세정,오세정,국민의당,초선,비례대표,남,Representative,1.1278834176360886,0.0
유민봉,0.0,정무위원회,유민봉,유민봉,자유한국당,초선,비례대표,남,Representative,0.2816932534582966,0.0
노회찬,0.0005500683667047,정무위원회,노회찬,노회찬,정의당,3선,지역구,남,Representative,1.280547886443722,0.0007043888843832539
이해찬,0.0,정무위원회,이해찬,이해찬,더불어민주당,7선,지역구,남,Representative,0.3925330774809683,0.0
문희상,0.0,정무위원회,문희상,문희상,더불어민주당,6선,지역구,남,Representative,0.6351751444405559,0.0
진영,0.0,정무위원회,진영,진영,더불어민주당,4선,지역구,남,Representative,0.930618422605128,0.0
이군현,0.0,정무위원회,이군현,이군현,자유한국당,4선,지역구,남,Representative,0.5199038049730397,0.0
이정현,0.0,정무위원회,이정현,이정현,자유한국당,3선,지역구,남,Representative,0.583583007550223,0.0
양승조,0.0025438620998703,정무위원회,양승조,양승조,더불어민주당,4선,지역구,남,Representative,0.7857133708245717,0.0019987464654019666
박범계,5.954912987192274e-05,정무위원회,박범계,박범계,더불어민주당,재선,지역구,남,Representative,0.5376962952563203,3.201934651787033e-05
김경수,0.0005937283169721,정무위원회,김경수,김경수,더불어민주당,초선,지역구,남,Representative,0.2933099446985726,0.00017414641981706322
박준영,0.0016605967123441,정무위원회,박준영,박준영,국민의당,초선,지역구,남,Representative,0.8806716279052433,0.0014624404099541737
박찬우,0.0001913167457769,정무위원회,박찬우,박찬우,자유한국당,초선,지역구,남,Representative,0.453230298468986,8.671054579057951e-05
권석창,0.000464389232066,정무위원회,권석창,권석창,자유한국당,초선,지역구,남,Representative,0.2295248300116327,0.0001065888595491813
우상호,2.8530613353061157e-05,정무위원회,우상호,우상호,더불어민주당,3선,지역구,남,Representative,0.950393725091267,2.7115315903754436e-05
박남춘,0.0020388744703527,정무위원회,박남춘,박남춘,더불어민주당,재선,지역구,남,Representative,0.4605735800336737,0.0009390517140496033
윤종오,0.0,정무위원회,윤종오,윤종오,더불어민주당,초선,지역구,남,Representative,1.1947717620134848,0.0
최명길,0.0001810204968022,정무위원회,최명길,최명길,더불어민주당,초선,지역구,남,Representative,0.6829154638268365,0.0001236216965358388
배덕광,0.0002550691838803,정무위원회,배덕광,배덕광,자유한국당,재선,지역구,남,Representative,0.1475526412690407,3.763613178787688e-05
송기석,0.0002554524230791,정무위원회,송기석,송기석,국민의당,초선,지역구,남,Representative,0.7845483731860012,0.00020041478295313003
이우현,0.0,정무위원회,이우현,이우현,자유한국당,재선,지역구,남,Representative,0.2335736215615007,0.0
이철우,0.0,정무위원회,이철우,이철우,자유한국당,3선,지역구,남,Representative,0.2619402628325249,0.0
문미옥,0.0,정무위원회,문미옥,문미옥,더불어민주당,초선,비례대표,여,Representative,0.3542828873224695,0.0
김현미,0.0006735841272679,정무위원회,김현미,김현미,더불어민주당,3선,지역구,여,Representative,0.5372955133516878,0.0003619137294459549
안철수,2.0098906688772672e-05,정무위원회,안철수,안철수,국민의당,재선,지역구,남,Representative,0.3712323266408756,7.461363893010936e-06
김종인,0.0,정무위원회,김종인,김종인,더불어민주당,5선,비례대표,남,Representative,0.5695817734956851,0.0
김종태,0.000100569621544,정무위원회,김종태,김종태,자유한국당,재선,지역구,남,Representative,0.4863851342735198,4.891556887851551e-05
서영교,0.0046117134440061,산업통상자원중소벤처기업위원회,서영교,서영교,더불어민주당,재선,지역구,여,Representative,0.4822796444107599,0.0022241355198995825
김상희,0.0018642936651291,산업통상자원중소벤처기업위원회,김상희,김상희,더불어민주당,3선,지역구,여,Representative,0.549508602610133,0.001024445406780015
김철민,0.0073585661362614,산업통상자원중소벤처기업위원회,김철민,김철민,더불어민주당,초선,지역구,남,Representative,0.4943055978963909,0.0036373804336448266
박경미,0.0,산업통상자원중소벤처기업위원회,박경미,박경미,더불어민주당,초선,비례대표,여,Representative,0.5361234903354704,0.0
박찬대,0.0009900598746789,산업통상자원중소벤처기업위원회,박찬대,박찬대,더불어민주당,초선,지역구,남,Representative,0.6056175521921311,0.0005995976378266835
송영길,0.0008082074925009,산업통상자원중소벤처기업위원회,송영길,송영길,더불어민주당,4선,지역구,남,Representative,0.4968450830667373,0.0004015539187467691
신경민,0.0,산업통상자원중소벤처기업위원회,신경민,신경민,더불어민주당,재선,지역구,남,Representative,0.2582677030896177,0.0
안민석,0.000545328556808,산업통상자원중소벤처기업위원회,안민석,안민석,더불어민주당,4선,지역구,남,Representative,0.6831934548821521,0.00037256490077155547
이용득,0.0,산업통상자원중소벤처기업위원회,이용득,이용득,더불어민주당,초선,비례대표,남,Representative,0.4820345550834095,0.0
조승래,0.0,산업통상자원중소벤처기업위원회,조승래,조승래,더불어민주당,초선,지역구,남,Representative,0.2088104943838757,0.0
이정미,0.0041108262314844,산업통상자원중소벤처기업위원회,이정미,이정미,정의당,초선,비례대표,여,Representative,1.419781284660404,0.005836474147952609
김종대,0.0,산업통상자원중소벤처기업위원회,김종대,김종대,정의당,초선,비례대표,남,Representative,1.4582975228087227,0.0
설훈,0.0020251592535697,산업통상자원중소벤처기업위원회,설훈,설훈,더불어민주당,4선,지역구,남,Representative,0.2947522077855856,0.0005969201611070776
송옥주,0.0081644723078531,산업통상자원중소벤처기업위원회,송옥주,송옥주,더불어민주당,초선,비례대표,여,Representative,0.5052940578089671,0.004125459342304035
심상정,0.0009745876543917,산업통상자원중소벤처기업위원회,심상정,심상정,정의당,3선,지역구,여,Representative,1.4101172974735254,0.0013742829093618862
여영국,0.0,산업통상자원중소벤처기업위원회,여영국,여영국,정의당,초선,지역구,남,Representative,1.4694207601469056,0.0
윤소하,0.0011726207888633,산업통상자원중소벤처기업위원회,윤소하,윤소하,정의당,초선,비례대표,남,Representative,1.501385577848504,0.0017605559406846942
정유섭,0.0128310430393541,산업통상자원중소벤처기업위원회,정유섭,정유섭,자유한국당,초선,지역구,남,Representative,0.4080188775728643,0.005235307779006373
추혜선,0.0034707955707428,산업통상자원중소벤처기업위원회,추혜선,추혜선,정의당,초선,비례대표,여,Representative,1.4776255797827655,0.005128536317526284
주승용,0.00240254445148,산업통상자원중소벤처기업위원회,주승용,주승용,국민의당,4선,지역구,남,Representative,1.1127518815412194,0.002673435858870787
고용진,0.0029779342064318,산업통상자원중소벤처기업위원회,고용진,고용진,더불어민주당,초선,지역구,남,Representative,0.4239737881662508,0.0012625660464107482
김관영,0.0089359332024712,산업통상자원중소벤처기업위원회,김관영,김관영,국민의당,재선,지역구,남,Representative,1.1358758772529134,0.01015011096543041
김동철,0.0,산업통상자원중소벤처기업위원회,김동철,김동철,국민의당,4선,지역구,남,Representative,1.2078444006959184,0.0
박선숙,0.0011808287443842,산업통상자원중소벤처기업위원회,박선숙,박선숙,국민의당,재선,비례대표,여,Representative,1.2142537538570304,0.0014338257355307987
이동섭,0.0038470033532249,산업통상자원중소벤처기업위원회,이동섭,이동섭,국민의당,초선,비례대표,남,Representative,1.3011529436280886,0.005005539737195706
이찬열,0.0369756854342874,산업통상자원중소벤처기업위원회,이찬열,이찬열,더불어민주당,3선,지역구,남,Representative,1.1746514826711774,0.04343354371816875
임재훈,0.000281451024854,산업통상자원중소벤처기업위원회,임재훈,임재훈,국민의당,초선,비례대표,남,Representative,1.0830349246445592,0.00030482128949388583
최도자,0.0011016371503512,산업통상자원중소벤처기업위원회,최도자,최도자,국민의당,초선,비례대표,여,Representative,1.2596089727347155,0.0013876320392802743
강길부,0.0039423120583547,산업통상자원중소벤처기업위원회,강길부,강길부,자유한국당,4선,지역구,남,Representative,1.011544857155329,0.003987825487930136
김경진,0.0090956971342534,산업통상자원중소벤처기업위원회,김경진,김경진,국민의당,초선,지역구,남,Representative,1.3711841868583572,0.012471876078941138
김삼화,0.0118396979881199,산업통상자원중소벤처기업위원회,김삼화,김삼화,국민의당,초선,비례대표,여,Representative,1.0477888116577914,0.012405503085359293
김석기,0.0019397946734252,산업통상자원중소벤처기업위원회,김석기,김석기,자유한국당,초선,지역구,남,Representative,0.3618426593527747,0.0007019004632305215
김수민,0.0166973938454103,산업통상자원중소벤처기업위원회,김수민,김수민,국민의당,초선,비례대표,여,Representative,1.362224448997969,0.022745598130766122
오제세,0.0030736037092897,산업통상자원중소벤처기업위원회,오제세,오제세,더불어민주당,4선,지역구,남,Representative,1.1845693642879889,0.003640896791986505
정우택,0.006858508540086,산업통상자원중소벤처기업위원회,정우택,정우택,자유한국당,4선,지역구,남,Representative,0.5140939839979815,0.0035259179796569913
함진규,0.0063847409788567,산업통상자원중소벤처기업위원회,함진규,함진규,자유한국당,재선,지역구,남,Representative,0.2078582495326021,0.0013271210835842262
홍문종,0.0,산업통상자원중소벤처기업위원회,홍문종,홍문종,자유한국당,4선,지역구,남,Representative,0.1754129276773165,0.0
박재호,0.0078124215346281,산업통상자원중소벤처기업위원회,박재호,박재호,더불어민주당,초선,지역구,남,Representative,0.2524296630381502,0.0019720869354981595
김민기,0.0014164226034401,산업통상자원중소벤처기업위원회,김민기,김민기,더불어민주당,재선,지역구,남,Representative,0.1891638569535047,0.0002679359627428538
김병관,0.0117132370784317,산업통상자원중소벤처기업위원회,김병관,김병관,더불어민주당,초선,지역구,남,Representative,0.4357562473746135,0.005104116233906579
박정,0.0422411122876017,산업통상자원중소벤처기업위원회,박정,박정,더불어민주당,초선,지역구,남,Representative,0.2968827671690504,0.012540658304241767
서형수,0.0017537801358862,산업통상자원중소벤처기업위원회,서형수,서형수,더불어민주당,초선,지역구,남,Representative,0.5046603090328576,0.0008850632253520167
심기준,0.0,산업통상자원중소벤처기업위원회,심기준,심기준,더불어민주당,초선,비례대표,남,Representative,0.3265883675668164,0.0
우원식,0.0080825777524902,산업통상자원중소벤처기업위원회,우원식,우원식,더불어민주당,3선,지역구,남,Representative,0.2682558233303833,0.0021681985496260973
전재수,0.0010992162395314,산업통상자원중소벤처기업위원회,전재수,전재수,더불어민주당,초선,지역구,남,Representative,0.2424661719200068,0.0002665227537114838
정은혜,0.0,산업통상자원중소벤처기업위원회,정은혜,정은혜,더불어민주당,초선,비례대표,여,Representative,0.6448259909434018,0.0
김도읍,0.0101659847096902,산업통상자원중소벤처기업위원회,김도읍,김도읍,자유한국당,재선,지역구,남,Representative,0.0786043622449074,0.0007990907446966783
김규환,0.0335787592558193,산업통상자원중소벤처기업위원회,김규환,김규환,자유한국당,초선,비례대표,남,Representative,0.4770049822009083,0.01601723546115067
김성찬,0.0106120565626438,산업통상자원중소벤처기업위원회,김성찬,김성찬,자유한국당,재선,지역구,남,Representative,0.6145298499661254,0.00652142552727353
김태흠,0.0027066491882729,산업통상자원중소벤처기업위원회,김태흠,김태흠,자유한국당,재선,지역구,남,Representative,0.74944812472639,0.0020284931584433306
백승주,0.0013853068731586,산업통상자원중소벤처기업위원회,백승주,백승주,자유한국당,초선,지역구,남,Representative,0.1747219249951915,0.0002420434835873402
윤상직,0.0035478644324769,산업통상자원중소벤처기업위원회,윤상직,윤상직,자유한국당,초선,지역구,남,Representative,0.3535025828741088,0.0012541792405677684
정갑윤,0.0073236946282839,산업통상자원중소벤처기업위원회,정갑윤,정갑윤,자유한국당,5선,지역구,남,Representative,0.2887216846392271,0.0021145094508613856
조경태,0.0185571531141881,산업통상자원중소벤처기업위원회,조경태,조경태,자유한국당,4선,지역구,남,Representative,0.9905363611314508,0.01838153491868705
주호영,0.0013333508539877,산업통상자원중소벤처기업위원회,주호영,주호영,자유한국당,4선,지역구,남,Representative,0.3195534977330795,0.00042607692909715815
최연혜,0.0033560064896555,산업통상자원중소벤처기업위원회,최연혜,최연혜,자유한국당,초선,비례대표,여,Representative,0.0914081709115077,0.0003067664147865589
김중로,0.0033534663195913,산업통상자원중소벤처기업위원회,김중로,김중로,국민의당,초선,비례대표,남,Representative,1.0195617327999331,0.00341906593168872
박주선,0.0,산업통상자원중소벤처기업위원회,박주선,박주선,국민의당,4선,지역구,남,Representative,1.0117643014135882,0.0
신용현,0.0,산업통상자원중소벤처기업위원회,신용현,신용현,국민의당,초선,지역구,여,Representative,0.9729453901363904,0.0
하태경,0.0074422972065829,산업통상자원중소벤처기업위원회,하태경,하태경,자유한국당,재선,지역구,남,Representative,1.492172082079166,0.011105188118198767
곽대훈,0.0091333503161464,산업통상자원중소벤처기업위원회,곽대훈,곽대훈,자유한국당,초선,지역구,남,Representative,0.1312626090957611,0.0011988673922829708
김정재,0.013830018547447,산업통상자원중소벤처기업위원회,김정재,김정재,자유한국당,초선,지역구,여,Representative,0.2044480865242837,0.002827520828620893
이만희,0.0018957864787532,산업통상자원중소벤처기업위원회,이만희,이만희,자유한국당,초선,지역구,남,Representative,0.3536107077628312,0.0006703703985191246
이채익,0.0112300111637427,산업통상자원중소벤처기업위원회,이채익,이채익,자유한국당,재선,지역구,남,Representative,0.415602928743905,0.004667225529478214
조훈현,0.0,산업통상자원중소벤처기업위원회,조훈현,조훈현,자유한국당,초선,비례대표,남,Representative,0.3604447460125601,0.0
최교일,0.0003340726989832,산업통상자원중소벤처기업위원회,최교일,최교일,자유한국당,초선,지역구,남,Representative,0.095160296612104,3.179045712524745e-05
김명연,0.0008039179088911,산업통상자원중소벤처기업위원회,김명연,김명연,자유한국당,재선,지역구,남,Representative,0.1923901370296166,0.00015466587665212157
김성원,0.0044418832071774,산업통상자원중소벤처기업위원회,김성원,김성원,자유한국당,초선,지역구,남,Representative,0.1487072947006423,0.0006605404351155638
서청원,0.0,산업통상자원중소벤처기업위원회,서청원,서청원,자유한국당,8선,지역구,남,Representative,0.2133277142020287,0.0
윤영석,0.0075699649267221,산업통상자원중소벤처기업위원회,윤영석,윤영석,자유한국당,재선,지역구,남,Representative,0.3920069894662951,0.0029674791612897735
이종배,0.0110966541721304,산업통상자원중소벤처기업위원회,이종배,이종배,자유한국당,재선,지역구,남,Representative,0.2546643617911198,0.0028259223527623547
추경호,0.0010623915139602,산업통상자원중소벤처기업위원회,추경호,추경호,자유한국당,초선,지역구,남,Representative,0.1387872488569416,0.00014744639543149722
홍문표,0.0055195163546882,산업통상자원중소벤처기업위원회,홍문표,홍문표,자유한국당,3선,지역구,남,Representative,1.0738729958258912,0.00592725956331902
위성곤,0.0080711348224044,산업통상자원중소벤처기업위원회,위성곤,위성곤,더불어민주당,초선,지역구,남,Representative,0.8913491139784591,0.00719419887275085
김성환,0.0004280474109413,산업통상자원중소벤처기업위원회,김성환,김성환,더불어민주당,초선,지역구,남,Representative,0.4284341213691399,0.00018339011641097102
김정호,0.0009897805127451,산업통상자원중소벤처기업위원회,김정호,김정호,더불어민주당,초선,지역구,남,Representative,0.2510534798158137,0.0002484878419785377
김현권,0.0006355103043089,산업통상자원중소벤처기업위원회,김현권,김현권,더불어민주당,초선,비례대표,남,Representative,0.6106213595945515,0.0003880561660534477
신창현,0.005545724455052,산업통상자원중소벤처기업위원회,신창현,신창현,더불어민주당,초선,지역구,남,Representative,0.0854651307466251,0.00047396606563577533
이원욱,0.0075089864914693,산업통상자원중소벤처기업위원회,이원욱,이원욱,더불어민주당,재선,지역구,남,Representative,0.3714494969930796,0.0027892092551841012
전현희,0.001353922029455,산업통상자원중소벤처기업위원회,전현희,전현희,더불어민주당,재선,지역구,여,Representative,0.2186320857698749,0.00029601079726952864
홍의락,0.0112150346042134,산업통상자원중소벤처기업위원회,홍의락,홍의락,더불어민주당,재선,지역구,남,Representative,0.5274233799288646,0.005915071456973407
홍철호,0.0017854308032268,산업통상자원중소벤처기업위원회,홍철호,홍철호,자유한국당,재선,지역구,남,Representative,0.4481695399588016,0.0008001757017104286
권성동,0.0005357946925355,산업통상자원중소벤처기업위원회,권성동,권성동,자유한국당,3선,지역구,남,Representative,0.4062466024090395,0.00021766477343134282
김재경,0.001512678661541,산업통상자원중소벤처기업위원회,김재경,김재경,자유한국당,4선,지역구,남,Representative,0.1491019221549866,0.00022554329603859553
성일종,0.0057294330084704,산업통상자원중소벤처기업위원회,성일종,성일종,자유한국당,초선,지역구,남,Representative,0.2957858911419952,0.0016946854481487798
송언석,0.0,산업통상자원중소벤처기업위원회,송언석,송언석,자유한국당,초선,지역구,남,Representative,0.1908856424447248,0.0
이종구,0.0,산업통상자원중소벤처기업위원회,이종구,이종구,자유한국당,3선,지역구,남,Representative,0.5199034206107074,0.0
노웅래,0.0058734479534007,산업통상자원중소벤처기업위원회,노웅래,노웅래,더불어민주당,3선,지역구,남,Representative,0.7159401864066474,0.004205037422607439
김두관,0.0009667400016539,산업통상자원중소벤처기업위원회,김두관,김두관,더불어민주당,초선,지역구,남,Representative,0.4560581632169218,0.00044088966946260154
최인호,0.0074318497645702,산업통상자원중소벤처기업위원회,최인호,최인호,더불어민주당,초선,지역구,남,Representative,0.1459769861531162,0.0010848790301747038
김해영,0.0028149444800722,산업통상자원중소벤처기업위원회,김해영,김해영,더불어민주당,초선,지역구,남,Representative,0.4741611749752225,0.0013347373821610512
안호영,0.0,산업통상자원중소벤처기업위원회,안호영,안호영,더불어민주당,초선,지역구,남,Representative,0.3178846521149758,0.0
윤준호,0.0007701756166671,산업통상자원중소벤처기업위원회,윤준호,윤준호,더불어민주당,초선,지역구,남,Representative,0.8409997210125054,0.0006477174787476654
이상헌,0.0033940366685546,산업통상자원중소벤처기업위원회,이상헌,이상헌,더불어민주당,초선,지역구,남,Representative,0.7296652103979866,0.002476510479859374
이학영,0.0007642538706633,산업통상자원중소벤처기업위원회,이학영,이학영,더불어민주당,재선,지역구,남,Representative,0.3212334061727276,0.0002455038740538631
이후삼,7.080614821769091e-05,산업통상자원중소벤처기업위원회,이후삼,이후삼,더불어민주당,초선,지역구,남,Representative,0.0401066425951788,2.839796880108186e-06
이장우,0.0009355639448559,산업통상자원중소벤처기업위원회,이장우,이장우,자유한국당,재선,지역구,남,Representative,0.2676638759131752,0.00025041667164475034
박대출,0.0005036141516092,산업통상자원중소벤처기업위원회,박대출,박대출,자유한국당,재선,지역구,남,Representative,0.1666888897701005,8.394688380424862e-05
박맹우,0.0064025760639847,산업통상자원중소벤처기업위원회,박맹우,박맹우,자유한국당,재선,지역구,남,Representative,0.2150211852210185,0.0013766894937457138
송희경,0.0030996918453561,산업통상자원중소벤처기업위원회,송희경,송희경,자유한국당,초선,비례대표,여,Representative,0.6136147509492222,0.0019020166397075186
심재철,0.0002642996682329,산업통상자원중소벤처기업위원회,심재철,심재철,자유한국당,5선,지역구,남,Representative,0.2402035505413585,6.348571871644568e-05
윤종필,0.0,산업통상자원중소벤처기업위원회,윤종필,윤종필,자유한국당,초선,비례대표,여,Representative,0.3873171504317463,0.0
이은권,0.0,산업통상자원중소벤처기업위원회,이은권,이은권,자유한국당,초선,지역구,남,Representative,0.2381916954337352,0.0
이헌승,0.0008745001026244,산업통상자원중소벤처기업위원회,이헌승,이헌승,자유한국당,재선,지역구,남,Representative,0.1422055697125377,0.0001243587853073755
임이자,0.0,산업통상자원중소벤처기업위원회,임이자,임이자,자유한국당,초선,비례대표,여,Representative,0.2625742813254558,0.0
전희경,0.0,산업통상자원중소벤처기업위원회,전희경,전희경,자유한국당,초선,비례대표,여,Representative,0.0178870009551029,0.0
황주홍,0.0306927449715679,산업통상자원중소벤처기업위원회,황주홍,황주홍,국민의당,재선,지역구,남,Representative,1.2962987186817088,0.03978696597946793
김세연,0.0024412452731619,산업통상자원중소벤처기업위원회,김세연,김세연,자유한국당,3선,지역구,남,Representative,1.016616967853162,0.0024818113673877153
유성엽,0.001132603422687,산업통상자원중소벤처기업위원회,유성엽,유성엽,국민의당,3선,지역구,남,Representative,1.0788643249197116,0.0012219254270189651
이종걸,0.0,산업통상자원중소벤처기업위원회,이종걸,이종걸,더불어민주당,5선,지역구,남,Representative,1.0363897595497007,0.0
장정숙,0.0008853282627979,산업통상자원중소벤처기업위원회,장정숙,장정숙,국민의당,초선,비례대표,여,Representative,1.0742364163183826,0.0009510518602933954
천정배,0.0002398650443777,산업통상자원중소벤처기업위원회,천정배,천정배,국민의당,6선,지역구,남,Representative,0.9572737450190898,0.00022961650933061103
박홍근,0.0022991898459364,산업통상자원중소벤처기업위원회,박홍근,박홍근,더불어민주당,재선,지역구,남,Representative,0.4380480284960645,0.0010071555791506103
유동수,0.0319283449428184,산업통상자원중소벤처기업위원회,유동수,유동수,더불어민주당,초선,지역구,남,Representative,0.8688043750278167,0.02773948577371789
이석현,0.0,산업통상자원중소벤처기업위원회,이석현,이석현,더불어민주당,6선,지역구,남,Representative,0.4261848158879266,0.0
김병기,0.0,산업통상자원중소벤처기업위원회,김병기,김병기,더불어민주당,초선,지역구,남,Representative,0.1877751940353654,0.0
맹성규,0.0,산업통상자원중소벤처기업위원회,맹성규,맹성규,더불어민주당,초선,지역구,남,Representative,0.302559084695415,0.0
서삼석,0.0,산업통상자원중소벤처기업위원회,서삼석,서삼석,더불어민주당,초선,지역구,남,Representative,0.3135534965130757,0.0
소병훈,0.0,산업통상자원중소벤처기업위원회,소병훈,소병훈,더불어민주당,초선,지역구,남,Representative,0.5375988645747761,0.0
손금주,0.0064621612495439,산업통상자원중소벤처기업위원회,손금주,손금주,국민의당,초선,지역구,남,Representative,1.3417577348471896,0.008670654840405308
윤후덕,0.0055352094764189,산업통상자원중소벤처기업위원회,윤후덕,윤후덕,더불어민주당,재선,지역구,남,Representative,0.3602653219661517,0.001994144024172149
이훈,0.0071032821259825,산업통상자원중소벤처기업위원회,이훈,이훈,더불어민주당,초선,지역구,남,Representative,0.4457924997779086,0.003166589895569476
정세균,0.0,산업통상자원중소벤처기업위원회,정세균,정세균,더불어민주당,6선,지역구,남,Representative,0.8298975517248326,0.0
정재호,0.0018230596598011,산업통상자원중소벤처기업위원회,정재호,정재호,더불어민주당,초선,지역구,남,Representative,0.2574447104853001,0.0004693370663149239
한정애,0.0051117182522765,산업통상자원중소벤처기업위원회,한정애,한정애,더불어민주당,재선,지역구,여,Representative,0.4432117996184036,0.0022655738457337087
강석호,0.0007626543692178,산업통상자원중소벤처기업위원회,강석호,강석호,자유한국당,3선,지역구,남,Representative,0.4559473254820344,0.0003477302199120439
김순례,0.0,산업통상자원중소벤처기업위원회,김순례,김순례,자유한국당,초선,비례대표,여,Representative,0.2162730117184349,0.0
김진태,0.0005560409809456,산업통상자원중소벤처기업위원회,김진태,김진태,자유한국당,재선,지역구,남,Representative,0.0487572040542768,2.7111003570504856e-05
문진국,0.0,산업통상자원중소벤처기업위원회,문진국,문진국,자유한국당,초선,비례대표,남,Representative,0.6376962280009649,0.0
이철규,0.016748599100233,산업통상자원중소벤처기업위원회,이철규,이철규,자유한국당,초선,지역구,남,Representative,0.4017209073035526,0.0067282624266090645
김광수,0.00249350305003,산업통상자원중소벤처기업위원회,김광수,김광수,국민의당,초선,지역구,남,Representative,0.7050580980902613,0.0017580645180364175
박주현,0.0,산업통상자원중소벤처기업위원회,박주현,박주현,국민의당,초선,비례대표,여,Representative,0.6812471540561623,0.0
박지원,0.000591012877013,산업통상자원중소벤처기업위원회,박지원,박지원,국민의당,4선,지역구,남,Representative,0.7565970138970873,0.00044715857792276234
정동영,0.0023476051919529,산업통상자원중소벤처기업위원회,정동영,정동영,국민의당,4선,지역구,남,Representative,1.1063278234248168,0.0025972209422740512
정인화,0.0048534807317991,산업통상자원중소벤처기업위원회,정인화,정인화,국민의당,초선,지역구,남,Representative,1.152650910093734,0.0055943689826306355
권칠승,0.0112022280165367,산업통상자원중소벤처기업위원회,권칠승,권칠승,더불어민주당,초선,지역구,남,Representative,0.3014891570605743,0.003377350281905999
박광온,0.0058063616098651,산업통상자원중소벤처기업위원회,박광온,박광온,더불어민주당,재선,지역구,남,Representative,0.2036686067716271,0.0011825735794934867
백재현,0.003470529431978,산업통상자원중소벤처기업위원회,백재현,백재현,더불어민주당,3선,지역구,남,Representative,0.5536257649582159,0.0019213745115888227
최재성,0.0,산업통상자원중소벤처기업위원회,최재성,최재성,더불어민주당,4선,지역구,남,Representative,0.0631784868170286,0.0
강석진,0.0,산업통상자원중소벤처기업위원회,강석진,강석진,자유한국당,초선,지역구,남,Representative,0.6089939732328231,0.0
김상훈,0.0031840535073323,산업통상자원중소벤처기업위원회,김상훈,김상훈,자유한국당,재선,지역구,남,Representative,0.1847431044523968,0.0005882319296871115
장석춘,0.001684034934634,산업통상자원중소벤처기업위원회,장석춘,장석춘,자유한국당,초선,지역구,남,Representative,0.1436037583640525,0.0002418337458298039
정종섭,0.0,산업통상자원중소벤처기업위원회,정종섭,정종섭,자유한국당,초선,지역구,남,Representative,0.3807594230574026,0.0
정태옥,0.0018211495681763,산업통상자원중소벤처기업위원회,정태옥,정태옥,자유한국당,초선,지역구,남,Representative,0.3062475812524373,0.0005577226503529126
김무성,0.0,산업통상자원중소벤처기업위원회,김무성,김무성,자유한국당,6선,지역구,남,Representative,0.2993921614051784,0.0
박명재,0.0115402598979096,산업통상자원중소벤처기업위원회,박명재,박명재,자유한국당,재선,지역구,남,Representative,0.5424317597732208,0.006259803484663433
강훈식,0.0025669138298623,산업통상자원중소벤처기업위원회,강훈식,강훈식,더불어민주당,초선,지역구,남,Representative,0.371852456351433,0.0009545132128767606
김성식,0.0,산업통상자원중소벤처기업위원회,김성식,김성식,국민의당,재선,지역구,남,Representative,1.2630624263755816,0.0
채이배,0.0028197765922796,산업통상자원중소벤처기업위원회,채이배,채이배,국민의당,초선,비례대표,남,Representative,1.231055717778328,0.0034713020967832905
경대수,0.000942173147862,산업통상자원중소벤처기업위원회,경대수,경대수,자유한국당,재선,지역구,남,Representative,0.635460965905347,0.0005987142585904678
김기선,0.0156924550650413,산업통상자원중소벤처기업위원회,김기선,김기선,자유한국당,재선,지역구,남,Representative,0.2058944226376191,0.00323098897538346
김선동,0.0013606487377718,산업통상자원중소벤처기업위원회,김선동,김선동,자유한국당,재선,지역구,남,Representative,0.1938810024934638,0.0002638039413206627
정운천,0.0149659485040843,산업통상자원중소벤처기업위원회,정운천,정운천,자유한국당,초선,지역구,남,Representative,1.205596444443113,0.01804289430424276
주광덕,0.0018710196492244,산업통상자원중소벤처기업위원회,주광덕,주광덕,자유한국당,재선,지역구,남,Representative,0.2195218361538728,0.0004107296688777153
민병두,0.0033984784875361,산업통상자원중소벤처기업위원회,민병두,민병두,더불어민주당,3선,지역구,남,Representative,0.4585025107011514,0.0015582109190991535
이춘석,0.0,산업통상자원중소벤처기업위원회,이춘석,이춘석,더불어민주당,3선,지역구,남,Representative,0.5338027552115759,0.0
권미혁,0.0,산업통상자원중소벤처기업위원회,권미혁,권미혁,더불어민주당,초선,지역구,여,Representative,0.4592713852034786,0.0
김영주,0.0003578893932821,산업통상자원중소벤처기업위원회,김영주,김영주,더불어민주당,3선,지역구,여,Representative,0.5066585031839548,0.0001813277043057225
김태년,0.0002558943395954,산업통상자원중소벤처기업위원회,김태년,김태년,더불어민주당,3선,지역구,남,Representative,0.3475258712280392,8.89299033102151e-05
이개호,0.0,산업통상자원중소벤처기업위원회,이개호,이개호,더불어민주당,재선,지역구,남,Representative,0.9076344805120292,0.0
표창원,0.0,산업통상자원중소벤처기업위원회,표창원,표창원,더불어민주당,초선,지역구,남,Representative,0.4432466247795722,0.0
김광림,0.0,산업통상자원중소벤처기업위원회,김광림,김광림,자유한국당,3선,지역구,남,Representative,0.2439500943098557,0.0
김재원,0.0,산업통상자원중소벤처기업위원회,김재원,김재원,자유한국당,3선,지역구,남,Representative,0.215473832424108,0.0
박덕흠,0.0016099425433706,산업통상자원중소벤처기업위원회,박덕흠,박덕흠,자유한국당,재선,지역구,남,Representative,0.3783016007215079,0.0006090438412267537
엄용수,0.0,산업통상자원중소벤처기업위원회,엄용수,엄용수,자유한국당,초선,지역구,남,Representative,0.3660271027599738,0.0
유민봉,0.0,산업통상자원중소벤처기업위원회,유민봉,유민봉,자유한국당,초선,비례대표,남,Representative,0.2816932534582966,0.0
한선교,0.0,산업통상자원중소벤처기업위원회,한선교,한선교,자유한국당,4선,지역구,남,Representative,0.1186880320068769,0.0
남인순,0.0,산업통상자원중소벤처기업위원회,남인순,남인순,더불어민주당,재선,지역구,여,Representative,0.6462902314628618,0.0
송갑석,0.0022993838603301,산업통상자원중소벤처기업위원회,송갑석,송갑석,더불어민주당,초선,지역구,남,Representative,0.1128634081839454,0.00025951629920001215
원혜영,0.0128167516749717,산업통상자원중소벤처기업위원회,원혜영,원혜영,더불어민주당,5선,지역구,남,Representative,0.8199263539696501,0.01050879247059395
조배숙,0.0072663916808473,산업통상자원중소벤처기업위원회,조배숙,조배숙,국민의당,4선,지역구,여,Representative,1.0458037986965076,0.0075992200226468075
백혜련,0.0036692491104571,산업통상자원중소벤처기업위원회,백혜련,백혜련,더불어민주당,초선,지역구,여,Representative,0.2873528638507782,0.001054369240071768
오영훈,0.0,산업통상자원중소벤처기업위원회,오영훈,오영훈,더불어민주당,초선,지역구,남,Representative,0.7649594424293005,0.0
인재근,0.0007667356537113,산업통상자원중소벤처기업위원회,인재근,인재근,더불어민주당,재선,지역구,여,Representative,0.4706617600587874,0.00036087315227558537
제윤경,0.0,산업통상자원중소벤처기업위원회,제윤경,제윤경,더불어민주당,초선,비례대표,여,Representative,0.2928274618467911,0.0
김경협,0.0018156487998483,산업통상자원중소벤처기업위원회,김경협,김경협,더불어민주당,재선,지역구,남,Representative,0.2751830860421476,0.0004996358399109767
어기구,0.0075361389883445,산업통상자원중소벤처기업위원회,어기구,어기구,더불어민주당,초선,지역구,남,Representative,0.386064465691427,0.0029094354719115508
김정우,0.0,산업통상자원중소벤처기업위원회,김정우,김정우,더불어민주당,초선,지역구,남,Representative,0.4417726916628472,0.0
홍익표,0.0062691024682283,산업통상자원중소벤처기업위원회,홍익표,홍익표,더불어민주당,재선,지역구,남,Representative,0.1975395629671791,0.0012383957617702823
황희,0.001372525456653,산업통상자원중소벤처기업위원회,황희,황희,더불어민주당,초선,지역구,남,Representative,0.2691269447247251,0.00036938358270593
이규희,0.0,산업통상자원중소벤처기업위원회,이규희,이규희,더불어민주당,초선,지역구,남,Representative,0.3036400552435822,0.0
조응천,0.0001146294049869,산업통상자원중소벤처기업위원회,조응천,조응천,더불어민주당,초선,지역구,남,Representative,0.3625277926369529,4.155634516118818e-05
윤일규,0.0,산업통상자원중소벤처기업위원회,윤일규,윤일규,더불어민주당,초선,지역구,남,Representative,0.2463711717270404,0.0
홍영표,0.0011070395561621,산업통상자원중소벤처기업위원회,홍영표,홍영표,더불어민주당,3선,지역구,남,Representative,0.7711565648093,0.0008537008212379771
신동근,0.0,산업통상자원중소벤처기업위원회,신동근,신동근,더불어민주당,초선,지역구,남,Representative,0.4356644688754545,0.0
전해철,0.0006008050674911,산업통상자원중소벤처기업위원회,전해철,전해철,더불어민주당,재선,지역구,남,Representative,0.1604451590533877,9.639626461369087e-05
이인영,0.0058045383869998,산업통상자원중소벤처기업위원회,이인영,이인영,더불어민주당,3선,지역구,남,Representative,0.1211476890856317,0.0007032064117938659
김영진,0.0020193665587899,산업통상자원중소벤처기업위원회,김영진,김영진,더불어민주당,초선,지역구,남,Representative,0.1323556283416291,0.0002672745297407105
임종성,0.0,산업통상자원중소벤처기업위원회,임종성,임종성,더불어민주당,초선,지역구,남,Representative,0.5180000225410992,0.0
정춘숙,0.0,산업통상자원중소벤처기업위원회,정춘숙,정춘숙,더불어민주당,초선,비례대표,여,Representative,0.6218718977568765,0.0
김종민,0.0123486132929031,산업통상자원중소벤처기업위원회,김종민,김종민,더불어민주당,초선,지역구,남,Representative,0.5934295202694789,0.007328031662400798
박범계,0.0030388866414989,산업통상자원중소벤처기업위원회,박범계,박범계,더불어민주당,재선,지역구,남,Representative,0.5376962952563203,0.0016339980888378804
박병석,1.1024306191311944e-05,산업통상자원중소벤처기업위원회,박병석,박병석,더불어민주당,5선,지역구,남,Representative,0.4701074306076837,5.182608257830037e-06
이상민,0.0,산업통상자원중소벤처기업위원회,이상민,이상민,더불어민주당,4선,지역구,남,Representative,0.6302132597162741,0.0
정진석,0.0013962285008294,산업통상자원중소벤처기업위원회,정진석,정진석,자유한국당,4선,지역구,남,Representative,0.2765017781360929,0.0003860596631636204
금태섭,0.0,산업통상자원중소벤처기업위원회,금태섭,금태섭,더불어민주당,초선,지역구,남,Representative,0.4645794902283139,0.0
강효상,0.0007062002262435,산업통상자원중소벤처기업위원회,강효상,강효상,자유한국당,초선,비례대표,남,Representative,0.2888513821081876,0.00020398691139554976
이양수,0.0,산업통상자원중소벤처기업위원회,이양수,이양수,자유한국당,초선,지역구,남,Representative,0.8099604387683925,0.0
이진복,0.0009145927795464,산업통상자원중소벤처기업위원회,이진복,이진복,자유한국당,3선,지역구,남,Representative,0.219085789524194,0.00020037428120005013
권은희,0.0005307993832651,산업통상자원중소벤처기업위원회,권은희,권은희,국민의당,재선,지역구,여,Representative,0.9101311635551772,0.0004830970603054359
김영우,0.0,산업통상자원중소벤처기업위원회,김영우,김영우,자유한국당,3선,지역구,남,Representative,0.6260518797021696,0.0
박성중,0.0,산업통상자원중소벤처기업위원회,박성중,박성중,자유한국당,초선,지역구,남,Representative,0.1599671130327059,0.0
박완수,0.0004473126048662,산업통상자원중소벤처기업위원회,박완수,박완수,자유한국당,초선,지역구,남,Representative,0.320674965976727,0.0001434419543464298
안상수,0.0,산업통상자원중소벤처기업위원회,안상수,안상수,자유한국당,3선,지역구,남,Representative,0.6645956077847494,0.0
윤재옥,0.0,산업통상자원중소벤처기업위원회,윤재옥,윤재옥,자유한국당,재선,지역구,남,Representative,0.1344948665442003,0.0
이명수,0.0025765032303824,산업통상자원중소벤처기업위원회,이명수,이명수,자유한국당,3선,지역구,남,Representative,0.3282274440638352,0.00084567906993063
이언주,0.0189315387077455,산업통상자원중소벤처기업위원회,이언주,이언주,더불어민주당,재선,지역구,여,Representative,1.5238762330035724,0.02884932189092053
강창일,0.0010138946929268,산업통상자원중소벤처기업위원회,강창일,강창일,더불어민주당,4선,지역구,남,Representative,0.8418881333730888,0.0008535859104650246
박용진,0.0004273724190977,산업통상자원중소벤처기업위원회,박용진,박용진,더불어민주당,초선,지역구,남,Representative,0.6153148674123682,0.0002629686033928043
이현재,0.0021932961497799,산업통상자원중소벤처기업위원회,이현재,이현재,자유한국당,재선,지역구,남,Representative,0.2081669972188319,0.0004565718735113071
홍일표,0.0037188132582265,산업통상자원중소벤처기업위원회,홍일표,홍일표,자유한국당,3선,지역구,남,Representative,0.7569146892318556,0.0028148243816618155
강병원,0.0,산업통상자원중소벤처기업위원회,강병원,강병원,더불어민주당,초선,지역구,남,Representative,0.3711053074374737,0.0
기동민,0.0005925407192195,산업통상자원중소벤처기업위원회,기동민,기동민,더불어민주당,초선,지역구,남,Representative,0.1406386680233549,8.333413750063121e-05
김부겸,0.0,산업통상자원중소벤처기업위원회,김부겸,김부겸,더불어민주당,4선,지역구,남,Representative,0.8571509059437675,0.0
김성수,0.0014125716750378,산업통상자원중소벤처기업위원회,김성수,김성수,더불어민주당,초선,비례대표,남,Representative,0.6300024830232042,0.0008899236627220606
김영춘,0.0048041235727259,산업통상자원중소벤처기업위원회,김영춘,김영춘,더불어민주당,3선,지역구,남,Representative,0.6816995899942737,0.0032749690698090717
김영호,0.0,산업통상자원중소벤처기업위원회,김영호,김영호,더불어민주당,초선,지역구,남,Representative,0.4539708046944207,0.0
김진표,0.0002275201405847,산업통상자원중소벤처기업위원회,김진표,김진표,더불어민주당,4선,지역구,남,Representative,0.9058736267791744,0.00020610449491676982
김한정,0.0,산업통상자원중소벤처기업위원회,김한정,김한정,더불어민주당,초선,지역구,남,Representative,0.475581724187707,0.0
김현미,0.0,산업통상자원중소벤처기업위원회,김현미,김현미,더불어민주당,3선,지역구,여,Representative,0.5372955133516878,0.0
도종환,0.0,산업통상자원중소벤처기업위원회,도종환,도종환,더불어민주당,재선,지역구,남,Representative,0.5493526775829224,0.0
민홍철,0.0,산업통상자원중소벤처기업위원회,민홍철,민홍철,더불어민주당,재선,지역구,남,Representative,0.9609964146420744,0.0
박영선,0.0019252415775681,산업통상자원중소벤처기업위원회,박영선,박영선,더불어민주당,4선,지역구,여,Representative,0.4472601336192084,0.000861083805232364
박완주,0.00128392657466,산업통상자원중소벤처기업위원회,박완주,박완주,더불어민주당,재선,지역구,남,Representative,0.7029909046961353,0.0009025887042836436
박주민,0.0019934461600556,산업통상자원중소벤처기업위원회,박주민,박주민,더불어민주당,초선,지역구,남,Representative,0.6441785729603295,0.0012841353026578652
변재일,0.0002369537262459,산업통상자원중소벤처기업위원회,변재일,변재일,더불어민주당,4선,지역구,남,Representative,0.629493870938658,0.0001491609183678707
송기헌,0.0084831736859658,산업통상자원중소벤처기업위원회,송기헌,송기헌,더불어민주당,초선,지역구,남,Representative,0.3192665277817301,0.002708393407287642
심재권,0.0016427760727413,산업통상자원중소벤처기업위원회,심재권,심재권,더불어민주당,3선,지역구,남,Representative,0.5028645163718454,0.0008260937953262933
안규백,0.0,산업통상자원중소벤처기업위원회,안규백,안규백,더불어민주당,3선,지역구,남,Representative,0.6009595071079386,0.0
우상호,0.0,산업통상자원중소벤처기업위원회,우상호,우상호,더불어민주당,3선,지역구,남,Representative,0.950393725091267,0.0
유승희,0.0033811599679924,산업통상자원중소벤처기업위원회,유승희,유승희,더불어민주당,3선,지역구,여,Representative,0.5469890607717001,0.0018494575152110343
유은혜,0.0,산업통상자원중소벤처기업위원회,유은혜,유은혜,더불어민주당,재선,지역구,여,Representative,0.4014353783153699,0.0
윤관석,0.0019651444544831,산업통상자원중소벤처기업위원회,윤관석,윤관석,더불어민주당,재선,지역구,남,Representative,0.3522558143466113,0.0006922335601226715
윤호중,0.0023884317264832,산업통상자원중소벤처기업위원회,윤호중,윤호중,더불어민주당,3선,지역구,남,Representative,0.3826215742444835,0.0009138655071624716
이재정,0.0,산업통상자원중소벤처기업위원회,이재정,이재정,더불어민주당,초선,비례대표,여,Representative,0.1297805327369249,0.0
이철희,0.0,산업통상자원중소벤처기업위원회,이철희,이철희,더불어민주당,초선,비례대표,남,Representative,0.8472933004468098,0.0
이해찬,0.0,산업통상자원중소벤처기업위원회,이해찬,이해찬,더불어민주당,7선,지역구,남,Representative,0.3925330774809683,0.0
전혜숙,0.0022816805594121,산업통상자원중소벤처기업위원회,전혜숙,전혜숙,더불어민주당,재선,지역구,여,Representative,0.717807959122133,0.0016378084657202462
정성호,0.0073133729180619,산업통상자원중소벤처기업위원회,정성호,정성호,더불어민주당,3선,지역구,남,Representative,0.9858607826855786,0.007209967549072019
조정식,0.0,산업통상자원중소벤처기업위원회,조정식,조정식,더불어민주당,4선,지역구,남,Representative,0.657600712329438,0.0
진선미,0.0,산업통상자원중소벤처기업위원회,진선미,진선미,더불어민주당,재선,지역구,여,Representative,0.7038169878391717,0.0
진영,0.0,산업통상자원중소벤처기업위원회,진영,진영,더불어민주당,4선,지역구,남,Representative,0.930618422605128,0.0
최운열,0.001241054420143,산업통상자원중소벤처기업위원회,최운열,최운열,더불어민주당,초선,비례대표,남,Representative,0.459943821659768,0.0005708153128883188
추미애,0.0002575643169297,산업통상자원중소벤처기업위원회,추미애,추미애,더불어민주당,5선,지역구,여,Representative,0.2576812972041676,6.636950729995043e-05
문희상,0.0009299103447812,산업통상자원중소벤처기업위원회,문희상,문희상,더불어민주당,6선,지역구,남,Representative,0.6351751444405559,0.0005906559375631658
윤영일,0.0108673047352612,산업통상자원중소벤처기업위원회,윤영일,윤영일,국민의당,초선,지역구,남,Representative,1.2136308597582175,0.013188896389109599
신보라,0.0027201799647341,산업통상자원중소벤처기업위원회,신보라,신보라,자유한국당,초선,비례대표,여,Representative,0.2403514969713895,0.0006537993265554224
원유철,0.0019619310094076,산업통상자원중소벤처기업위원회,원유철,원유철,자유한국당,5선,지역구,남,Representative,0.4771525237688151,0.0009361403325991352
이은재,0.0,산업통상자원중소벤처기업위원회,이은재,이은재,자유한국당,재선,지역구,여,Representative,0.0511753819484567,0.0
이수혁,0.0,산업통상자원중소벤처기업위원회,이수혁,이수혁,더불어민주당,초선,비례대표,남,Representative,0.3510840296934358,0.0
김승희,0.0,산업통상자원중소벤처기업위원회,김승희,김승희,자유한국당,초선,비례대표,여,Representative,0.3319279231870295,0.0
정점식,0.0,산업통상자원중소벤처기업위원회,정점식,정점식,자유한국당,초선,지역구,남,Representative,-0.0,-0.0
김종회,0.0027926335860527,산업통상자원중소벤처기업위원회,김종회,김종회,국민의당,초선,지역구,남,Representative,1.05317158253419,0.0029411223332612524
이혜훈,0.0,산업통상자원중소벤처기업위원회,이혜훈,이혜훈,자유한국당,3선,지역구,여,Representative,1.4755924567120928,0.0
윤한홍,0.0166227263218535,산업통상자원중소벤처기업위원회,윤한홍,윤한홍,자유한국당,초선,지역구,남,Representative,0.2622782919078764,0.004359780266547832
장병완,0.0148969681962182,산업통상자원중소벤처기업위원회,장병완,장병완,국민의당,3선,지역구,남,Representative,0.8364677546616743,0.012460833538357011
김종훈,0.0025018433291912,산업통상자원중소벤처기업위원회,김종훈,김종훈,더불어민주당,초선,지역구,남,Representative,1.5948540798459616,0.003990075040695988
김학용,0.0004868461968703,산업통상자원중소벤처기업위원회,김학용,김학용,자유한국당,3선,지역구,남,Representative,0.3347518226262136,0.00016297265174097333
염동열,0.0021371142637785,산업통상자원중소벤처기업위원회,염동열,염동열,자유한국당,재선,지역구,남,Representative,0.2114928291135159,0.00045198434178536374
민경욱,0.0079025234294816,산업통상자원중소벤처기업위원회,민경욱,민경욱,자유한국당,초선,지역구,남,Representative,0.073326278826337,0.0005794626364218286
박인숙,0.0,산업통상자원중소벤처기업위원회,박인숙,박인숙,자유한국당,재선,지역구,여,Representative,0.5061732872045339,0.0
유승민,0.0,산업통상자원중소벤처기업위원회,유승민,유승민,자유한국당,4선,지역구,남,Representative,1.0521010990735595,0.0
유의동,0.0007261027225361,산업통상자원중소벤처기업위원회,유의동,유의동,자유한국당,재선,지역구,남,Representative,1.0164179390168884,0.0007380238327546943
정병국,0.0039271849466444,산업통상자원중소벤처기업위원회,정병국,정병국,자유한국당,5선,지역구,남,Representative,1.1343779209474094,0.004454911894950437
오신환,0.0,산업통상자원중소벤처기업위원회,오신환,오신환,자유한국당,재선,지역구,남,Representative,1.0828612536923172,0.0
이용주,0.0007288868000423,산업통상자원중소벤처기업위원회,이용주,이용주,국민의당,초선,지역구,남,Representative,0.6566531230147329,0.0004786257935719914
신상진,0.0088559493940138,산업통상자원중소벤처기업위원회,신상진,신상진,자유한국당,4선,지역구,남,Representative,0.5170961526344651,0.0045793773595700586
이용호,0.0001533844013689,산업통상자원중소벤처기업위원회,이용호,이용호,국민의당,초선,지역구,남,Representative,0.9837359713108262,0.00015088975306456448
박순자,0.0007715820914955,산업통상자원중소벤처기업위원회,박순자,박순자,자유한국당,3선,지역구,여,Representative,0.4713721881542825,0.0003637023388088917
윤상현,0.0,산업통상자원중소벤처기업위원회,윤상현,윤상현,자유한국당,3선,지역구,남,Representative,0.2001655767502632,0.0
김한표,0.0013591295894678,산업통상자원중소벤처기업위원회,김한표,김한표,자유한국당,재선,지역구,남,Representative,0.3879670316340894,0.000527297472431881
황영철,0.001966919953818,산업통상자원중소벤처기업위원회,황영철,황영철,자유한국당,3선,지역구,남,Representative,0.3717335455385492,0.0007311701282232846
김정훈,0.0016827366258609,산업통상자원중소벤처기업위원회,김정훈,김정훈,자유한국당,4선,지역구,남,Representative,0.260541039338365,0.0004384219494345323
송석준,0.0016260037648238,산업통상자원중소벤처기업위원회,송석준,송석준,자유한국당,초선,지역구,남,Representative,0.8824103424051088,0.0014348025388701655
지상욱,0.0003657820198864,산업통상자원중소벤처기업위원회,지상욱,지상욱,자유한국당,초선,지역구,남,Representative,0.7380939530534976,0.00026998149701384607
유기준,0.0,산업통상자원중소벤처기업위원회,유기준,유기준,자유한국당,4선,지역구,남,Representative,0.2633017533080311,0.0
이주영,0.0001092582914015,산업통상자원중소벤처기업위원회,이주영,이주영,자유한국당,5선,지역구,남,Representative,0.5651882414157886,6.175150157730756e-05
손혜원,0.0014820951979066,산업통상자원중소벤처기업위원회,손혜원,손혜원,더불어민주당,초선,지역구,여,Representative,0.8635365284530971,0.0012798433420372715
김종석,0.0,산업통상자원중소벤처기업위원회,김종석,김종석,자유한국당,초선,비례대표,남,Representative,0.1902354048834826,0.0
이학재,0.0079951951989125,산업통상자원중소벤처기업위원회,이학재,이학재,자유한국당,3선,지역구,남,Representative,1.0008889465537203,0.008002302500130894
곽상도,0.0,산업통상자원중소벤처기업위원회,곽상도,곽상도,자유한국당,초선,지역구,남,Representative,0.1797207201934033,0.0
김용태,0.0,산업통상자원중소벤처기업위원회,김용태,김용태,자유한국당,3선,지역구,남,Representative,0.121605698183563,0.0
김현아,0.0044217822624669,산업통상자원중소벤처기업위원회,김현아,김현아,자유한국당,초선,비례대표,여,Representative,0.6541850288553541,0.0028926637569640016
나경원,0.0,산업통상자원중소벤처기업위원회,나경원,나경원,자유한국당,4선,지역구,여,Representative,0.4570003286366014,0.0
여상규,0.0,산업통상자원중소벤처기업위원회,여상규,여상규,자유한국당,3선,지역구,남,Representative,0.179755435767015,0.0
유재중,0.0,산업통상자원중소벤처기업위원회,유재중,유재중,자유한국당,3선,지역구,남,Representative,0.4969856333113908,0.0
이완영,0.0,산업통상자원중소벤처기업위원회,이완영,이완영,자유한국당,재선,지역구,남,Representative,0.3571997154092039,0.0
이우현,0.0,산업통상자원중소벤처기업위원회,이우현,이우현,자유한국당,재선,지역구,남,Representative,0.2335736215615007,0.0
이종명,0.0016089258479794,산업통상자원중소벤처기업위원회,이종명,이종명,자유한국당,초선,비례대표,남,Representative,0.1302432569839321,0.00020955174268647188
장제원,0.0001879000835219,산업통상자원중소벤처기업위원회,장제원,장제원,자유한국당,재선,지역구,남,Representative,0.5900030223326368,0.00011086161717447588
정양석,0.0,산업통상자원중소벤처기업위원회,정양석,정양석,자유한국당,재선,지역구,남,Representative,0.3859603071668061,0.0
정용기,0.0003457616533997,산업통상자원중소벤처기업위원회,정용기,정용기,자유한국당,재선,지역구,남,Representative,0.1798568900906483,6.218761569307068e-05
이태규,0.0005145683939556,산업통상자원중소벤처기업위원회,이태규,이태규,국민의당,초선,비례대표,남,Representative,1.2563599016081857,0.0006464830968007397
이정현,0.0007458456756552,산업통상자원중소벤처기업위원회,이정현,이정현,자유한국당,3선,지역구,남,Representative,0.583583007550223,0.0004352628625671897
이상돈,0.0,산업통상자원중소벤처기업위원회,이상돈,이상돈,국민의당,초선,비례대표,남,Representative,1.606671771644464,0.0
조원진,0.0,산업통상자원중소벤처기업위원회,조원진,조원진,자유한국당,3선,지역구,남,Representative,0.1561314852952748,0.0
오세정,0.0033863984170404,산업통상자원중소벤처기업위원회,오세정,오세정,국민의당,초선,비례대표,남,Representative,1.1278834176360886,0.0038194626200889667
이군현,0.0,산업통상자원중소벤처기업위원회,이군현,이군현,자유한국당,4선,지역구,남,Representative,0.5199038049730397,0.0
권석창,0.0,산업통상자원중소벤처기업위원회,권석창,권석창,자유한국당,초선,지역구,남,Representative,0.2295248300116327,0.0
이철우,0.0005642902881358,산업통상자원중소벤처기업위원회,이철우,이철우,자유한국당,3선,지역구,남,Representative,0.2619402628325249,0.00014781034638813268
김경수,0.0025215326909153,산업통상자원중소벤처기업위원회,김경수,김경수,더불어민주당,초선,지역구,남,Representative,0.2933099446985726,0.0007395906141280096
양승조,0.0,산업통상자원중소벤처기업위원회,양승조,양승조,더불어민주당,4선,지역구,남,Representative,0.7857133708245717,0.0
노회찬,0.0008036288766539,산업통상자원중소벤처기업위원회,노회찬,노회찬,정의당,3선,지역구,남,Representative,1.280547886443722,0.0010290852594842942
박찬우,0.0009974584854495,산업통상자원중소벤처기업위원회,박찬우,박찬우,자유한국당,초선,지역구,남,Representative,0.453230298468986,0.0004520784070706996
박준영,0.0,산업통상자원중소벤처기업위원회,박준영,박준영,국민의당,초선,지역구,남,Representative,0.8806716279052433,0.0
박남춘,0.0,산업통상자원중소벤처기업위원회,박남춘,박남춘,더불어민주당,재선,지역구,남,Representative,0.4605735800336737,0.0
윤종오,0.0,산업통상자원중소벤처기업위원회,윤종오,윤종오,더불어민주당,초선,지역구,남,Representative,1.1947717620134848,0.0
송기석,0.0,산업통상자원중소벤처기업위원회,송기석,송기석,국민의당,초선,지역구,남,Representative,0.7845483731860012,0.0
최명길,0.0,산업통상자원중소벤처기업위원회,최명길,최명길,더불어민주당,초선,지역구,남,Representative,0.6829154638268365,0.0
배덕광,0.0009908430556893,산업통상자원중소벤처기업위원회,배덕광,배덕광,자유한국당,재선,지역구,남,Representative,0.1475526412690407,0.00014620150995004337
문미옥,0.0012045817068393,산업통상자원중소벤처기업위원회,문미옥,문미옥,더불어민주당,초선,비례대표,여,Representative,0.3542828873224695,0.00042676268511485565
김종태,0.0001390554134787,산업통상자원중소벤처기업위원회,김종태,김종태,자유한국당,재선,지역구,남,Representative,0.4863851342735198,6.763448595629732e-05
안철수,1.848728018902404e-06,산업통상자원중소벤처기업위원회,안철수,안철수,국민의당,재선,지역구,남,Representative,0.3712323266408756,6.863076037833161e-07
문진국,0.0520759227405282,환경노동위원회,문진국,문진국,자유한국당,초선,비례대표,남,Representative,0.6376962280009649,0.03320861950130451
강석호,0.0,환경노동위원회,강석호,강석호,자유한국당,3선,지역구,남,Representative,0.4559473254820344,0.0
강효상,0.0105235542383767,환경노동위원회,강효상,강효상,자유한국당,초선,비례대표,남,Representative,0.2888513821081876,0.0030397431864455852
김규환,0.0,환경노동위원회,김규환,김규환,자유한국당,초선,비례대표,남,Representative,0.4770049822009083,0.0
김명연,0.0010742266918548,환경노동위원회,김명연,김명연,자유한국당,재선,지역구,남,Representative,0.1923901370296166,0.0002066706204468167
김석기,0.0015364601483548,환경노동위원회,김석기,김석기,자유한국당,초선,지역구,남,Representative,0.3618426593527747,0.0005559568260702595
김용태,0.0011522744094165,환경노동위원회,김용태,김용태,자유한국당,3선,지역구,남,Representative,0.121605698183563,0.0001401231340561462
민경욱,0.0030154585441277,환경노동위원회,민경욱,민경욱,자유한국당,초선,지역구,남,Representative,0.073326278826337,0.00022111235399596794
이철규,0.0008111966685797,환경노동위원회,이철규,이철규,자유한국당,초선,지역구,남,Representative,0.4017209073035526,0.00032587466170345633
정갑윤,0.0045798400974071,환경노동위원회,정갑윤,정갑윤,자유한국당,5선,지역구,남,Representative,0.2887216846392271,0.0013222991483016597
정운천,0.0015403172148061,환경노동위원회,정운천,정운천,자유한국당,초선,지역구,남,Representative,1.205596444443113,0.001857000957484753
임이자,0.0136055851370837,환경노동위원회,임이자,임이자,자유한국당,초선,비례대표,여,Representative,0.2625742813254558,0.0035724767393820554
김성찬,0.0022053556789169,환경노동위원회,김성찬,김성찬,자유한국당,재선,지역구,남,Representative,0.6145298499661254,0.001355256894486745
김승희,0.0105428762348839,환경노동위원회,김승희,김승희,자유한국당,초선,비례대표,여,Representative,0.3319279231870295,0.003499475013062902
김태년,0.0050085276329063,환경노동위원회,김태년,김태년,더불어민주당,3선,지역구,남,Representative,0.3475258712280392,0.0017405929291954708
원유철,0.0100652328403662,환경노동위원회,원유철,원유철,자유한국당,5선,지역구,남,Representative,0.4771525237688151,0.004802651252101492
장석춘,0.0110872406792361,환경노동위원회,장석춘,장석춘,자유한국당,초선,지역구,남,Representative,0.1436037583640525,0.0015921694314251142
추경호,0.0068642599824262,환경노동위원회,추경호,추경호,자유한국당,초선,지역구,남,Representative,0.1387872488569416,0.0009526717583997306
한정애,0.0187913622202321,환경노동위원회,한정애,한정애,더불어민주당,재선,지역구,여,Representative,0.4432117996184036,0.00832855346691035
강병원,0.0103989009346354,환경노동위원회,강병원,강병원,더불어민주당,초선,지역구,남,Representative,0.3711053074374737,0.003859087328359703
권미혁,0.0052463518390736,환경노동위원회,권미혁,권미혁,더불어민주당,초선,지역구,여,Representative,0.4592713852034786,0.0024094992763961497
김경협,0.0069247602920851,환경노동위원회,김경협,김경협,더불어민주당,재선,지역구,남,Representative,0.2751830860421476,0.0019055769072781011
김상희,0.003251077055753,환경노동위원회,김상희,김상희,더불어민주당,3선,지역구,여,Representative,0.549508602610133,0.0017864948098846966
김영주,0.0017734097364587,환경노동위원회,김영주,김영주,더불어민주당,3선,지역구,여,Representative,0.5066585031839548,0.0008985131226060166
남인순,0.0036436906802363,환경노동위원회,남인순,남인순,더불어민주당,재선,지역구,여,Representative,0.6462902314628618,0.0023548816931089904
백혜련,0.0026252497647399,환경노동위원회,백혜련,백혜련,더불어민주당,초선,지역구,여,Representative,0.2873528638507782,0.0007543730382215919
이용득,0.0206616080484238,환경노동위원회,이용득,이용득,더불어민주당,초선,비례대표,남,Representative,0.4820345550834095,0.00995960904292976
이철희,0.0017851503365649,환경노동위원회,이철희,이철희,더불어민주당,초선,비례대표,남,Representative,0.8472933004468098,0.0015125459204618076
진선미,0.0020314162376762,환경노동위원회,진선미,진선미,더불어민주당,재선,지역구,여,Representative,0.7038169878391717,0.0014297452574488462
박경미,0.0008974257998432,환경노동위원회,박경미,박경미,더불어민주당,초선,비례대표,여,Representative,0.5361234903354704,0.0004811310521290376
김종민,0.0039986516118507,환경노동위원회,김종민,김종민,더불어민주당,초선,지역구,남,Representative,0.5934295202694789,0.0023729179077453394
서영교,0.0101637143523438,환경노동위원회,서영교,서영교,더불어민주당,재선,지역구,여,Representative,0.4822796444107599,0.004901752543740905
송영길,0.0,환경노동위원회,송영길,송영길,더불어민주당,4선,지역구,남,Representative,0.4968450830667373,0.0
윤준호,0.0,환경노동위원회,윤준호,윤준호,더불어민주당,초선,지역구,남,Representative,0.8409997210125054,0.0
이개호,0.001784882981753,환경노동위원회,이개호,이개호,더불어민주당,재선,지역구,남,Representative,0.9076344805120292,0.0016200213379181459
이원욱,0.0052462047993596,환경노동위원회,이원욱,이원욱,더불어민주당,재선,지역구,남,Representative,0.3714494969930796,0.0019487001338448036
임종성,0.0013318181975273,환경노동위원회,임종성,임종성,더불어민주당,초선,지역구,남,Representative,0.5180000225410992,0.0006898818563397875
변재일,0.0053739410072455,환경노동위원회,변재일,변재일,더불어민주당,4선,지역구,남,Representative,0.629493870938658,0.003382862926846961
김경진,0.00742907549074,환경노동위원회,김경진,김경진,국민의당,초선,지역구,남,Representative,1.3711841868583572,0.010186630835879678
김종훈,0.0073269321876245,환경노동위원회,김종훈,김종훈,더불어민주당,초선,지역구,남,Representative,1.5948540798459616,0.01168538769218763
박선숙,0.0,환경노동위원회,박선숙,박선숙,국민의당,재선,비례대표,여,Representative,1.2142537538570304,0.0
심기준,0.0007612879316641,환경노동위원회,심기준,심기준,더불어민주당,초선,비례대표,남,Representative,0.3265883675668164,0.0002486277828504965
이상민,0.0002895331809294,환경노동위원회,이상민,이상민,더불어민주당,4선,지역구,남,Representative,0.6302132597162741,0.00018246764974953894
이종걸,0.0015890650450371,환경노동위원회,이종걸,이종걸,더불어민주당,5선,지역구,남,Representative,1.0363897595497007,0.0016468907399348346
인재근,0.00213222148874,환경노동위원회,인재근,인재근,더불어민주당,재선,지역구,여,Representative,0.4706617600587874,0.0010035551187255363
허윤정,0.0,환경노동위원회,허윤정,허윤정,더불어민주당,초선,비례대표,여,Representative,-0.0,-0.0
김철민,0.006899295063049,환경노동위원회,김철민,김철민,더불어민주당,초선,지역구,남,Representative,0.4943055978963909,0.003410360171204054
안민석,0.0009310059003239,환경노동위원회,안민석,안민석,더불어민주당,4선,지역구,남,Representative,0.6831934548821521,0.0006360571375579537
조승래,0.000905697319356,환경노동위원회,조승래,조승래,더불어민주당,초선,지역구,남,Representative,0.2088104943838757,0.00018911910501687732
최운열,0.0,환경노동위원회,최운열,최운열,더불어민주당,초선,비례대표,남,Representative,0.459943821659768,0.0
강훈식,0.0034687613001619,환경노동위원회,강훈식,강훈식,더불어민주당,초선,지역구,남,Representative,0.371852456351433,0.0012898674099619928
서형수,0.018557879612613,환경노동위원회,서형수,서형수,더불어민주당,초선,지역구,남,Representative,0.5046603090328576,0.009365425260295846
유승희,0.0028313839325744,환경노동위원회,유승희,유승희,더불어민주당,3선,지역구,여,Representative,0.5469890607717001,0.0015487360379629535
김동철,0.0128181579070049,환경노동위원회,김동철,김동철,국민의당,4선,지역구,남,Representative,1.2078444006959184,0.01548234025521198
김관영,0.0108590852950854,환경노동위원회,김관영,김관영,국민의당,재선,지역구,남,Representative,1.1358758772529134,0.01233457303571934
김삼화,0.0138626909462123,환경노동위원회,김삼화,김삼화,국민의당,초선,비례대표,여,Representative,1.0477888116577914,0.014525172472911008
박주선,0.0008874791010961,환경노동위원회,박주선,박주선,국민의당,4선,지역구,남,Representative,1.0117643014135882,0.0008979196727396548
이찬열,0.0215126470603266,환경노동위원회,이찬열,이찬열,더불어민주당,3선,지역구,남,Representative,1.1746514826711774,0.025269862765594387
장병완,0.0011214867128287,환경노동위원회,장병완,장병완,국민의당,3선,지역구,남,Representative,0.8364677546616743,0.0009380874725627246
조배숙,0.0047876879826529,환경노동위원회,조배숙,조배숙,국민의당,4선,지역구,여,Representative,1.0458037986965076,0.005006982279232022
주승용,0.0097921463043491,환경노동위원회,주승용,주승용,국민의당,4선,지역구,남,Representative,1.1127518815412194,0.010896229224491358
채이배,0.004127748737203,환경노동위원회,채이배,채이배,국민의당,초선,비례대표,남,Representative,1.231055717778328,0.0050814886844860255
황주홍,0.0244809013577716,환경노동위원회,황주홍,황주홍,국민의당,재선,지역구,남,Representative,1.2962987186817088,0.03173456106225263
신상진,0.005691612615823,환경노동위원회,신상진,신상진,자유한국당,4선,지역구,남,Representative,0.5170961526344651,0.002943110985927857
김세연,0.0021950729019636,환경노동위원회,김세연,김세연,자유한국당,3선,지역구,남,Representative,1.016616967853162,0.0022315483578108763
김학용,0.0120448941966142,환경노동위원회,김학용,김학용,자유한국당,3선,지역구,남,Representative,0.3347518226262136,0.004032050285656506
박인숙,0.0166536756833319,환경노동위원회,박인숙,박인숙,자유한국당,재선,지역구,여,Representative,0.5061732872045339,0.008429645764670321
송희경,0.0116067791150423,환경노동위원회,송희경,송희경,자유한국당,초선,비례대표,여,Representative,0.6136147509492222,0.007122090875999315
심재철,0.0,환경노동위원회,심재철,심재철,자유한국당,5선,지역구,남,Representative,0.2402035505413585,0.0
이종명,0.001318983742995,환경노동위원회,이종명,이종명,자유한국당,초선,비례대표,남,Representative,0.1302432569839321,0.00017178873859652644
정종섭,0.0,환경노동위원회,정종섭,정종섭,자유한국당,초선,지역구,남,Representative,0.3807594230574026,0.0
신창현,0.0214338986750135,환경노동위원회,신창현,신창현,더불어민주당,초선,지역구,남,Representative,0.0854651307466251,0.0018318509526699433
김병기,0.0,환경노동위원회,김병기,김병기,더불어민주당,초선,지역구,남,Representative,0.1877751940353654,0.0
송옥주,0.0367485164204691,환경노동위원회,송옥주,송옥주,더불어민주당,초선,비례대표,여,Representative,0.5052940578089671,0.018568806980558288
위성곤,0.0128949970343185,환경노동위원회,위성곤,위성곤,더불어민주당,초선,지역구,남,Representative,0.8913491139784591,0.011493944181294652
윤일규,0.0,환경노동위원회,윤일규,윤일규,더불어민주당,초선,지역구,남,Representative,0.2463711717270404,0.0
전재수,0.0028151550228797,환경노동위원회,전재수,전재수,더불어민주당,초선,지역구,남,Representative,0.2424661719200068,0.00068257986175902
최인호,0.0014524108145973,환경노동위원회,최인호,최인호,더불어민주당,초선,지역구,남,Representative,0.1459769861531162,0.00021201855337110628
최연혜,0.0048170015044693,환경노동위원회,최연혜,최연혜,자유한국당,초선,비례대표,여,Representative,0.0914081709115077,0.0004403132968015195
곽대훈,0.0035169254744028,환경노동위원회,곽대훈,곽대훈,자유한국당,초선,지역구,남,Representative,0.1312626090957611,0.0004616408137654589
김도읍,0.0042357797816067,환경노동위원회,김도읍,김도읍,자유한국당,재선,지역구,남,Representative,0.0786043622449074,0.00033295076834306776
김정재,0.0047547871047661,환경노동위원회,김정재,김정재,자유한국당,초선,지역구,여,Representative,0.2044480865242837,0.0009721071253997681
백승주,0.0005515123849113,환경노동위원회,백승주,백승주,자유한국당,초선,지역구,남,Representative,0.1747219249951915,9.636130555039135e-05
이만희,0.0001872274701904,환경노동위원회,이만희,이만희,자유한국당,초선,지역구,남,Representative,0.3536107077628312,6.620563824667172e-05
이종배,0.0057339221475882,환경노동위원회,이종배,이종배,자유한국당,재선,지역구,남,Representative,0.2546643617911198,0.001460225624275516
이채익,0.0026203757893071,환경노동위원회,이채익,이채익,자유한국당,재선,지역구,남,Representative,0.415602928743905,0.0010890358524456524
김상훈,0.0019750951278216,환경노동위원회,김상훈,김상훈,자유한국당,재선,지역구,남,Representative,0.1847431044523968,0.0003648852055025659
성일종,0.0061501302389584,환경노동위원회,성일종,성일종,자유한국당,초선,지역구,남,Representative,0.2957858911419952,0.0018191217533696424
신보라,0.0071210543536139,환경노동위원회,신보라,신보라,자유한국당,초선,비례대표,여,Representative,0.2403514969713895,0.0017115560739057313
전현희,0.0033542947887177,환경노동위원회,전현희,전현희,더불어민주당,재선,지역구,여,Representative,0.2186320857698749,0.0007333564659443725
조훈현,0.0,환경노동위원회,조훈현,조훈현,자유한국당,초선,비례대표,남,Representative,0.3604447460125601,0.0
이동섭,0.0078979477038977,환경노동위원회,이동섭,이동섭,국민의당,초선,비례대표,남,Representative,1.3011529436280886,0.010276437903547195
김해영,0.0056632988843741,환경노동위원회,김해영,김해영,더불어민주당,초선,지역구,남,Representative,0.4741611749752225,0.0026853164532506897
박명재,0.0134565635754348,환경노동위원회,박명재,박명재,자유한국당,재선,지역구,남,Representative,0.5424317597732208,0.007299267460723322
신용현,0.010456064274699,환경노동위원회,신용현,신용현,국민의당,초선,지역구,여,Representative,0.9729453901363904,0.010173179535038194
안규백,0.0,환경노동위원회,안규백,안규백,더불어민주당,3선,지역구,남,Representative,0.6009595071079386,0.0
유동수,0.0053304735728379,환경노동위원회,유동수,유동수,더불어민주당,초선,지역구,남,Representative,0.8688043750278167,0.004631138761051725
정병국,0.0080719430234475,환경노동위원회,정병국,정병국,자유한국당,5선,지역구,남,Representative,1.1343779209474094,0.009156633944944322
정인화,0.0031275283954072,환경노동위원회,정인화,정인화,국민의당,초선,지역구,남,Representative,1.152650910093734,0.003604948451310105
하태경,0.0261138648106593,환경노동위원회,하태경,하태경,자유한국당,재선,지역구,남,Representative,1.492172082079166,0.038966380025655355
조경태,0.0102530156273693,환경노동위원회,조경태,조경태,자유한국당,4선,지역구,남,Representative,0.9905363611314508,0.010155984790158286
김수민,0.013903586450536,환경노동위원회,김수민,김수민,국민의당,초선,비례대표,여,Representative,1.362224448997969,0.018939805391677028
김현아,0.0055680112779958,환경노동위원회,김현아,김현아,자유한국당,초선,비례대표,여,Representative,0.6541850288553541,0.00364250961856262
염동열,0.0002538555177057,환경노동위원회,염동열,염동열,자유한국당,재선,지역구,남,Representative,0.2114928291135159,5.368862162565473e-05
유민봉,0.0,환경노동위원회,유민봉,유민봉,자유한국당,초선,비례대표,남,Representative,0.2816932534582966,0.0
박덕흠,0.0070037697948189,환경노동위원회,박덕흠,박덕흠,자유한국당,재선,지역구,남,Representative,0.3783016007215079,0.002649537324464937
송언석,0.0009263352919081,환경노동위원회,송언석,송언석,자유한국당,초선,지역구,남,Representative,0.1908856424447248,0.00017682410731509937
윤종필,0.0016266358786858,환경노동위원회,윤종필,윤종필,자유한국당,초선,비례대표,여,Representative,0.3873171504317463,0.0006300239733226238
윤한홍,0.0010786192604582,환경노동위원회,윤한홍,윤한홍,자유한국당,초선,지역구,남,Representative,0.2622782919078764,0.00028289841725191354
이현재,0.0009991039815131,환경노동위원회,이현재,이현재,자유한국당,재선,지역구,남,Representative,0.2081669972188319,0.00020798047574096138
정양석,0.0002503002679523,환경노동위원회,정양석,정양석,자유한국당,재선,지역구,남,Representative,0.3859603071668061,9.66059683028036e-05
정태옥,0.0046423833353186,환경노동위원회,정태옥,정태옥,자유한국당,초선,지역구,남,Representative,0.3062475812524373,0.0014217186676879438
김성수,0.0027336004584704,환경노동위원회,김성수,김성수,더불어민주당,초선,비례대표,남,Representative,0.6300024830232042,0.0017221750764297213
설훈,0.0050255703376985,환경노동위원회,설훈,설훈,더불어민주당,4선,지역구,남,Representative,0.2947522077855856,0.0014812979524183839
송갑석,0.0,환경노동위원회,송갑석,송갑석,더불어민주당,초선,지역구,남,Representative,0.1128634081839454,0.0
우상호,3.7426252951912736e-05,환경노동위원회,우상호,우상호,더불어민주당,3선,지역구,남,Representative,0.950393725091267,3.556967595917637e-05
윤관석,0.0031586815987956,환경노동위원회,윤관석,윤관석,더불어민주당,재선,지역구,남,Representative,0.3522558143466113,0.0011126639588454003
정은혜,0.0001261047107284,환경노동위원회,정은혜,정은혜,더불어민주당,초선,비례대표,여,Representative,0.6448259909434018,8.131559505807156e-05
홍익표,0.0002223965038773,환경노동위원회,홍익표,홍익표,더불어민주당,재선,지역구,남,Representative,0.1975395629671791,4.393210818135039e-05
고용진,0.0022463565304282,환경노동위원회,고용진,고용진,더불어민주당,초선,지역구,남,Representative,0.4239737881662508,0.0009523962877776399
김정우,0.0024535432015991,환경노동위원회,김정우,김정우,더불어민주당,초선,지역구,남,Representative,0.4417726916628472,0.0010839083842815143
이후삼,0.0001352619989304,환경노동위원회,이후삼,이후삼,더불어민주당,초선,지역구,남,Representative,0.0401066425951788,5.42490464781101e-06
김영호,0.0036900663712771,환경노동위원회,김영호,김영호,더불어민주당,초선,지역구,남,Representative,0.4539708046944207,0.001675182399944486
김민기,0.0018548373595218,환경노동위원회,김민기,김민기,더불어민주당,재선,지역구,남,Representative,0.1891638569535047,0.00035086818894859814
도종환,0.0,환경노동위원회,도종환,도종환,더불어민주당,재선,지역구,남,Representative,0.5493526775829224,0.0
맹성규,0.0015469391281536,환경노동위원회,맹성규,맹성규,더불어민주당,초선,지역구,남,Representative,0.302559084695415,0.00046804048669367643
박찬대,0.0010473718102816,환경노동위원회,박찬대,박찬대,더불어민주당,초선,지역구,남,Representative,0.6056175521921311,0.0006343067519777837
박홍근,0.004065790589544,환경노동위원회,박홍근,박홍근,더불어민주당,재선,지역구,남,Representative,0.4380480284960645,0.001781011552027601
경대수,0.0030456429219976,환경노동위원회,경대수,경대수,자유한국당,재선,지역구,남,Representative,0.635460965905347,0.0019353871930153782
김선동,0.0010988222710148,환경노동위원회,김선동,김선동,자유한국당,재선,지역구,남,Representative,0.1938810024934638,0.00021304076346649397
김정훈,0.0,환경노동위원회,김정훈,김정훈,자유한국당,4선,지역구,남,Representative,0.260541039338365,0.0
임재훈,0.000856925515996,환경노동위원회,임재훈,임재훈,국민의당,초선,비례대표,남,Representative,1.0830349246445592,0.0009280802616427278
장정숙,0.0039593215621023,환경노동위원회,장정숙,장정숙,국민의당,초선,비례대표,여,Representative,1.0742364163183826,0.004253247405924875
이훈,0.0011482746441131,환경노동위원회,이훈,이훈,더불어민주당,초선,지역구,남,Representative,0.4457924997779086,0.0005118922240307671
전해철,0.0,환경노동위원회,전해철,전해철,더불어민주당,재선,지역구,남,Representative,0.1604451590533877,0.0
윤재옥,0.0012414387631454,환경노동위원회,윤재옥,윤재옥,자유한국당,재선,지역구,남,Representative,0.1344948665442003,0.00016696714077203765
정진석,0.0003627248888266,환경노동위원회,정진석,정진석,자유한국당,4선,지역구,남,Representative,0.2765017781360929,0.00010029407673477152
천정배,0.0003329232141635,환경노동위원회,천정배,천정배,국민의당,6선,지역구,남,Representative,0.9572737450190898,0.0003186986520260861
권성동,0.0,환경노동위원회,권성동,권성동,자유한국당,3선,지역구,남,Representative,0.4062466024090395,0.0
송석준,0.0054804170466279,환경노동위원회,송석준,송석준,자유한국당,초선,지역구,남,Representative,0.8824103424051088,0.00483597668263772
안상수,0.0012833742495865,환경노동위원회,안상수,안상수,자유한국당,3선,지역구,남,Representative,0.6645956077847494,0.0008529248894192366
이양수,0.0037700090412052,환경노동위원회,이양수,이양수,자유한국당,초선,지역구,남,Representative,0.8099604387683925,0.0030535581771753703
이장우,0.0012067965724504,환경노동위원회,이장우,이장우,자유한국당,재선,지역구,남,Representative,0.2676638759131752,0.000323015848020809
신동근,0.0008087028468152,환경노동위원회,신동근,신동근,더불어민주당,초선,지역구,남,Representative,0.4356644688754545,0.00035232309623581216
안호영,0.001098020634788,환경노동위원회,안호영,안호영,더불어민주당,초선,지역구,남,Representative,0.3178846521149758,0.0003490439075046483
이석현,0.0004226717452567,환경노동위원회,이석현,이석현,더불어민주당,6선,지역구,남,Representative,0.4261848158879266,0.0001801362799332553
최재성,0.0,환경노동위원회,최재성,최재성,더불어민주당,4선,지역구,남,Representative,0.0631784868170286,0.0
김영우,0.002447799325906,환경노동위원회,김영우,김영우,자유한국당,3선,지역구,남,Representative,0.6260518797021696,0.001532449369117155
곽상도,0.0021700768102218,환경노동위원회,곽상도,곽상도,자유한국당,초선,지역구,남,Representative,0.1797207201934033,0.0003900077672080653
유재중,0.0,환경노동위원회,유재중,유재중,자유한국당,3선,지역구,남,Representative,0.4969856333113908,0.0
홍일표,0.0016280011525478,환경노동위원회,홍일표,홍일표,자유한국당,3선,지역구,남,Representative,0.7569146892318556,0.0012322579864498208
박대출,0.0012617514006399,환경노동위원회,박대출,박대출,자유한국당,재선,지역구,남,Representative,0.1666888897701005,0.00021031994013853418
유기준,0.0,환경노동위원회,유기준,유기준,자유한국당,4선,지역구,남,Representative,0.2633017533080311,0.0
전희경,0.0,환경노동위원회,전희경,전희경,자유한국당,초선,비례대표,여,Representative,0.0178870009551029,0.0
한선교,0.0,환경노동위원회,한선교,한선교,자유한국당,4선,지역구,남,Representative,0.1186880320068769,0.0
김기선,0.0023582329779054,환경노동위원회,김기선,김기선,자유한국당,재선,지역구,남,Representative,0.2058944226376191,0.00048554701743082546
김정호,0.0,환경노동위원회,김정호,김정호,더불어민주당,초선,지역구,남,Representative,0.2510534798158137,0.0
박정,0.0173142401690548,환경노동위원회,박정,박정,더불어민주당,초선,지역구,남,Representative,0.2968827671690504,0.005140299532818515
신경민,0.0015339330895842,환경노동위원회,신경민,신경민,더불어민주당,재선,지역구,남,Representative,0.2582677030896177,0.00039616537574007217
박주민,0.0147480938996012,환경노동위원회,박주민,박주민,더불어민주당,초선,지역구,남,Representative,0.6441785729603295,0.009500406082130042
원혜영,0.00034010820127,환경노동위원회,원혜영,원혜영,더불어민주당,5선,지역구,남,Representative,0.8199263539696501,0.000278863677422487
이상돈,0.0037051436512678,환경노동위원회,이상돈,이상돈,국민의당,초선,비례대표,남,Representative,1.606671771644464,0.005952949714379674
이정미,0.0119402921292502,환경노동위원회,이정미,이정미,정의당,초선,비례대표,여,Representative,1.419781284660404,0.016952603298487363
이종구,0.0,환경노동위원회,이종구,이종구,자유한국당,3선,지역구,남,Representative,0.5199034206107074,0.0
최교일,0.0027393506721713,환경노동위원회,최교일,최교일,자유한국당,초선,지역구,남,Representative,0.095160296612104,0.0002606774224883874
김성원,0.0029147621694125,환경노동위원회,김성원,김성원,자유한국당,초선,지역구,남,Representative,0.1487072947006423,0.00043344639690910816
서청원,0.0,환경노동위원회,서청원,서청원,자유한국당,8선,지역구,남,Representative,0.2133277142020287,0.0
정점식,7.397735038051788e-05,환경노동위원회,정점식,정점식,자유한국당,초선,지역구,남,Representative,-0.0,-0.0
권칠승,0.0053767069179575,환경노동위원회,권칠승,권칠승,더불어민주당,초선,지역구,남,Representative,0.3014891570605743,0.001621018836456765
윤영석,0.0033310360632809,환경노동위원회,윤영석,윤영석,자유한국당,재선,지역구,남,Representative,0.3920069894662951,0.0013057894189704047
김광림,0.0,환경노동위원회,김광림,김광림,자유한국당,3선,지역구,남,Representative,0.2439500943098557,0.0
박성중,0.0014801750306871,환경노동위원회,박성중,박성중,자유한국당,초선,지역구,남,Representative,0.1599671130327059,0.00023677932644211222
유성엽,0.0,환경노동위원회,유성엽,유성엽,국민의당,3선,지역구,남,Representative,1.0788643249197116,0.0
강석진,0.0006712413692618,환경노동위원회,강석진,강석진,자유한국당,초선,지역구,남,Representative,0.6089939732328231,0.00040878194846498417
윤상직,0.0003465177677188,환경노동위원회,윤상직,윤상직,자유한국당,초선,지역구,남,Representative,0.3535025828741088,0.0001224949259003663
이은권,0.000547304860818,환경노동위원회,이은권,이은권,자유한국당,초선,지역구,남,Representative,0.2381916954337352,0.00013036347271736388
정유섭,0.0008516552766481,환경노동위원회,정유섭,정유섭,자유한국당,초선,지역구,남,Representative,0.4080188775728643,0.00034749143005696504
오신환,0.0,환경노동위원회,오신환,오신환,자유한국당,재선,지역구,남,Representative,1.0828612536923172,0.0
이태규,0.001199554019426,환경노동위원회,이태규,이태규,국민의당,초선,비례대표,남,Representative,1.2563599016081857,0.0015070715698197528
어기구,0.0073815674305229,환경노동위원회,어기구,어기구,더불어민주당,초선,지역구,남,Representative,0.386064465691427,0.002849760886030063
윤후덕,0.0092660772823158,환경노동위원회,윤후덕,윤후덕,더불어민주당,재선,지역구,남,Representative,0.3602653219661517,0.0033382463154767454
정세균,0.0121307548101318,환경노동위원회,정세균,정세균,더불어민주당,6선,지역구,남,Representative,0.8298975517248326,0.010067283717502618
김무성,0.0,환경노동위원회,김무성,김무성,자유한국당,6선,지역구,남,Representative,0.2993921614051784,0.0
홍문표,0.0048916163725507,환경노동위원회,홍문표,홍문표,자유한국당,3선,지역구,남,Representative,1.0738729958258912,0.0052529747284219995
최도자,0.0121165471373095,환경노동위원회,최도자,최도자,국민의당,초선,비례대표,여,Representative,1.2596089727347155,0.015262111492718179
추혜선,0.0005426206857095,환경노동위원회,추혜선,추혜선,정의당,초선,비례대표,여,Representative,1.4776255797827655,0.0008017902053236217
김영진,0.0003351077478926,환경노동위원회,김영진,김영진,더불어민주당,초선,지역구,남,Representative,0.1323556283416291,4.435339653447331e-05
윤영일,0.0022252255698096,환경노동위원회,윤영일,윤영일,국민의당,초선,지역구,남,Representative,1.2136308597582175,0.002700602421443994
김현권,0.0054647472178331,환경노동위원회,김현권,김현권,더불어민주당,초선,비례대표,남,Representative,0.6106213595945515,0.0033368913759937906
홍의락,0.0017302709783671,환경노동위원회,홍의락,홍의락,더불어민주당,재선,지역구,남,Representative,0.5274233799288646,0.0009125853676031991
홍철호,0.0018867635412046,환경노동위원회,홍철호,홍철호,자유한국당,재선,지역구,남,Representative,0.4481695399588016,0.000845589948272705
김진표,0.0,환경노동위원회,김진표,김진표,더불어민주당,4선,지역구,남,Representative,0.9058736267791744,0.0
우원식,0.0065062158134497,환경노동위원회,우원식,우원식,더불어민주당,3선,지역구,남,Representative,0.2682558233303833,0.0017453302798021086
여영국,8.768095546161605e-05,환경노동위원회,여영국,여영국,정의당,초선,지역구,남,Representative,1.4694207601469056,0.00012884021622481482
정동영,0.0026925304574795,환경노동위원회,정동영,정동영,국민의당,4선,지역구,남,Representative,1.1063278234248168,0.0029788213605283216
박재호,0.0012032331952931,환경노동위원회,박재호,박재호,더불어민주당,초선,지역구,남,Representative,0.2524296630381502,0.00030373175004415397
정재호,0.0008658572739604,환경노동위원회,정재호,정재호,더불어민주당,초선,지역구,남,Representative,0.2574447104853001,0.00022291037521632634
유승민,0.0035979903563018,환경노동위원회,유승민,유승민,자유한국당,4선,지역구,남,Representative,1.0521010990735595,0.003785449608321192
유의동,0.0017047315409273,환경노동위원회,유의동,유의동,자유한국당,재선,지역구,남,Representative,1.0164179390168884,0.0017327197194064105
이언주,0.0109089116601256,환경노동위원회,이언주,이언주,더불어민주당,재선,지역구,여,Representative,1.5238762330035724,0.016623831206800947
노웅래,0.0060441704572601,환경노동위원회,노웅래,노웅래,더불어민주당,3선,지역구,남,Representative,0.7159401864066474,0.004327264523844347
민홍철,0.0035473227490784,환경노동위원회,민홍철,민홍철,더불어민주당,재선,지역구,남,Representative,0.9609964146420744,0.0034089644434426095
손혜원,0.0,환경노동위원회,손혜원,손혜원,더불어민주당,초선,지역구,여,Representative,0.8635365284530971,0.0
윤호중,0.0014203781780768,환경노동위원회,윤호중,윤호중,더불어민주당,3선,지역구,남,Representative,0.3826215742444835,0.0005434673345182566
박완주,0.0005981953887708,환경노동위원회,박완주,박완주,더불어민주당,재선,지역구,남,Representative,0.7029909046961353,0.00042052591753704107
표창원,0.0074200933947062,환경노동위원회,표창원,표창원,더불어민주당,초선,지역구,남,Representative,0.4432466247795722,0.0032889313527527213
추미애,0.0004579199474541,환경노동위원회,추미애,추미애,더불어민주당,5선,지역구,여,Representative,0.2576812972041676,0.00011799740607563674
홍영표,0.0123229297229813,환경노동위원회,홍영표,홍영표,더불어민주당,3선,지역구,남,Representative,0.7711565648093,0.009502908153560677
황희,0.000422168305757,환경노동위원회,황희,황희,더불어민주당,초선,지역구,남,Representative,0.2691269447247251,0.00011361686628799498
박범계,0.0004079082492416,환경노동위원회,박범계,박범계,더불어민주당,재선,지역구,남,Representative,0.5376962952563203,0.00021933075442170008
백재현,0.0019134706279187,환경노동위원회,백재현,백재현,더불어민주당,3선,지역구,남,Representative,0.5536257649582159,0.001059346640106568
서삼석,9.38802083517323e-05,환경노동위원회,서삼석,서삼석,더불어민주당,초선,지역구,남,Representative,0.3135534965130757,2.9436467582061714e-05
조응천,0.0,환경노동위원회,조응천,조응천,더불어민주당,초선,지역구,남,Representative,0.3625277926369529,0.0
조정식,0.0005738735984997,환경노동위원회,조정식,조정식,더불어민주당,4선,지역구,남,Representative,0.657600712329438,0.0003773796871604606
이춘석,0.0024834918403438,환경노동위원회,이춘석,이춘석,더불어민주당,3선,지역구,남,Representative,0.5338027552115759,0.0013256947869209879
금태섭,0.0019573992850037,환경노동위원회,금태섭,금태섭,더불어민주당,초선,지역구,남,Representative,0.4645794902283139,0.0009093675620002852
기동민,0.0007592577817831,환경노동위원회,기동민,기동민,더불어민주당,초선,지역구,남,Representative,0.1406386680233549,0.00010678100311634223
김두관,0.0,환경노동위원회,김두관,김두관,더불어민주당,초선,지역구,남,Representative,0.4560581632169218,0.0
박지원,0.0,환경노동위원회,박지원,박지원,국민의당,4선,지역구,남,Representative,0.7565970138970873,0.0
이학영,0.0008192586549453,환경노동위원회,이학영,이학영,더불어민주당,재선,지역구,남,Representative,0.3212334061727276,0.0002631732482645661
김병관,0.0010276404867843,환경노동위원회,김병관,김병관,더불어민주당,초선,지역구,남,Representative,0.4357562473746135,0.0004478007621713476
정성호,0.0051527653520032,환경노동위원회,정성호,정성호,더불어민주당,3선,지역구,남,Representative,0.9858607826855786,0.005079909282921006
송기헌,0.0006903785543944,환경노동위원회,송기헌,송기헌,더불어민주당,초선,지역구,남,Representative,0.3192665277817301,0.00022041476391647039
김종대,0.0,환경노동위원회,김종대,김종대,정의당,초선,비례대표,남,Representative,1.4582975228087227,0.0
심상정,0.0014452792078731,환경노동위원회,심상정,심상정,정의당,3선,지역구,여,Representative,1.4101172974735254,0.0020380132107006934
윤소하,0.0015051419560819,환경노동위원회,윤소하,윤소하,정의당,초선,비례대표,남,Representative,1.501385577848504,0.002259798425476051
이용주,0.0012274914561458,환경노동위원회,이용주,이용주,국민의당,초선,지역구,남,Representative,0.6566531230147329,0.0008060360981520416
정춘숙,0.0017118304141504,환경노동위원회,정춘숙,정춘숙,더불어민주당,초선,비례대표,여,Representative,0.6218718977568765,0.001064539228285649
제윤경,0.0002751200005206,환경노동위원회,제윤경,제윤경,더불어민주당,초선,비례대표,여,Representative,0.2928274618467911,8.056269145573515e-05
박맹우,0.00130177140929,환경노동위원회,박맹우,박맹우,자유한국당,재선,지역구,남,Representative,0.2150211852210185,0.0002799084313123714
이명수,0.0098208059529599,환경노동위원회,이명수,이명수,자유한국당,3선,지역구,남,Representative,0.3282274440638352,0.0032234580365869256
이주영,0.0001527958743,환경노동위원회,이주영,이주영,자유한국당,5선,지역구,남,Representative,0.5651882414157886,8.635843149120488e-05
박광온,0.0046937494271618,환경노동위원회,박광온,박광온,더불어민주당,재선,지역구,남,Representative,0.2036686067716271,0.0009559694063651666
김영춘,0.0034855476096205,환경노동위원회,김영춘,김영춘,더불어민주당,3선,지역구,남,Representative,0.6816995899942737,0.002376096376383816
소병훈,0.0026424199831532,환경노동위원회,소병훈,소병훈,더불어민주당,초선,지역구,남,Representative,0.5375988645747761,0.0014205619826728594
오영훈,0.0025637416733351,환경노동위원회,오영훈,오영훈,더불어민주당,초선,지역구,남,Representative,0.7649594424293005,0.0019611584009671798
김성환,0.0,환경노동위원회,김성환,김성환,더불어민주당,초선,지역구,남,Representative,0.4284341213691399,0.0
정우택,0.000865450190481,환경노동위원회,정우택,정우택,자유한국당,4선,지역구,남,Representative,0.5140939839979815,0.00044492273637618924
강길부,0.0014124414117467,환경노동위원회,강길부,강길부,자유한국당,4선,지역구,남,Representative,1.011544857155329,0.0014287478460855868
김순례,0.0034548865427494,환경노동위원회,김순례,김순례,자유한국당,초선,비례대표,여,Representative,0.2162730117184349,0.0007471987177459041
오제세,0.0014509410561081,환경노동위원회,오제세,오제세,더불어민주당,4선,지역구,남,Representative,1.1845693642879889,0.0017187403244533152
이은재,0.0,환경노동위원회,이은재,이은재,자유한국당,재선,지역구,여,Representative,0.0511753819484567,0.0
이학재,0.0069239005569804,환경노동위원회,이학재,이학재,자유한국당,3선,지역구,남,Representative,1.0008889465537203,0.00693005553451883
주광덕,0.0010441162726978,환경노동위원회,주광덕,주광덕,자유한국당,재선,지역구,남,Representative,0.2195218361538728,0.00022920632134075883
김광수,0.0008926084520476,환경노동위원회,김광수,김광수,국민의당,초선,지역구,남,Representative,0.7050580980902613,0.000629340817539973
박주현,0.0003492453745428,환경노동위원회,박주현,박주현,국민의당,초선,비례대표,여,Representative,0.6812471540561623,0.000237922417474561
강창일,0.0015363777516641,환경노동위원회,강창일,강창일,더불어민주당,4선,지역구,남,Representative,0.8418881333730888,0.001293458197504432
심재권,0.0032106909492896,환경노동위원회,심재권,심재권,더불어민주당,3선,지역구,남,Representative,0.5028645163718454,0.0016145425514339758
함진규,0.0028753130152607,환경노동위원회,함진규,함진규,자유한국당,재선,지역구,남,Representative,0.2078582495326021,0.0005976575302103971
민병두,0.0012491714256819,환경노동위원회,민병두,민병두,더불어민주당,3선,지역구,남,Representative,0.4585025107011514,0.0005727482349712879
박용진,0.0,환경노동위원회,박용진,박용진,더불어민주당,초선,지역구,남,Representative,0.6153148674123682,0.0
권은희,0.0002673469088156,환경노동위원회,권은희,권은희,국민의당,재선,지역구,여,Representative,0.9101311635551772,0.00024332075319322187
김종회,0.0030647150160767,환경노동위원회,김종회,김종회,국민의당,초선,지역구,남,Representative,1.05317158253419,0.003227670763497794
주호영,0.0010795700635779,환경노동위원회,주호영,주호영,자유한국당,4선,지역구,남,Representative,0.3195534977330795,0.000344980389864241
김진태,0.0001788207356343,환경노동위원회,김진태,김진태,자유한국당,재선,지역구,남,Representative,0.0487572040542768,8.718799096457452e-06
이규희,0.000119424775542,환경노동위원회,이규희,이규희,더불어민주당,초선,지역구,남,Representative,0.3036400552435822,3.6262145443025285e-05
김재원,0.0,환경노동위원회,김재원,김재원,자유한국당,3선,지역구,남,Representative,0.215473832424108,0.0
김종석,0.0,환경노동위원회,김종석,김종석,자유한국당,초선,비례대표,남,Representative,0.1902354048834826,0.0
전혜숙,0.002169429471088,환경노동위원회,전혜숙,전혜숙,더불어민주당,재선,지역구,여,Representative,0.717807959122133,0.0015572337411010855
이상헌,0.0006565525306818,환경노동위원회,이상헌,이상헌,더불어민주당,초선,지역구,남,Representative,0.7296652103979866,0.0004790635404372661
이진복,0.0006703586355867,환경노동위원회,이진복,이진복,자유한국당,3선,지역구,남,Representative,0.219085789524194,0.00014686605094187363
김한정,0.0001586757657693,환경노동위원회,김한정,김한정,더불어민주당,초선,지역구,남,Representative,0.475581724187707,7.546329427136843e-05
윤상현,0.0006970926595697,환경노동위원회,윤상현,윤상현,자유한국당,3선,지역구,남,Representative,0.2001655767502632,0.00013953395425114388
김태흠,0.0034152176460837,환경노동위원회,김태흠,김태흠,자유한국당,재선,지역구,남,Representative,0.74944812472639,0.0025595284603899047
엄용수,0.0039963954221328,환경노동위원회,엄용수,엄용수,자유한국당,초선,지역구,남,Representative,0.3660271027599738,0.0014627890378464913
김부겸,0.0033307890099211,환경노동위원회,김부겸,김부겸,더불어민주당,4선,지역구,남,Representative,0.8571509059437675,0.0028549888173614157
이재정,0.0012322550527703,환경노동위원회,이재정,이재정,더불어민주당,초선,비례대표,여,Representative,0.1297805327369249,0.00015992271721629705
김중로,0.0004968011311637,환경노동위원회,김중로,김중로,국민의당,초선,비례대표,남,Representative,1.0195617327999331,0.0005065194221462288
이수혁,0.0002423257599727,환경노동위원회,이수혁,이수혁,더불어민주당,초선,비례대표,남,Representative,0.3510840296934358,8.50767043097398e-05
손금주,0.0023709363435941,환경노동위원회,손금주,손금주,국민의당,초선,지역구,남,Representative,1.3417577348471896,0.0031812221778476975
이용호,0.0015832610044892,환경노동위원회,이용호,이용호,국민의당,초선,지역구,남,Representative,0.9837359713108262,0.0015575108020897375
홍문종,0.0,환경노동위원회,홍문종,홍문종,자유한국당,4선,지역구,남,Representative,0.1754129276773165,0.0
황영철,0.0,환경노동위원회,황영철,황영철,자유한국당,3선,지역구,남,Representative,0.3717335455385492,0.0
여상규,0.0,환경노동위원회,여상규,여상규,자유한국당,3선,지역구,남,Representative,0.179755435767015,0.0
김재경,0.0,환경노동위원회,김재경,김재경,자유한국당,4선,지역구,남,Representative,0.1491019221549866,0.0
김한표,0.0009262595710339,환경노동위원회,김한표,김한표,자유한국당,재선,지역구,남,Representative,0.3879670316340894,0.00035935817629668715
박순자,0.0030787449582244,환경노동위원회,박순자,박순자,자유한국당,3선,지역구,여,Representative,0.4713721881542825,0.0014512347477272005
이완영,0.008053199117367,환경노동위원회,이완영,이완영,자유한국당,재선,지역구,남,Representative,0.3571997154092039,0.0028766004328571446
이혜훈,0.0009610591182486,환경노동위원회,이혜훈,이혜훈,자유한국당,3선,지역구,여,Representative,1.4755924567120928,0.0014181315853420094
지상욱,0.0,환경노동위원회,지상욱,지상욱,자유한국당,초선,지역구,남,Representative,0.7380939530534976,0.0
조원진,0.0009773059265949,환경노동위원회,조원진,조원진,자유한국당,3선,지역구,남,Representative,0.1561314852952748,0.00015258822590713653
박완수,0.0032342366300148,환경노동위원회,박완수,박완수,자유한국당,초선,지역구,남,Representative,0.320674965976727,0.0010371387212906801
문희상,0.0002622857170039,환경노동위원회,문희상,문희상,더불어민주당,6선,지역구,남,Representative,0.6351751444405559,0.00016659736818264696
유은혜,0.0004824891395732,환경노동위원회,유은혜,유은혜,더불어민주당,재선,지역구,여,Representative,0.4014353783153699,0.00019368821027762487
이인영,0.0027249725216468,환경노동위원회,이인영,이인영,더불어민주당,3선,지역구,남,Representative,0.1211476890856317,0.0003301241238193563
정용기,0.0,환경노동위원회,정용기,정용기,자유한국당,재선,지역구,남,Representative,0.1798568900906483,0.0
이헌승,0.0022278812463277,환경노동위원회,이헌승,이헌승,자유한국당,재선,지역구,남,Representative,0.1422055697125377,0.00031681712188590913
박병석,0.0001347950115503,환경노동위원회,박병석,박병석,더불어민주당,5선,지역구,남,Representative,0.4701074306076837,6.336813653864457e-05
이정현,0.0,환경노동위원회,이정현,이정현,자유한국당,3선,지역구,남,Representative,0.583583007550223,0.0
나경원,0.0032140563454007,환경노동위원회,나경원,나경원,자유한국당,4선,지역구,여,Representative,0.4570003286366014,0.001468824806104674
김성식,0.0008751846374445,환경노동위원회,김성식,김성식,국민의당,재선,지역구,남,Representative,1.2630624263755816,0.0011054128316972838
장제원,0.0012349982394305,환경노동위원회,장제원,장제원,자유한국당,재선,지역구,남,Representative,0.5900030223326368,0.0007286526938394803
박영선,0.0,환경노동위원회,박영선,박영선,더불어민주당,4선,지역구,여,Representative,0.4472601336192084,0.0
오세정,0.0007630685318352,환경노동위원회,오세정,오세정,국민의당,초선,비례대표,남,Representative,1.1278834176360886,0.0008606523435768378
이군현,0.0,환경노동위원회,이군현,이군현,자유한국당,4선,지역구,남,Representative,0.5199038049730397,0.0
노회찬,0.0004355502475392,환경노동위원회,노회찬,노회찬,정의당,3선,지역구,남,Representative,1.280547886443722,0.0005577429489263626
권석창,0.0,환경노동위원회,권석창,권석창,자유한국당,초선,지역구,남,Representative,0.2295248300116327,0.0
이해찬,0.0,환경노동위원회,이해찬,이해찬,더불어민주당,7선,지역구,남,Representative,0.3925330774809683,0.0
양승조,0.0002889749959913,환경노동위원회,양승조,양승조,더불어민주당,4선,지역구,남,Representative,0.7857133708245717,0.00022705151818434144
박남춘,0.0009063519135281,환경노동위원회,박남춘,박남춘,더불어민주당,재선,지역구,남,Representative,0.4605735800336737,0.0004174417455840077
송기석,0.0,환경노동위원회,송기석,송기석,국민의당,초선,지역구,남,Representative,0.7845483731860012,0.0
박준영,0.0,환경노동위원회,박준영,박준영,국민의당,초선,지역구,남,Representative,0.8806716279052433,0.0
박찬우,0.0003354686529236,환경노동위원회,박찬우,박찬우,자유한국당,초선,지역구,남,Representative,0.453230298468986,0.0001520445576915519
윤종오,0.0006802611433463,환경노동위원회,윤종오,윤종오,더불어민주당,초선,지역구,남,Representative,1.1947717620134848,0.0008127568048651667
김경수,0.0001162376216159,환경노동위원회,김경수,김경수,더불어민주당,초선,지역구,남,Representative,0.2933099446985726,3.409365036805323e-05
최명길,0.0002164357874146,환경노동위원회,최명길,최명길,더불어민주당,초선,지역구,남,Representative,0.6829154638268365,0.00014780734615096815
진영,0.0,환경노동위원회,진영,진영,더불어민주당,4선,지역구,남,Representative,0.930618422605128,0.0
이우현,0.0,환경노동위원회,이우현,이우현,자유한국당,재선,지역구,남,Representative,0.2335736215615007,0.0
배덕광,0.0,환경노동위원회,배덕광,배덕광,자유한국당,재선,지역구,남,Representative,0.1475526412690407,0.0
문미옥,0.0008708082326422,환경노동위원회,문미옥,문미옥,더불어민주당,초선,비례대표,여,Representative,0.3542828873224695,0.00030851245496465535
김현미,0.0,환경노동위원회,김현미,김현미,더불어민주당,3선,지역구,여,Representative,0.5372955133516878,0.0
이철우,0.000221894227125,환경노동위원회,이철우,이철우,자유한국당,3선,지역구,남,Representative,0.2619402628325249,5.812303217414248e-05
김종태,0.0002945961435361,환경노동위원회,김종태,김종태,자유한국당,재선,지역구,남,Representative,0.4863851342735198,0.0001432871848302671
안철수,0.0,환경노동위원회,안철수,안철수,국민의당,재선,지역구,남,Representative,0.3712323266408756,0.0
서영교,0.0360760113033335,교육위원회,서영교,서영교,더불어민주당,재선,지역구,여,Representative,0.4822796444107599,0.017398725903130234
김두관,0.0004134343812173,교육위원회,김두관,김두관,더불어민주당,초선,지역구,남,Representative,0.4560581632169218,0.00018855012450868646
김병기,0.0012356461722938,교육위원회,김병기,김병기,더불어민주당,초선,지역구,남,Representative,0.1877751940353654,0.00023202369976152486
김영주,0.0,교육위원회,김영주,김영주,더불어민주당,3선,지역구,여,Representative,0.5066585031839548,0.0
남인순,0.002551615857259,교육위원회,남인순,남인순,더불어민주당,재선,지역구,여,Representative,0.6462902314628618,0.0016490844029922276
백혜련,0.0035837281531111,교육위원회,백혜련,백혜련,더불어민주당,초선,지역구,여,Representative,0.2873528638507782,0.0010297945480591346
신창현,0.0114139128051096,교육위원회,신창현,신창현,더불어민주당,초선,지역구,남,Representative,0.0854651307466251,0.0009754915502192704
우원식,0.0011675631684072,교육위원회,우원식,우원식,더불어민주당,3선,지역구,남,Representative,0.2682558233303833,0.0003132056190313044
임종성,0.0015616593596329,교육위원회,임종성,임종성,더불어민주당,초선,지역구,남,Representative,0.5180000225410992,0.0008089395834913608
조승래,0.017616985669137,교육위원회,조승래,조승래,더불어민주당,초선,지역구,남,Representative,0.2088104943838757,0.00367861148712615
한정애,0.0,교육위원회,한정애,한정애,더불어민주당,재선,지역구,여,Representative,0.4432117996184036,0.0
심재철,0.001719815345968,교육위원회,심재철,심재철,자유한국당,5선,지역구,남,Representative,0.2402035505413585,0.00041310575237702845
김정재,0.0015144393036403,교육위원회,김정재,김정재,자유한국당,초선,지역구,여,Representative,0.2044480865242837,0.000309624217786428
김한표,0.01108915448707,교육위원회,김한표,김한표,자유한국당,재선,지역구,남,Representative,0.3879670316340894,0.004302226349680391
김현아,0.0078138087869988,교육위원회,김현아,김현아,자유한국당,초선,비례대표,여,Representative,0.6541850288553541,0.005111676726793029
박덕흠,0.0,교육위원회,박덕흠,박덕흠,자유한국당,재선,지역구,남,Representative,0.3783016007215079,0.0
성일종,0.0,교육위원회,성일종,성일종,자유한국당,초선,지역구,남,Representative,0.2957858911419952,0.0
원유철,0.0,교육위원회,원유철,원유철,자유한국당,5선,지역구,남,Representative,0.4771525237688151,0.0
최교일,0.0007171201523157,교육위원회,최교일,최교일,자유한국당,초선,지역구,남,Representative,0.095160296612104,6.824136640087921e-05
홍철호,0.0021810496223449,교육위원회,홍철호,홍철호,자유한국당,재선,지역구,남,Representative,0.4481695399588016,0.0009774800058736318
이양수,0.0070305288943425,교육위원회,이양수,이양수,자유한국당,초선,지역구,남,Representative,0.8099604387683925,0.005694450268035512
곽대훈,0.0012586058808335,교육위원회,곽대훈,곽대훈,자유한국당,초선,지역구,남,Representative,0.1312626090957611,0.00016520789174147377
김석기,0.0,교육위원회,김석기,김석기,자유한국당,초선,지역구,남,Representative,0.3618426593527747,0.0
김성원,0.0026405344087316,교육위원회,김성원,김성원,자유한국당,초선,지역구,남,Representative,0.1487072947006423,0.0003926667284864364
백승주,0.0007917403917439,교육위원회,백승주,백승주,자유한국당,초선,지역구,남,Representative,0.1747219249951915,0.00013833440534194124
송언석,0.0,교육위원회,송언석,송언석,자유한국당,초선,지역구,남,Representative,0.1908856424447248,0.0
이은권,0.0,교육위원회,이은권,이은권,자유한국당,초선,지역구,남,Representative,0.2381916954337352,0.0
정유섭,0.0,교육위원회,정유섭,정유섭,자유한국당,초선,지역구,남,Representative,0.4080188775728643,0.0
추경호,0.0,교육위원회,추경호,추경호,자유한국당,초선,지역구,남,Representative,0.1387872488569416,0.0
기동민,0.0004682804831695,교육위원회,기동민,기동민,더불어민주당,초선,지역구,남,Representative,0.1406386680233549,6.585834341429154e-05
김민기,0.0081460297896115,교육위원회,김민기,김민기,더불어민주당,재선,지역구,남,Representative,0.1891638569535047,0.001540934413861058
김해영,0.0284065671911545,교육위원회,김해영,김해영,더불어민주당,초선,지역구,남,Representative,0.4741611749752225,0.013469291276370423
박경미,0.0108171496914432,교육위원회,박경미,박경미,더불어민주당,초선,비례대표,여,Representative,0.5361234903354704,0.005799328048057785
박용진,0.0100640119938228,교육위원회,박용진,박용진,더불어민주당,초선,지역구,남,Representative,0.6153148674123682,0.006192536205615559
박찬대,0.0112864067326095,교육위원회,박찬대,박찬대,더불어민주당,초선,지역구,남,Representative,0.6056175521921311,0.006835246018447753
신경민,0.0062267664634962,교육위원회,신경민,신경민,더불어민주당,재선,지역구,남,Representative,0.2582677030896177,0.0016081726722026255
안민석,0.0084146942569315,교육위원회,안민석,안민석,더불어민주당,4선,지역구,남,Representative,0.6831934548821521,0.0057488640411700355
이종배,0.0125086065406098,교육위원회,이종배,이종배,자유한국당,재선,지역구,남,Representative,0.2546643617911198,0.0031854963015606214
김규환,0.0027096153635733,교육위원회,김규환,김규환,자유한국당,초선,비례대표,남,Representative,0.4770049822009083,0.0012925000282725896
김상훈,0.004247921088267,교육위원회,김상훈,김상훈,자유한국당,재선,지역구,남,Representative,0.1847431044523968,0.0007847741293152494
김승희,0.0070296581482472,교육위원회,김승희,김승희,자유한국당,초선,비례대표,여,Representative,0.3319279231870295,0.002333339829862473
안상수,0.0,교육위원회,안상수,안상수,자유한국당,3선,지역구,남,Representative,0.6645956077847494,0.0
유민봉,0.0,교육위원회,유민봉,유민봉,자유한국당,초선,비례대표,남,Representative,0.2816932534582966,0.0
장석춘,0.0,교육위원회,장석춘,장석춘,자유한국당,초선,지역구,남,Representative,0.1436037583640525,0.0
정점식,0.0,교육위원회,정점식,정점식,자유한국당,초선,지역구,남,Representative,-0.0,-0.0
정태옥,0.0050201535983088,교육위원회,정태옥,정태옥,자유한국당,초선,지역구,남,Representative,0.3062475812524373,0.0015374098969977898
곽상도,0.0083418813323577,교육위원회,곽상도,곽상도,자유한국당,초선,지역구,남,Representative,0.1797207201934033,0.0014992089208192324
김영우,0.0,교육위원회,김영우,김영우,자유한국당,3선,지역구,남,Representative,0.6260518797021696,0.0
윤재옥,0.0,교육위원회,윤재옥,윤재옥,자유한국당,재선,지역구,남,Representative,0.1344948665442003,0.0
이진복,0.0004622226469057,교육위원회,이진복,이진복,자유한국당,3선,지역구,남,Representative,0.219085789524194,0.00010126641353329803
이채익,0.0044122585124147,교육위원회,이채익,이채익,자유한국당,재선,지역구,남,Representative,0.415602928743905,0.0018337475601347747
이학재,0.013378386628394,교육위원회,이학재,이학재,자유한국당,3선,지역구,남,Representative,1.0008889465537203,0.01339027929908165
전희경,0.008813125227014,교육위원회,전희경,전희경,자유한국당,초선,비례대표,여,Representative,0.0178870009551029,0.00015764037935304086
홍문표,0.011408225481716,교육위원회,홍문표,홍문표,자유한국당,3선,지역구,남,Representative,1.0738729958258912,0.012250985275107632
박인숙,0.015234065890499,교육위원회,박인숙,박인숙,자유한국당,재선,지역구,여,Representative,0.5061732872045339,0.007711077209284344
윤종필,0.0,교육위원회,윤종필,윤종필,자유한국당,초선,비례대표,여,Representative,0.3873171504317463,0.0
이명수,0.0043528865081436,교육위원회,이명수,이명수,자유한국당,3선,지역구,남,Representative,0.3282274440638352,0.0014287368128679265
조훈현,0.0051867370003472,교육위원회,조훈현,조훈현,자유한국당,초선,비례대표,남,Representative,0.3604447460125601,0.0018695321007240944
도종환,0.00692598870533,교육위원회,도종환,도종환,더불어민주당,재선,지역구,남,Representative,0.5493526775829224,0.0038048104401821135
설훈,0.009089987378046,교육위원회,설훈,설훈,더불어민주당,4선,지역구,남,Representative,0.2947522077855856,0.0026792938484221647
신동근,0.0028003928301908,교육위원회,신동근,신동근,더불어민주당,초선,지역구,남,Representative,0.4356644688754545,0.0012200316550077057
윤일규,0.0003885862948576,교육위원회,윤일규,윤일규,더불어민주당,초선,지역구,남,Representative,0.2463711717270404,9.573646078113613e-05
이상헌,0.0032768402288496,교육위원회,이상헌,이상헌,더불어민주당,초선,지역구,남,Representative,0.7296652103979866,0.00239099631502413
강훈식,0.0014337202592058,교육위원회,강훈식,강훈식,더불어민주당,초선,지역구,남,Representative,0.371852456351433,0.0005331324001064899
맹성규,0.0,교육위원회,맹성규,맹성규,더불어민주당,초선,지역구,남,Representative,0.302559084695415,0.0
박홍근,0.0062216693852367,교육위원회,박홍근,박홍근,더불어민주당,재선,지역구,남,Representative,0.4380480284960645,0.002725390008157258
윤관석,0.0021136307962633,교육위원회,윤관석,윤관석,더불어민주당,재선,지역구,남,Representative,0.3522558143466113,0.0007445387373658052
이찬열,0.0363895163579243,교육위원회,이찬열,이찬열,더불어민주당,3선,지역구,남,Representative,1.1746514826711774,0.04274499934352284
장정숙,0.0048407917773598,교육위원회,장정숙,장정숙,국민의당,초선,비례대표,여,Representative,1.0742364163183826,0.005200154811054486
정성호,0.0078834730664104,교육위원회,정성호,정성호,더불어민주당,3선,지역구,남,Representative,0.9858607826855786,0.007772006927532035
황주홍,0.0236949207366771,교육위원회,황주홍,황주홍,국민의당,재선,지역구,남,Representative,1.2962987186817088,0.030715695390219174
김영호,0.0050753183701251,교육위원회,김영호,김영호,더불어민주당,초선,지역구,남,Representative,0.4539708046944207,0.0023040463645660676
김현권,0.0,교육위원회,김현권,김현권,더불어민주당,초선,비례대표,남,Representative,0.6106213595945515,0.0
여영국,0.0005562687039762,교육위원회,여영국,여영국,정의당,초선,지역구,남,Representative,1.4694207601469056,0.0008173927818426417
김경협,0.0,교육위원회,김경협,김경협,더불어민주당,재선,지역구,남,Representative,0.2751830860421476,0.0
김종대,0.0,교육위원회,김종대,김종대,정의당,초선,비례대표,남,Representative,1.4582975228087227,0.0
김종훈,0.0,교육위원회,김종훈,김종훈,더불어민주당,초선,지역구,남,Representative,1.5948540798459616,0.0
손혜원,0.0021932301997143,교육위원회,손혜원,손혜원,더불어민주당,초선,지역구,여,Representative,0.8635365284530971,0.0018939343927597795
심상정,0.0003850896446184,교육위원회,심상정,심상정,정의당,3선,지역구,여,Representative,1.4101172974735254,0.0005430215689543386
윤소하,0.0116192201032752,교육위원회,윤소하,윤소하,정의당,초선,비례대표,남,Representative,1.501385577848504,0.01744492948890479
이용득,0.0,교육위원회,이용득,이용득,더불어민주당,초선,비례대표,남,Representative,0.4820345550834095,0.0
이정미,0.0012874882571154,교육위원회,이정미,이정미,정의당,초선,비례대표,여,Representative,1.419781284660404,0.0018279517316724873
추혜선,0.0035641747484225,교육위원회,추혜선,추혜선,정의당,초선,비례대표,여,Representative,1.4776255797827655,0.005266515779084889
이동섭,0.0299429335524589,교육위원회,이동섭,이동섭,국민의당,초선,비례대표,남,Representative,1.3011529436280886,0.03896033613264216
김세연,0.0087656497937849,교육위원회,김세연,김세연,자유한국당,3선,지역구,남,Representative,1.016616967853162,0.0089113083146203
신용현,0.0008882070801603,교육위원회,신용현,신용현,국민의당,초선,지역구,여,Representative,0.9729453901363904,0.0008641769841284672
안규백,0.0019789552209843,교육위원회,안규백,안규백,더불어민주당,3선,지역구,남,Representative,0.6009595071079386,0.0011892719541914064
유동수,0.0089834631576885,교육위원회,유동수,유동수,더불어민주당,초선,지역구,남,Representative,0.8688043750278167,0.007804872094300974
정병국,0.001939998660529,교육위원회,정병국,정병국,자유한국당,5선,지역구,남,Representative,1.1343779209474094,0.002200691647171646
정인화,0.0075334916919322,교육위원회,정인화,정인화,국민의당,초선,지역구,남,Representative,1.152650910093734,0.008683486054889234
정재호,0.0013025049194048,교육위원회,정재호,정재호,더불어민주당,초선,지역구,남,Representative,0.2574447104853001,0.00033532300188184787
주승용,0.0030867010455009,교육위원회,주승용,주승용,국민의당,4선,지역구,남,Representative,1.1127518815412194,0.0034347323961363757
하태경,0.0,교육위원회,하태경,하태경,자유한국당,재선,지역구,남,Representative,1.492172082079166,0.0
김병관,0.0,교육위원회,김병관,김병관,더불어민주당,초선,지역구,남,Representative,0.4357562473746135,0.0
김정호,9.776405067027018e-05,교육위원회,김정호,김정호,더불어민주당,초선,지역구,남,Representative,0.2510534798158137,2.4544005121660865e-05
강병원,0.0006117659399165,교육위원회,강병원,강병원,더불어민주당,초선,지역구,남,Representative,0.3711053074374737,0.00022702958721248782
고용진,0.0,교육위원회,고용진,고용진,더불어민주당,초선,지역구,남,Representative,0.4239737881662508,0.0
서삼석,0.0005467340844019,교육위원회,서삼석,서삼석,더불어민주당,초선,지역구,남,Representative,0.3135534965130757,0.00017143038382709077
송갑석,0.0,교육위원회,송갑석,송갑석,더불어민주당,초선,지역구,남,Representative,0.1128634081839454,0.0
송옥주,0.0056292456771732,교육위원회,송옥주,송옥주,더불어민주당,초선,비례대표,여,Representative,0.5052940578089671,0.002844424390622433
안호영,0.0,교육위원회,안호영,안호영,더불어민주당,초선,지역구,남,Representative,0.3178846521149758,0.0
윤준호,0.0002589008497837,교육위원회,윤준호,윤준호,더불어민주당,초선,지역구,남,Representative,0.8409997210125054,0.00021773554243799227
윤호중,0.0,교육위원회,윤호중,윤호중,더불어민주당,3선,지역구,남,Representative,0.3826215742444835,0.0
전재수,0.0062051662698321,교육위원회,전재수,전재수,더불어민주당,초선,지역구,남,Representative,0.2424661719200068,0.0015045429115733372
조경태,0.0163355630524626,교육위원회,조경태,조경태,자유한국당,4선,지역구,남,Representative,0.9905363611314508,0.01618096918301968
김성찬,0.0102654985342202,교육위원회,김성찬,김성찬,자유한국당,재선,지역구,남,Representative,0.6145298499661254,0.006308455274061819
박명재,0.0033148198304007,교육위원회,박명재,박명재,자유한국당,재선,지역구,남,Representative,0.5424317597732208,0.001798063553935421
박성중,0.0,교육위원회,박성중,박성중,자유한국당,초선,지역구,남,Representative,0.1599671130327059,0.0
송희경,0.0,교육위원회,송희경,송희경,자유한국당,초선,비례대표,여,Representative,0.6136147509492222,0.0
염동열,0.0066132298973662,교육위원회,염동열,염동열,자유한국당,재선,지역구,남,Representative,0.2114928291135159,0.001398650700572064
윤영석,0.003395414228288,교육위원회,윤영석,윤영석,자유한국당,재선,지역구,남,Representative,0.3920069894662951,0.0013310261096222025
윤한홍,0.0004379555955539,교육위원회,윤한홍,윤한홍,자유한국당,초선,지역구,남,Representative,0.2622782919078764,0.00011486624553337363
이현재,0.0,교육위원회,이현재,이현재,자유한국당,재선,지역구,남,Representative,0.2081669972188319,0.0
최연혜,0.0019012773862289,교육위원회,최연혜,최연혜,자유한국당,초선,비례대표,여,Representative,0.0914081709115077,0.00017379228827059593
경대수,0.0026345046030331,교육위원회,경대수,경대수,자유한국당,재선,지역구,남,Representative,0.635460965905347,0.0016741248397254965
문진국,0.0,교육위원회,문진국,문진국,자유한국당,초선,비례대표,남,Representative,0.6376962280009649,0.0
이언주,0.001406255505815,교육위원회,이언주,이언주,더불어민주당,재선,지역구,여,Representative,1.5238762330035724,0.0021429593428418958
김정훈,0.0,교육위원회,김정훈,김정훈,자유한국당,4선,지역구,남,Representative,0.260541039338365,0.0
권칠승,0.0017846084668747,교육위원회,권칠승,권칠승,더불어민주당,초선,지역구,남,Representative,0.3014891570605743,0.0005380401023612171
김성수,0.0013654425820842,교육위원회,김성수,김성수,더불어민주당,초선,비례대표,남,Representative,0.6300024830232042,0.0008602322171386613
김종민,0.0,교육위원회,김종민,김종민,더불어민주당,초선,지역구,남,Representative,0.5934295202694789,0.0
박광온,0.0040882164954134,교육위원회,박광온,박광온,더불어민주당,재선,지역구,남,Representative,0.2036686067716271,0.0008326413578016312
박정,0.0065388904936182,교육위원회,박정,박정,더불어민주당,초선,지역구,남,Representative,0.2968827671690504,0.001941283903960769
이석현,0.0004728909391444,교육위원회,이석현,이석현,더불어민주당,6선,지역구,남,Representative,0.4261848158879266,0.00020153893783432481
정은혜,0.0,교육위원회,정은혜,정은혜,더불어민주당,초선,비례대표,여,Representative,0.6448259909434018,0.0
김용태,0.0,교육위원회,김용태,김용태,자유한국당,3선,지역구,남,Representative,0.121605698183563,0.0
서청원,0.0,교육위원회,서청원,서청원,자유한국당,8선,지역구,남,Representative,0.2133277142020287,0.0
신상진,0.0,교육위원회,신상진,신상진,자유한국당,4선,지역구,남,Representative,0.5170961526344651,0.0
주호영,0.0037195972525911,교육위원회,주호영,주호영,자유한국당,4선,지역구,남,Representative,0.3195534977330795,0.001188610312223839
김정우,0.0042108151347023,교육위원회,김정우,김정우,더불어민주당,초선,지역구,남,Representative,0.4417726916628472,0.0018602231361520896
이후삼,0.0,교육위원회,이후삼,이후삼,더불어민주당,초선,지역구,남,Representative,0.0401066425951788,0.0
정세균,0.0690181658395785,교육위원회,정세균,정세균,더불어민주당,6선,지역구,남,Representative,0.8298975517248326,0.05727800685480467
김종회,0.0029919214500707,교육위원회,김종회,김종회,국민의당,초선,지역구,남,Representative,1.05317158253419,0.003151006648388948
김관영,0.0027593333708484,교육위원회,김관영,김관영,국민의당,재선,지역구,남,Representative,1.1358758772529134,0.003134260213245665
박지원,0.0,교육위원회,박지원,박지원,국민의당,4선,지역구,남,Representative,0.7565970138970873,0.0
유성엽,0.0033146241440276,교육위원회,유성엽,유성엽,국민의당,3선,지역구,남,Representative,1.0788643249197116,0.003576029739508914
장병완,0.000242379386623,교육위원회,장병완,장병완,국민의당,3선,지역구,남,Representative,0.8364677546616743,0.00020274254130481467
정운천,0.0,교육위원회,정운천,정운천,자유한국당,초선,지역구,남,Representative,1.205596444443113,0.0
조배숙,0.003522030416724,교육위원회,조배숙,조배숙,국민의당,4선,지역구,여,Representative,1.0458037986965076,0.003683352788934603
천정배,0.0,교육위원회,천정배,천정배,국민의당,6선,지역구,남,Representative,0.9572737450190898,0.0
이원욱,0.0053044328850863,교육위원회,이원욱,이원욱,더불어민주당,재선,지역구,남,Representative,0.3714494969930796,0.001970328926998856
홍익표,0.0003831372509245,교육위원회,홍익표,홍익표,더불어민주당,재선,지역구,남,Representative,0.1975395629671791,7.568476510407217e-05
김경진,0.0050128893317718,교육위원회,김경진,김경진,국민의당,초선,지역구,남,Representative,1.3711841868583572,0.006873594582196448
이철희,0.001278394053464,교육위원회,이철희,이철희,더불어민주당,초선,비례대표,남,Representative,0.8472933004468098,0.0010831747168310879
권은희,0.0,교육위원회,권은희,권은희,국민의당,재선,지역구,여,Representative,0.9101311635551772,0.0
김삼화,0.0076962868597582,교육위원회,김삼화,김삼화,국민의당,초선,비례대표,여,Representative,1.0477888116577914,0.008064083262963519
김진표,0.0005881808308879,교육위원회,김진표,김진표,더불어민주당,4선,지역구,남,Representative,0.9058736267791744,0.0005328175024784102
백재현,0.0059617309113328,교육위원회,백재현,백재현,더불어민주당,3선,지역구,남,Representative,0.5536257649582159,0.003300567836261663
유승희,0.0019986515056996,교육위원회,유승희,유승희,더불어민주당,3선,지역구,여,Representative,0.5469890607717001,0.0010932405099125684
정동영,0.0,교육위원회,정동영,정동영,국민의당,4선,지역구,남,Representative,1.1063278234248168,0.0
최도자,0.0065954688188857,교육위원회,최도자,최도자,국민의당,초선,비례대표,여,Representative,1.2596089727347155,0.008307711703660464
임재훈,0.0016962093465607,교육위원회,임재훈,임재훈,국민의당,초선,비례대표,남,Representative,1.0830349246445592,0.0018370539618337647
김동철,0.0064727214288845,교육위원회,김동철,김동철,국민의당,4선,지역구,남,Representative,1.2078444006959184,0.007818040335142627
김수민,0.01637625797718,교육위원회,김수민,김수민,국민의당,초선,비례대표,여,Representative,1.362224448997969,0.022308138999612617
강효상,0.0011659669603582,교육위원회,강효상,강효상,자유한국당,초선,비례대표,남,Representative,0.2888513821081876,0.00033679116799194844
송석준,0.0,교육위원회,송석준,송석준,자유한국당,초선,지역구,남,Representative,0.8824103424051088,0.0
유재중,0.0,교육위원회,유재중,유재중,자유한국당,3선,지역구,남,Representative,0.4969856333113908,0.0
이장우,0.0143469940231595,교육위원회,이장우,이장우,자유한국당,재선,지역구,남,Representative,0.2676638759131752,0.003840172027942031
임이자,0.0,교육위원회,임이자,임이자,자유한국당,초선,비례대표,여,Representative,0.2625742813254558,0.0
정양석,0.0,교육위원회,정양석,정양석,자유한국당,재선,지역구,남,Representative,0.3859603071668061,0.0
신보라,0.0026250033830981,교육위원회,신보라,신보라,자유한국당,초선,비례대표,여,Representative,0.2403514969713895,0.0006309234926825902
위성곤,0.0102321254442535,교육위원회,위성곤,위성곤,더불어민주당,초선,지역구,남,Representative,0.8913491139784591,0.009120395948851804
권성동,0.0017630139976849,교육위원회,권성동,권성동,자유한국당,3선,지역구,남,Representative,0.4062466024090395,0.0007162184465590688
김진태,0.0002371835527357,교육위원회,김진태,김진태,자유한국당,재선,지역구,남,Representative,0.0487572040542768,1.1564406879052846e-05
엄용수,0.0,교육위원회,엄용수,엄용수,자유한국당,초선,지역구,남,Representative,0.3660271027599738,0.0
정용기,0.0006010091334109,교육위원회,정용기,정용기,자유한국당,재선,지역구,남,Representative,0.1798568900906483,0.00010809563365136002
홍일표,0.0,교육위원회,홍일표,홍일표,자유한국당,3선,지역구,남,Representative,0.7569146892318556,0.0
김광림,0.0027788714863418,교육위원회,김광림,김광림,자유한국당,3선,지역구,남,Representative,0.2439500943098557,0.0006779059611680511
김재원,0.0041899092642544,교육위원회,김재원,김재원,자유한국당,3선,지역구,남,Representative,0.215473832424108,0.0009028158066781702
민경욱,0.0020407568032253,교육위원회,민경욱,민경욱,자유한국당,초선,지역구,남,Representative,0.073326278826337,0.00014964110237004248
이종명,0.0031141724007106,교육위원회,이종명,이종명,자유한국당,초선,비례대표,남,Representative,0.1302432569839321,0.0004055999562780194
주광덕,0.0018340125116527,교육위원회,주광덕,주광덕,자유한국당,재선,지역구,남,Representative,0.2195218361538728,0.0004026057940871767
나경원,0.0115292589097187,교육위원회,나경원,나경원,자유한국당,4선,지역구,여,Representative,0.4570003286366014,0.0052688751106779105
강석진,0.0017853772539459,교육위원회,강석진,강석진,자유한국당,초선,지역구,남,Representative,0.6089939732328231,0.0010872839876000207
강석호,0.0008747810389703,교육위원회,강석호,강석호,자유한국당,3선,지역구,남,Representative,0.4559473254820344,0.0003988540751009036
김기선,0.0017651784894475,교육위원회,김기선,김기선,자유한국당,재선,지역구,남,Representative,0.2058944226376191,0.0003634404059371376
김도읍,0.0280301177804557,교육위원회,김도읍,김도읍,자유한국당,재선,지역구,남,Representative,0.0786043622449074,0.0022032895317823597
김명연,0.0070996998463633,교육위원회,김명연,김명연,자유한국당,재선,지역구,남,Representative,0.1923901370296166,0.0013659122263109831
김무성,0.0,교육위원회,김무성,김무성,자유한국당,6선,지역구,남,Representative,0.2993921614051784,0.0
김선동,0.0015815509676424,교육위원회,김선동,김선동,자유한국당,재선,지역구,남,Representative,0.1938810024934638,0.0003066326871010162
김순례,0.0024673946853874,교육위원회,김순례,김순례,자유한국당,초선,비례대표,여,Representative,0.2162730117184349,0.0005336308797067932
김재경,0.0,교육위원회,김재경,김재경,자유한국당,4선,지역구,남,Representative,0.1491019221549866,0.0
김종석,0.0,교육위원회,김종석,김종석,자유한국당,초선,비례대표,남,Representative,0.1902354048834826,0.0
김태흠,0.0,교육위원회,김태흠,김태흠,자유한국당,재선,지역구,남,Representative,0.74944812472639,0.0
김학용,0.0011869156723094,교육위원회,김학용,김학용,자유한국당,3선,지역구,남,Representative,0.3347518226262136,0.00039732218460918935
박대출,0.0,교육위원회,박대출,박대출,자유한국당,재선,지역구,남,Representative,0.1666888897701005,0.0
박맹우,0.0018525149699716,교육위원회,박맹우,박맹우,자유한국당,재선,지역구,남,Representative,0.2150211852210185,0.0003983299644829729
박순자,0.004226534205565,교육위원회,박순자,박순자,자유한국당,3선,지역구,여,Representative,0.4713721881542825,0.001992270676786096
박완수,0.0,교육위원회,박완수,박완수,자유한국당,초선,지역구,남,Representative,0.320674965976727,0.0
여상규,0.0,교육위원회,여상규,여상규,자유한국당,3선,지역구,남,Representative,0.179755435767015,0.0
유기준,0.0015110822609661,교육위원회,유기준,유기준,자유한국당,4선,지역구,남,Representative,0.2633017533080311,0.0003978706087050379
윤상직,0.0009515774220141,교육위원회,윤상직,윤상직,자유한국당,초선,지역구,남,Representative,0.3535025828741088,0.00033638507648667016
윤상현,0.0011412784927751,교육위원회,윤상현,윤상현,자유한국당,3선,지역구,남,Representative,0.2001655767502632,0.00022844466773899898
이만희,0.0007370419792646,교육위원회,이만희,이만희,자유한국당,초선,지역구,남,Representative,0.3536107077628312,0.00026062593593867314
이은재,0.002875848566164,교육위원회,이은재,이은재,자유한국당,재선,지역구,여,Representative,0.0511753819484567,0.00014717264879936427
이종구,0.0,교육위원회,이종구,이종구,자유한국당,3선,지역구,남,Representative,0.5199034206107074,0.0
이주영,0.0,교육위원회,이주영,이주영,자유한국당,5선,지역구,남,Representative,0.5651882414157886,0.0
이철규,0.0,교육위원회,이철규,이철규,자유한국당,초선,지역구,남,Representative,0.4017209073035526,0.0
이헌승,0.0017515348564883,교육위원회,이헌승,이헌승,자유한국당,재선,지역구,남,Representative,0.1422055697125377,0.00024907801213828665
장제원,0.0,교육위원회,장제원,장제원,자유한국당,재선,지역구,남,Representative,0.5900030223326368,0.0
정갑윤,0.0047400812077835,교육위원회,정갑윤,정갑윤,자유한국당,5선,지역구,남,Representative,0.2887216846392271,0.0013685642316379942
정우택,0.0010840277648373,교육위원회,정우택,정우택,자유한국당,4선,지역구,남,Representative,0.5140939839979815,0.0005572921523896346
정종섭,0.0010395573071596,교육위원회,정종섭,정종섭,자유한국당,초선,지역구,남,Representative,0.3807594230574026,0.0003958212405091964
정진석,0.0,교육위원회,정진석,정진석,자유한국당,4선,지역구,남,Representative,0.2765017781360929,0.0
한선교,0.007703553689174,교육위원회,한선교,한선교,자유한국당,4선,지역구,남,Representative,0.1186880320068769,0.0009143196268273783
함진규,0.0197826519098513,교육위원회,함진규,함진규,자유한국당,재선,지역구,남,Representative,0.2078582495326021,0.004111987397094479
박선숙,0.0,교육위원회,박선숙,박선숙,국민의당,재선,비례대표,여,Representative,1.2142537538570304,0.0
최운열,0.0005836447682952,교육위원회,최운열,최운열,더불어민주당,초선,비례대표,남,Representative,0.459943821659768,0.0002684438052214241
조원진,0.0001427085357008,교육위원회,조원진,조원진,자유한국당,3선,지역구,남,Representative,0.1561314852952748,2.2281295643279652e-05
홍문종,0.0003512447737359,교육위원회,홍문종,홍문종,자유한국당,4선,지역구,남,Representative,0.1754129276773165,6.161287409237082e-05
김철민,0.0021699207853145,교육위원회,김철민,김철민,더불어민주당,초선,지역구,남,Representative,0.4943055978963909,0.00107260399117269
박재호,0.0059517346172573,교육위원회,박재호,박재호,더불어민주당,초선,지역구,남,Representative,0.2524296630381502,0.001502394363926754
이종걸,0.0016693444349681,교육위원회,이종걸,이종걸,더불어민주당,5선,지역구,남,Representative,1.0363897595497007,0.0017300914775622202
최인호,0.0075260685752408,교육위원회,최인호,최인호,더불어민주당,초선,지역구,남,Representative,0.1459769861531162,0.001098632808195329
최재성,0.0001404465845029,교육위원회,최재성,최재성,더불어민주당,4선,지역구,남,Representative,0.0631784868170286,8.873202687513162e-06
인재근,0.0,교육위원회,인재근,인재근,더불어민주당,재선,지역구,여,Representative,0.4706617600587874,0.0
김영진,0.0002833632485099,교육위원회,김영진,김영진,더불어민주당,초선,지역구,남,Representative,0.1323556283416291,3.750472080545301e-05
윤후덕,0.0071253664057246,교육위원회,윤후덕,윤후덕,더불어민주당,재선,지역구,남,Representative,0.3602653219661517,0.002567022422285174
추미애,0.0,교육위원회,추미애,추미애,더불어민주당,5선,지역구,여,Representative,0.2576812972041676,0.0
홍의락,0.0056126672712666,교육위원회,홍의락,홍의락,더불어민주당,재선,지역구,남,Representative,0.5274233799288646,0.0029602519426275477
송영길,0.0019859132335718,교육위원회,송영길,송영길,더불어민주당,4선,지역구,남,Representative,0.4968450830667373,0.0009866912254973138
정춘숙,0.0023566358274468,교육위원회,정춘숙,정춘숙,더불어민주당,초선,비례대표,여,Representative,0.6218718977568765,0.0014655255943361884
조정식,0.0036812673716191,교육위원회,조정식,조정식,더불어민주당,4선,지역구,남,Representative,0.657600712329438,0.002420804045851838
이규희,0.0004590361515744,교육위원회,이규희,이규희,더불어민주당,초선,지역구,남,Representative,0.3036400552435822,0.00013938176242285217
김상희,0.0043333279720313,교육위원회,김상희,김상희,더불어민주당,3선,지역구,여,Representative,0.549508602610133,0.002381200998562321
조응천,0.0005728583551466,교육위원회,조응천,조응천,더불어민주당,초선,지역구,남,Representative,0.3625277926369529,0.00020767707498493254
오영훈,0.0048762827377937,교육위원회,오영훈,오영훈,더불어민주당,초선,지역구,남,Representative,0.7649594424293005,0.003730158524230292
김한정,0.0005895832005653,교육위원회,김한정,김한정,더불어민주당,초선,지역구,남,Representative,0.475581724187707,0.00028039499507695204
박완주,0.000209177081964,교육위원회,박완주,박완주,더불어민주당,재선,지역구,남,Representative,0.7029909046961353,0.00014704958609157
이개호,0.0007492489462604,교육위원회,이개호,이개호,더불어민주당,재선,지역구,남,Representative,0.9076344805120292,0.0006800441781132434
전혜숙,0.0054833056204683,교육위원회,전혜숙,전혜숙,더불어민주당,재선,지역구,여,Representative,0.717807959122133,0.003935960416671272
서형수,0.0,교육위원회,서형수,서형수,더불어민주당,초선,지역구,남,Representative,0.5046603090328576,0.0
어기구,0.0,교육위원회,어기구,어기구,더불어민주당,초선,지역구,남,Representative,0.386064465691427,0.0
원혜영,0.0084649858236285,교육위원회,원혜영,원혜영,더불어민주당,5선,지역구,남,Representative,0.8199263539696501,0.006940664962772491
심기준,0.0,교육위원회,심기준,심기준,더불어민주당,초선,비례대표,남,Representative,0.3265883675668164,0.0
소병훈,0.0034306899245086,교육위원회,소병훈,소병훈,더불어민주당,초선,지역구,남,Representative,0.5375988645747761,0.0018443350081239478
홍영표,0.0,교육위원회,홍영표,홍영표,더불어민주당,3선,지역구,남,Representative,0.7711565648093,0.0
이춘석,0.0029021838046887,교육위원회,이춘석,이춘석,더불어민주당,3선,지역구,남,Representative,0.5338027552115759,0.001549193711073242
금태섭,0.000844691772324,교육위원회,금태섭,금태섭,더불어민주당,초선,지역구,남,Representative,0.4645794902283139,0.0003924264729863349
이학영,0.0003585849358291,교육위원회,이학영,이학영,더불어민주당,재선,지역구,남,Representative,0.3212334061727276,0.00011518946033861073
윤영일,0.0,교육위원회,윤영일,윤영일,국민의당,초선,지역구,남,Representative,1.2136308597582175,0.0
황영철,0.0,교육위원회,황영철,황영철,자유한국당,3선,지역구,남,Representative,0.3717335455385492,0.0
김광수,0.0011035262714247,교육위원회,김광수,김광수,국민의당,초선,지역구,남,Representative,0.7050580980902613,0.0007780501341233365
박주현,0.0003847272927264,교육위원회,박주현,박주현,국민의당,초선,비례대표,여,Representative,0.6812471540561623,0.0002620943732575921
김태년,0.0010229087681529,교육위원회,김태년,김태년,더불어민주당,3선,지역구,남,Representative,0.3475258712280392,0.0003554872608391369
표창원,0.0,교육위원회,표창원,표창원,더불어민주당,초선,지역구,남,Representative,0.4432466247795722,0.0
김중로,0.0,교육위원회,김중로,김중로,국민의당,초선,비례대표,남,Representative,1.0195617327999331,0.0
오신환,0.0,교육위원회,오신환,오신환,자유한국당,재선,지역구,남,Representative,1.0828612536923172,0.0
유승민,0.0,교육위원회,유승민,유승민,자유한국당,4선,지역구,남,Representative,1.0521010990735595,0.0
이태규,0.0011932988997642,교육위원회,이태규,이태규,국민의당,초선,비례대표,남,Representative,1.2563599016081857,0.0014992128882969065
제윤경,0.0003079957045123,교육위원회,제윤경,제윤경,더불어민주당,초선,비례대표,여,Representative,0.2928274618467911,9.018960041205106e-05
노웅래,0.010505993705719,교육위원회,노웅래,노웅래,더불어민주당,3선,지역구,남,Representative,0.7159401864066474,0.007521663092059525
이용주,0.0,교육위원회,이용주,이용주,국민의당,초선,지역구,남,Representative,0.6566531230147329,0.0
민홍철,0.0052408861682442,교육위원회,민홍철,민홍철,더불어민주당,재선,지역구,남,Representative,0.9609964146420744,0.005036472817229916
채이배,0.0010864519325294,교육위원회,채이배,채이배,국민의당,초선,비례대표,남,Representative,1.231055717778328,0.001337482863631632
박주선,0.0013107400202861,교육위원회,박주선,박주선,국민의당,4선,지역구,남,Representative,1.0117643014135882,0.0013261599609595983
오제세,0.0005078217798487,교육위원회,오제세,오제세,더불어민주당,4선,지역구,남,Representative,1.1845693642879889,0.0006015501229269697
전현희,0.0008669478977717,교육위원회,전현희,전현희,더불어민주당,재선,지역구,여,Representative,0.2186320857698749,0.00018954262714363505
심재권,0.0018099800796713,교육위원회,심재권,심재권,더불어민주당,3선,지역구,남,Representative,0.5028645163718454,0.0009101747574065825
강창일,0.0012946664020749,교육위원회,강창일,강창일,더불어민주당,4선,지역구,남,Representative,0.8418881333730888,0.0010899642805836903
이수혁,0.0,교육위원회,이수혁,이수혁,더불어민주당,초선,비례대표,남,Representative,0.3510840296934358,0.0
강길부,0.0113362800903217,교육위원회,강길부,강길부,자유한국당,4선,지역구,남,Representative,1.011544857155329,0.011467155824637264
김영춘,0.0030980961018251,교육위원회,김영춘,김영춘,더불어민주당,3선,지역구,남,Representative,0.6816995899942737,0.0021119708423770283
이훈,0.0,교육위원회,이훈,이훈,더불어민주당,초선,지역구,남,Representative,0.4457924997779086,0.0
권미혁,0.0030024630679641,교육위원회,권미혁,권미혁,더불어민주당,초선,지역구,여,Representative,0.4592713852034786,0.0013789453722461583
이재정,0.0,교육위원회,이재정,이재정,더불어민주당,초선,비례대표,여,Representative,0.1297805327369249,0.0
이상민,0.0001404326804606,교육위원회,이상민,이상민,더불어민주당,4선,지역구,남,Representative,0.6302132597162741,8.850253732376862e-05
손금주,0.0,교육위원회,손금주,손금주,국민의당,초선,지역구,남,Representative,1.3417577348471896,0.0
이용호,0.0014902035578869,교육위원회,이용호,이용호,국민의당,초선,지역구,남,Representative,0.9837359713108262,0.0014659668444687187
박주민,0.0103150356835713,교육위원회,박주민,박주민,더불어민주당,초선,지역구,남,Representative,0.6441785729603295,0.006644724966677838
전해철,0.0004507194654374,교육위원회,전해철,전해철,더불어민주당,재선,지역구,남,Representative,0.1604451590533877,7.231575632056152e-05
황희,0.0,교육위원회,황희,황희,더불어민주당,초선,지역구,남,Representative,0.2691269447247251,0.0
이인영,0.0002482352625186,교육위원회,이인영,이인영,더불어민주당,3선,지역구,남,Representative,0.1211476890856317,3.0073128403693516e-05
이완영,0.0,교육위원회,이완영,이완영,자유한국당,재선,지역구,남,Representative,0.3571997154092039,0.0
송기헌,0.0005795221097966,교육위원회,송기헌,송기헌,더불어민주당,초선,지역구,남,Representative,0.3192665277817301,0.00018502201176750303
김부겸,0.0076607027860539,교육위원회,김부겸,김부겸,더불어민주당,4선,지역구,남,Representative,0.8571509059437675,0.006566378333232045
변재일,0.0017735327063376,교육위원회,변재일,변재일,더불어민주당,4선,지역구,남,Representative,0.629493870938658,0.00111642796854877
민병두,0.0,교육위원회,민병두,민병두,더불어민주당,3선,지역구,남,Representative,0.4585025107011514,0.0
유의동,0.0,교육위원회,유의동,유의동,자유한국당,재선,지역구,남,Representative,1.0164179390168884,0.0
박범계,0.000704729366808,교육위원회,박범계,박범계,더불어민주당,재선,지역구,남,Representative,0.5376962952563203,0.00037893036969099405
박병석,0.0,교육위원회,박병석,박병석,더불어민주당,5선,지역구,남,Representative,0.4701074306076837,0.0
우상호,0.0,교육위원회,우상호,우상호,더불어민주당,3선,지역구,남,Representative,0.950393725091267,0.0
이상돈,0.0,교육위원회,이상돈,이상돈,국민의당,초선,비례대표,남,Representative,1.606671771644464,0.0
지상욱,0.0,교육위원회,지상욱,지상욱,자유한국당,초선,지역구,남,Representative,0.7380939530534976,0.0
이군현,0.0,교육위원회,이군현,이군현,자유한국당,4선,지역구,남,Representative,0.5199038049730397,0.0
김성환,0.0,교육위원회,김성환,김성환,더불어민주당,초선,지역구,남,Representative,0.4284341213691399,0.0
김현미,0.0,교육위원회,김현미,김현미,더불어민주당,3선,지역구,여,Representative,0.5372955133516878,0.0
박영선,0.0,교육위원회,박영선,박영선,더불어민주당,4선,지역구,여,Representative,0.4472601336192084,0.0
유은혜,0.0083418300443173,교육위원회,유은혜,유은혜,더불어민주당,재선,지역구,여,Representative,0.4014353783153699,0.003348705699683034
이해찬,0.0,교육위원회,이해찬,이해찬,더불어민주당,7선,지역구,남,Representative,0.3925330774809683,0.0
진선미,0.0009441814445713,교육위원회,진선미,진선미,더불어민주당,재선,지역구,여,Representative,0.7038169878391717,0.0006645309402918102
진영,0.0,교육위원회,진영,진영,더불어민주당,4선,지역구,남,Representative,0.930618422605128,0.0
문희상,0.0,교육위원회,문희상,문희상,더불어민주당,6선,지역구,남,Representative,0.6351751444405559,0.0
권석창,0.0,교육위원회,권석창,권석창,자유한국당,초선,지역구,남,Representative,0.2295248300116327,0.0
양승조,0.0003255374642464,교육위원회,양승조,양승조,더불어민주당,4선,지역구,남,Representative,0.7857133708245717,0.0002557791383627224
노회찬,0.0004707467447925,교육위원회,노회찬,노회찬,정의당,3선,지역구,남,Representative,1.280547886443722,0.0006028137490942981
오세정,0.0050893319725978,교육위원회,오세정,오세정,국민의당,초선,비례대표,남,Representative,1.1278834176360886,0.005740173138738223
김성식,0.0,교육위원회,김성식,김성식,국민의당,재선,지역구,남,Representative,1.2630624263755816,0.0
이혜훈,0.0,교육위원회,이혜훈,이혜훈,자유한국당,3선,지역구,여,Representative,1.4755924567120928,0.0
박찬우,0.0,교육위원회,박찬우,박찬우,자유한국당,초선,지역구,남,Representative,0.453230298468986,0.0
박준영,0.0013901595495709,교육위원회,박준영,박준영,국민의당,초선,지역구,남,Representative,0.8806716279052433,0.0012242740735686243
박남춘,0.0007934566990733,교육위원회,박남춘,박남춘,더불어민주당,재선,지역구,남,Representative,0.4605735800336737,0.0003654451924938911
이우현,0.0,교육위원회,이우현,이우현,자유한국당,재선,지역구,남,Representative,0.2335736215615007,0.0
송기석,0.0051331381159397,교육위원회,송기석,송기석,국민의당,초선,지역구,남,Representative,0.7845483731860012,0.004027195158199547
이철우,0.0,교육위원회,이철우,이철우,자유한국당,3선,지역구,남,Representative,0.2619402628325249,0.0
최명길,0.0,교육위원회,최명길,최명길,더불어민주당,초선,지역구,남,Representative,0.6829154638268365,0.0
윤종오,0.0002219083703673,교육위원회,윤종오,윤종오,더불어민주당,초선,지역구,남,Representative,1.1947717620134848,0.00026512985466927997
이정현,0.0006162469024615,교육위원회,이정현,이정현,자유한국당,3선,지역구,남,Representative,0.583583007550223,0.0003596312207319911
문미옥,0.0,교육위원회,문미옥,문미옥,더불어민주당,초선,비례대표,여,Representative,0.3542828873224695,0.0
김경수,0.0005178736744397,교육위원회,김경수,김경수,더불어민주당,초선,지역구,남,Representative,0.2933099446985726,0.000151897498810755
김종태,0.0,교육위원회,김종태,김종태,자유한국당,재선,지역구,남,Representative,0.4863851342735198,0.0
배덕광,0.0,교육위원회,배덕광,배덕광,자유한국당,재선,지역구,남,Representative,0.1475526412690407,0.0
안철수,0.0,교육위원회,안철수,안철수,국민의당,재선,지역구,남,Representative,0.3712323266408756,0.0
김종인,0.0,교육위원회,김종인,김종인,더불어민주당,5선,비례대표,남,Representative,0.5695817734956851,0.0
윤준호,0.0155243180310898,농림축산식품해양수산위원회,윤준호,윤준호,더불어민주당,초선,지역구,남,Representative,0.8409997210125054,0.01305594713305593
김철민,0.0201010662822141,농림축산식품해양수산위원회,김철민,김철민,더불어민주당,초선,지역구,남,Representative,0.4943055978963909,0.009936069586984824
박경미,0.0,농림축산식품해양수산위원회,박경미,박경미,더불어민주당,초선,비례대표,여,Representative,0.5361234903354704,0.0
박광온,0.003774983740121,농림축산식품해양수산위원회,박광온,박광온,더불어민주당,재선,지역구,남,Representative,0.2036686067716271,0.0007688456789359901
박재호,0.0025421428736668,농림축산식품해양수산위원회,박재호,박재호,더불어민주당,초선,지역구,남,Representative,0.2524296630381502,0.0006417122689945452
송영길,0.0,농림축산식품해양수산위원회,송영길,송영길,더불어민주당,4선,지역구,남,Representative,0.4968450830667373,0.0
신경민,0.0014190497354212,농림축산식품해양수산위원회,신경민,신경민,더불어민주당,재선,지역구,남,Representative,0.2582677030896177,0.00036649471573716304
안민석,0.0,농림축산식품해양수산위원회,안민석,안민석,더불어민주당,4선,지역구,남,Representative,0.6831934548821521,0.0
오영훈,0.0087838951576981,농림축산식품해양수산위원회,오영훈,오영훈,더불어민주당,초선,지역구,남,Representative,0.7649594424293005,0.0067193235421901705
이용득,0.0004942734628762,농림축산식품해양수산위원회,이용득,이용득,더불어민주당,초선,비례대표,남,Representative,0.4820345550834095,0.00023825688876706516
김민기,0.0007970504034252,농림축산식품해양수산위원회,김민기,김민기,더불어민주당,재선,지역구,남,Representative,0.1891638569535047,0.00015077312849825776
김병관,0.0010256466639392,농림축산식품해양수산위원회,김병관,김병관,더불어민주당,초선,지역구,남,Representative,0.4357562473746135,0.0004469319414104371
박정,0.0071081274907356,농림축산식품해양수산위원회,박정,박정,더불어민주당,초선,지역구,남,Representative,0.2968827671690504,0.0021102805588399834
서형수,0.0,농림축산식품해양수산위원회,서형수,서형수,더불어민주당,초선,지역구,남,Representative,0.5046603090328576,0.0
송기헌,0.0,농림축산식품해양수산위원회,송기헌,송기헌,더불어민주당,초선,지역구,남,Representative,0.3192665277817301,0.0
심기준,0.0,농림축산식품해양수산위원회,심기준,심기준,더불어민주당,초선,비례대표,남,Representative,0.3265883675668164,0.0
우원식,0.0,농림축산식품해양수산위원회,우원식,우원식,더불어민주당,3선,지역구,남,Representative,0.2682558233303833,0.0
윤관석,0.0019612470682776,농림축산식품해양수산위원회,윤관석,윤관석,더불어민주당,재선,지역구,남,Representative,0.3522558143466113,0.0006908606831710299
전재수,0.0013495217247001,농림축산식품해양수산위원회,전재수,전재수,더불어민주당,초선,지역구,남,Representative,0.2424661719200068,0.00032721336651091854
정은혜,0.0,농림축산식품해양수산위원회,정은혜,정은혜,더불어민주당,초선,비례대표,여,Representative,0.6448259909434018,0.0
정운천,0.0129471338009346,농림축산식품해양수산위원회,정운천,정운천,자유한국당,초선,지역구,남,Representative,1.205596444443113,0.015609018476136001
김성찬,0.0286244401223515,농림축산식품해양수산위원회,김성찬,김성찬,자유한국당,재선,지역구,남,Representative,0.6145298499661254,0.017590572893753008
김세연,0.0,농림축산식품해양수산위원회,김세연,김세연,자유한국당,3선,지역구,남,Representative,1.016616967853162,0.0
문진국,0.0064651842725335,농림축산식품해양수산위원회,문진국,문진국,자유한국당,초선,비례대표,남,Representative,0.6376962280009649,0.004122823623925775
원유철,0.0020853276333373,농림축산식품해양수산위원회,원유철,원유철,자유한국당,5선,지역구,남,Representative,0.4771525237688151,0.0009950193431317428
이언주,0.0,농림축산식품해양수산위원회,이언주,이언주,더불어민주당,재선,지역구,여,Representative,1.5238762330035724,0.0
이은재,0.0,농림축산식품해양수산위원회,이은재,이은재,자유한국당,재선,지역구,여,Representative,0.0511753819484567,0.0
이철규,0.0009117562579195,농림축산식품해양수산위원회,이철규,이철규,자유한국당,초선,지역구,남,Representative,0.4017209073035526,0.00036627155117111346
정갑윤,0.0,농림축산식품해양수산위원회,정갑윤,정갑윤,자유한국당,5선,지역구,남,Representative,0.2887216846392271,0.0
정병국,0.0025527702938541,농림축산식품해양수산위원회,정병국,정병국,자유한국당,5선,지역구,남,Representative,1.1343779209474094,0.0028958062585985214
하태경,0.0,농림축산식품해양수산위원회,하태경,하태경,자유한국당,재선,지역구,남,Representative,1.492172082079166,0.0
이명수,0.0079382645193211,농림축산식품해양수산위원회,이명수,이명수,자유한국당,3선,지역구,남,Representative,0.3282274440638352,0.0026055562734793943
김성원,0.0025786908478078,농림축산식품해양수산위원회,김성원,김성원,자유한국당,초선,지역구,남,Representative,0.1487072947006423,0.0003834701398468037
김승희,0.0,농림축산식품해양수산위원회,김승희,김승희,자유한국당,초선,비례대표,여,Representative,0.3319279231870295,0.0
박덕흠,0.0018686322507526,농림축산식품해양수산위원회,박덕흠,박덕흠,자유한국당,재선,지역구,남,Representative,0.3783016007215079,0.0007069065716195427
성일종,0.0036318097242637,농림축산식품해양수산위원회,성일종,성일종,자유한국당,초선,지역구,남,Representative,0.2957858911419952,0.0010742380757495025
오제세,0.0,농림축산식품해양수산위원회,오제세,오제세,더불어민주당,4선,지역구,남,Representative,1.1845693642879889,0.0
유민봉,0.0,농림축산식품해양수산위원회,유민봉,유민봉,자유한국당,초선,비례대표,남,Representative,0.2816932534582966,0.0
윤종필,0.0,농림축산식품해양수산위원회,윤종필,윤종필,자유한국당,초선,비례대표,여,Representative,0.3873171504317463,0.0
조배숙,0.0033192340646408,농림축산식품해양수산위원회,조배숙,조배숙,국민의당,4선,지역구,여,Representative,1.0458037986965076,0.003471267593564198
홍문표,0.0109681441128242,농림축산식품해양수산위원회,홍문표,홍문표,자유한국당,3선,지역구,남,Representative,1.0738729958258912,0.011778393777088636
황주홍,0.0637302919271545,농림축산식품해양수산위원회,황주홍,황주홍,국민의당,재선,지역구,남,Representative,1.2962987186817088,0.08261349576638162
박찬대,0.0,농림축산식품해양수산위원회,박찬대,박찬대,더불어민주당,초선,지역구,남,Representative,0.6056175521921311,0.0
유성엽,0.0013527011356724,농림축산식품해양수산위원회,유성엽,유성엽,국민의당,3선,지역구,남,Representative,1.0788643249197116,0.001459380997555331
이종걸,0.0,농림축산식품해양수산위원회,이종걸,이종걸,더불어민주당,5선,지역구,남,Representative,1.0363897595497007,0.0
이찬열,0.0169740142068561,농림축산식품해양수산위원회,이찬열,이찬열,더불어민주당,3선,지역구,남,Representative,1.1746514826711774,0.019938550954965148
정동영,0.0007870223320263,농림축산식품해양수산위원회,정동영,정동영,국민의당,4선,지역구,남,Representative,1.1063278234248168,0.00087070470357738
최도자,0.0012356162031105,농림축산식품해양수산위원회,최도자,최도자,국민의당,초선,비례대표,여,Representative,1.2596089727347155,0.0015563932562943864
송희경,0.0017719663965883,농림축산식품해양수산위원회,송희경,송희경,자유한국당,초선,비례대표,여,Representative,0.6136147509492222,0.0010873047191329204
강석호,0.0081750240967127,농림축산식품해양수산위원회,강석호,강석호,자유한국당,3선,지역구,남,Representative,0.4559473254820344,0.00372738037264734
김용태,0.0,농림축산식품해양수산위원회,김용태,김용태,자유한국당,3선,지역구,남,Representative,0.121605698183563,0.0
김정훈,0.0,농림축산식품해양수산위원회,김정훈,김정훈,자유한국당,4선,지역구,남,Representative,0.260541039338365,0.0
민경욱,0.0018038272051232,농림축산식품해양수산위원회,민경욱,민경욱,자유한국당,초선,지역구,남,Representative,0.073326278826337,0.00013226793659739593
송석준,0.0013656753672255,농림축산식품해양수산위원회,송석준,송석준,자유한국당,초선,지역구,남,Representative,0.8824103424051088,0.0012050860684076762
윤상직,0.0020886082172564,농림축산식품해양수산위원회,윤상직,윤상직,자유한국당,초선,지역구,남,Representative,0.3535025828741088,0.0007383283994122252
임이자,0.0019376226971927,농림축산식품해양수산위원회,임이자,임이자,자유한국당,초선,비례대표,여,Representative,0.2625742813254558,0.0005087698871952645
정태옥,0.0,농림축산식품해양수산위원회,정태옥,정태옥,자유한국당,초선,지역구,남,Representative,0.3062475812524373,0.0
최연혜,0.0,농림축산식품해양수산위원회,최연혜,최연혜,자유한국당,초선,비례대표,여,Representative,0.0914081709115077,0.0
이학재,0.000948226329459,농림축산식품해양수산위원회,이학재,이학재,자유한국당,3선,지역구,남,Representative,1.0008889465537203,0.0009490692519867194
김삼화,0.0,농림축산식품해양수산위원회,김삼화,김삼화,국민의당,초선,비례대표,여,Representative,1.0477888116577914,0.0
김진표,0.0,농림축산식품해양수산위원회,김진표,김진표,더불어민주당,4선,지역구,남,Representative,0.9058736267791744,0.0
유승희,0.0011853584591156,농림축산식품해양수산위원회,유승희,유승희,더불어민주당,3선,지역구,여,Representative,0.5469890607717001,0.0006483781102294317
이동섭,0.0020189032899642,농림축산식품해양수산위원회,이동섭,이동섭,국민의당,초선,비례대표,남,Representative,1.3011529436280886,0.0026269019586373514
장정숙,0.0020363557568844,농림축산식품해양수산위원회,장정숙,장정숙,국민의당,초선,비례대표,여,Representative,1.0742364163183826,0.0021875275106248053
전혜숙,0.001527523931349,농림축산식품해양수산위원회,전혜숙,전혜숙,더불어민주당,재선,지역구,여,Representative,0.717807959122133,0.0010964688356718429
박홍근,0.0053128454211421,농림축산식품해양수산위원회,박홍근,박홍근,더불어민주당,재선,지역구,남,Representative,0.4380480284960645,0.0023272814624356406
기동민,0.0013812018622737,농림축산식품해양수산위원회,기동민,기동민,더불어민주당,초선,지역구,남,Representative,0.1406386680233549,0.00019425039018155046
김영호,0.0013676580868384,농림축산식품해양수산위원회,김영호,김영호,더불어민주당,초선,지역구,남,Representative,0.4539708046944207,0.0006208768422288604
김해영,0.0011048580299902,농림축산식품해양수산위원회,김해영,김해영,더불어민주당,초선,지역구,남,Representative,0.4741611749752225,0.0005238807816809628
남인순,0.0010110270261974,농림축산식품해양수산위원회,남인순,남인순,더불어민주당,재선,지역구,여,Representative,0.6462902314628618,0.0006534168907763265
서영교,0.0082794167872664,농림축산식품해양수산위원회,서영교,서영교,더불어민주당,재선,지역구,여,Representative,0.4822796444107599,0.003992994184091315
이정미,0.0007681086484891,농림축산식품해양수산위원회,이정미,이정미,정의당,초선,비례대표,여,Representative,1.419781284660404,0.0010905462837106211
최교일,0.0008476011839737,농림축산식품해양수산위원회,최교일,최교일,자유한국당,초선,지역구,남,Representative,0.095160296612104,8.065798007570782e-05
권성동,0.0,농림축산식품해양수산위원회,권성동,권성동,자유한국당,3선,지역구,남,Representative,0.4062466024090395,0.0
김정재,0.0012405629260036,농림축산식품해양수산위원회,김정재,김정재,자유한국당,초선,지역구,여,Representative,0.2044480865242837,0.00025363071643440255
김태흠,0.0237846288244493,농림축산식품해양수산위원회,김태흠,김태흠,자유한국당,재선,지역구,남,Representative,0.74944812472639,0.01782534546979677
박명재,0.011750526911745,농림축산식품해양수산위원회,박명재,박명재,자유한국당,재선,지역구,남,Representative,0.5424317597732208,0.00637385899100043
서청원,0.0,농림축산식품해양수산위원회,서청원,서청원,자유한국당,8선,지역구,남,Representative,0.2133277142020287,0.0
윤영석,0.0,농림축산식품해양수산위원회,윤영석,윤영석,자유한국당,재선,지역구,남,Representative,0.3920069894662951,0.0
추경호,0.003168230052863,농림축산식품해양수산위원회,추경호,추경호,자유한국당,초선,지역구,남,Representative,0.1387872488569416,0.00043970993278273846
경대수,0.0183078380030892,농림축산식품해양수산위원회,경대수,경대수,자유한국당,재선,지역구,남,Representative,0.635460965905347,0.011633916421081681
이만희,0.019294252185314,농림축산식품해양수산위원회,이만희,이만희,자유한국당,초선,지역구,남,Representative,0.3536107077628312,0.006822654171003437
서삼석,0.0026186491260608,농림축산식품해양수산위원회,서삼석,서삼석,더불어민주당,초선,지역구,남,Representative,0.3135534965130757,0.0008210865896172738
김정호,0.0013442195144276,농림축산식품해양수산위원회,김정호,김정호,더불어민주당,초선,지역구,남,Representative,0.2510534798158137,0.0003374709867333724
김현권,0.0387344128792218,농림축산식품해양수산위원회,김현권,김현권,더불어민주당,초선,비례대표,남,Representative,0.6106213595945515,0.023652059855407127
송갑석,0.0,농림축산식품해양수산위원회,송갑석,송갑석,더불어민주당,초선,지역구,남,Representative,0.1128634081839454,0.0
신창현,0.0011220069798318,농림축산식품해양수산위원회,신창현,신창현,더불어민주당,초선,지역구,남,Representative,0.0854651307466251,9.589247322995073e-05
안호영,0.0020931100067281,농림축산식품해양수산위원회,안호영,안호영,더불어민주당,초선,지역구,남,Representative,0.3178846521149758,0.0006653675463271367
위성곤,0.0195672066614623,농림축산식품해양수산위원회,위성곤,위성곤,더불어민주당,초선,지역구,남,Representative,0.8913491139784591,0.01744121232072782
윤후덕,0.0017865747573708,농림축산식품해양수산위원회,윤후덕,윤후덕,더불어민주당,재선,지역구,남,Representative,0.3602653219661517,0.0006436409301807906
이개호,0.015330759370445,농림축산식품해양수산위원회,이개호,이개호,더불어민주당,재선,지역구,남,Representative,0.9076344805120292,0.013914725817048772
정인화,0.0122460357500365,농림축산식품해양수산위원회,정인화,정인화,국민의당,초선,지역구,남,Representative,1.152650910093734,0.014115404252319975
황희,0.0,농림축산식품해양수산위원회,황희,황희,더불어민주당,초선,지역구,남,Representative,0.2691269447247251,0.0
김성환,0.0,농림축산식품해양수산위원회,김성환,김성환,더불어민주당,초선,지역구,남,Representative,0.4284341213691399,0.0
이원욱,0.0035507602845731,농림축산식품해양수산위원회,이원욱,이원욱,더불어민주당,재선,지역구,남,Representative,0.3714494969930796,0.0013189281216476822
전현희,0.000415759973827,농림축산식품해양수산위원회,전현희,전현희,더불어민주당,재선,지역구,여,Representative,0.2186320857698749,9.08984702574256e-05
홍의락,0.0066824091069937,농림축산식품해양수산위원회,홍의락,홍의락,더불어민주당,재선,지역구,남,Representative,0.5274233799288646,0.003524458797278043
노웅래,0.0032568267560495,농림축산식품해양수산위원회,노웅래,노웅래,더불어민주당,3선,지역구,남,Representative,0.7159401864066474,0.0023316931548202358
임재훈,0.0,농림축산식품해양수산위원회,임재훈,임재훈,국민의당,초선,비례대표,남,Representative,1.0830349246445592,0.0
정재호,0.000875120108044,농림축산식품해양수산위원회,정재호,정재호,더불어민주당,초선,지역구,남,Representative,0.2574447104853001,0.00022529504285525212
주승용,0.004354790002598,농림축산식품해양수산위원회,주승용,주승용,국민의당,4선,지역구,남,Representative,1.1127518815412194,0.004845800769107816
강석진,0.0109074390498739,농림축산식품해양수산위원회,강석진,강석진,자유한국당,초선,지역구,남,Representative,0.6089939732328231,0.006642564644777555
정용기,0.000350154507192,농림축산식품해양수산위원회,정용기,정용기,자유한국당,재선,지역구,남,Representative,0.1798568900906483,6.297770071477668e-05
정종섭,0.0,농림축산식품해양수산위원회,정종섭,정종섭,자유한국당,초선,지역구,남,Representative,0.3807594230574026,0.0
김광림,0.0,농림축산식품해양수산위원회,김광림,김광림,자유한국당,3선,지역구,남,Representative,0.2439500943098557,0.0
송언석,0.0,농림축산식품해양수산위원회,송언석,송언석,자유한국당,초선,지역구,남,Representative,0.1908856424447248,0.0
김재원,0.0010167510087907,농림축산식품해양수산위원회,김재원,김재원,자유한국당,3선,지역구,남,Representative,0.215473832424108,0.00021908323648521004
김진태,0.0,농림축산식품해양수산위원회,김진태,김진태,자유한국당,재선,지역구,남,Representative,0.0487572040542768,0.0
조원진,0.0,농림축산식품해양수산위원회,조원진,조원진,자유한국당,3선,지역구,남,Representative,0.1561314852952748,0.0
함진규,0.0016126341926684,농림축산식품해양수산위원회,함진규,함진규,자유한국당,재선,지역구,남,Representative,0.2078582495326021,0.0003351993204244746
권칠승,0.0040853315598545,농림축산식품해양수산위원회,권칠승,권칠승,더불어민주당,초선,지역구,남,Representative,0.3014891570605743,0.0012316831682934943
윤호중,0.0,농림축산식품해양수산위원회,윤호중,윤호중,더불어민주당,3선,지역구,남,Representative,0.3826215742444835,0.0
이상헌,0.0006208370348497,농림축산식품해양수산위원회,이상헌,이상헌,더불어민주당,초선,지역구,남,Representative,0.7296652103979866,0.0004530031856564685
천정배,0.0,농림축산식품해양수산위원회,천정배,천정배,국민의당,6선,지역구,남,Representative,0.9572737450190898,0.0
김영춘,0.0045090802306575,농림축산식품해양수산위원회,김영춘,김영춘,더불어민주당,3선,지역구,남,Representative,0.6816995899942737,0.003073838144490503
강창일,0.0113481491296547,농림축산식품해양수산위원회,강창일,강창일,더불어민주당,4선,지역구,남,Representative,0.8418881333730888,0.009553872088004437
김부겸,0.0,농림축산식품해양수산위원회,김부겸,김부겸,더불어민주당,4선,지역구,남,Representative,0.8571509059437675,0.0
김종민,0.0021326125592508,농림축산식품해양수산위원회,김종민,김종민,더불어민주당,초선,지역구,남,Representative,0.5934295202694789,0.001265555247956868
유동수,0.0033557539452625,농림축산식품해양수산위원회,유동수,유동수,더불어민주당,초선,지역구,남,Representative,0.8688043750278167,0.0029154937091609165
정성호,0.0,농림축산식품해양수산위원회,정성호,정성호,더불어민주당,3선,지역구,남,Representative,0.9858607826855786,0.0
이학영,0.0013457490775144,농림축산식품해양수산위원회,이학영,이학영,더불어민주당,재선,지역구,남,Representative,0.3212334061727276,0.0004322995600237568
최재성,0.0002274764364908,농림축산식품해양수산위원회,최재성,최재성,더불어민주당,4선,지역구,남,Representative,0.0631784868170286,1.4371617044018652e-05
김석기,0.0,농림축산식품해양수산위원회,김석기,김석기,자유한국당,초선,지역구,남,Representative,0.3618426593527747,0.0
백승주,0.0012032142605357,농림축산식품해양수산위원회,백승주,백승주,자유한국당,초선,지역구,남,Representative,0.1747219249951915,0.0002102279117824634
안상수,0.0105448734015747,농림축산식품해양수산위원회,안상수,안상수,자유한국당,3선,지역구,남,Representative,0.6645956077847494,0.007008076547332776
이장우,0.0002021798442655,농림축산식품해양수산위원회,이장우,이장우,자유한국당,재선,지역구,남,Representative,0.2676638759131752,5.411624074762588e-05
김경진,0.0,농림축산식품해양수산위원회,김경진,김경진,국민의당,초선,지역구,남,Representative,1.3711841868583572,0.0
김정우,0.0,농림축산식품해양수산위원회,김정우,김정우,더불어민주당,초선,지역구,남,Representative,0.4417726916628472,0.0
윤영일,0.0077309799456675,농림축산식품해양수산위원회,윤영일,윤영일,국민의당,초선,지역구,남,Representative,1.2136308597582175,0.009382555838233985
김종회,0.0227620470714542,농림축산식품해양수산위원회,김종회,김종회,국민의당,초선,지역구,남,Representative,1.05317158253419,0.023972341135961146
박지원,0.0018982023077153,농림축산식품해양수산위원회,박지원,박지원,국민의당,4선,지역구,남,Representative,0.7565970138970873,0.001436174197789956
장병완,0.0009136056685224,농림축산식품해양수산위원회,장병완,장병완,국민의당,3선,지역구,남,Representative,0.8364677546616743,0.0007642016821951099
정세균,0.0,농림축산식품해양수산위원회,정세균,정세균,더불어민주당,6선,지역구,남,Representative,0.8298975517248326,0.0
김관영,0.0025639196108738,농림축산식품해양수산위원회,김관영,김관영,국민의당,재선,지역구,남,Representative,1.1358758772529134,0.002912294437207226
김광수,0.0013604303863918,농림축산식품해양수산위원회,김광수,김광수,국민의당,초선,지역구,남,Representative,0.7050580980902613,0.0009591824608136018
박주현,0.0034011603729143,농림축산식품해양수산위원회,박주현,박주현,국민의당,초선,비례대표,여,Representative,0.6812471540561623,0.0023170308245364624
윤소하,0.0064950919281855,농림축산식품해양수산위원회,윤소하,윤소하,정의당,초선,비례대표,남,Representative,1.501385577848504,0.00975163734777794
김동철,0.0050086021800257,농림축산식품해양수산위원회,김동철,김동철,국민의당,4선,지역구,남,Representative,1.2078444006959184,0.006049612098457412
도종환,0.0,농림축산식품해양수산위원회,도종환,도종환,더불어민주당,재선,지역구,남,Representative,0.5493526775829224,0.0
맹성규,0.0002026780689362,농림축산식품해양수산위원회,맹성규,맹성규,더불어민주당,초선,지역구,남,Representative,0.302559084695415,6.13220910251709e-05
백혜련,0.0042451774741463,농림축산식품해양수산위원회,백혜련,백혜련,더불어민주당,초선,지역구,여,Representative,0.2873528638507782,0.001219863904750752
민홍철,0.0013074233039254,농림축산식품해양수산위원회,민홍철,민홍철,더불어민주당,재선,지역구,남,Representative,0.9609964146420744,0.0012564291074918046
박주선,0.0,농림축산식품해양수산위원회,박주선,박주선,국민의당,4선,지역구,남,Representative,1.0117643014135882,0.0
우상호,4.179740203779597e-05,농림축산식품해양수산위원회,우상호,우상호,더불어민주당,3선,지역구,남,Representative,0.950393725091267,3.972398862183823e-05
박맹우,0.0,농림축산식품해양수산위원회,박맹우,박맹우,자유한국당,재선,지역구,남,Representative,0.2150211852210185,0.0
김순례,0.0,농림축산식품해양수산위원회,김순례,김순례,자유한국당,초선,비례대표,여,Representative,0.2162730117184349,0.0
정양석,0.0,농림축산식품해양수산위원회,정양석,정양석,자유한국당,재선,지역구,남,Representative,0.3859603071668061,0.0
정점식,2.8185170193251385e-06,농림축산식품해양수산위원회,정점식,정점식,자유한국당,초선,지역구,남,Representative,-0.0,-0.0
김규환,0.0,농림축산식품해양수산위원회,김규환,김규환,자유한국당,초선,비례대표,남,Representative,0.4770049822009083,0.0
김영우,0.0,농림축산식품해양수산위원회,김영우,김영우,자유한국당,3선,지역구,남,Representative,0.6260518797021696,0.0
김현아,0.0020094429138967,농림축산식품해양수산위원회,김현아,김현아,자유한국당,초선,비례대표,여,Representative,0.6541850288553541,0.0013145474706106994
이양수,0.0143005526497869,농림축산식품해양수산위원회,이양수,이양수,자유한국당,초선,지역구,남,Representative,0.8099604387683925,0.011582881898851897
손금주,0.0074417745510411,농림축산식품해양수산위원회,손금주,손금주,국민의당,초선,지역구,남,Representative,1.3417577348471896,0.009985058564848368
손혜원,0.0051305221108025,농림축산식품해양수산위원회,손혜원,손혜원,더불어민주당,초선,지역구,여,Representative,0.8635365284530971,0.0044303932527142474
신상진,0.0,농림축산식품해양수산위원회,신상진,신상진,자유한국당,4선,지역구,남,Representative,0.5170961526344651,0.0
심재철,0.0004642379108988,농림축산식품해양수산위원회,심재철,심재철,자유한국당,5선,지역구,남,Representative,0.2402035505413585,0.00011151159449379459
이종배,0.0059841007734028,농림축산식품해양수산위원회,이종배,이종배,자유한국당,재선,지역구,남,Representative,0.2546643617911198,0.0015239372043523705
박완주,0.0110849033589021,농림축산식품해양수산위원회,박완주,박완주,더불어민주당,재선,지역구,남,Representative,0.7029909046961353,0.007792586240743817
강훈식,0.0037174252554296,농림축산식품해양수산위원회,강훈식,강훈식,더불어민주당,초선,지역구,남,Representative,0.371852456351433,0.00138233371253435
김두관,0.0,농림축산식품해양수산위원회,김두관,김두관,더불어민주당,초선,지역구,남,Representative,0.4560581632169218,0.0
김병기,0.0010873972198958,농림축산식품해양수산위원회,김병기,김병기,더불어민주당,초선,지역구,남,Representative,0.1877751940353654,0.00020418622395945076
윤일규,0.0,농림축산식품해양수산위원회,윤일규,윤일규,더불어민주당,초선,지역구,남,Representative,0.2463711717270404,0.0
진선미,0.001094420417179,농림축산식품해양수산위원회,진선미,진선미,더불어민주당,재선,지역구,여,Representative,0.7038169878391717,0.0007702716814486134
박완수,0.0003538202613335,농림축산식품해양수산위원회,박완수,박완수,자유한국당,초선,지역구,남,Representative,0.320674965976727,0.00011346130026499678
이춘석,0.0036648044858347,농림축산식품해양수산위원회,이춘석,이춘석,더불어민주당,3선,지역구,남,Representative,0.5338027552115759,0.0019562827318503058
홍익표,0.0005573923139099,농림축산식품해양수산위원회,홍익표,홍익표,더불어민주당,재선,지역구,남,Representative,0.1975395629671791,0.00011010703409102634
권미혁,0.0065635479787768,농림축산식품해양수산위원회,권미혁,권미혁,더불어민주당,초선,지역구,여,Representative,0.4592713852034786,0.003014449772062313
이석현,0.0017100267431475,농림축산식품해양수산위원회,이석현,이석현,더불어민주당,6선,지역구,남,Representative,0.4261848158879266,0.000728787432691748
이재정,0.0,농림축산식품해양수산위원회,이재정,이재정,더불어민주당,초선,비례대표,여,Representative,0.1297805327369249,0.0
임종성,0.0,농림축산식품해양수산위원회,임종성,임종성,더불어민주당,초선,지역구,남,Representative,0.5180000225410992,0.0
윤한홍,0.0,농림축산식품해양수산위원회,윤한홍,윤한홍,자유한국당,초선,지역구,남,Representative,0.2622782919078764,0.0
김수민,0.0,농림축산식품해양수산위원회,김수민,김수민,국민의당,초선,비례대표,여,Representative,1.362224448997969,0.0
김중로,0.0,농림축산식품해양수산위원회,김중로,김중로,국민의당,초선,비례대표,남,Representative,1.0195617327999331,0.0
신용현,0.0,농림축산식품해양수산위원회,신용현,신용현,국민의당,초선,지역구,여,Representative,0.9729453901363904,0.0
오신환,0.0,농림축산식품해양수산위원회,오신환,오신환,자유한국당,재선,지역구,남,Representative,1.0828612536923172,0.0
이종명,0.0018067905356748,농림축산식품해양수산위원회,이종명,이종명,자유한국당,초선,비례대표,남,Representative,0.1302432569839321,0.00023532228405402932
채이배,0.0011200178886063,농림축산식품해양수산위원회,채이배,채이배,국민의당,초선,비례대표,남,Representative,1.231055717778328,0.001378804425782796
인재근,0.0025330833832251,농림축산식품해양수산위원회,인재근,인재근,더불어민주당,재선,지역구,여,Representative,0.4706617600587874,0.0011922254835243934
고용진,0.0017477499057119,농림축산식품해양수산위원회,고용진,고용진,더불어민주당,초선,지역구,남,Representative,0.4239737881662508,0.0007410001482918819
백재현,0.0,농림축산식품해양수산위원회,백재현,백재현,더불어민주당,3선,지역구,남,Representative,0.5536257649582159,0.0
최인호,0.0014954059947536,농림축산식품해양수산위원회,최인호,최인호,더불어민주당,초선,지역구,남,Representative,0.1459769861531162,0.0002182948601894332
홍영표,0.0,농림축산식품해양수산위원회,홍영표,홍영표,더불어민주당,3선,지역구,남,Representative,0.7711565648093,0.0
신동근,0.0,농림축산식품해양수산위원회,신동근,신동근,더불어민주당,초선,지역구,남,Representative,0.4356644688754545,0.0
이후삼,0.0,농림축산식품해양수산위원회,이후삼,이후삼,더불어민주당,초선,지역구,남,Representative,0.0401066425951788,0.0
조정식,0.0,농림축산식품해양수산위원회,조정식,조정식,더불어민주당,4선,지역구,남,Representative,0.657600712329438,0.0
어기구,0.0042250888344101,농림축산식품해양수산위원회,어기구,어기구,더불어민주당,초선,지역구,남,Representative,0.386064465691427,0.0016311566633553493
금태섭,0.0,농림축산식품해양수산위원회,금태섭,금태섭,더불어민주당,초선,지역구,남,Representative,0.4645794902283139,0.0
원혜영,0.0,농림축산식품해양수산위원회,원혜영,원혜영,더불어민주당,5선,지역구,남,Representative,0.8199263539696501,0.0
강병원,0.0021723924995604,농림축산식품해양수산위원회,강병원,강병원,더불어민주당,초선,지역구,남,Representative,0.3711053074374737,0.0008061863864242242
김상희,0.0044271138209291,농림축산식품해양수산위원회,김상희,김상희,더불어민주당,3선,지역구,여,Representative,0.549508602610133,0.0024327371293347564
이규희,0.0,농림축산식품해양수산위원회,이규희,이규희,더불어민주당,초선,지역구,남,Representative,0.3036400552435822,0.0
조응천,0.0005239602833132,농림축산식품해양수산위원회,조응천,조응천,더불어민주당,초선,지역구,남,Representative,0.3625277926369529,0.00018995016493896687
김경협,0.0,농림축산식품해양수산위원회,김경협,김경협,더불어민주당,재선,지역구,남,Representative,0.2751830860421476,0.0
조승래,0.0,농림축산식품해양수산위원회,조승래,조승래,더불어민주당,초선,지역구,남,Representative,0.2088104943838757,0.0
김선동,0.0,농림축산식품해양수산위원회,김선동,김선동,자유한국당,재선,지역구,남,Representative,0.1938810024934638,0.0
김학용,0.0004609772964433,농림축산식품해양수산위원회,김학용,김학용,자유한국당,3선,지역구,남,Representative,0.3347518226262136,0.00015431299017369904
여상규,0.0006055402012507,농림축산식품해양수산위원회,여상규,여상규,자유한국당,3선,지역구,남,Representative,0.179755435767015,0.00010884914275026555
이은권,0.0009951704078047,농림축산식품해양수산위원회,이은권,이은권,자유한국당,초선,지역구,남,Representative,0.2381916954337352,0.00023704132668048316
이현재,0.0,농림축산식품해양수산위원회,이현재,이현재,자유한국당,재선,지역구,남,Representative,0.2081669972188319,0.0
송옥주,0.0011456547557175,농림축산식품해양수산위원회,송옥주,송옥주,더불어민주당,초선,비례대표,여,Representative,0.5052940578089671,0.0005788925403646365
김명연,0.0003836170155102,농림축산식품해양수산위원회,김명연,김명연,자유한국당,재선,지역구,남,Representative,0.1923901370296166,7.380413018089994e-05
정유섭,0.0097585772331016,농림축산식품해양수산위원회,정유섭,정유섭,자유한국당,초선,지역구,남,Representative,0.4080188775728643,0.003981683729358223
홍철호,0.0008672025133771,농림축산식품해양수산위원회,홍철호,홍철호,자유한국당,재선,지역구,남,Representative,0.4481695399588016,0.00038865375147133143
김종대,0.0,농림축산식품해양수산위원회,김종대,김종대,정의당,초선,비례대표,남,Representative,1.4582975228087227,0.0
심상정,0.0003261790713307,농림축산식품해양수산위원회,심상정,심상정,정의당,3선,지역구,여,Representative,1.4101172974735254,0.00045995075055727094
여영국,0.0,농림축산식품해양수산위원회,여영국,여영국,정의당,초선,지역구,남,Representative,1.4694207601469056,0.0
정춘숙,0.0,농림축산식품해양수산위원회,정춘숙,정춘숙,더불어민주당,초선,비례대표,여,Representative,0.6218718977568765,0.0
추혜선,0.0,농림축산식품해양수산위원회,추혜선,추혜선,정의당,초선,비례대표,여,Representative,1.4776255797827655,0.0
김영진,0.0,농림축산식품해양수산위원회,김영진,김영진,더불어민주당,초선,지역구,남,Representative,0.1323556283416291,0.0
김무성,0.0,농림축산식품해양수산위원회,김무성,김무성,자유한국당,6선,지역구,남,Representative,0.2993921614051784,0.0
윤재옥,0.0,농림축산식품해양수산위원회,윤재옥,윤재옥,자유한국당,재선,지역구,남,Representative,0.1344948665442003,0.0
김재경,0.0016956015045412,농림축산식품해양수산위원회,김재경,김재경,자유한국당,4선,지역구,남,Representative,0.1491019221549866,0.00025281744353598015
정진석,0.0004936685211006,농림축산식품해양수산위원회,정진석,정진석,자유한국당,4선,지역구,남,Representative,0.2765017781360929,0.0001365002238941312
추미애,0.0,농림축산식품해양수산위원회,추미애,추미애,더불어민주당,5선,지역구,여,Representative,0.2576812972041676,0.0
박선숙,0.0,농림축산식품해양수산위원회,박선숙,박선숙,국민의당,재선,비례대표,여,Representative,1.2142537538570304,0.0
이훈,0.0,농림축산식품해양수산위원회,이훈,이훈,더불어민주당,초선,지역구,남,Representative,0.4457924997779086,0.0
이용주,0.0013685720744788,농림축산식품해양수산위원회,이용주,이용주,국민의당,초선,지역구,남,Representative,0.6566531230147329,0.0008986771267772556
곽대훈,0.0,농림축산식품해양수산위원회,곽대훈,곽대훈,자유한국당,초선,지역구,남,Representative,0.1312626090957611,0.0
김기선,0.0003977351225785,농림축산식품해양수산위원회,김기선,김기선,자유한국당,재선,지역구,남,Representative,0.2058944226376191,8.189144342600291e-05
이혜훈,0.0,농림축산식품해양수산위원회,이혜훈,이혜훈,자유한국당,3선,지역구,여,Representative,1.4755924567120928,0.0
표창원,0.005381743416388,농림축산식품해양수산위원회,표창원,표창원,더불어민주당,초선,지역구,남,Representative,0.4432466247795722,0.002385439604743665
이상돈,0.0008100022327178,농림축산식품해양수산위원회,이상돈,이상돈,국민의당,초선,비례대표,남,Representative,1.606671771644464,0.001301407722276679
박용진,0.0,농림축산식품해양수산위원회,박용진,박용진,더불어민주당,초선,지역구,남,Representative,0.6153148674123682,0.0
제윤경,0.0,농림축산식품해양수산위원회,제윤경,제윤경,더불어민주당,초선,비례대표,여,Representative,0.2928274618467911,0.0
장석춘,0.0006265067153486,농림축산식품해양수산위원회,장석춘,장석춘,자유한국당,초선,지역구,남,Representative,0.1436037583640525,8.996871896437658e-05
황영철,0.0023970067380645,농림축산식품해양수산위원회,황영철,황영철,자유한국당,3선,지역구,남,Representative,0.3717335455385492,0.0008910478134205091
강효상,0.0001477456282972,농림축산식품해양수산위원회,강효상,강효상,자유한국당,초선,비례대표,남,Representative,0.2888513821081876,4.267652893408878e-05
김상훈,0.0,농림축산식품해양수산위원회,김상훈,김상훈,자유한국당,재선,지역구,남,Representative,0.1847431044523968,0.0
이진복,0.0,농림축산식품해양수산위원회,이진복,이진복,자유한국당,3선,지역구,남,Representative,0.219085789524194,0.0
심재권,0.0005799810458807,농림축산식품해양수산위원회,심재권,심재권,더불어민주당,3선,지역구,남,Representative,0.5028645163718454,0.00029165188814163524
강길부,0.0038356976866966,농림축산식품해양수산위원회,강길부,강길부,자유한국당,4선,지역구,남,Representative,1.011544857155329,0.003879980268580538
김한표,0.0002234933908153,농림축산식품해양수산위원회,김한표,김한표,자유한국당,재선,지역구,남,Representative,0.3879670316340894,8.67080674244494e-05
한정애,0.0067120220727605,농림축산식품해양수산위원회,한정애,한정애,더불어민주당,재선,지역구,여,Representative,0.4432117996184036,0.002974847381946629
이용호,0.0023689587682485,농림축산식품해양수산위원회,이용호,이용호,국민의당,초선,지역구,남,Representative,0.9837359713108262,0.0023304299548782366
설훈,0.0038373091251408,농림축산식품해양수산위원회,설훈,설훈,더불어민주당,4선,지역구,남,Representative,0.2947522077855856,0.0011310553365910248
변재일,0.0,농림축산식품해양수산위원회,변재일,변재일,더불어민주당,4선,지역구,남,Representative,0.629493870938658,0.0
엄용수,0.0041088918258043,농림축산식품해양수산위원회,엄용수,엄용수,자유한국당,초선,지역구,남,Representative,0.3660271027599738,0.0015039657705532869
장제원,0.0013786049775419,농림축산식품해양수산위원회,장제원,장제원,자유한국당,재선,지역구,남,Representative,0.5900030223326368,0.0008133811033525379
박대출,0.0013421999632394,농림축산식품해양수산위원회,박대출,박대출,자유한국당,재선,지역구,남,Representative,0.1666888897701005,0.00022372982172184528
김도읍,0.0058309590396274,농림축산식품해양수산위원회,김도읍,김도읍,자유한국당,재선,지역구,남,Representative,0.0786043622449074,0.00045833881658608947
유재중,0.0,농림축산식품해양수산위원회,유재중,유재중,자유한국당,3선,지역구,남,Representative,0.4969856333113908,0.0
염동열,0.0,농림축산식품해양수산위원회,염동열,염동열,자유한국당,재선,지역구,남,Representative,0.2114928291135159,0.0
주광덕,0.0,농림축산식품해양수산위원회,주광덕,주광덕,자유한국당,재선,지역구,남,Representative,0.2195218361538728,0.0
박성중,0.0,농림축산식품해양수산위원회,박성중,박성중,자유한국당,초선,지역구,남,Representative,0.1599671130327059,0.0
김한정,0.0019212958973023,농림축산식품해양수산위원회,김한정,김한정,더불어민주당,초선,지역구,남,Representative,0.475581724187707,0.0009137332155137954
주호영,0.004056012935313,농림축산식품해양수산위원회,주호영,주호영,자유한국당,4선,지역구,남,Representative,0.3195534977330795,0.0012961131203298839
이헌승,0.0,농림축산식품해양수산위원회,이헌승,이헌승,자유한국당,재선,지역구,남,Representative,0.1422055697125377,0.0
이수혁,0.0004673908498892,농림축산식품해양수산위원회,이수혁,이수혁,더불어민주당,초선,비례대표,남,Representative,0.3510840296934358,0.0001640934630209401
정우택,3.141771197552612e-05,농림축산식품해양수산위원회,정우택,정우택,자유한국당,4선,지역구,남,Representative,0.5140939839979815,1.6151656717599316e-05
조훈현,0.0,농림축산식품해양수산위원회,조훈현,조훈현,자유한국당,초선,비례대표,남,Representative,0.3604447460125601,0.0
조경태,0.002882832244679,농림축산식품해양수산위원회,조경태,조경태,자유한국당,4선,지역구,남,Representative,0.9905363611314508,0.002855550161396749
유의동,0.0004541897990869,농림축산식품해양수산위원회,유의동,유의동,자유한국당,재선,지역구,남,Representative,1.0164179390168884,0.0004616466595104015
김종석,0.0,농림축산식품해양수산위원회,김종석,김종석,자유한국당,초선,비례대표,남,Representative,0.1902354048834826,0.0
이채익,0.0016646391951205,농림축산식품해양수산위원회,이채익,이채익,자유한국당,재선,지역구,남,Representative,0.415602928743905,0.0006918289247939764
소병훈,0.0,농림축산식품해양수산위원회,소병훈,소병훈,더불어민주당,초선,지역구,남,Representative,0.5375988645747761,0.0
김성수,0.0,농림축산식품해양수산위원회,김성수,김성수,더불어민주당,초선,비례대표,남,Representative,0.6300024830232042,0.0
이태규,0.0002221380920645,농림축산식품해양수산위원회,이태규,이태규,국민의당,초선,비례대표,남,Representative,1.2563599016081857,0.0002790853914895853
김영주,0.0,농림축산식품해양수산위원회,김영주,김영주,더불어민주당,3선,지역구,여,Representative,0.5066585031839548,0.0
전해철,0.0,농림축산식품해양수산위원회,전해철,전해철,더불어민주당,재선,지역구,남,Representative,0.1604451590533877,0.0
최운열,0.0005421086597665,농림축산식품해양수산위원회,최운열,최운열,더불어민주당,초선,비례대표,남,Representative,0.459943821659768,0.0002493395287278589
김태년,0.0,농림축산식품해양수산위원회,김태년,김태년,더불어민주당,3선,지역구,남,Representative,0.3475258712280392,0.0
민병두,0.0,농림축산식품해양수산위원회,민병두,민병두,더불어민주당,3선,지역구,남,Representative,0.4585025107011514,0.0
안규백,0.0,농림축산식품해양수산위원회,안규백,안규백,더불어민주당,3선,지역구,남,Representative,0.6009595071079386,0.0
이인영,0.0,농림축산식품해양수산위원회,이인영,이인영,더불어민주당,3선,지역구,남,Representative,0.1211476890856317,0.0
이철희,0.0,농림축산식품해양수산위원회,이철희,이철희,더불어민주당,초선,비례대표,남,Representative,0.8472933004468098,0.0
신보라,0.0,농림축산식품해양수산위원회,신보라,신보라,자유한국당,초선,비례대표,여,Representative,0.2403514969713895,0.0
윤상현,0.0003061933999649,농림축산식품해양수산위원회,윤상현,윤상현,자유한국당,3선,지역구,남,Representative,0.2001655767502632,6.128937850109824e-05
이완영,0.0139830571238513,농림축산식품해양수산위원회,이완영,이완영,자유한국당,재선,지역구,남,Representative,0.3571997154092039,0.004994744025190325
박인숙,0.0,농림축산식품해양수산위원회,박인숙,박인숙,자유한국당,재선,지역구,여,Representative,0.5061732872045339,0.0
박주민,0.0234476698050803,농림축산식품해양수산위원회,박주민,박주민,더불어민주당,초선,지역구,남,Representative,0.6441785729603295,0.015104486474281635
박순자,0.0024968944286749,농림축산식품해양수산위원회,박순자,박순자,자유한국당,3선,지역구,여,Representative,0.4713721881542825,0.0011769665904347248
유기준,0.0066906667039747,농림축산식품해양수산위원회,유기준,유기준,자유한국당,4선,지역구,남,Representative,0.2633017533080311,0.0017616642739562039
이종구,0.0,농림축산식품해양수산위원회,이종구,이종구,자유한국당,3선,지역구,남,Representative,0.5199034206107074,0.0
홍일표,0.0,농림축산식품해양수산위원회,홍일표,홍일표,자유한국당,3선,지역구,남,Representative,0.7569146892318556,0.0
이주영,0.0,농림축산식품해양수산위원회,이주영,이주영,자유한국당,5선,지역구,남,Representative,0.5651882414157886,0.0
전희경,0.0,농림축산식품해양수산위원회,전희경,전희경,자유한국당,초선,비례대표,여,Representative,0.0178870009551029,0.0
홍문종,0.0,농림축산식품해양수산위원회,홍문종,홍문종,자유한국당,4선,지역구,남,Representative,0.1754129276773165,0.0
한선교,0.0,농림축산식품해양수산위원회,한선교,한선교,자유한국당,4선,지역구,남,Representative,0.1186880320068769,0.0
지상욱,0.0,농림축산식품해양수산위원회,지상욱,지상욱,자유한국당,초선,지역구,남,Representative,0.7380939530534976,0.0
나경원,0.0,농림축산식품해양수산위원회,나경원,나경원,자유한국당,4선,지역구,여,Representative,0.4570003286366014,0.0
권은희,0.0,농림축산식품해양수산위원회,권은희,권은희,국민의당,재선,지역구,여,Representative,0.9101311635551772,0.0
박영선,0.0,농림축산식품해양수산위원회,박영선,박영선,더불어민주당,4선,지역구,여,Representative,0.4472601336192084,0.0
유은혜,0.0,농림축산식품해양수산위원회,유은혜,유은혜,더불어민주당,재선,지역구,여,Representative,0.4014353783153699,0.0
이정현,0.0,농림축산식품해양수산위원회,이정현,이정현,자유한국당,3선,지역구,남,Representative,0.583583007550223,0.0
노회찬,0.0,농림축산식품해양수산위원회,노회찬,노회찬,정의당,3선,지역구,남,Representative,1.280547886443722,0.0
문희상,0.0,농림축산식품해양수산위원회,문희상,문희상,더불어민주당,6선,지역구,남,Representative,0.6351751444405559,0.0
이군현,0.0013287590639417,농림축산식품해양수산위원회,이군현,이군현,자유한국당,4선,지역구,남,Representative,0.5199038049730397,0.0006908268932357043
오세정,0.0,농림축산식품해양수산위원회,오세정,오세정,국민의당,초선,비례대표,남,Representative,1.1278834176360886,0.0
곽상도,0.0,농림축산식품해양수산위원회,곽상도,곽상도,자유한국당,초선,지역구,남,Representative,0.1797207201934033,0.0
권석창,0.0022604215695315,농림축산식품해양수산위원회,권석창,권석창,자유한국당,초선,지역구,남,Representative,0.2295248300116327,0.0005188228765013455
박남춘,0.0012543692032193,농림축산식품해양수산위원회,박남춘,박남춘,더불어민주당,재선,지역구,남,Representative,0.4605735800336737,0.0005777293146106998
김종훈,0.0,농림축산식품해양수산위원회,김종훈,김종훈,더불어민주당,초선,지역구,남,Representative,1.5948540798459616,0.0
송기석,0.0,농림축산식품해양수산위원회,송기석,송기석,국민의당,초선,지역구,남,Representative,0.7845483731860012,0.0
박찬우,0.0006776710977468,농림축산식품해양수산위원회,박찬우,박찬우,자유한국당,초선,지역구,남,Representative,0.453230298468986,0.00030714107389558754
박준영,0.001883899477315,농림축산식품해양수산위원회,박준영,박준영,국민의당,초선,지역구,남,Representative,0.8806716279052433,0.001659096819496838
양승조,0.0005014097020222,농림축산식품해양수산위원회,양승조,양승조,더불어민주당,4선,지역구,남,Representative,0.7857133708245717,0.00039396430714000685
김경수,9.716507114574424e-05,농림축산식품해양수산위원회,김경수,김경수,더불어민주당,초선,지역구,남,Representative,0.2933099446985726,2.8499481644391114e-05
이철우,0.0,농림축산식품해양수산위원회,이철우,이철우,자유한국당,3선,지역구,남,Representative,0.2619402628325249,0.0
최명길,0.0001872223586788,농림축산식품해양수산위원회,최명길,최명길,더불어민주당,초선,지역구,남,Representative,0.6829154638268365,0.00012785704391588706
유승민,0.0,농림축산식품해양수산위원회,유승민,유승민,자유한국당,4선,지역구,남,Representative,1.0521010990735595,0.0
이해찬,0.0,농림축산식품해양수산위원회,이해찬,이해찬,더불어민주당,7선,지역구,남,Representative,0.3925330774809683,0.0
박범계,1.9514225034010303e-05,농림축산식품해양수산위원회,박범계,박범계,더불어민주당,재선,지역구,남,Representative,0.5376962952563203,1.0492726505585482e-05
배덕광,0.0,농림축산식품해양수산위원회,배덕광,배덕광,자유한국당,재선,지역구,남,Representative,0.1475526412690407,0.0
문미옥,0.0,농림축산식품해양수산위원회,문미옥,문미옥,더불어민주당,초선,비례대표,여,Representative,0.3542828873224695,0.0
윤종오,0.0,농림축산식품해양수산위원회,윤종오,윤종오,더불어민주당,초선,지역구,남,Representative,1.1947717620134848,0.0
김현미,0.0,농림축산식품해양수산위원회,김현미,김현미,더불어민주당,3선,지역구,여,Representative,0.5372955133516878,0.0
이우현,0.0,농림축산식품해양수산위원회,이우현,이우현,자유한국당,재선,지역구,남,Representative,0.2335736215615007,0.0
김종태,0.0003198419057419,농림축산식품해양수산위원회,김종태,김종태,자유한국당,재선,지역구,남,Representative,0.4863851342735198,0.0001555663482705725
안철수,0.0,농림축산식품해양수산위원회,안철수,안철수,국민의당,재선,지역구,남,Representative,0.3712323266408756,0.0
김성식,0.0,농림축산식품해양수산위원회,김성식,김성식,국민의당,재선,지역구,남,Representative,1.2630624263755816,0.0
김종인,0.0,농림축산식품해양수산위원회,김종인,김종인,더불어민주당,5선,비례대표,남,Representative,0.5695817734956851,0.0
박병석,0.0,농림축산식품해양수산위원회,박병석,박병석,더불어민주당,5선,지역구,남,Representative,0.4701074306076837,0.0
이상민,0.0,농림축산식품해양수산위원회,이상민,이상민,더불어민주당,4선,지역구,남,Representative,0.6302132597162741,0.0
진영,0.0,농림축산식품해양수산위원회,진영,진영,더불어민주당,4선,지역구,남,Representative,0.930618422605128,0.0
송희경,0.0084414566339231,문화체육관광위원회,송희경,송희경,자유한국당,초선,비례대표,여,Representative,0.6136147509492222,0.005179802310073383
김무성,0.0,문화체육관광위원회,김무성,김무성,자유한국당,6선,지역구,남,Representative,0.2993921614051784,0.0
김석기,0.0872456385659556,문화체육관광위원회,김석기,김석기,자유한국당,초선,지역구,남,Representative,0.3618426593527747,0.03156919387563638
김성찬,0.0,문화체육관광위원회,김성찬,김성찬,자유한국당,재선,지역구,남,Representative,0.6145298499661254,0.0
김승희,0.0,문화체육관광위원회,김승희,김승희,자유한국당,초선,비례대표,여,Representative,0.3319279231870295,0.0
김정재,0.0061799054876503,문화체육관광위원회,김정재,김정재,자유한국당,초선,지역구,여,Representative,0.2044480865242837,0.001263469851851024
박인숙,0.0200917717286884,문화체육관광위원회,박인숙,박인숙,자유한국당,재선,지역구,여,Representative,0.5061732872045339,0.010169918141673328
원유철,0.0034744754422391,문화체육관광위원회,원유철,원유철,자유한국당,5선,지역구,남,Representative,0.4771525237688151,0.0016578547260371564
윤상직,0.0,문화체육관광위원회,윤상직,윤상직,자유한국당,초선,지역구,남,Representative,0.3535025828741088,0.0
임이자,0.0,문화체육관광위원회,임이자,임이자,자유한국당,초선,비례대표,여,Representative,0.2625742813254558,0.0
정갑윤,0.0,문화체육관광위원회,정갑윤,정갑윤,자유한국당,5선,지역구,남,Representative,0.2887216846392271,0.0
조훈현,0.0150215522385471,문화체육관광위원회,조훈현,조훈현,자유한국당,초선,비례대표,남,Representative,0.3604447460125601,0.005414439581337513
곽상도,0.0010994544542301,문화체육관광위원회,곽상도,곽상도,자유한국당,초선,지역구,남,Representative,0.1797207201934033,0.00019759474633407873
김규환,0.0024374424273786,문화체육관광위원회,김규환,김규환,자유한국당,초선,비례대표,남,Representative,0.4770049822009083,0.0011626721816874678
유민봉,0.0008645099458404,문화체육관광위원회,유민봉,유민봉,자유한국당,초선,비례대표,남,Representative,0.2816932534582966,0.00024352661929083805
이동섭,0.0496610654135247,문화체육관광위원회,이동섭,이동섭,국민의당,초선,비례대표,남,Representative,1.3011529436280886,0.06461664144651473
이종명,0.0,문화체육관광위원회,이종명,이종명,자유한국당,초선,비례대표,남,Representative,0.1302432569839321,0.0
정우택,0.0036203214197046,문화체육관광위원회,정우택,정우택,자유한국당,4선,지역구,남,Representative,0.5140939839979815,0.0018611854620091662
최연혜,0.0,문화체육관광위원회,최연혜,최연혜,자유한국당,초선,비례대표,여,Representative,0.0914081709115077,0.0
김영춘,0.0032196959371426,문화체육관광위원회,김영춘,김영춘,더불어민주당,3선,지역구,남,Representative,0.6816995899942737,0.002194865400256339
기동민,0.001607561358879,문화체육관광위원회,기동민,기동민,더불어민주당,초선,지역구,남,Representative,0.1406386680233549,0.00022608528827855698
김상희,0.0038455576648415,문화체육관광위원회,김상희,김상희,더불어민주당,3선,지역구,여,Representative,0.549508602610133,0.002113167018663739
김영주,0.0112060240328303,문화체육관광위원회,김영주,김영주,더불어민주당,3선,지역구,여,Representative,0.5066585031839548,0.005677627363117224
김종민,0.0,문화체육관광위원회,김종민,김종민,더불어민주당,초선,지역구,남,Representative,0.5934295202694789,0.0
민병두,0.0010104243818879,문화체육관광위원회,민병두,민병두,더불어민주당,3선,지역구,남,Representative,0.4585025107011514,0.00046328211596926113
박정,0.0236826950609896,문화체육관광위원회,박정,박정,더불어민주당,초선,지역구,남,Representative,0.2968827671690504,0.007030984043727395
서삼석,0.0004843523397131,문화체육관광위원회,서삼석,서삼석,더불어민주당,초선,지역구,남,Representative,0.3135534965130757,0.00015187036966133154
서영교,0.0013632724686923,문화체육관광위원회,서영교,서영교,더불어민주당,재선,지역구,여,Representative,0.4822796444107599,0.0006574785614359012
소병훈,0.00551259537666,문화체육관광위원회,소병훈,소병훈,더불어민주당,초선,지역구,남,Representative,0.5375988645747761,0.0029635650153525765
신창현,0.0079388494629599,문화체육관광위원회,신창현,신창현,더불어민주당,초선,지역구,남,Representative,0.0854651307466251,0.0006784948073296422
위성곤,0.0076298977502876,문화체육관광위원회,위성곤,위성곤,더불어민주당,초선,지역구,남,Representative,0.8913491139784591,0.006800902599465091
유승희,0.0023857488545078,문화체육관광위원회,유승희,유승희,더불어민주당,3선,지역구,여,Representative,0.5469890607717001,0.0013049785251643808
윤준호,0.0020987344344391,문화체육관광위원회,윤준호,윤준호,더불어민주당,초선,지역구,남,Representative,0.8409997210125054,0.0017650350738426213
이상헌,0.0100666545886396,문화체육관광위원회,이상헌,이상헌,더불어민주당,초선,지역구,남,Representative,0.7296652103979866,0.007345287638423571
이용득,0.0,문화체육관광위원회,이용득,이용득,더불어민주당,초선,비례대표,남,Representative,0.4820345550834095,0.0
제윤경,0.0005927037920044,문화체육관광위원회,제윤경,제윤경,더불어민주당,초선,비례대표,여,Representative,0.2928274618467911,0.00017355994703961684
한정애,0.0,문화체육관광위원회,한정애,한정애,더불어민주당,재선,지역구,여,Representative,0.4432117996184036,0.0
안민석,0.0182535463696045,문화체육관광위원회,안민석,안민석,더불어민주당,4선,지역구,남,Representative,0.6831934548821521,0.012470703408101663
고용진,0.0,문화체육관광위원회,고용진,고용진,더불어민주당,초선,지역구,남,Representative,0.4239737881662508,0.0
김민기,0.0042380124030579,문화체육관광위원회,김민기,김민기,더불어민주당,재선,지역구,남,Representative,0.1891638569535047,0.0008016787719792233
김철민,0.0033043098891331,문화체육관광위원회,김철민,김철민,더불어민주당,초선,지역구,남,Representative,0.4943055978963909,0.0016333388753828942
노웅래,0.016705656549798,문화체육관광위원회,노웅래,노웅래,더불어민주당,3선,지역구,남,Representative,0.7159401864066474,0.011960250864307811
도종환,0.0027478097784187,문화체육관광위원회,도종환,도종환,더불어민주당,재선,지역구,남,Representative,0.5493526775829224,0.0015095166592628496
송갑석,0.0,문화체육관광위원회,송갑석,송갑석,더불어민주당,초선,지역구,남,Representative,0.1128634081839454,0.0
윤영일,0.0,문화체육관광위원회,윤영일,윤영일,국민의당,초선,지역구,남,Representative,1.2136308597582175,0.0
주승용,0.0026022748729127,문화체육관광위원회,주승용,주승용,국민의당,4선,지역구,남,Representative,1.1127518815412194,0.0028956862611210442
조경태,0.0084819678366,문화체육관광위원회,조경태,조경태,자유한국당,4선,지역구,남,Representative,0.9905363611314508,0.008401697556099768
강석호,0.0013784668030831,문화체육관광위원회,강석호,강석호,자유한국당,3선,지역구,남,Representative,0.4559473254820344,0.0006285082521315097
김경진,0.0051629309212686,문화체육관광위원회,김경진,김경진,국민의당,초선,지역구,남,Representative,1.3711841868583572,0.007079329237085554
김수민,0.0161216085241119,문화체육관광위원회,김수민,김수민,국민의당,초선,비례대표,여,Representative,1.362224448997969,0.02196124928871929
김현아,0.0,문화체육관광위원회,김현아,김현아,자유한국당,초선,비례대표,여,Representative,0.6541850288553541,0.0
신상진,0.0,문화체육관광위원회,신상진,신상진,자유한국당,4선,지역구,남,Representative,0.5170961526344651,0.0
염동열,0.0141907106729687,문화체육관광위원회,염동열,염동열,자유한국당,재선,지역구,남,Representative,0.2114928291135159,0.003001233547357516
이학재,0.0,문화체육관광위원회,이학재,이학재,자유한국당,3선,지역구,남,Representative,1.0008889465537203,0.0
신동근,0.0079116216775889,문화체육관광위원회,신동근,신동근,더불어민주당,초선,지역구,남,Representative,0.4356644688754545,0.0034468124561103006
민홍철,0.006051048161993,문화체육관광위원회,민홍철,민홍철,더불어민주당,재선,지역구,남,Representative,0.9609964146420744,0.005815035588501787
심재권,0.0018053302831988,문화체육관광위원회,심재권,심재권,더불어민주당,3선,지역구,남,Representative,0.5028645163718454,0.0009078365397522112
전재수,0.0297004762835017,문화체육관광위원회,전재수,전재수,더불어민주당,초선,지역구,남,Representative,0.2424661719200068,0.007201360788661608
정은혜,0.0,문화체육관광위원회,정은혜,정은혜,더불어민주당,초선,비례대표,여,Representative,0.6448259909434018,0.0
박대출,0.0039313924598975,문화체육관광위원회,박대출,박대출,자유한국당,재선,지역구,남,Representative,0.1666888897701005,0.0006553194443908585
강효상,0.000888981625971,문화체육관광위원회,강효상,강효상,자유한국당,초선,비례대표,남,Representative,0.2888513821081876,0.0002567835713305073
김상훈,0.0,문화체육관광위원회,김상훈,김상훈,자유한국당,재선,지역구,남,Representative,0.1847431044523968,0.0
김선동,0.0,문화체육관광위원회,김선동,김선동,자유한국당,재선,지역구,남,Representative,0.1938810024934638,0.0
박맹우,0.0,문화체육관광위원회,박맹우,박맹우,자유한국당,재선,지역구,남,Representative,0.2150211852210185,0.0
이장우,0.0008316639859015,문화체육관광위원회,이장우,이장우,자유한국당,재선,지역구,남,Representative,0.2676638759131752,0.0002226064059237958
이주영,0.0,문화체육관광위원회,이주영,이주영,자유한국당,5선,지역구,남,Representative,0.5651882414157886,0.0
정태옥,0.0059090922705096,문화체육관광위원회,정태옥,정태옥,자유한국당,초선,지역구,남,Representative,0.3062475812524373,0.001809645215241038
추경호,0.0,문화체육관광위원회,추경호,추경호,자유한국당,초선,지역구,남,Representative,0.1387872488569416,0.0
홍철호,0.0,문화체육관광위원회,홍철호,홍철호,자유한국당,재선,지역구,남,Representative,0.4481695399588016,0.0
우상호,0.0015452291438547,문화체육관광위원회,우상호,우상호,더불어민주당,3선,지역구,남,Representative,0.950393725091267,0.0014685760821476577
김부겸,0.0024266011174611,문화체육관광위원회,김부겸,김부겸,더불어민주당,4선,지역구,남,Representative,0.8571509059437675,0.0020799633461959406
윤후덕,0.0030251386739103,문화체육관광위원회,윤후덕,윤후덕,더불어민주당,재선,지역구,남,Representative,0.3602653219661517,0.0010898525583485515
이규희,0.0,문화체육관광위원회,이규희,이규희,더불어민주당,초선,지역구,남,Representative,0.3036400552435822,0.0
정세균,0.0148918443854069,문화체육관광위원회,정세균,정세균,더불어민주당,6선,지역구,남,Representative,0.8298975517248326,0.012358705196116381
김성원,0.0022801011465772,문화체육관광위원회,김성원,김성원,자유한국당,초선,지역구,남,Representative,0.1487072947006423,0.0003390676731513281
김용태,0.0,문화체육관광위원회,김용태,김용태,자유한국당,3선,지역구,남,Representative,0.121605698183563,0.0
윤종필,0.0018446574452568,문화체육관광위원회,윤종필,윤종필,자유한국당,초선,비례대표,여,Representative,0.3873171504317463,0.0007144674652195688
정진석,0.0018113377062303,문화체육관광위원회,정진석,정진석,자유한국당,4선,지역구,남,Representative,0.2765017781360929,0.0005008380965776298
김명연,0.0038806235130341,문화체육관광위원회,김명연,김명연,자유한국당,재선,지역구,남,Representative,0.1923901370296166,0.0007465936894329827
김광림,0.0,문화체육관광위원회,김광림,김광림,자유한국당,3선,지역구,남,Representative,0.2439500943098557,0.0
김세연,0.0053762795914134,문화체육관광위원회,김세연,김세연,자유한국당,3선,지역구,남,Representative,1.016616967853162,0.005465617056553528
박주현,0.0020866474531315,문화체육관광위원회,박주현,박주현,국민의당,초선,비례대표,여,Representative,0.6812471540561623,0.0014215226389643735
신보라,0.0,문화체육관광위원회,신보라,신보라,자유한국당,초선,비례대표,여,Representative,0.2403514969713895,0.0
이태규,0.0,문화체육관광위원회,이태규,이태규,국민의당,초선,비례대표,남,Representative,1.2563599016081857,0.0
정인화,0.0,문화체육관광위원회,정인화,정인화,국민의당,초선,지역구,남,Representative,1.152650910093734,0.0
정유섭,0.0015516111074317,문화체육관광위원회,정유섭,정유섭,자유한국당,초선,지역구,남,Representative,0.4080188775728643,0.0006330866224838712
민경욱,0.0030973497000347,문화체육관광위원회,민경욱,민경욱,자유한국당,초선,지역구,남,Representative,0.073326278826337,0.00022711712772741565
안상수,0.0,문화체육관광위원회,안상수,안상수,자유한국당,3선,지역구,남,Representative,0.6645956077847494,0.0
이은권,0.0041540264348767,문화체육관광위원회,이은권,이은권,자유한국당,초선,지역구,남,Representative,0.2381916954337352,0.0009894545993998356
주호영,0.0058728460655761,문화체육관광위원회,주호영,주호영,자유한국당,4선,지역구,남,Representative,0.3195534977330795,0.0018766885019027972
홍일표,0.0,문화체육관광위원회,홍일표,홍일표,자유한국당,3선,지역구,남,Representative,0.7569146892318556,0.0
김종회,0.0065169823531278,문화체육관광위원회,김종회,김종회,국민의당,초선,지역구,남,Representative,1.05317158253419,0.006863500618190995
강창일,0.0069747740137906,문화체육관광위원회,강창일,강창일,더불어민주당,4선,지역구,남,Representative,0.8418881333730888,0.005871979475169295
김관영,0.0069572302867673,문화체육관광위원회,김관영,김관영,국민의당,재선,지역구,남,Representative,1.1358758772529134,0.007902550055232344
박지원,0.0,문화체육관광위원회,박지원,박지원,국민의당,4선,지역구,남,Representative,0.7565970138970873,0.0
안호영,0.0,문화체육관광위원회,안호영,안호영,더불어민주당,초선,지역구,남,Representative,0.3178846521149758,0.0
유성엽,0.0238573526609552,문화체육관광위원회,유성엽,유성엽,국민의당,3선,지역구,남,Representative,1.0788643249197116,0.025738846672932917
장정숙,0.003093198141235,문화체육관광위원회,장정숙,장정숙,국민의당,초선,비례대표,여,Representative,1.0742364163183826,0.003322826086202969
조배숙,0.0020078452180845,문화체육관광위원회,조배숙,조배숙,국민의당,4선,지역구,여,Representative,1.0458037986965076,0.002099812156267388
천정배,0.0,문화체육관광위원회,천정배,천정배,국민의당,6선,지역구,남,Representative,0.9572737450190898,0.0
장병완,0.002716404493458,문화체육관광위원회,장병완,장병완,국민의당,3선,지역구,남,Representative,0.8364677546616743,0.002272184767395696
정운천,0.0025542858603416,문화체육관광위원회,정운천,정운천,자유한국당,초선,지역구,남,Representative,1.205596444443113,0.003079437951319151
정동영,0.0014312331780251,문화체육관광위원회,정동영,정동영,국민의당,4선,지역구,남,Representative,1.1063278234248168,0.0015834130866578921
남인순,0.0013186322359359,문화체육관광위원회,남인순,남인순,더불어민주당,재선,지역구,여,Representative,0.6462902314628618,0.0008522191329774038
이원욱,0.0016536737993935,문화체육관광위원회,이원욱,이원욱,더불어민주당,재선,지역구,남,Representative,0.3714494969930796,0.0006142563009753504
이찬열,0.0189460169010053,문화체육관광위원회,이찬열,이찬열,더불어민주당,3선,지역구,남,Representative,1.1746514826711774,0.022254966843479062
전혜숙,0.0,문화체육관광위원회,전혜숙,전혜숙,더불어민주당,재선,지역구,여,Representative,0.717807959122133,0.0
조정식,0.0,문화체육관광위원회,조정식,조정식,더불어민주당,4선,지역구,남,Representative,0.657600712329438,0.0
정점식,0.0004381286456612,문화체육관광위원회,정점식,정점식,자유한국당,초선,지역구,남,Representative,-0.0,-0.0
백승주,0.0,문화체육관광위원회,백승주,백승주,자유한국당,초선,지역구,남,Representative,0.1747219249951915,0.0
성일종,0.0024203102387703,문화체육관광위원회,성일종,성일종,자유한국당,초선,지역구,남,Representative,0.2957858911419952,0.0007158936208147684
이만희,0.0,문화체육관광위원회,이만희,이만희,자유한국당,초선,지역구,남,Representative,0.3536107077628312,0.0
이은재,0.0019384154717428,문화체육관광위원회,이은재,이은재,자유한국당,재선,지역구,여,Representative,0.0511753819484567,9.919915214123567e-05
최교일,0.0,문화체육관광위원회,최교일,최교일,자유한국당,초선,지역구,남,Representative,0.095160296612104,0.0
송석준,0.0027747025518054,문화체육관광위원회,송석준,송석준,자유한국당,초선,지역구,남,Representative,0.8824103424051088,0.002448426228810932
송옥주,0.0102343984062511,문화체육관광위원회,송옥주,송옥주,더불어민주당,초선,비례대표,여,Representative,0.5052940578089671,0.0051713806999282436
오영훈,0.009067917747051,문화체육관광위원회,오영훈,오영훈,더불어민주당,초선,지역구,남,Representative,0.7649594424293005,0.006936589303778891
유재중,0.0,문화체육관광위원회,유재중,유재중,자유한국당,3선,지역구,남,Representative,0.4969856333113908,0.0
윤영석,0.0033963487565685,문화체육관광위원회,윤영석,윤영석,자유한국당,재선,지역구,남,Representative,0.3920069894662951,0.0013313924512400124
전희경,0.0013550860117889,문화체육관광위원회,전희경,전희경,자유한국당,초선,비례대표,여,Representative,0.0178870009551029,2.4238424787114633e-05
정용기,0.0,문화체육관광위원회,정용기,정용기,자유한국당,재선,지역구,남,Representative,0.1798568900906483,0.0
함진규,0.0024401079715956,문화체육관광위원회,함진규,함진규,자유한국당,재선,지역구,남,Representative,0.2078582495326021,0.0005071965716464098
김순례,0.0,문화체육관광위원회,김순례,김순례,자유한국당,초선,비례대표,여,Representative,0.2162730117184349,0.0
김현권,0.0,문화체육관광위원회,김현권,김현권,더불어민주당,초선,비례대표,남,Representative,0.6106213595945515,0.0
설훈,0.0075328089998705,문화체육관광위원회,설훈,설훈,더불어민주당,4선,지역구,남,Representative,0.2947522077855856,0.0022203120835389586
송영길,0.0,문화체육관광위원회,송영길,송영길,더불어민주당,4선,지역구,남,Representative,0.4968450830667373,0.0
진선미,0.0008004471822348,문화체육관광위원회,진선미,진선미,더불어민주당,재선,지역구,여,Representative,0.7038169878391717,0.0005633683247248494
최재성,0.0,문화체육관광위원회,최재성,최재성,더불어민주당,4선,지역구,남,Representative,0.0631784868170286,0.0
김정호,0.0013772176024509,문화체육관광위원회,김정호,김정호,더불어민주당,초선,지역구,남,Representative,0.2510534798158137,0.0003457552715588904
정재호,0.0,문화체육관광위원회,정재호,정재호,더불어민주당,초선,지역구,남,Representative,0.2574447104853001,0.0
황주홍,0.0287791486521533,문화체육관광위원회,황주홍,황주홍,국민의당,재선,지역구,남,Representative,1.2962987186817088,0.03730637352253675
박광온,0.006935878146843,문화체육관광위원회,박광온,박광온,더불어민주당,재선,지역구,남,Representative,0.2036686067716271,0.0014126206389052885
권칠승,0.0015209753950001,문화체육관광위원회,권칠승,권칠승,더불어민주당,초선,지역구,남,Representative,0.3014891570605743,0.0004585575897484542
김병관,0.0013098382924463,문화체육관광위원회,김병관,김병관,더불어민주당,초선,지역구,남,Representative,0.4357562473746135,0.0005707702189839712
김성수,0.0,문화체육관광위원회,김성수,김성수,더불어민주당,초선,비례대표,남,Representative,0.6300024830232042,0.0
김진표,0.0,문화체육관광위원회,김진표,김진표,더불어민주당,4선,지역구,남,Representative,0.9058736267791744,0.0
박찬대,0.0,문화체육관광위원회,박찬대,박찬대,더불어민주당,초선,지역구,남,Representative,0.6056175521921311,0.0
전현희,0.0,문화체육관광위원회,전현희,전현희,더불어민주당,재선,지역구,여,Representative,0.2186320857698749,0.0
김재원,0.0045674583556439,문화체육관광위원회,김재원,김재원,자유한국당,3선,지역구,남,Representative,0.215473832424108,0.0009841677563281056
문진국,0.0,문화체육관광위원회,문진국,문진국,자유한국당,초선,비례대표,남,Representative,0.6376962280009649,0.0
한선교,0.0046693112881819,문화체육관광위원회,한선교,한선교,자유한국당,4선,지역구,남,Representative,0.1186880320068769,0.000554191367621805
박명재,0.0043097339192837,문화체육관광위원회,박명재,박명재,자유한국당,재선,지역구,남,Representative,0.5424317597732208,0.0023377365539913974
윤재옥,0.0,문화체육관광위원회,윤재옥,윤재옥,자유한국당,재선,지역구,남,Representative,0.1344948665442003,0.0
이종구,0.0,문화체육관광위원회,이종구,이종구,자유한국당,3선,지역구,남,Representative,0.5199034206107074,0.0
정종섭,0.0025243760936261,문화체육관광위원회,정종섭,정종섭,자유한국당,초선,지역구,남,Representative,0.3807594230574026,0.0009611799849889736
곽대훈,0.0014454569130165,문화체육관광위원회,곽대훈,곽대훈,자유한국당,초선,지역구,남,Representative,0.1312626090957611,0.0001897344457380504
김도읍,0.0024395824033792,문화체육관광위원회,김도읍,김도읍,자유한국당,재선,지역구,남,Representative,0.0786043622449074,0.00019176181896152043
김재경,0.0,문화체육관광위원회,김재경,김재경,자유한국당,4선,지역구,남,Representative,0.1491019221549866,0.0
김정훈,0.0,문화체육관광위원회,김정훈,김정훈,자유한국당,4선,지역구,남,Representative,0.260541039338365,0.0
김한표,0.0,문화체육관광위원회,김한표,김한표,자유한국당,재선,지역구,남,Representative,0.3879670316340894,0.0
송언석,0.0,문화체육관광위원회,송언석,송언석,자유한국당,초선,지역구,남,Representative,0.1908856424447248,0.0
엄용수,0.0,문화체육관광위원회,엄용수,엄용수,자유한국당,초선,지역구,남,Representative,0.3660271027599738,0.0
유기준,0.0,문화체육관광위원회,유기준,유기준,자유한국당,4선,지역구,남,Representative,0.2633017533080311,0.0
이진복,0.0,문화체육관광위원회,이진복,이진복,자유한국당,3선,지역구,남,Representative,0.219085789524194,0.0
이철규,0.0005556624863099,문화체육관광위원회,이철규,이철규,자유한국당,초선,지역구,남,Representative,0.4017209073035526,0.00022322123815496088
장석춘,0.0005908606555679,문화체육관광위원회,장석춘,장석춘,자유한국당,초선,지역구,남,Representative,0.1436037583640525,8.484981080899837e-05
이명수,0.0054605955060404,문화체육관광위원회,이명수,이명수,자유한국당,3선,지역구,남,Representative,0.3282274440638352,0.0017923173060141052
권미혁,0.0009312737604226,문화체육관광위원회,권미혁,권미혁,더불어민주당,초선,지역구,여,Representative,0.4592713852034786,0.00042770738995294
김병기,0.0,문화체육관광위원회,김병기,김병기,더불어민주당,초선,지역구,남,Representative,0.1877751940353654,0.0
김태년,0.0008467720082396,문화체육관광위원회,김태년,김태년,더불어민주당,3선,지역구,남,Representative,0.3475258712280392,0.00029427517989498333
이개호,0.0,문화체육관광위원회,이개호,이개호,더불어민주당,재선,지역구,남,Representative,0.9076344805120292,0.0
표창원,0.0,문화체육관광위원회,표창원,표창원,더불어민주당,초선,지역구,남,Representative,0.4432466247795722,0.0
김광수,0.0034978508005217,문화체육관광위원회,김광수,김광수,국민의당,초선,지역구,남,Representative,0.7050580980902613,0.002466188032819328
이용호,0.0013025649060019,문화체육관광위원회,이용호,이용호,국민의당,초선,지역구,남,Representative,0.9837359713108262,0.001281379953001174
추혜선,0.0006495233534112,문화체육관광위원회,추혜선,추혜선,정의당,초선,비례대표,여,Representative,1.4776255797827655,0.0009597523216666705
김진태,0.0,문화체육관광위원회,김진태,김진태,자유한국당,재선,지역구,남,Representative,0.0487572040542768,0.0
김학용,0.0010880186107295,문화체육관광위원회,김학용,김학용,자유한국당,3선,지역구,남,Representative,0.3347518226262136,0.00036421621299294094
이언주,0.0011853325413327,문화체육관광위원회,이언주,이언주,더불어민주당,재선,지역구,여,Representative,1.5238762330035724,0.001806300087942626
이종배,0.0260642732910985,문화체육관광위원회,이종배,이종배,자유한국당,재선,지역구,남,Representative,0.2546643617911198,0.0066376415232269285
홍문표,0.0037877454398218,문화체육관광위원회,홍문표,홍문표,자유한국당,3선,지역구,남,Representative,1.0738729958258912,0.0040675575428872944
박경미,0.0121610843633675,문화체육관광위원회,박경미,박경미,더불어민주당,초선,비례대표,여,Representative,0.5361234903354704,0.006519842995152696
맹성규,0.0,문화체육관광위원회,맹성규,맹성규,더불어민주당,초선,지역구,남,Representative,0.302559084695415,0.0
임종성,0.0026590362629886,문화체육관광위원회,임종성,임종성,더불어민주당,초선,지역구,남,Representative,0.5180000225410992,0.0013773808441656951
백혜련,0.0030520761805396,문화체육관광위원회,백혜련,백혜련,더불어민주당,초선,지역구,여,Representative,0.2873528638507782,0.0008770228311687988
이정미,0.003649480064834,문화체육관광위원회,이정미,이정미,정의당,초선,비례대표,여,Representative,1.419781284660404,0.005181463494792551
조응천,0.0011384098283055,문화체육관광위원회,조응천,조응천,더불어민주당,초선,지역구,남,Representative,0.3625277926369529,0.0004127052021718055
김영호,0.0007620574315846,문화체육관광위원회,김영호,김영호,더불어민주당,초선,지역구,남,Representative,0.4539708046944207,0.0003459518254398243
변재일,0.0025489432422431,문화체육관광위원회,변재일,변재일,더불어민주당,4선,지역구,남,Representative,0.629493870938658,0.0016045441483625426
안규백,0.0013259003891843,문화체육관광위원회,안규백,안규백,더불어민주당,3선,지역구,남,Representative,0.6009595071079386,0.0007968124443584209
이석현,0.0042180666809849,문화체육관광위원회,이석현,이석현,더불어민주당,6선,지역구,남,Representative,0.4261848158879266,0.0017976759718385472
조승래,0.0072921993260258,문화체육관광위원회,조승래,조승래,더불어민주당,초선,지역구,남,Representative,0.2088104943838757,0.0015226877464132125
최인호,0.0051388429120582,문화체육관광위원회,최인호,최인호,더불어민주당,초선,지역구,남,Representative,0.1459769861531162,0.0007501528006165592
박완주,0.0002163353109568,문화체육관광위원회,박완주,박완주,더불어민주당,재선,지역구,남,Representative,0.7029909046961353,0.00015208175596724059
박홍근,0.0021554636022577,문화체육관광위원회,박홍근,박홍근,더불어민주당,재선,지역구,남,Representative,0.4380480284960645,0.0009441965814640108
우원식,0.0,문화체육관광위원회,우원식,우원식,더불어민주당,3선,지역구,남,Representative,0.2682558233303833,0.0
김한정,0.0003308467692835,문화체육관광위원회,김한정,김한정,더불어민주당,초선,지역구,남,Representative,0.475581724187707,0.00015734467697777943
인재근,0.0024392346149103,문화체육관광위원회,인재근,인재근,더불어민주당,재선,지역구,여,Representative,0.4706617600587874,0.0011480544570500002
홍영표,0.0017116694477657,문화체육관광위원회,홍영표,홍영표,더불어민주당,3선,지역구,남,Representative,0.7711565648093,0.0013199651314280288
김두관,0.0061295841636123,문화체육관광위원회,김두관,김두관,더불어민주당,초선,지역구,남,Representative,0.4560581632169218,0.0027954468949405575
백재현,0.0,문화체육관광위원회,백재현,백재현,더불어민주당,3선,지역구,남,Representative,0.5536257649582159,0.0
오제세,0.0024638221221764,문화체육관광위원회,오제세,오제세,더불어민주당,4선,지역구,남,Representative,1.1845693642879889,0.002918568204985182
이상민,0.0013426433215016,문화체육관광위원회,이상민,이상민,더불어민주당,4선,지역구,남,Representative,0.6302132597162741,0.0008461516242798087
이철희,0.0,문화체육관광위원회,이철희,이철희,더불어민주당,초선,비례대표,남,Representative,0.8472933004468098,0.0
정성호,0.0,문화체육관광위원회,정성호,정성호,더불어민주당,3선,지역구,남,Representative,0.9858607826855786,0.0
금태섭,0.0,문화체육관광위원회,금태섭,금태섭,더불어민주당,초선,지역구,남,Representative,0.4645794902283139,0.0
박재호,0.0,문화체육관광위원회,박재호,박재호,더불어민주당,초선,지역구,남,Representative,0.2524296630381502,0.0
서형수,0.0,문화체육관광위원회,서형수,서형수,더불어민주당,초선,지역구,남,Representative,0.5046603090328576,0.0
정춘숙,0.0,문화체육관광위원회,정춘숙,정춘숙,더불어민주당,초선,비례대표,여,Representative,0.6218718977568765,0.0
채이배,0.0,문화체육관광위원회,채이배,채이배,국민의당,초선,비례대표,남,Representative,1.231055717778328,0.0
강훈식,0.0021554053798528,문화체육관광위원회,강훈식,강훈식,더불어민주당,초선,지역구,남,Representative,0.371852456351433,0.0008014927849313571
윤일규,0.0,문화체육관광위원회,윤일규,윤일규,더불어민주당,초선,지역구,남,Representative,0.2463711717270404,0.0
김중로,0.0002977930992241,문화체육관광위원회,김중로,김중로,국민의당,초선,비례대표,남,Representative,1.0195617327999331,0.0003036184482607858
임재훈,3.233569616767402e-05,문화체육관광위원회,임재훈,임재훈,국민의당,초선,비례대표,남,Representative,1.0830349246445592,3.5020688262286194e-05
정병국,0.0030821417334171,문화체육관광위원회,정병국,정병국,자유한국당,5선,지역구,남,Representative,1.1343779209474094,0.0034963135316189347
주광덕,0.0,문화체육관광위원회,주광덕,주광덕,자유한국당,재선,지역구,남,Representative,0.2195218361538728,0.0
원혜영,0.0069937829527947,문화체육관광위원회,원혜영,원혜영,더불어민주당,5선,지역구,남,Representative,0.8199263539696501,0.005734386956940052
추미애,0.0,문화체육관광위원회,추미애,추미애,더불어민주당,5선,지역구,여,Representative,0.2576812972041676,0.0
박주선,0.0018026744241386,문화체육관광위원회,박주선,박주선,국민의당,4선,지역구,남,Representative,1.0117643014135882,0.001823881629414733
신용현,0.0,문화체육관광위원회,신용현,신용현,국민의당,초선,지역구,여,Representative,0.9729453901363904,0.0
유동수,0.002460624366401,문화체육관광위원회,유동수,유동수,더불어민주당,초선,지역구,남,Representative,0.8688043750278167,0.0021378012148292385
김기선,0.0006803406397056,문화체육관광위원회,김기선,김기선,자유한국당,재선,지역구,남,Representative,0.2058944226376191,0.00014007834320909295
박덕흠,0.0022986506289666,문화체육관광위원회,박덕흠,박덕흠,자유한국당,재선,지역구,남,Representative,0.3783016007215079,0.0008695832124375657
이학영,0.0005521361761567,문화체육관광위원회,이학영,이학영,더불어민주당,재선,지역구,남,Representative,0.3212334061727276,0.00017736458453800188
김태흠,0.0,문화체육관광위원회,김태흠,김태흠,자유한국당,재선,지역구,남,Representative,0.74944812472639,0.0
서청원,0.0,문화체육관광위원회,서청원,서청원,자유한국당,8선,지역구,남,Representative,0.2133277142020287,0.0
김영우,0.0002975238058406,문화체육관광위원회,김영우,김영우,자유한국당,3선,지역구,남,Representative,0.6260518797021696,0.00018626533790265095
유승민,0.0,문화체육관광위원회,유승민,유승민,자유한국당,4선,지역구,남,Representative,1.0521010990735595,0.0
어기구,0.0,문화체육관광위원회,어기구,어기구,더불어민주당,초선,지역구,남,Representative,0.386064465691427,0.0
이종걸,0.0,문화체육관광위원회,이종걸,이종걸,더불어민주당,5선,지역구,남,Representative,1.0363897595497007,0.0
김해영,0.0116188183117837,문화체육관광위원회,김해영,김해영,더불어민주당,초선,지역구,남,Representative,0.4741611749752225,0.005509192542538991
송기헌,0.0015344402359431,문화체육관광위원회,송기헌,송기헌,더불어민주당,초선,지역구,남,Representative,0.3192665277817301,0.0004898954062181322
김종훈,0.0,문화체육관광위원회,김종훈,김종훈,더불어민주당,초선,지역구,남,Representative,1.5948540798459616,0.0
손혜원,0.0109285401678975,문화체육관광위원회,손혜원,손혜원,더불어민주당,초선,지역구,여,Representative,0.8635365284530971,0.009437193637646434
여영국,0.0,문화체육관광위원회,여영국,여영국,정의당,초선,지역구,남,Representative,1.4694207601469056,0.0
이용주,0.0,문화체육관광위원회,이용주,이용주,국민의당,초선,지역구,남,Representative,0.6566531230147329,0.0
권성동,0.0021681586859066,문화체육관광위원회,권성동,권성동,자유한국당,3선,지역구,남,Representative,0.4062466024090395,0.0008808070996332041
전해철,0.0,문화체육관광위원회,전해철,전해철,더불어민주당,재선,지역구,남,Representative,0.1604451590533877,0.0
이훈,0.0,문화체육관광위원회,이훈,이훈,더불어민주당,초선,지역구,남,Representative,0.4457924997779086,0.0
윤호중,0.0,문화체육관광위원회,윤호중,윤호중,더불어민주당,3선,지역구,남,Representative,0.3826215742444835,0.0
윤관석,0.0018686849191848,문화체육관광위원회,윤관석,윤관석,더불어민주당,재선,지역구,남,Representative,0.3522558143466113,0.0006582551279646732
이재정,0.0,문화체육관광위원회,이재정,이재정,더불어민주당,초선,비례대표,여,Representative,0.1297805327369249,0.0
홍익표,0.0,문화체육관광위원회,홍익표,홍익표,더불어민주당,재선,지역구,남,Representative,0.1975395629671791,0.0
이양수,0.0,문화체육관광위원회,이양수,이양수,자유한국당,초선,지역구,남,Representative,0.8099604387683925,0.0
이후삼,0.0,문화체육관광위원회,이후삼,이후삼,더불어민주당,초선,지역구,남,Representative,0.0401066425951788,0.0
김삼화,0.0028968502271892,문화체육관광위원회,김삼화,김삼화,국민의당,초선,비례대표,여,Representative,1.0477888116577914,0.003035287257097175
유의동,0.0007737859110273,문화체육관광위원회,유의동,유의동,자유한국당,재선,지역구,남,Representative,1.0164179390168884,0.0007864898809266735
하태경,0.0,문화체육관광위원회,하태경,하태경,자유한국당,재선,지역구,남,Representative,1.492172082079166,0.0
김동철,0.0063592861953312,문화체육관광위원회,김동철,김동철,국민의당,4선,지역구,남,Representative,1.2078444006959184,0.00768102822345364
심재철,0.0005231817969499,문화체육관광위원회,심재철,심재철,자유한국당,5선,지역구,남,Representative,0.2402035505413585,0.00012567012520597407
강석진,0.0,문화체육관광위원회,강석진,강석진,자유한국당,초선,지역구,남,Representative,0.6089939732328231,0.0
지상욱,0.0,문화체육관광위원회,지상욱,지상욱,자유한국당,초선,지역구,남,Representative,0.7380939530534976,0.0
심기준,0.0007812097629465,문화체육관광위원회,심기준,심기준,더불어민주당,초선,비례대표,남,Representative,0.3265883675668164,0.00025513402120795706
경대수,0.0021895649522555,문화체육관광위원회,경대수,경대수,자유한국당,재선,지역구,남,Representative,0.635460965905347,0.001391383059472775
황영철,0.0,문화체육관광위원회,황영철,황영철,자유한국당,3선,지역구,남,Representative,0.3717335455385492,0.0
이수혁,0.0,문화체육관광위원회,이수혁,이수혁,더불어민주당,초선,비례대표,남,Representative,0.3510840296934358,0.0
김경협,0.0026230300662768,문화체육관광위원회,김경협,김경협,더불어민주당,재선,지역구,남,Representative,0.2751830860421476,0.0007218135084193888
신경민,0.0011726072083379,문화체육관광위원회,신경민,신경민,더불어민주당,재선,지역구,남,Representative,0.2582677030896177,0.0003028465703237583
이정현,0.0,문화체육관광위원회,이정현,이정현,자유한국당,3선,지역구,남,Representative,0.583583007550223,0.0
윤한홍,0.0,문화체육관광위원회,윤한홍,윤한홍,자유한국당,초선,지역구,남,Representative,0.2622782919078764,0.0
윤상현,0.0003394108920966,문화체육관광위원회,윤상현,윤상현,자유한국당,3선,지역구,남,Representative,0.2001655767502632,6.793837697183729e-05
오신환,0.0009688669311643,문화체육관광위원회,오신환,오신환,자유한국당,재선,지역구,남,Representative,1.0828612536923172,0.001049148459741602
최도자,0.0053003901398312,문화체육관광위원회,최도자,최도자,국민의당,초선,비례대표,여,Representative,1.2596089727347155,0.006676418979125993
여상규,0.0,문화체육관광위원회,여상규,여상규,자유한국당,3선,지역구,남,Representative,0.179755435767015,0.0
홍의락,0.0,문화체육관광위원회,홍의락,홍의락,더불어민주당,재선,지역구,남,Representative,0.5274233799288646,0.0
윤소하,0.0,문화체육관광위원회,윤소하,윤소하,정의당,초선,비례대표,남,Representative,1.501385577848504,0.0
김종대,0.0,문화체육관광위원회,김종대,김종대,정의당,초선,비례대표,남,Representative,1.4582975228087227,0.0
박선숙,0.0,문화체육관광위원회,박선숙,박선숙,국민의당,재선,비례대표,여,Representative,1.2142537538570304,0.0
손금주,0.0017963522677095,문화체육관광위원회,손금주,손금주,국민의당,초선,지역구,남,Representative,1.3417577348471896,0.002410269549709511
심상정,0.0,문화체육관광위원회,심상정,심상정,정의당,3선,지역구,여,Representative,1.4101172974735254,0.0
이상돈,0.0,문화체육관광위원회,이상돈,이상돈,국민의당,초선,비례대표,남,Representative,1.606671771644464,0.0
홍문종,0.0008859787418791,문화체육관광위원회,홍문종,홍문종,자유한국당,4선,지역구,남,Representative,0.1754129276773165,0.00015541212497287844
김영진,0.0007647806971573,문화체육관광위원회,김영진,김영진,더불어민주당,초선,지역구,남,Representative,0.1323556283416291,0.00010122302971580359
이춘석,0.00111021261859,문화체육관광위원회,이춘석,이춘석,더불어민주당,3선,지역구,남,Representative,0.5338027552115759,0.0005926345546740005
박주민,0.0018036959373605,문화체육관광위원회,박주민,박주민,더불어민주당,초선,지역구,남,Representative,0.6441785729603295,0.0011619022749832309
박순자,0.0,문화체육관광위원회,박순자,박순자,자유한국당,3선,지역구,여,Representative,0.4713721881542825,0.0
이헌승,0.0,문화체육관광위원회,이헌승,이헌승,자유한국당,재선,지역구,남,Representative,0.1422055697125377,0.0
이현재,0.0,문화체육관광위원회,이현재,이현재,자유한국당,재선,지역구,남,Representative,0.2081669972188319,0.0
김성환,0.0,문화체육관광위원회,김성환,김성환,더불어민주당,초선,지역구,남,Representative,0.4284341213691399,0.0
권은희,0.0001362212948447,문화체육관광위원회,권은희,권은희,국민의당,재선,지역구,여,Representative,0.9101311635551772,0.00012397924557799967
강길부,0.0,문화체육관광위원회,강길부,강길부,자유한국당,4선,지역구,남,Representative,1.011544857155329,0.0
조원진,0.0001577734367851,문화체육관광위원회,조원진,조원진,자유한국당,3선,지역구,남,Representative,0.1561314852952748,2.463340102539781e-05
박완수,0.0,문화체육관광위원회,박완수,박완수,자유한국당,초선,지역구,남,Representative,0.320674965976727,0.0
황희,0.0004942524512424,문화체육관광위원회,황희,황희,더불어민주당,초선,지역구,남,Representative,0.2691269447247251,0.00013301665212557328
최운열,0.0,문화체육관광위원회,최운열,최운열,더불어민주당,초선,비례대표,남,Representative,0.459943821659768,0.0
이인영,0.0001427120611902,문화체육관광위원회,이인영,이인영,더불어민주당,3선,지역구,남,Representative,0.1211476890856317,1.7289236417839993e-05
이완영,0.0045182119120316,문화체육관광위원회,이완영,이완영,자유한국당,재선,지역구,남,Representative,0.3571997154092039,0.0016139040091361625
장제원,0.0,문화체육관광위원회,장제원,장제원,자유한국당,재선,지역구,남,Representative,0.5900030223326368,0.0
김정우,0.004230142398665,문화체육관광위원회,김정우,김정우,더불어민주당,초선,지역구,남,Representative,0.4417726916628472,0.0018687613935753702
김종석,0.0,문화체육관광위원회,김종석,김종석,자유한국당,초선,비례대표,남,Representative,0.1902354048834826,0.0
이군현,0.0,문화체육관광위원회,이군현,이군현,자유한국당,4선,지역구,남,Representative,0.5199038049730397,0.0
이채익,0.0,문화체육관광위원회,이채익,이채익,자유한국당,재선,지역구,남,Representative,0.415602928743905,0.0
박범계,0.0,문화체육관광위원회,박범계,박범계,더불어민주당,재선,지역구,남,Representative,0.5376962952563203,0.0
박용진,0.0,문화체육관광위원회,박용진,박용진,더불어민주당,초선,지역구,남,Representative,0.6153148674123682,0.0
강병원,0.0,문화체육관광위원회,강병원,강병원,더불어민주당,초선,지역구,남,Representative,0.3711053074374737,0.0
이혜훈,0.0,문화체육관광위원회,이혜훈,이혜훈,자유한국당,3선,지역구,여,Representative,1.4755924567120928,0.0
박성중,0.001762045988006,문화체육관광위원회,박성중,박성중,자유한국당,초선,지역구,남,Representative,0.1599671130327059,0.00028186940973218174
박병석,0.0004350738544964,문화체육관광위원회,박병석,박병석,더불어민주당,5선,지역구,남,Representative,0.4701074306076837,0.0002045314518618838
유은혜,0.0077907332491223,문화체육관광위원회,유은혜,유은혜,더불어민주당,재선,지역구,여,Representative,0.4014353783153699,0.0031274759492155415
박영선,0.0,문화체육관광위원회,박영선,박영선,더불어민주당,4선,지역구,여,Representative,0.4472601336192084,0.0
나경원,0.0011025940712282,문화체육관광위원회,나경원,나경원,자유한국당,4선,지역구,여,Representative,0.4570003286366014,0.0005038858529040557
정양석,0.0,문화체육관광위원회,정양석,정양석,자유한국당,재선,지역구,남,Representative,0.3859603071668061,0.0
문희상,0.0,문화체육관광위원회,문희상,문희상,더불어민주당,6선,지역구,남,Representative,0.6351751444405559,0.0
오세정,0.0007606571943076,문화체육관광위원회,오세정,오세정,국민의당,초선,비례대표,남,Representative,1.1278834176360886,0.0008579326359651342
양승조,0.0,문화체육관광위원회,양승조,양승조,더불어민주당,4선,지역구,남,Representative,0.7857133708245717,0.0
박남춘,0.0008474311740873,문화체육관광위원회,박남춘,박남춘,더불어민주당,재선,지역구,남,Representative,0.4605735800336737,0.00039030440968152716
진영,0.0,문화체육관광위원회,진영,진영,더불어민주당,4선,지역구,남,Representative,0.930618422605128,0.0
송기석,0.0025586748033069,문화체육관광위원회,송기석,송기석,국민의당,초선,지역구,남,Representative,0.7845483731860012,0.00200740415444644
김경수,0.0001845233936111,문화체육관광위원회,김경수,김경수,더불어민주당,초선,지역구,남,Representative,0.2933099446985726,5.4122546375664684e-05
이해찬,0.0,문화체육관광위원회,이해찬,이해찬,더불어민주당,7선,지역구,남,Representative,0.3925330774809683,0.0
권석창,0.0,문화체육관광위원회,권석창,권석창,자유한국당,초선,지역구,남,Representative,0.2295248300116327,0.0
최명길,0.0019726924108485,문화체육관광위원회,최명길,최명길,더불어민주당,초선,지역구,남,Representative,0.6829154638268365,0.0013471821527422838
이우현,0.0006825357506481,문화체육관광위원회,이우현,이우현,자유한국당,재선,지역구,남,Representative,0.2335736215615007,0.0001594223471240741
이철우,0.0,문화체육관광위원회,이철우,이철우,자유한국당,3선,지역구,남,Representative,0.2619402628325249,0.0
윤종오,0.0,문화체육관광위원회,윤종오,윤종오,더불어민주당,초선,지역구,남,Representative,1.1947717620134848,0.0
박찬우,0.0,문화체육관광위원회,박찬우,박찬우,자유한국당,초선,지역구,남,Representative,0.453230298468986,0.0
박준영,0.0,문화체육관광위원회,박준영,박준영,국민의당,초선,지역구,남,Representative,0.8806716279052433,0.0
배덕광,0.0,문화체육관광위원회,배덕광,배덕광,자유한국당,재선,지역구,남,Representative,0.1475526412690407,0.0
김현미,0.0,문화체육관광위원회,김현미,김현미,더불어민주당,3선,지역구,여,Representative,0.5372955133516878,0.0
문미옥,0.0,문화체육관광위원회,문미옥,문미옥,더불어민주당,초선,비례대표,여,Representative,0.3542828873224695,0.0
김종태,0.0,문화체육관광위원회,김종태,김종태,자유한국당,재선,지역구,남,Representative,0.4863851342735198,0.0
안철수,0.0,문화체육관광위원회,안철수,안철수,국민의당,재선,지역구,남,Representative,0.3712323266408756,0.0
이원욱,0.0167041731127826,과학기술정보방송통신위원회,이원욱,이원욱,더불어민주당,재선,지역구,남,Representative,0.3714494969930796,0.006204756700428421
김두관,0.0,과학기술정보방송통신위원회,김두관,김두관,더불어민주당,초선,지역구,남,Representative,0.4560581632169218,0.0
김병관,0.000963471549605,과학기술정보방송통신위원회,김병관,김병관,더불어민주당,초선,지역구,남,Representative,0.4357562473746135,0.0004198387469080786
김영진,0.0,과학기술정보방송통신위원회,김영진,김영진,더불어민주당,초선,지역구,남,Representative,0.1323556283416291,0.0
김철민,0.0026849963088103,과학기술정보방송통신위원회,김철민,김철민,더불어민주당,초선,지역구,남,Representative,0.4943055978963909,0.001327208705776078
박경미,0.0018189379375863,과학기술정보방송통신위원회,박경미,박경미,더불어민주당,초선,비례대표,여,Representative,0.5361234903354704,0.000975175355802369
박선숙,0.0098134451540481,과학기술정보방송통신위원회,박선숙,박선숙,국민의당,재선,비례대표,여,Representative,1.2142537538570304,0.011916012616572989
이인영,0.0,과학기술정보방송통신위원회,이인영,이인영,더불어민주당,3선,지역구,남,Representative,0.1211476890856317,0.0
이훈,0.0,과학기술정보방송통신위원회,이훈,이훈,더불어민주당,초선,지역구,남,Representative,0.4457924997779086,0.0
정춘숙,0.0,과학기술정보방송통신위원회,정춘숙,정춘숙,더불어민주당,초선,비례대표,여,Representative,0.6218718977568765,0.0
한정애,0.0024290718622724,과학기술정보방송통신위원회,한정애,한정애,더불어민주당,재선,지역구,여,Representative,0.4432117996184036,0.0010765933114801774
홍의락,0.0005545141382372,과학기술정보방송통신위원회,홍의락,홍의락,더불어민주당,재선,지역구,남,Representative,0.5274233799288646,0.00029246372100740566
허윤정,9.6041430724671e-05,과학기술정보방송통신위원회,허윤정,허윤정,더불어민주당,초선,비례대표,여,Representative,-0.0,-0.0
강병원,0.0020629173595293,과학기술정보방송통신위원회,강병원,강병원,더불어민주당,초선,지역구,남,Representative,0.3711053074374737,0.0007655595809262223
기동민,0.0016737894310009,과학기술정보방송통신위원회,기동민,기동민,더불어민주당,초선,지역구,남,Representative,0.1406386680233549,0.00023539951612753566
김상희,0.0004875525196183,과학기술정보방송통신위원회,김상희,김상희,더불어민주당,3선,지역구,여,Representative,0.549508602610133,0.0002679143037545015
김정우,0.0,과학기술정보방송통신위원회,김정우,김정우,더불어민주당,초선,지역구,남,Representative,0.4417726916628472,0.0
김종민,0.0,과학기술정보방송통신위원회,김종민,김종민,더불어민주당,초선,지역구,남,Representative,0.5934295202694789,0.0
박홍근,0.0461095367049767,과학기술정보방송통신위원회,박홍근,박홍근,더불어민주당,재선,지역구,남,Representative,0.4380480284960645,0.020198191648481967
서영교,0.0123220742354268,과학기술정보방송통신위원회,서영교,서영교,더불어민주당,재선,지역구,여,Representative,0.4822796444107599,0.005942685580664623
손금주,0.0020501586246037,과학기술정보방송통신위원회,손금주,손금주,국민의당,초선,지역구,남,Representative,1.3417577348471896,0.0027508161922256908
윤준호,0.0006919528238281,과학기술정보방송통신위원회,윤준호,윤준호,더불어민주당,초선,지역구,남,Representative,0.8409997210125054,0.0005819321317932475
제윤경,0.0007698942346911,과학기술정보방송통신위원회,제윤경,제윤경,더불어민주당,초선,비례대표,여,Representative,0.2928274618467911,0.0002254461746350725
진선미,0.0011013029270199,과학기술정보방송통신위원회,진선미,진선미,더불어민주당,재선,지역구,여,Representative,0.7038169878391717,0.0007751157087936091
박광온,0.0092461086122156,과학기술정보방송통신위원회,박광온,박광온,더불어민주당,재선,지역구,남,Representative,0.2036686067716271,0.001883142059109094
김영주,0.0018796906430807,과학기술정보방송통신위원회,김영주,김영주,더불어민주당,3선,지역구,여,Representative,0.5066585031839548,0.0009523612476721528
김진표,0.0001464046979003,과학기술정보방송통신위원회,김진표,김진표,더불어민주당,4선,지역구,남,Representative,0.9058736267791744,0.00013262415466445415
송갑석,0.0,과학기술정보방송통신위원회,송갑석,송갑석,더불어민주당,초선,지역구,남,Representative,0.1128634081839454,0.0
신경민,0.004494653479152,과학기술정보방송통신위원회,신경민,신경민,더불어민주당,재선,지역구,남,Representative,0.2582677030896177,0.001160823830244346
이상민,0.0082639956221828,과학기술정보방송통신위원회,이상민,이상민,더불어민주당,4선,지역구,남,Representative,0.6302132597162741,0.0052080796193368405
정재호,0.0,과학기술정보방송통신위원회,정재호,정재호,더불어민주당,초선,지역구,남,Representative,0.2574447104853001,0.0
김영호,0.0011167952495761,과학기술정보방송통신위원회,김영호,김영호,더불어민주당,초선,지역구,남,Representative,0.4539708046944207,0.0005069924381289686
노웅래,0.0224816506254193,과학기술정보방송통신위원회,노웅래,노웅래,더불어민주당,3선,지역구,남,Representative,0.7159401864066474,0.016095517139491814
민병두,0.0,과학기술정보방송통신위원회,민병두,민병두,더불어민주당,3선,지역구,남,Representative,0.4585025107011514,0.0
백혜련,0.004583290020474,과학기술정보방송통신위원회,백혜련,백혜련,더불어민주당,초선,지역구,여,Representative,0.2873528638507782,0.0013170215132418958
이개호,0.0021491035985891,과학기술정보방송통신위원회,이개호,이개호,더불어민주당,재선,지역구,남,Representative,0.9076344805120292,0.0019506005282719503
이철희,0.0037720256360257,과학기술정보방송통신위원회,이철희,이철희,더불어민주당,초선,비례대표,남,Representative,0.8472933004468098,0.0031960120505181923
권미혁,0.0012764705548808,과학기술정보방송통신위원회,권미혁,권미혁,더불어민주당,초선,지역구,여,Representative,0.4592713852034786,0.000586246399911558
김부겸,0.0013509518362184,과학기술정보방송통신위원회,김부겸,김부겸,더불어민주당,4선,지역구,남,Representative,0.8571509059437675,0.0011579695903009978
남인순,0.00161484406212,과학기술정보방송통신위원회,남인순,남인순,더불어민주당,재선,지역구,여,Representative,0.6462902314628618,0.0010436579426839627
유승희,0.0051787344475372,과학기술정보방송통신위원회,유승희,유승희,더불어민주당,3선,지역구,여,Representative,0.5469890607717001,0.002832711091444422
이용득,0.0016812834371902,과학기술정보방송통신위원회,이용득,이용득,더불어민주당,초선,비례대표,남,Representative,0.4820345550834095,0.0008104367136150835
임종성,0.0,과학기술정보방송통신위원회,임종성,임종성,더불어민주당,초선,지역구,남,Representative,0.5180000225410992,0.0
정은혜,0.0,과학기술정보방송통신위원회,정은혜,정은혜,더불어민주당,초선,비례대표,여,Representative,0.6448259909434018,0.0
표창원,0.0,과학기술정보방송통신위원회,표창원,표창원,더불어민주당,초선,지역구,남,Representative,0.4432466247795722,0.0
안호영,0.0007478670356704,과학기술정보방송통신위원회,안호영,안호영,더불어민주당,초선,지역구,남,Representative,0.3178846521149758,0.00023773545246234332
이규희,0.0,과학기술정보방송통신위원회,이규희,이규희,더불어민주당,초선,지역구,남,Representative,0.3036400552435822,0.0
이학영,0.0010333509142673,과학기술정보방송통신위원회,이학영,이학영,더불어민주당,재선,지역구,남,Representative,0.3212334061727276,0.000331946833961787
김관영,0.0045848465695891,과학기술정보방송통신위원회,김관영,김관영,국민의당,재선,지역구,남,Representative,1.1358758772529134,0.0052078166193020295
김삼화,0.0,과학기술정보방송통신위원회,김삼화,김삼화,국민의당,초선,비례대표,여,Representative,1.0477888116577914,0.0
박지원,0.0,과학기술정보방송통신위원회,박지원,박지원,국민의당,4선,지역구,남,Representative,0.7565970138970873,0.0
유의동,0.0049147551706519,과학기술정보방송통신위원회,유의동,유의동,자유한국당,재선,지역구,남,Representative,1.0164179390168884,0.0049954453213266
인재근,0.0,과학기술정보방송통신위원회,인재근,인재근,더불어민주당,재선,지역구,여,Representative,0.4706617600587874,0.0
주승용,0.0023686012458584,과학기술정보방송통신위원회,주승용,주승용,국민의당,4선,지역구,남,Representative,1.1127518815412194,0.0026356654929498113
채이배,0.0,과학기술정보방송통신위원회,채이배,채이배,국민의당,초선,비례대표,남,Representative,1.231055717778328,0.0
추혜선,0.0078347570277439,과학기술정보방송통신위원회,추혜선,추혜선,정의당,초선,비례대표,여,Representative,1.4776255797827655,0.011576837395577178
정인화,0.0032106580920254,과학기술정보방송통신위원회,정인화,정인화,국민의당,초선,지역구,남,Representative,1.152650910093734,0.003700767971772889
홍문표,0.0010338255250866,과학기술정보방송통신위원회,홍문표,홍문표,자유한국당,3선,지역구,남,Representative,1.0738729958258912,0.0011101973137860222
김성찬,0.0,과학기술정보방송통신위원회,김성찬,김성찬,자유한국당,재선,지역구,남,Representative,0.6145298499661254,0.0
김학용,0.0,과학기술정보방송통신위원회,김학용,김학용,자유한국당,3선,지역구,남,Representative,0.3347518226262136,0.0
박덕흠,0.0,과학기술정보방송통신위원회,박덕흠,박덕흠,자유한국당,재선,지역구,남,Representative,0.3783016007215079,0.0
박성중,0.0081137502059181,과학기술정보방송통신위원회,박성중,박성중,자유한국당,초선,지역구,남,Representative,0.1599671130327059,0.0012979331963092412
안상수,0.0,과학기술정보방송통신위원회,안상수,안상수,자유한국당,3선,지역구,남,Representative,0.6645956077847494,0.0
위성곤,0.0011147551222955,과학기술정보방송통신위원회,위성곤,위성곤,더불어민주당,초선,지역구,남,Representative,0.8913491139784591,0.0009936359905610426
이명수,0.003753930236842,과학기술정보방송통신위원회,이명수,이명수,자유한국당,3선,지역구,남,Representative,0.3282274440638352,0.001232142926832597
이은권,0.0400230249383325,과학기술정보방송통신위원회,이은권,이은권,자유한국당,초선,지역구,남,Representative,0.2381916954337352,0.009533152166448082
정병국,0.0019640118989521,과학기술정보방송통신위원회,정병국,정병국,자유한국당,5선,지역구,남,Representative,1.1343779209474094,0.002227931734649257
유성엽,0.0018899518311499,과학기술정보방송통신위원회,유성엽,유성엽,국민의당,3선,지역구,남,Representative,1.0788643249197116,0.0020390016064443096
김광수,0.0008856730033276,과학기술정보방송통신위원회,김광수,김광수,국민의당,초선,지역구,남,Representative,0.7050580980902613,0.0006244509232560474
김종회,0.0023676350198777,과학기술정보방송통신위원회,김종회,김종회,국민의당,초선,지역구,남,Representative,1.05317158253419,0.002493525920747966
윤영석,0.0038662393989677,과학기술정보방송통신위원회,윤영석,윤영석,자유한국당,재선,지역구,남,Representative,0.3920069894662951,0.0015155928673453063
윤영일,0.0,과학기술정보방송통신위원회,윤영일,윤영일,국민의당,초선,지역구,남,Representative,1.2136308597582175,0.0
임재훈,0.0004544598663914,과학기술정보방송통신위원회,임재훈,임재훈,국민의당,초선,비례대표,남,Representative,1.0830349246445592,0.0004921959071511864
장정숙,0.0022717293702293,과학기술정보방송통신위원회,장정숙,장정숙,국민의당,초선,비례대표,여,Representative,1.0742364163183826,0.0024403744175203394
전재수,0.0,과학기술정보방송통신위원회,전재수,전재수,더불어민주당,초선,지역구,남,Representative,0.2424661719200068,0.0
황주홍,0.0381819485502209,과학기술정보방송통신위원회,황주홍,황주홍,국민의당,재선,지역구,남,Representative,1.2962987186817088,0.04949521098242227
장병완,0.0025506933822524,과학기술정보방송통신위원회,장병완,장병완,국민의당,3선,지역구,남,Representative,0.8364677546616743,0.002133572766283057
김민기,0.0009389397581452,과학기술정보방송통신위원회,김민기,김민기,더불어민주당,재선,지역구,남,Representative,0.1891638569535047,0.00017761346609773693
설훈,0.0,과학기술정보방송통신위원회,설훈,설훈,더불어민주당,4선,지역구,남,Representative,0.2947522077855856,0.0
송옥주,0.0016650720188671,과학기술정보방송통신위원회,송옥주,송옥주,더불어민주당,초선,비례대표,여,Representative,0.5052940578089671,0.0008413509969575259
안규백,0.0,과학기술정보방송통신위원회,안규백,안규백,더불어민주당,3선,지역구,남,Representative,0.6009595071079386,0.0
이상헌,0.0,과학기술정보방송통신위원회,이상헌,이상헌,더불어민주당,초선,지역구,남,Representative,0.7296652103979866,0.0
이찬열,0.0148426961268536,과학기술정보방송통신위원회,이찬열,이찬열,더불어민주당,3선,지역구,남,Representative,1.1746514826711774,0.017434995012246324
이후삼,0.0,과학기술정보방송통신위원회,이후삼,이후삼,더불어민주당,초선,지역구,남,Representative,0.0401066425951788,0.0
박찬대,0.0019306394855891,과학기술정보방송통신위원회,박찬대,박찬대,더불어민주당,초선,지역구,남,Representative,0.6056175521921311,0.0011692291594279458
김현권,0.0,과학기술정보방송통신위원회,김현권,김현권,더불어민주당,초선,비례대표,남,Representative,0.6106213595945515,0.0
맹성규,0.0,과학기술정보방송통신위원회,맹성규,맹성규,더불어민주당,초선,지역구,남,Representative,0.302559084695415,0.0
신창현,0.0052706234629404,과학기술정보방송통신위원회,신창현,신창현,더불어민주당,초선,지역구,남,Representative,0.0854651307466251,0.0004504545233764312
윤관석,0.0,과학기술정보방송통신위원회,윤관석,윤관석,더불어민주당,재선,지역구,남,Representative,0.3522558143466113,0.0
정성호,0.0062382831744435,과학기술정보방송통신위원회,정성호,정성호,더불어민주당,3선,지역구,남,Representative,0.9858607826855786,0.006150078732971145
최연혜,0.0016362047622309,과학기술정보방송통신위원회,최연혜,최연혜,자유한국당,초선,비례대표,여,Representative,0.0914081709115077,0.00014956248455222493
곽대훈,0.0,과학기술정보방송통신위원회,곽대훈,곽대훈,자유한국당,초선,지역구,남,Representative,0.1312626090957611,0.0
김규환,0.0018188499105742,과학기술정보방송통신위원회,김규환,김규환,자유한국당,초선,비례대표,남,Representative,0.4770049822009083,0.0008676004692195699
김도읍,0.0062130897342178,과학기술정보방송통신위원회,김도읍,김도읍,자유한국당,재선,지역구,남,Representative,0.0786043622449074,0.0004883759561285714
김정재,0.0061388815545564,과학기술정보방송통신위원회,김정재,김정재,자유한국당,초선,지역구,여,Representative,0.2044480865242837,0.001255082587228276
백승주,0.0,과학기술정보방송통신위원회,백승주,백승주,자유한국당,초선,지역구,남,Representative,0.1747219249951915,0.0
이만희,0.0,과학기술정보방송통신위원회,이만희,이만희,자유한국당,초선,지역구,남,Representative,0.3536107077628312,0.0
이종배,0.0044917339721338,과학기술정보방송통신위원회,이종배,이종배,자유한국당,재선,지역구,남,Representative,0.2546643617911198,0.0011438845653489456
이채익,0.0018379245924366,과학기술정보방송통신위원회,이채익,이채익,자유한국당,재선,지역구,남,Representative,0.415602928743905,0.0007638468434270989
홍철호,0.0014560526404677,과학기술정보방송통신위원회,홍철호,홍철호,자유한국당,재선,지역구,남,Representative,0.4481695399588016,0.0006525584420342074
권성동,0.0,과학기술정보방송통신위원회,권성동,권성동,자유한국당,3선,지역구,남,Representative,0.4062466024090395,0.0
김석기,0.0054033157853824,과학기술정보방송통신위원회,김석기,김석기,자유한국당,초선,지역구,남,Representative,0.3618426593527747,0.0019551501531055943
김재경,0.0013357579392827,과학기술정보방송통신위원회,김재경,김재경,자유한국당,4선,지역구,남,Representative,0.1491019221549866,0.00019916407628083445
성일종,0.0,과학기술정보방송통신위원회,성일종,성일종,자유한국당,초선,지역구,남,Representative,0.2957858911419952,0.0
송언석,0.0,과학기술정보방송통신위원회,송언석,송언석,자유한국당,초선,지역구,남,Representative,0.1908856424447248,0.0
이종구,0.0,과학기술정보방송통신위원회,이종구,이종구,자유한국당,3선,지역구,남,Representative,0.5199034206107074,0.0
정갑윤,0.0113899219369222,과학기술정보방송통신위원회,정갑윤,정갑윤,자유한국당,5선,지역구,남,Representative,0.2887216846392271,0.003288517449537466
조훈현,0.0009384780983584,과학기술정보방송통신위원회,조훈현,조훈현,자유한국당,초선,비례대표,남,Representative,0.3604447460125601,0.00033826949980114387
추경호,0.0035970207800334,과학기술정보방송통신위원회,추경호,추경호,자유한국당,초선,지역구,남,Representative,0.1387872488569416,0.0004992206181420857
고용진,0.0113233020206696,과학기술정보방송통신위원회,고용진,고용진,더불어민주당,초선,지역구,남,Representative,0.4239737881662508,0.004800783252253853
김정호,0.0,과학기술정보방송통신위원회,김정호,김정호,더불어민주당,초선,지역구,남,Representative,0.2510534798158137,0.0
박정,0.0208964992320833,과학기술정보방송통신위원회,박정,박정,더불어민주당,초선,지역구,남,Representative,0.2968827671690504,0.006203810516166826
전현희,0.0,과학기술정보방송통신위원회,전현희,전현희,더불어민주당,재선,지역구,여,Representative,0.2186320857698749,0.0
조정식,0.0,과학기술정보방송통신위원회,조정식,조정식,더불어민주당,4선,지역구,남,Representative,0.657600712329438,0.0
최재성,0.0,과학기술정보방송통신위원회,최재성,최재성,더불어민주당,4선,지역구,남,Representative,0.0631784868170286,0.0
김병기,0.0029892425260697,과학기술정보방송통신위원회,김병기,김병기,더불어민주당,초선,지역구,남,Representative,0.1877751940353654,0.0005613055953515038
이종걸,0.0040707012200079,과학기술정보방송통신위원회,이종걸,이종걸,더불어민주당,5선,지역구,남,Representative,1.0363897595497007,0.004218833058602661
김경진,0.0353702737234789,과학기술정보방송통신위원회,김경진,김경진,국민의당,초선,지역구,남,Representative,1.3711841868583572,0.04849916001448594
송영길,0.0,과학기술정보방송통신위원회,송영길,송영길,더불어민주당,4선,지역구,남,Representative,0.4968450830667373,0.0
조응천,0.0006036883886547,과학기술정보방송통신위원회,조응천,조응천,더불어민주당,초선,지역구,남,Representative,0.3625277926369529,0.00021885381897954732
강창일,0.0004069543550674,과학기술정보방송통신위원회,강창일,강창일,더불어민주당,4선,지역구,남,Representative,0.8418881333730888,0.0003426100423557426
강훈식,0.0,과학기술정보방송통신위원회,강훈식,강훈식,더불어민주당,초선,지역구,남,Representative,0.371852456351433,0.0
김세연,0.0074195341026272,과학기술정보방송통신위원회,김세연,김세연,자유한국당,3선,지역구,남,Representative,1.016616967853162,0.007542824262295996
김태흠,0.0,과학기술정보방송통신위원회,김태흠,김태흠,자유한국당,재선,지역구,남,Representative,0.74944812472639,0.0
윤상직,0.0094668851876045,과학기술정보방송통신위원회,윤상직,윤상직,자유한국당,초선,지역구,남,Representative,0.3535025828741088,0.0033465683655908326
천정배,0.0004846712534301,과학기술정보방송통신위원회,천정배,천정배,국민의당,6선,지역구,남,Representative,0.9572737450190898,0.00046396306587412816
최도자,0.0017967871129404,과학기술정보방송통신위원회,최도자,최도자,국민의당,초선,비례대표,여,Representative,1.2596089727347155,0.0022632491695538325
강석진,0.0,과학기술정보방송통신위원회,강석진,강석진,자유한국당,초선,지역구,남,Representative,0.6089939732328231,0.0
김승희,0.0029981177615083,과학기술정보방송통신위원회,김승희,김승희,자유한국당,초선,비례대표,여,Representative,0.3319279231870295,0.0009951590020475958
문진국,0.0,과학기술정보방송통신위원회,문진국,문진국,자유한국당,초선,비례대표,남,Representative,0.6376962280009649,0.0
박인숙,0.0093257006754559,과학기술정보방송통신위원회,박인숙,박인숙,자유한국당,재선,지역구,여,Representative,0.5061732872045339,0.004720420566381055
이동섭,0.0054924013756796,과학기술정보방송통신위원회,이동섭,이동섭,국민의당,초선,비례대표,남,Representative,1.3011529436280886,0.007146454217552475
이종명,0.0,과학기술정보방송통신위원회,이종명,이종명,자유한국당,초선,비례대표,남,Representative,0.1302432569839321,0.0
정유섭,0.0,과학기술정보방송통신위원회,정유섭,정유섭,자유한국당,초선,지역구,남,Representative,0.4080188775728643,0.0
최교일,0.0,과학기술정보방송통신위원회,최교일,최교일,자유한국당,초선,지역구,남,Representative,0.095160296612104,0.0
김성원,0.0038964621764206,과학기술정보방송통신위원회,김성원,김성원,자유한국당,초선,지역구,남,Representative,0.1487072947006423,0.0005794323491588844
박맹우,0.0018877325112212,과학기술정보방송통신위원회,박맹우,박맹우,자유한국당,재선,지역구,남,Representative,0.2150211852210185,0.00040590248194303206
윤한홍,0.0006811540771917,과학기술정보방송통신위원회,윤한홍,윤한홍,자유한국당,초선,지역구,남,Representative,0.2622782919078764,0.00017865192789192486
이언주,0.0029070509269507,과학기술정보방송통신위원회,이언주,이언주,더불어민주당,재선,지역구,여,Representative,1.5238762330035724,0.004429985815711176
정종섭,0.0003674531906217,과학기술정보방송통신위원회,정종섭,정종섭,자유한국당,초선,지역구,남,Representative,0.3807594230574026,0.00013991126486172028
정태옥,0.0028618396127901,과학기술정보방송통신위원회,정태옥,정태옥,자유한국당,초선,지역구,남,Representative,0.3062475812524373,0.0008764314593493798
박대출,0.0069167077464123,과학기술정보방송통신위원회,박대출,박대출,자유한국당,재선,지역구,남,Representative,0.1666888897701005,0.00115293833511372
김영우,0.0,과학기술정보방송통신위원회,김영우,김영우,자유한국당,3선,지역구,남,Representative,0.6260518797021696,0.0
민경욱,0.0110583386181093,과학기술정보방송통신위원회,민경욱,민경욱,자유한국당,초선,지역구,남,Representative,0.073326278826337,0.0008108668208675327
박완수,0.0032416114296349,과학기술정보방송통신위원회,박완수,박완수,자유한국당,초선,지역구,남,Representative,0.320674965976727,0.0010395036349079409
이진복,0.0,과학기술정보방송통신위원회,이진복,이진복,자유한국당,3선,지역구,남,Representative,0.219085789524194,0.0
주호영,0.0052361079790124,과학기술정보방송통신위원회,주호영,주호영,자유한국당,4선,지역구,남,Representative,0.3195534977330795,0.0016732166192014984
김명연,0.0,과학기술정보방송통신위원회,김명연,김명연,자유한국당,재선,지역구,남,Representative,0.1923901370296166,0.0
김선동,0.0008121563256115,과학기술정보방송통신위원회,김선동,김선동,자유한국당,재선,지역구,남,Representative,0.1938810024934638,0.00015746168259096562
이학재,0.0029537779751751,과학기술정보방송통신위원회,이학재,이학재,자유한국당,3선,지역구,남,Representative,1.0008889465537203,0.0029564037259265864
홍문종,0.0,과학기술정보방송통신위원회,홍문종,홍문종,자유한국당,4선,지역구,남,Representative,0.1754129276773165,0.0
권칠승,0.0041509833126956,과학기술정보방송통신위원회,권칠승,권칠승,더불어민주당,초선,지역구,남,Representative,0.3014891570605743,0.0012514764599171066
김성수,0.0156809483527369,과학기술정보방송통신위원회,김성수,김성수,더불어민주당,초선,비례대표,남,Representative,0.6300024830232042,0.009879036398382869
김태년,0.0,과학기술정보방송통신위원회,김태년,김태년,더불어민주당,3선,지역구,남,Representative,0.3475258712280392,0.0
김해영,0.002246096955226,과학기술정보방송통신위원회,김해영,김해영,더불어민주당,초선,지역구,남,Representative,0.4741611749752225,0.0010650119713982297
소병훈,0.0,과학기술정보방송통신위원회,소병훈,소병훈,더불어민주당,초선,지역구,남,Representative,0.5375988645747761,0.0
강길부,0.0026658928261115,과학기술정보방송통신위원회,강길부,강길부,자유한국당,4선,지역구,남,Representative,1.011544857155329,0.0026966701779803735
김종훈,0.0032466355629357,과학기술정보방송통신위원회,김종훈,김종훈,더불어민주당,초선,지역구,남,Representative,1.5948540798459616,0.005177909973320992
손혜원,0.0,과학기술정보방송통신위원회,손혜원,손혜원,더불어민주당,초선,지역구,여,Representative,0.8635365284530971,0.0
이용주,0.0,과학기술정보방송통신위원회,이용주,이용주,국민의당,초선,지역구,남,Representative,0.6566531230147329,0.0
이정현,0.0010388459324035,과학기술정보방송통신위원회,이정현,이정현,자유한국당,3선,지역구,남,Representative,0.583583007550223,0.0006062528336133502
송희경,0.0482794179596872,과학기술정보방송통신위원회,송희경,송희경,자유한국당,초선,비례대표,여,Representative,0.6136147509492222,0.02962496302730687
강석호,0.0,과학기술정보방송통신위원회,강석호,강석호,자유한국당,3선,지역구,남,Representative,0.4559473254820344,0.0
김무성,0.0,과학기술정보방송통신위원회,김무성,김무성,자유한국당,6선,지역구,남,Representative,0.2993921614051784,0.0
김중로,0.002231239247617,과학기술정보방송통신위원회,김중로,김중로,국민의당,초선,비례대표,남,Representative,1.0195617327999331,0.0022748861535916076
김현아,0.0,과학기술정보방송통신위원회,김현아,김현아,자유한국당,초선,비례대표,여,Representative,0.6541850288553541,0.0
원유철,0.0097296575841816,과학기술정보방송통신위원회,원유철,원유철,자유한국당,5선,지역구,남,Representative,0.4771525237688151,0.0046425306716986435
심재철,0.0029148109279672,과학기술정보방송통신위원회,심재철,심재철,자유한국당,5선,지역구,남,Representative,0.2402035505413585,0.0007001479340544733
염동열,0.0,과학기술정보방송통신위원회,염동열,염동열,자유한국당,재선,지역구,남,Representative,0.2114928291135159,0.0
임이자,0.0012584569105241,과학기술정보방송통신위원회,임이자,임이자,자유한국당,초선,비례대표,여,Representative,0.2625742813254558,0.000330438418859919
윤소하,0.0,과학기술정보방송통신위원회,윤소하,윤소하,정의당,초선,비례대표,남,Representative,1.501385577848504,0.0
이정미,0.0,과학기술정보방송통신위원회,이정미,이정미,정의당,초선,비례대표,여,Representative,1.419781284660404,0.0
변재일,0.0069082996974587,과학기술정보방송통신위원회,변재일,변재일,더불어민주당,4선,지역구,남,Representative,0.629493870938658,0.0043487323181576375
신용현,0.0175183237872078,과학기술정보방송통신위원회,신용현,신용현,국민의당,초선,지역구,여,Representative,0.9729453901363904,0.0170443723716805
윤후덕,0.0025972714388664,과학기술정보방송통신위원회,윤후덕,윤후덕,더불어민주당,재선,지역구,남,Representative,0.3602653219661517,0.0009357068311566937
이용호,0.0013638528920536,과학기술정보방송통신위원회,이용호,이용호,국민의당,초선,지역구,남,Representative,0.9837359713108262,0.0013416711494894278
정동영,0.0010685784333745,과학기술정보방송통신위원회,정동영,정동영,국민의당,4선,지역구,남,Representative,1.1063278234248168,0.0011821980523539113
김광림,0.0006661781003264,과학기술정보방송통신위원회,김광림,김광림,자유한국당,3선,지역구,남,Representative,0.2439500943098557,0.00016251421040178578
김용태,0.0,과학기술정보방송통신위원회,김용태,김용태,자유한국당,3선,지역구,남,Representative,0.121605698183563,0.0
윤종필,0.0039597941090618,과학기술정보방송통신위원회,윤종필,윤종필,자유한국당,초선,비례대표,여,Representative,0.3873171504317463,0.0015336961706182322
김상훈,0.0044262771088649,과학기술정보방송통신위원회,김상훈,김상훈,자유한국당,재선,지역구,남,Representative,0.1847431044523968,0.0008177241742582811
정진석,0.0011261251229451,과학기술정보방송통신위원회,정진석,정진석,자유한국당,4선,지역구,남,Representative,0.2765017781360929,0.00031137559889804636
조경태,0.0081095719547621,과학기술정보방송통신위원회,조경태,조경태,자유한국당,4선,지역구,남,Representative,0.9905363611314508,0.008032825894403718
서삼석,0.0,과학기술정보방송통신위원회,서삼석,서삼석,더불어민주당,초선,지역구,남,Representative,0.3135534965130757,0.0
하태경,0.0080673276717503,과학기술정보방송통신위원회,하태경,하태경,자유한국당,재선,지역구,남,Representative,1.492172082079166,0.012037841128770516
권은희,0.0,과학기술정보방송통신위원회,권은희,권은희,국민의당,재선,지역구,여,Representative,0.9101311635551772,0.0
김수민,0.0065892462246347,과학기술정보방송통신위원회,김수민,김수민,국민의당,초선,비례대표,여,Representative,1.362224448997969,0.008976032307664951
오신환,0.0003879675769484,과학기술정보방송통신위원회,오신환,오신환,자유한국당,재선,지역구,남,Representative,1.0828612536923172,0.000420115056766315
유승민,0.0,과학기술정보방송통신위원회,유승민,유승민,자유한국당,4선,지역구,남,Representative,1.0521010990735595,0.0
정운천,0.0059856596368818,과학기술정보방송통신위원회,정운천,정운천,자유한국당,초선,지역구,남,Representative,1.205596444443113,0.007216289975871353
지상욱,0.0,과학기술정보방송통신위원회,지상욱,지상욱,자유한국당,초선,지역구,남,Representative,0.7380939530534976,0.0
우원식,0.0128096067385858,과학기술정보방송통신위원회,우원식,우원식,더불어민주당,3선,지역구,남,Representative,0.2682558233303833,0.0034362516021977595
김성환,0.0,과학기술정보방송통신위원회,김성환,김성환,더불어민주당,초선,지역구,남,Representative,0.4284341213691399,0.0
오영훈,0.0005277817426655,과학기술정보방송통신위원회,오영훈,오영훈,더불어민주당,초선,지역구,남,Representative,0.7649594424293005,0.0004037316275937654
최인호,0.0017929340988459,과학기술정보방송통신위원회,최인호,최인호,더불어민주당,초선,지역구,남,Representative,0.1459769861531162,0.0002617271161206778
김경협,0.001062154419114,과학기술정보방송통신위원회,김경협,김경협,더불어민주당,재선,지역구,남,Representative,0.2751830860421476,0.00029228693090509514
안민석,0.0,과학기술정보방송통신위원회,안민석,안민석,더불어민주당,4선,지역구,남,Representative,0.6831934548821521,0.0
박완주,0.0001589124103082,과학기술정보방송통신위원회,박완주,박완주,더불어민주당,재선,지역구,남,Representative,0.7029909046961353,0.00011171397909000499
윤일규,0.0014722276969487,과학기술정보방송통신위원회,윤일규,윤일규,더불어민주당,초선,지역구,남,Representative,0.2463711717270404,0.00036271446274625335
박재호,0.0093236230882509,과학기술정보방송통신위원회,박재호,박재호,더불어민주당,초선,지역구,남,Representative,0.2524296630381502,0.0023535590344618915
원혜영,0.0069117514076442,과학기술정보방송통신위원회,원혜영,원혜영,더불어민주당,5선,지역구,남,Representative,0.8199263539696501,0.005667127131214306
서형수,0.0003562460846469,과학기술정보방송통신위원회,서형수,서형수,더불어민주당,초선,지역구,남,Representative,0.5046603090328576,0.0001797832591696501
심기준,0.0008474558977723,과학기술정보방송통신위원회,심기준,심기준,더불어민주당,초선,비례대표,남,Representative,0.3265883675668164,0.0002767692382383263
어기구,0.0,과학기술정보방송통신위원회,어기구,어기구,더불어민주당,초선,지역구,남,Representative,0.386064465691427,0.0
정세균,0.0056105876510028,과학기술정보방송통신위원회,정세균,정세균,더불어민주당,6선,지역구,남,Representative,0.8298975517248326,0.004656212955304803
홍영표,0.0,과학기술정보방송통신위원회,홍영표,홍영표,더불어민주당,3선,지역구,남,Representative,0.7711565648093,0.0
도종환,0.0,과학기술정보방송통신위원회,도종환,도종환,더불어민주당,재선,지역구,남,Representative,0.5493526775829224,0.0
조승래,0.0017477323634636,과학기술정보방송통신위원회,조승래,조승래,더불어민주당,초선,지역구,남,Representative,0.2088104943838757,0.00036494485886553384
이춘석,0.0016107253621027,과학기술정보방송통신위원회,이춘석,이춘석,더불어민주당,3선,지역구,남,Representative,0.5338027552115759,0.0008598096361795846
금태섭,0.0009079369444901,과학기술정보방송통신위원회,금태섭,금태섭,더불어민주당,초선,지역구,남,Representative,0.4645794902283139,0.0004218088828306636
민홍철,0.002210696743116,과학기술정보방송통신위원회,민홍철,민홍철,더불어민주당,재선,지역구,남,Representative,0.9609964146420744,0.002124471643995387
추미애,0.0,과학기술정보방송통신위원회,추미애,추미애,더불어민주당,5선,지역구,여,Representative,0.2576812972041676,0.0
신보라,0.0,과학기술정보방송통신위원회,신보라,신보라,자유한국당,초선,비례대표,여,Representative,0.2403514969713895,0.0
박명재,0.0098232285619515,과학기술정보방송통신위원회,박명재,박명재,자유한국당,재선,지역구,남,Representative,0.5424317597732208,0.0053284311555139175
황영철,0.0,과학기술정보방송통신위원회,황영철,황영철,자유한국당,3선,지역구,남,Representative,0.3717335455385492,0.0
김기선,0.0,과학기술정보방송통신위원회,김기선,김기선,자유한국당,재선,지역구,남,Representative,0.2058944226376191,0.0
김순례,0.0,과학기술정보방송통신위원회,김순례,김순례,자유한국당,초선,비례대표,여,Representative,0.2162730117184349,0.0
박순자,0.0,과학기술정보방송통신위원회,박순자,박순자,자유한국당,3선,지역구,여,Representative,0.4713721881542825,0.0
이양수,0.0005125091081438,과학기술정보방송통신위원회,이양수,이양수,자유한국당,초선,지역구,남,Representative,0.8099604387683925,0.00041511210210494975
이장우,0.000644467165157,과학기술정보방송통신위원회,이장우,이장우,자유한국당,재선,지역구,남,Representative,0.2676638759131752,0.00017250057932469902
이헌승,0.0025080468027802,과학기술정보방송통신위원회,이헌승,이헌승,자유한국당,재선,지역구,남,Representative,0.1422055697125377,0.000356658224455067
강효상,0.0056733420077639,과학기술정보방송통신위원회,강효상,강효상,자유한국당,초선,비례대표,남,Representative,0.2888513821081876,0.0016387526801150427
한선교,0.0004117972819207,과학기술정보방송통신위원회,한선교,한선교,자유한국당,4선,지역구,남,Representative,0.1186880320068769,4.887540897694895e-05
신상진,0.0210625386119624,과학기술정보방송통신위원회,신상진,신상진,자유한국당,4선,지역구,남,Representative,0.5170961526344651,0.010891357680960624
조배숙,0.0,과학기술정보방송통신위원회,조배숙,조배숙,국민의당,4선,지역구,여,Representative,1.0458037986965076,0.0
박용진,0.0003697968576684,과학기술정보방송통신위원회,박용진,박용진,더불어민주당,초선,지역구,남,Representative,0.6153148674123682,0.00022754150444574193
김재원,0.0008199237615699,과학기술정보방송통신위원회,김재원,김재원,자유한국당,3선,지역구,남,Representative,0.215473832424108,0.00017667211520105692
유기준,0.0,과학기술정보방송통신위원회,유기준,유기준,자유한국당,4선,지역구,남,Representative,0.2633017533080311,0.0
유민봉,0.0056690552605564,과학기술정보방송통신위원회,유민봉,유민봉,자유한국당,초선,비례대표,남,Representative,0.2816932534582966,0.0015969346203810037
유재중,0.0026629050660969,과학기술정보방송통신위원회,유재중,유재중,자유한국당,3선,지역구,남,Representative,0.4969856333113908,0.0013234255607222788
정양석,0.0,과학기술정보방송통신위원회,정양석,정양석,자유한국당,재선,지역구,남,Representative,0.3859603071668061,0.0
전혜숙,0.0,과학기술정보방송통신위원회,전혜숙,전혜숙,더불어민주당,재선,지역구,여,Representative,0.717807959122133,0.0
장석춘,0.0030762286155742,과학기술정보방송통신위원회,장석춘,장석춘,자유한국당,초선,지역구,남,Representative,0.1436037583640525,0.0004417579907835012
유동수,0.0138226108295251,과학기술정보방송통신위원회,유동수,유동수,더불어민주당,초선,지역구,남,Representative,0.8688043750278167,0.012009144762998285
오제세,0.0006925017944505,과학기술정보방송통신위원회,오제세,오제세,더불어민주당,4선,지역구,남,Representative,1.1845693642879889,0.0008203164104205202
이석현,0.0,과학기술정보방송통신위원회,이석현,이석현,더불어민주당,6선,지역구,남,Representative,0.4261848158879266,0.0
송기헌,0.0006219815426245,과학기술정보방송통신위원회,송기헌,송기헌,더불어민주당,초선,지역구,남,Representative,0.3192665277817301,0.00019857788745804826
최운열,0.0,과학기술정보방송통신위원회,최운열,최운열,더불어민주당,초선,비례대표,남,Representative,0.459943821659768,0.0
백재현,0.0022549974374254,과학기술정보방송통신위원회,백재현,백재현,더불어민주당,3선,지역구,남,Representative,0.5536257649582159,0.0012484246812734538
신동근,0.0,과학기술정보방송통신위원회,신동근,신동근,더불어민주당,초선,지역구,남,Representative,0.4356644688754545,0.0
김영춘,0.0029177604836795,과학기술정보방송통신위원회,김영춘,김영춘,더불어민주당,3선,지역구,남,Representative,0.6816995899942737,0.0019890361254258086
황희,0.001597997230529,과학기술정보방송통신위원회,황희,황희,더불어민주당,초선,지역구,남,Representative,0.2691269447247251,0.00043006411233084197
정용기,0.0053735714949106,과학기술정보방송통신위원회,정용기,정용기,자유한국당,재선,지역구,남,Representative,0.1798568900906483,0.0009664738577543766
윤재옥,0.0014903750773882,과학기술정보방송통신위원회,윤재옥,윤재옥,자유한국당,재선,지역구,남,Representative,0.1344948665442003,0.00020044779713412813
주광덕,0.0022598164739084,과학기술정보방송통신위원회,주광덕,주광덕,자유한국당,재선,지역구,남,Representative,0.2195218361538728,0.0004960790617231423
이철규,0.0005460677178608,과학기술정보방송통신위원회,이철규,이철규,자유한국당,초선,지역구,남,Representative,0.4017209073035526,0.00021936681906822094
이현재,0.0,과학기술정보방송통신위원회,이현재,이현재,자유한국당,재선,지역구,남,Representative,0.2081669972188319,0.0
전해철,0.0003682590515741,과학기술정보방송통신위원회,전해철,전해철,더불어민주당,재선,지역구,남,Representative,0.1604451590533877,5.908538210265617e-05
김동철,0.0,과학기술정보방송통신위원회,김동철,김동철,국민의당,4선,지역구,남,Representative,1.2078444006959184,0.0
엄용수,0.0036283306089223,과학기술정보방송통신위원회,엄용수,엄용수,자유한국당,초선,지역구,남,Representative,0.3660271027599738,0.001328067340639161
장제원,0.0023006879050228,과학기술정보방송통신위원회,장제원,장제원,자유한국당,재선,지역구,남,Representative,0.5900030223326368,0.0013574128174075944
이주영,0.0,과학기술정보방송통신위원회,이주영,이주영,자유한국당,5선,지역구,남,Representative,0.5651882414157886,0.0
이재정,0.0007385710519047,과학기술정보방송통신위원회,이재정,이재정,더불어민주당,초선,비례대표,여,Representative,0.1297805327369249,9.585214458026297e-05
박주민,0.0071959381423344,과학기술정보방송통신위원회,박주민,박주민,더불어민주당,초선,지역구,남,Representative,0.6441785729603295,0.0046354691636397785
윤호중,0.0,과학기술정보방송통신위원회,윤호중,윤호중,더불어민주당,3선,지역구,남,Representative,0.3826215742444835,0.0
홍익표,0.0,과학기술정보방송통신위원회,홍익표,홍익표,더불어민주당,재선,지역구,남,Representative,0.1975395629671791,0.0
박주선,0.0,과학기술정보방송통신위원회,박주선,박주선,국민의당,4선,지역구,남,Representative,1.0117643014135882,0.0
정점식,0.0,과학기술정보방송통신위원회,정점식,정점식,자유한국당,초선,지역구,남,Representative,-0.0,-0.0
경대수,0.0,과학기술정보방송통신위원회,경대수,경대수,자유한국당,재선,지역구,남,Representative,0.635460965905347,0.0
김진태,0.0,과학기술정보방송통신위원회,김진태,김진태,자유한국당,재선,지역구,남,Representative,0.0487572040542768,0.0
조원진,0.0,과학기술정보방송통신위원회,조원진,조원진,자유한국당,3선,지역구,남,Representative,0.1561314852952748,0.0
이수혁,0.0,과학기술정보방송통신위원회,이수혁,이수혁,더불어민주당,초선,비례대표,남,Representative,0.3510840296934358,0.0
이혜훈,0.0,과학기술정보방송통신위원회,이혜훈,이혜훈,자유한국당,3선,지역구,여,Representative,1.4755924567120928,0.0
김종석,0.0,과학기술정보방송통신위원회,김종석,김종석,자유한국당,초선,비례대표,남,Representative,0.1902354048834826,0.0
송석준,0.0,과학기술정보방송통신위원회,송석준,송석준,자유한국당,초선,지역구,남,Representative,0.8824103424051088,0.0
곽상도,0.0003788645072412,과학기술정보방송통신위원회,곽상도,곽상도,자유한국당,초선,지역구,남,Representative,0.1797207201934033,6.808980209710733e-05
김정훈,0.002281936499472,과학기술정보방송통신위원회,김정훈,김정훈,자유한국당,4선,지역구,남,Representative,0.260541039338365,0.0005945381072765852
여상규,0.0,과학기술정보방송통신위원회,여상규,여상규,자유한국당,3선,지역구,남,Representative,0.179755435767015,0.0
심재권,0.024067226531592,과학기술정보방송통신위원회,심재권,심재권,더불어민주당,3선,지역구,남,Representative,0.5028645163718454,0.012102554230220657
심상정,0.0,과학기술정보방송통신위원회,심상정,심상정,정의당,3선,지역구,여,Representative,1.4101172974735254,0.0
이은재,0.0,과학기술정보방송통신위원회,이은재,이은재,자유한국당,재선,지역구,여,Representative,0.0511753819484567,0.0
김성식,0.0,과학기술정보방송통신위원회,김성식,김성식,국민의당,재선,지역구,남,Representative,1.2630624263755816,0.0
김한표,0.0,과학기술정보방송통신위원회,김한표,김한표,자유한국당,재선,지역구,남,Representative,0.3879670316340894,0.0
박주현,0.0004588702466771,과학기술정보방송통신위원회,박주현,박주현,국민의당,초선,비례대표,여,Representative,0.6812471540561623,0.00031260404962982354
전희경,0.0002514361689542,과학기술정보방송통신위원회,전희경,전희경,자유한국당,초선,비례대표,여,Representative,0.0178870009551029,4.497438994231189e-06
이완영,0.0008448084174126,과학기술정보방송통신위원회,이완영,이완영,자유한국당,재선,지역구,남,Representative,0.3571997154092039,0.0003017653262750807
정우택,0.0,과학기술정보방송통신위원회,정우택,정우택,자유한국당,4선,지역구,남,Representative,0.5140939839979815,0.0
이군현,0.0,과학기술정보방송통신위원회,이군현,이군현,자유한국당,4선,지역구,남,Representative,0.5199038049730397,0.0
우상호,0.0001737076825904,과학기술정보방송통신위원회,우상호,우상호,더불어민주당,3선,지역구,남,Representative,0.950393725091267,0.00016509069153406168
박범계,0.001013618980548,과학기술정보방송통신위원회,박범계,박범계,더불어민주당,재선,지역구,남,Representative,0.5376962952563203,0.0005450191706421479
김종대,0.0,과학기술정보방송통신위원회,김종대,김종대,정의당,초선,비례대표,남,Representative,1.4582975228087227,0.0
유은혜,0.0,과학기술정보방송통신위원회,유은혜,유은혜,더불어민주당,재선,지역구,여,Representative,0.4014353783153699,0.0
박영선,0.0,과학기술정보방송통신위원회,박영선,박영선,더불어민주당,4선,지역구,여,Representative,0.4472601336192084,0.0
이태규,0.0009196667086775,과학기술정보방송통신위원회,이태규,이태규,국민의당,초선,비례대표,남,Representative,1.2563599016081857,0.001155432375626388
윤상현,0.0006438385889133,과학기술정보방송통신위원회,윤상현,윤상현,자유한국당,3선,지역구,남,Representative,0.2001655767502632,0.0001288743224839063
함진규,0.0035565374518595,과학기술정보방송통신위원회,함진규,함진규,자유한국당,재선,지역구,남,Representative,0.2078582495326021,0.0007392556491406568
김한정,0.0,과학기술정보방송통신위원회,김한정,김한정,더불어민주당,초선,지역구,남,Representative,0.475581724187707,0.0
오세정,0.0139287601855302,과학기술정보방송통신위원회,오세정,오세정,국민의당,초선,비례대표,남,Representative,1.1278834176360886,0.01571001764148928
이해찬,0.0,과학기술정보방송통신위원회,이해찬,이해찬,더불어민주당,7선,지역구,남,Representative,0.3925330774809683,0.0
진영,0.0,과학기술정보방송통신위원회,진영,진영,더불어민주당,4선,지역구,남,Representative,0.930618422605128,0.0
노회찬,0.0001430661181374,과학기술정보방송통신위원회,노회찬,노회찬,정의당,3선,지역구,남,Representative,1.280547886443722,0.00018320301520255542
이상돈,0.0,과학기술정보방송통신위원회,이상돈,이상돈,국민의당,초선,비례대표,남,Representative,1.606671771644464,0.0
문희상,0.0,과학기술정보방송통신위원회,문희상,문희상,더불어민주당,6선,지역구,남,Representative,0.6351751444405559,0.0
홍일표,0.0,과학기술정보방송통신위원회,홍일표,홍일표,자유한국당,3선,지역구,남,Representative,0.7569146892318556,0.0
박남춘,0.0,과학기술정보방송통신위원회,박남춘,박남춘,더불어민주당,재선,지역구,남,Representative,0.4605735800336737,0.0
양승조,0.0,과학기술정보방송통신위원회,양승조,양승조,더불어민주당,4선,지역구,남,Representative,0.7857133708245717,0.0
권석창,0.0,과학기술정보방송통신위원회,권석창,권석창,자유한국당,초선,지역구,남,Representative,0.2295248300116327,0.0
서청원,0.0,과학기술정보방송통신위원회,서청원,서청원,자유한국당,8선,지역구,남,Representative,0.2133277142020287,0.0
송기석,0.0,과학기술정보방송통신위원회,송기석,송기석,국민의당,초선,지역구,남,Representative,0.7845483731860012,0.0
박찬우,0.0,과학기술정보방송통신위원회,박찬우,박찬우,자유한국당,초선,지역구,남,Representative,0.453230298468986,0.0
이철우,0.0010605521518673,과학기술정보방송통신위원회,이철우,이철우,자유한국당,3선,지역구,남,Representative,0.2619402628325249,0.0002778013094077204
박준영,0.0,과학기술정보방송통신위원회,박준영,박준영,국민의당,초선,지역구,남,Representative,0.8806716279052433,0.0
나경원,0.0,과학기술정보방송통신위원회,나경원,나경원,자유한국당,4선,지역구,여,Representative,0.4570003286366014,0.0
최명길,0.0032506657823,과학기술정보방송통신위원회,최명길,최명길,더불어민주당,초선,지역구,남,Representative,0.6829154638268365,0.002219929930465431
윤종오,0.0009937126334262,과학기술정보방송통신위원회,윤종오,윤종오,더불어민주당,초선,지역구,남,Representative,1.1947717620134848,0.001187259793973681
배덕광,0.0029675025248332,과학기술정보방송통신위원회,배덕광,배덕광,자유한국당,재선,지역구,남,Representative,0.1475526412690407,0.0004378628355116856
문미옥,0.004005850253921,과학기술정보방송통신위원회,문미옥,문미옥,더불어민주당,초선,비례대표,여,Representative,0.3542828873224695,0.0014192041941405793
김경수,0.0,과학기술정보방송통신위원회,김경수,김경수,더불어민주당,초선,지역구,남,Representative,0.2933099446985726,0.0
김현미,0.0,과학기술정보방송통신위원회,김현미,김현미,더불어민주당,3선,지역구,여,Representative,0.5372955133516878,0.0
박병석,0.0,과학기술정보방송통신위원회,박병석,박병석,더불어민주당,5선,지역구,남,Representative,0.4701074306076837,0.0
이우현,0.0,과학기술정보방송통신위원회,이우현,이우현,자유한국당,재선,지역구,남,Representative,0.2335736215615007,0.0
김종태,0.0,과학기술정보방송통신위원회,김종태,김종태,자유한국당,재선,지역구,남,Representative,0.4863851342735198,0.0
안철수,0.0,과학기술정보방송통신위원회,안철수,안철수,국민의당,재선,지역구,남,Representative,0.3712323266408756,0.0
백혜련,0.0139999451453674,국회운영위원회,백혜련,백혜련,더불어민주당,초선,지역구,여,Representative,0.2873528638507782,0.004022924331275122
강훈식,0.0,국회운영위원회,강훈식,강훈식,더불어민주당,초선,지역구,남,Representative,0.371852456351433,0.0
김영주,0.0,국회운영위원회,김영주,김영주,더불어민주당,3선,지역구,여,Representative,0.5066585031839548,0.0
김영진,0.0006874722173221,국회운영위원회,김영진,김영진,더불어민주당,초선,지역구,남,Representative,0.1323556283416291,9.099081729107953e-05
박광온,0.0043122981861664,국회운영위원회,박광온,박광온,더불어민주당,재선,지역구,남,Representative,0.2036686067716271,0.0008782797635603254
박범계,0.0,국회운영위원회,박범계,박범계,더불어민주당,재선,지역구,남,Representative,0.5376962952563203,0.0
박주민,0.0299642456796363,국회운영위원회,박주민,박주민,더불어민주당,초선,지역구,남,Representative,0.6441785729603295,0.01930232502174083
안호영,0.0,국회운영위원회,안호영,안호영,더불어민주당,초선,지역구,남,Representative,0.3178846521149758,0.0
이재정,0.0027540249660707,국회운영위원회,이재정,이재정,더불어민주당,초선,비례대표,여,Representative,0.1297805327369249,0.0003574188272674469
이종걸,0.0034609630701973,국회운영위원회,이종걸,이종걸,더불어민주당,5선,지역구,남,Representative,1.0363897595497007,0.0035869066841321736
정성호,0.0079679486100756,국회운영위원회,정성호,정성호,더불어민주당,3선,지역구,남,Representative,0.9858607826855786,0.0078552880531276
허윤정,0.0,국회운영위원회,허윤정,허윤정,더불어민주당,초선,비례대표,여,Representative,-0.0,-0.0
정병국,0.0162881621752188,국회운영위원회,정병국,정병국,자유한국당,5선,지역구,남,Representative,1.1343779209474094,0.018476931544378936
강창일,0.0033594534852105,국회운영위원회,강창일,강창일,더불어민주당,4선,지역구,남,Representative,0.8418881333730888,0.0028282840238175854
김경협,0.0022330807338372,국회운영위원회,김경협,김경협,더불어민주당,재선,지역구,남,Representative,0.2751830860421476,0.0006145060477185842
김무성,0.0,국회운영위원회,김무성,김무성,자유한국당,6선,지역구,남,Representative,0.2993921614051784,0.0
김상희,0.0044775922702176,국회운영위원회,김상희,김상희,더불어민주당,3선,지역구,여,Representative,0.549508602610133,0.0024604754714652064
김세연,0.008325189532782,국회운영위원회,김세연,김세연,자유한국당,3선,지역구,남,Representative,1.016616967853162,0.008463528939619719
박경미,0.0,국회운영위원회,박경미,박경미,더불어민주당,초선,비례대표,여,Representative,0.5361234903354704,0.0
박명재,0.0228538390914132,국회운영위원회,박명재,박명재,자유한국당,재선,지역구,남,Representative,0.5424317597732208,0.012396648155929288
박홍근,0.0106869311880055,국회운영위원회,박홍근,박홍근,더불어민주당,재선,지역구,남,Representative,0.4380480284960645,0.004681389137578914
백재현,0.0063248858539865,국회운영위원회,백재현,백재현,더불어민주당,3선,지역구,남,Representative,0.5536257649582159,0.003501619769186675
서삼석,0.0,국회운영위원회,서삼석,서삼석,더불어민주당,초선,지역구,남,Representative,0.3135534965130757,0.0
손금주,0.0072388421591519,국회운영위원회,손금주,손금주,국민의당,초선,지역구,남,Representative,1.3417577348471896,0.009712772458379992
신용현,0.0,국회운영위원회,신용현,신용현,국민의당,초선,지역구,여,Representative,0.9729453901363904,0.0
신창현,0.0038715219162541,국회운영위원회,신창현,신창현,더불어민주당,초선,지역구,남,Representative,0.0854651307466251,0.0003308801267610812
심재권,0.0052752824239606,국회운영위원회,심재권,심재권,더불어민주당,3선,지역구,남,Representative,0.5028645163718454,0.0026527523448498435
원유철,0.0,국회운영위원회,원유철,원유철,자유한국당,5선,지역구,남,Representative,0.4771525237688151,0.0
원혜영,0.0083796296400438,국회운영위원회,원혜영,원혜영,더불어민주당,5선,지역구,남,Representative,0.8199263539696501,0.006870679178377125
유승희,0.0142802953355071,국회운영위원회,유승희,유승희,더불어민주당,3선,지역구,여,Representative,0.5469890607717001,0.007811165333111518
이석현,0.0020568986176177,국회운영위원회,이석현,이석현,더불어민주당,6선,지역구,남,Representative,0.4261848158879266,0.0008766189586495303
이용득,0.0,국회운영위원회,이용득,이용득,더불어민주당,초선,비례대표,남,Representative,0.4820345550834095,0.0
이훈,0.0,국회운영위원회,이훈,이훈,더불어민주당,초선,지역구,남,Representative,0.4457924997779086,0.0
정갑윤,0.0011531374013347,국회운영위원회,정갑윤,정갑윤,자유한국당,5선,지역구,남,Representative,0.2887216846392271,0.00033293577313385514
정운천,0.0,국회운영위원회,정운천,정운천,자유한국당,초선,지역구,남,Representative,1.205596444443113,0.0
최운열,0.0,국회운영위원회,최운열,최운열,더불어민주당,초선,비례대표,남,Representative,0.459943821659768,0.0
강병원,0.0020957470712376,국회운영위원회,강병원,강병원,더불어민주당,초선,지역구,남,Representative,0.3711053074374737,0.0007777428611828146
권미혁,0.0,국회운영위원회,권미혁,권미혁,더불어민주당,초선,지역구,여,Representative,0.4592713852034786,0.0
기동민,0.0044562775046521,국회운영위원회,기동민,기동민,더불어민주당,초선,지역구,남,Representative,0.1406386680233549,0.0006267249325967111
김민기,0.0020685785260282,국회운영위원회,김민기,김민기,더불어민주당,재선,지역구,남,Representative,0.1891638569535047,0.00039130029239469003
김병관,0.0006467633642046,국회운영위원회,김병관,김병관,더불어민주당,초선,지역구,남,Representative,0.4357562473746135,0.00028183117652517693
김영춘,0.0,국회운영위원회,김영춘,김영춘,더불어민주당,3선,지역구,남,Representative,0.6816995899942737,0.0
김철민,0.0116668785642186,국회운영위원회,김철민,김철민,더불어민주당,초선,지역구,남,Representative,0.4943055978963909,0.005767003384270661
김태년,0.0006293861866002,국회운영위원회,김태년,김태년,더불어민주당,3선,지역구,남,Representative,0.3475258712280392,0.00021872798283712776
민병두,0.001343813647602,국회운영위원회,민병두,민병두,더불어민주당,3선,지역구,남,Representative,0.4585025107011514,0.0006161419313399892
서영교,0.0012919327130409,국회운영위원회,서영교,서영교,더불어민주당,재선,지역구,여,Representative,0.4822796444107599,0.0006230728494479935
송기헌,0.0005247611904882,국회운영위원회,송기헌,송기헌,더불어민주당,초선,지역구,남,Representative,0.3192665277817301,0.00016753868320177465
심기준,0.0,국회운영위원회,심기준,심기준,더불어민주당,초선,비례대표,남,Representative,0.3265883675668164,0.0
우원식,0.0143545931289438,국회운영위원회,우원식,우원식,더불어민주당,3선,지역구,남,Representative,0.2682558233303833,0.003850703198377482
윤후덕,0.0021687714230706,국회운영위원회,윤후덕,윤후덕,더불어민주당,재선,지역구,남,Representative,0.3602653219661517,0.0007813331350035187
이개호,0.0,국회운영위원회,이개호,이개호,더불어민주당,재선,지역구,남,Representative,0.9076344805120292,0.0
이후삼,0.0,국회운영위원회,이후삼,이후삼,더불어민주당,초선,지역구,남,Representative,0.0401066425951788,0.0
정인화,0.0092020033781336,국회운영위원회,정인화,정인화,국민의당,초선,지역구,남,Representative,1.152650910093734,0.01060669756849131
정재호,0.0,국회운영위원회,정재호,정재호,더불어민주당,초선,지역구,남,Representative,0.2574447104853001,0.0
조승래,0.0015636949579201,국회운영위원회,조승래,조승래,더불어민주당,초선,지역구,남,Representative,0.2088104943838757,0.0003265159172288698
최재성,0.0011088186310863,국회운영위원회,최재성,최재성,더불어민주당,4선,지역구,남,Representative,0.0631784868170286,7.005348326656151e-05
심재철,0.0038047274836983,국회운영위원회,심재철,심재철,자유한국당,5선,지역구,남,Representative,0.2402035505413585,0.0009139090504266204
강효상,0.0044691119535395,국회운영위원회,강효상,강효상,자유한국당,초선,비례대표,남,Representative,0.2888513821081876,0.001290909164576107
김명연,0.0,국회운영위원회,김명연,김명연,자유한국당,재선,지역구,남,Representative,0.1923901370296166,0.0
김정재,0.0022441002702603,국회운영위원회,김정재,김정재,자유한국당,초선,지역구,여,Representative,0.2044480865242837,0.00045880200622334624
김한표,0.0036001821301574,국회운영위원회,김한표,김한표,자유한국당,재선,지역구,남,Representative,0.3879670316340894,0.0013967519743792595
김현아,0.0066271386335907,국회운영위원회,김현아,김현아,자유한국당,초선,비례대표,여,Representative,0.6541850288553541,0.004335374878243964
박덕흠,0.0,국회운영위원회,박덕흠,박덕흠,자유한국당,재선,지역구,남,Representative,0.3783016007215079,0.0
성일종,0.0048976892426814,국회운영위원회,성일종,성일종,자유한국당,초선,지역구,남,Representative,0.2957858911419952,0.0014486673771830817
윤종필,0.0,국회운영위원회,윤종필,윤종필,자유한국당,초선,비례대표,여,Representative,0.3873171504317463,0.0
최연혜,0.0015911971761336,국회운영위원회,최연혜,최연혜,자유한국당,초선,비례대표,여,Representative,0.0914081709115077,0.00014544842342992852
홍철호,0.0010436750791462,국회운영위원회,홍철호,홍철호,자유한국당,재선,지역구,남,Representative,0.4481695399588016,0.0004677433800874183
문희상,0.0010874396691999,국회운영위원회,문희상,문희상,더불어민주당,6선,지역구,남,Representative,0.6351751444405559,0.0006907146489544369
김동철,0.0,국회운영위원회,김동철,김동철,국민의당,4선,지역구,남,Representative,1.2078444006959184,0.0
김진표,0.0003454114253058,국회운영위원회,김진표,김진표,더불어민주당,4선,지역구,남,Representative,0.9058736267791744,0.00031289910057272896
여영국,0.0,국회운영위원회,여영국,여영국,정의당,초선,지역구,남,Representative,1.4694207601469056,0.0
윤관석,0.0,국회운영위원회,윤관석,윤관석,더불어민주당,재선,지역구,남,Representative,0.3522558143466113,0.0
홍의락,0.0,국회운영위원회,홍의락,홍의락,더불어민주당,재선,지역구,남,Representative,0.5274233799288646,0.0
김정우,0.0069647469459352,국회운영위원회,김정우,김정우,더불어민주당,초선,지역구,남,Representative,0.4417726916628472,0.003076835005056388
이철희,0.0,국회운영위원회,이철희,이철희,더불어민주당,초선,비례대표,남,Representative,0.8472933004468098,0.0
송언석,0.002183080630319,국회운영위원회,송언석,송언석,자유한국당,초선,지역구,남,Representative,0.1908856424447248,0.0004167187486270771
강석호,0.0006102122296734,국회운영위원회,강석호,강석호,자유한국당,3선,지역구,남,Representative,0.4559473254820344,0.0002782246340960157
곽대훈,0.0,국회운영위원회,곽대훈,곽대훈,자유한국당,초선,지역구,남,Representative,0.1312626090957611,0.0
김석기,0.0047808064651975,국회운영위원회,김석기,김석기,자유한국당,초선,지역구,남,Representative,0.3618426593527747,0.0017298997252180018
김용태,0.0,국회운영위원회,김용태,김용태,자유한국당,3선,지역구,남,Representative,0.121605698183563,0.0
송희경,0.004980743276492,국회운영위원회,송희경,송희경,자유한국당,초선,비례대표,여,Representative,0.6136147509492222,0.0030562575451466515
추경호,0.0058262189834539,국회운영위원회,추경호,추경호,자유한국당,초선,지역구,남,Representative,0.1387872488569416,0.0008086049039516537
함진규,0.0019326199298215,국회운영위원회,함진규,함진규,자유한국당,재선,지역구,남,Representative,0.2078582495326021,0.0004017109956245173
김성원,0.0056292773035328,국회운영위원회,김성원,김성원,자유한국당,초선,지역구,남,Representative,0.1487072947006423,0.0008371145989280892
김종석,0.002529227444081,국회운영위원회,김종석,김종석,자유한국당,초선,비례대표,남,Representative,0.1902354048834826,0.00048114860686716485
김진태,0.0,국회운영위원회,김진태,김진태,자유한국당,재선,지역구,남,Representative,0.0487572040542768,0.0
이현재,0.0013733632197746,국회운영위원회,이현재,이현재,자유한국당,재선,지역구,남,Representative,0.2081669972188319,0.0002858888975512652
정태옥,0.0,국회운영위원회,정태옥,정태옥,자유한국당,초선,지역구,남,Representative,0.3062475812524373,0.0
박인숙,0.0077853114590847,국회운영위원회,박인숙,박인숙,자유한국당,재선,지역구,여,Representative,0.5061732872045339,0.0039407166931560295
김상훈,0.0,국회운영위원회,김상훈,김상훈,자유한국당,재선,지역구,남,Representative,0.1847431044523968,0.0
김승희,0.0413771631969787,국회운영위원회,김승희,김승희,자유한국당,초선,비례대표,여,Representative,0.3319279231870295,0.01373423584734393
송석준,0.0,국회운영위원회,송석준,송석준,자유한국당,초선,지역구,남,Representative,0.8824103424051088,0.0
정진석,0.0,국회운영위원회,정진석,정진석,자유한국당,4선,지역구,남,Representative,0.2765017781360929,0.0
오신환,0.0009380232027473,국회운영위원회,오신환,오신환,자유한국당,재선,지역구,남,Representative,1.0828612536923172,0.001015748981319424
김삼화,0.0054660545967943,국회운영위원회,김삼화,김삼화,국민의당,초선,비례대표,여,Representative,1.0477888116577914,0.005727270850431708
김수민,0.0030490688031411,국회운영위원회,김수민,김수민,국민의당,초선,비례대표,여,Representative,1.362224448997969,0.004153516070315781
유승민,0.0020229977248453,국회운영위원회,유승민,유승민,자유한국당,4선,지역구,남,Representative,1.0521010990735595,0.0021283981297330504
유의동,0.0082192602384636,국회운영위원회,유의동,유의동,자유한국당,재선,지역구,남,Representative,1.0164179390168884,0.00835420355182263
이동섭,0.0072471549909856,국회운영위원회,이동섭,이동섭,국민의당,초선,비례대표,남,Representative,1.3011529436280886,0.009429657049449907
지상욱,0.0010588743999501,국회운영위원회,지상욱,지상욱,자유한국당,초선,지역구,남,Representative,0.7380939530534976,0.0007815487916463195
하태경,0.0057333343229313,국회운영위원회,하태경,하태경,자유한국당,재선,지역구,남,Representative,1.492172082079166,0.008555121413904344
김정호,0.001038343551983,국회운영위원회,김정호,김정호,더불어민주당,초선,지역구,남,Representative,0.2510534798158137,0.00026067976196964443
고용진,0.0016249637258419,국회운영위원회,고용진,고용진,더불어민주당,초선,지역구,남,Representative,0.4239737881662508,0.0006889420264779353
김병기,0.0099758622887193,국회운영위원회,김병기,김병기,더불어민주당,초선,지역구,남,Representative,0.1877751940353654,0.0018732194769343511
민홍철,0.0,국회운영위원회,민홍철,민홍철,더불어민주당,재선,지역구,남,Representative,0.9609964146420744,0.0
송옥주,0.0073673676960517,국회운영위원회,송옥주,송옥주,더불어민주당,초선,비례대표,여,Representative,0.5052940578089671,0.0037226871185086644
윤준호,0.0,국회운영위원회,윤준호,윤준호,더불어민주당,초선,지역구,남,Representative,0.8409997210125054,0.0
윤호중,0.0010881979603175,국회운영위원회,윤호중,윤호중,더불어민주당,3선,지역구,남,Representative,0.3826215742444835,0.0004163680166663178
이상헌,0.0031850050539901,국회운영위원회,이상헌,이상헌,더불어민주당,초선,지역구,남,Representative,0.7296652103979866,0.002323987382838337
이찬열,0.0065015124381762,국회운영위원회,이찬열,이찬열,더불어민주당,3선,지역구,남,Representative,1.1746514826711774,0.007637011225108775
전재수,0.0,국회운영위원회,전재수,전재수,더불어민주당,초선,지역구,남,Representative,0.2424661719200068,0.0
한정애,0.0,국회운영위원회,한정애,한정애,더불어민주당,재선,지역구,여,Representative,0.4432117996184036,0.0
전해철,0.0014015965609127,국회운영위원회,전해철,전해철,더불어민주당,재선,지역구,남,Representative,0.1604451590533877,0.00022487938314431932
김종민,0.0014659292616832,국회운영위원회,김종민,김종민,더불어민주당,초선,지역구,남,Representative,0.5934295202694789,0.0008699256985096528
김한정,0.0050947722720211,국회운영위원회,김한정,김한정,더불어민주당,초선,지역구,남,Representative,0.475581724187707,0.0024229805814715163
김현권,0.0,국회운영위원회,김현권,김현권,더불어민주당,초선,비례대표,남,Representative,0.6106213595945515,0.0
맹성규,0.0,국회운영위원회,맹성규,맹성규,더불어민주당,초선,지역구,남,Representative,0.302559084695415,0.0
박재호,0.0011568353768243,국회운영위원회,박재호,박재호,더불어민주당,초선,지역구,남,Representative,0.2524296630381502,0.0002920195643623695
박정,0.0148319923556808,국회운영위원회,박정,박정,더불어민주당,초선,지역구,남,Representative,0.2968827671690504,0.004403362933184718
박찬대,0.0038192307268948,국회운영위원회,박찬대,박찬대,더불어민주당,초선,지역구,남,Representative,0.6056175521921311,0.0023129931640790023
설훈,0.0108100894870133,국회운영위원회,설훈,설훈,더불어민주당,4선,지역구,남,Representative,0.2947522077855856,0.0031862977426569184
소병훈,0.0073062593878568,국회운영위원회,소병훈,소병훈,더불어민주당,초선,지역구,남,Representative,0.5375988645747761,0.003927836751200614
송영길,0.0,국회운영위원회,송영길,송영길,더불어민주당,4선,지역구,남,Representative,0.4968450830667373,0.0
위성곤,0.002329841938356,국회운영위원회,위성곤,위성곤,더불어민주당,초선,지역구,남,Representative,0.8913491139784591,0.002076702547463476
유동수,0.0085116943340766,국회운영위원회,유동수,유동수,더불어민주당,초선,지역구,남,Representative,0.8688043750278167,0.007394997276345229
윤일규,0.0,국회운영위원회,윤일규,윤일규,더불어민주당,초선,지역구,남,Representative,0.2463711717270404,0.0
이학영,0.0009726629093181,국회운영위원회,이학영,이학영,더불어민주당,재선,지역구,남,Representative,0.3212334061727276,0.0003124518194181281
임종성,0.0,국회운영위원회,임종성,임종성,더불어민주당,초선,지역구,남,Representative,0.5180000225410992,0.0
전현희,0.0009364109144628,국회운영위원회,전현희,전현희,더불어민주당,재선,지역구,여,Representative,0.2186320857698749,0.00020472947136667788
전혜숙,0.0018241982129947,국회운영위원회,전혜숙,전혜숙,더불어민주당,재선,지역구,여,Representative,0.717807959122133,0.0013094239963039678
정춘숙,0.0010222331326491,국회운영위원회,정춘숙,정춘숙,더불어민주당,초선,비례대표,여,Representative,0.6218718977568765,0.0006356980581504526
제윤경,0.0,국회운영위원회,제윤경,제윤경,더불어민주당,초선,비례대표,여,Representative,0.2928274618467911,0.0
최인호,0.0,국회운영위원회,최인호,최인호,더불어민주당,초선,지역구,남,Representative,0.1459769861531162,0.0
홍영표,0.0010363686825181,국회운영위원회,홍영표,홍영표,더불어민주당,3선,지역구,남,Representative,0.7711565648093,0.000799202513086598
안상수,0.0274303179959787,국회운영위원회,안상수,안상수,자유한국당,3선,지역구,남,Representative,0.6645956077847494,0.018230068860266412
김경진,0.0417990936820348,국회운영위원회,김경진,김경진,국민의당,초선,지역구,남,Representative,1.3711841868583572,0.05731425628181718
김영우,0.0059215051514755,국회운영위원회,김영우,김영우,자유한국당,3선,지역구,남,Representative,0.6260518797021696,0.0037071694307473173
김태흠,0.0068763438312268,국회운영위원회,김태흠,김태흠,자유한국당,재선,지역구,남,Representative,0.74944812472639,0.005153462989286805
민경욱,0.0,국회운영위원회,민경욱,민경욱,자유한국당,초선,지역구,남,Representative,0.073326278826337,0.0
박맹우,0.0058869334835866,국회운영위원회,박맹우,박맹우,자유한국당,재선,지역구,남,Representative,0.2150211852210185,0.00126581541495809
염동열,0.0,국회운영위원회,염동열,염동열,자유한국당,재선,지역구,남,Representative,0.2114928291135159,0.0
윤상직,0.0,국회운영위원회,윤상직,윤상직,자유한국당,초선,지역구,남,Representative,0.3535025828741088,0.0
윤상현,0.0005791113935937,국회운영위원회,윤상현,윤상현,자유한국당,3선,지역구,남,Representative,0.2001655767502632,0.00011591816610133165
윤재옥,0.0024429627340973,국회운영위원회,윤재옥,윤재옥,자유한국당,재선,지역구,남,Representative,0.1344948665442003,0.000328565946894871
윤한홍,0.0035023857201397,국회운영위원회,윤한홍,윤한홍,자유한국당,초선,지역구,남,Representative,0.2622782919078764,0.000918599744280778
이명수,0.0030931868322355,국회운영위원회,이명수,이명수,자유한국당,3선,지역구,남,Representative,0.3282274440638352,0.0010152688079565692
이언주,0.0008897037608557,국회운영위원회,이언주,이언주,더불어민주당,재선,지역구,여,Representative,1.5238762330035724,0.0013557984155818954
이종명,0.0,국회운영위원회,이종명,이종명,자유한국당,초선,비례대표,남,Representative,0.1302432569839321,0.0
이주영,0.0189553323314539,국회운영위원회,이주영,이주영,자유한국당,5선,지역구,남,Representative,0.5651882414157886,0.01071333094586627
이채익,0.0,국회운영위원회,이채익,이채익,자유한국당,재선,지역구,남,Representative,0.415602928743905,0.0
이학재,0.0,국회운영위원회,이학재,이학재,자유한국당,3선,지역구,남,Representative,1.0008889465537203,0.0
이헌승,0.0,국회운영위원회,이헌승,이헌승,자유한국당,재선,지역구,남,Representative,0.1422055697125377,0.0
장석춘,0.0027965646988682,국회운영위원회,장석춘,장석춘,자유한국당,초선,지역구,남,Representative,0.1436037583640525,0.00040159720126570827
정용기,0.0017567042110061,국회운영위원회,정용기,정용기,자유한국당,재선,지역구,남,Representative,0.1798568900906483,0.0003159553562007032
정우택,0.0005074003685392,국회운영위원회,정우택,정우택,자유한국당,4선,지역구,남,Representative,0.5140939839979815,0.0002608514769443614
정유섭,0.0,국회운영위원회,정유섭,정유섭,자유한국당,초선,지역구,남,Representative,0.4080188775728643,0.0
정점식,0.0,국회운영위원회,정점식,정점식,자유한국당,초선,지역구,남,Representative,-0.0,-0.0
조배숙,0.0050288983782922,국회운영위원회,조배숙,조배숙,국민의당,4선,지역구,여,Representative,1.0458037986965076,0.00525924102727669
조원진,0.0004943387440331,국회운영위원회,조원진,조원진,자유한국당,3선,지역구,남,Representative,0.1561314852952748,7.718184234488856e-05
주광덕,0.0012755800501568,국회운영위원회,주광덕,주광덕,자유한국당,재선,지역구,남,Representative,0.2195218361538728,0.00028001767477166994
홍문표,0.0,국회운영위원회,홍문표,홍문표,자유한국당,3선,지역구,남,Representative,1.0738729958258912,0.0
황주홍,0.0348566800439605,국회운영위원회,황주홍,황주홍,국민의당,재선,지역구,남,Representative,1.2962987186817088,0.045184669678484286
심상정,0.0020754544329038,국회운영위원회,심상정,심상정,정의당,3선,지역구,여,Representative,1.4101172974735254,0.0029266341959557547
김종대,0.0,국회운영위원회,김종대,김종대,정의당,초선,비례대표,남,Representative,1.4582975228087227,0.0
손혜원,0.0071234259714507,국회운영위원회,손혜원,손혜원,더불어민주당,초선,지역구,여,Representative,0.8635365284530971,0.006151338534079169
유성엽,0.0036023448261822,국회운영위원회,유성엽,유성엽,국민의당,3선,지역구,남,Representative,1.0788643249197116,0.0038864413190270748
윤소하,0.005485710734384,국회운영위원회,윤소하,윤소하,정의당,초선,비례대표,남,Representative,1.501385577848504,0.008236166980852862
이정미,0.0008578024379979,국회운영위원회,이정미,이정미,정의당,초선,비례대표,여,Representative,1.419781284660404,0.001217891847405485
정동영,0.004116854487772,국회운영위원회,정동영,정동영,국민의당,4선,지역구,남,Representative,1.1063278234248168,0.004554590664813486
천정배,0.0035718904175213,국회운영위원회,천정배,천정배,국민의당,6선,지역구,남,Representative,0.9572737450190898,0.003419276916778415
추혜선,0.0089278012302226,국회운영위원회,추혜선,추혜선,정의당,초선,비례대표,여,Representative,1.4776255797827655,0.013191947468992958
김재원,0.0,국회운영위원회,김재원,김재원,자유한국당,3선,지역구,남,Representative,0.215473832424108,0.0
박성중,0.0024129346962941,국회운영위원회,박성중,박성중,자유한국당,초선,지역구,남,Representative,0.1599671130327059,0.00038599019730261615
이만희,0.0008619640800066,국회운영위원회,이만희,이만희,자유한국당,초선,지역구,남,Representative,0.3536107077628312,0.0003047997283972715
임이자,0.0,국회운영위원회,임이자,임이자,자유한국당,초선,비례대표,여,Representative,0.2625742813254558,0.0
김광수,0.0027236233798815,국회운영위원회,김광수,김광수,국민의당,초선,지역구,남,Representative,0.7050580980902613,0.0019203127201334197
김종회,0.0035680291644228,국회운영위원회,김종회,김종회,국민의당,초선,지역구,남,Representative,1.05317158253419,0.003757746921623304
박지원,0.0,국회운영위원회,박지원,박지원,국민의당,4선,지역구,남,Representative,0.7565970138970873,0.0
장병완,0.0460111579203665,국회운영위원회,장병완,장병완,국민의당,3선,지역구,남,Representative,0.8364677546616743,0.03848684995503268
홍문종,0.0,국회운영위원회,홍문종,홍문종,자유한국당,4선,지역구,남,Representative,0.1754129276773165,0.0
강석진,0.0066658984240763,국회운영위원회,강석진,강석진,자유한국당,초선,지역구,남,Representative,0.6089939732328231,0.00405949196644464
김규환,0.0,국회운영위원회,김규환,김규환,자유한국당,초선,비례대표,남,Representative,0.4770049822009083,0.0
이양수,0.0,국회운영위원회,이양수,이양수,자유한국당,초선,지역구,남,Representative,0.8099604387683925,0.0
이은권,0.0,국회운영위원회,이은권,이은권,자유한국당,초선,지역구,남,Representative,0.2381916954337352,0.0
김두관,0.0,국회운영위원회,김두관,김두관,더불어민주당,초선,지역구,남,Representative,0.4560581632169218,0.0
윤영일,0.0,국회운영위원회,윤영일,윤영일,국민의당,초선,지역구,남,Representative,1.2136308597582175,0.0
이규희,0.0,국회운영위원회,이규희,이규희,더불어민주당,초선,지역구,남,Representative,0.3036400552435822,0.0
이춘석,0.0027795932203107,국회운영위원회,이춘석,이춘석,더불어민주당,3선,지역구,남,Representative,0.5338027552115759,0.0014837545193692688
노웅래,0.0048271587494493,국회운영위원회,노웅래,노웅래,더불어민주당,3선,지역구,남,Representative,0.7159401864066474,0.0034559569348952108
김해영,0.0103868222429826,국회운영위원회,김해영,김해영,더불어민주당,초선,지역구,남,Representative,0.4741611749752225,0.004925027838991405
남인순,0.0,국회운영위원회,남인순,남인순,더불어민주당,재선,지역구,여,Representative,0.6462902314628618,0.0
정은혜,0.0,국회운영위원회,정은혜,정은혜,더불어민주당,초선,비례대표,여,Representative,0.6448259909434018,0.0
안민석,0.0012894053426002,국회운영위원회,안민석,안민석,더불어민주당,4선,지역구,남,Representative,0.6831934548821521,0.0008809132907545356
송갑석,0.0,국회운영위원회,송갑석,송갑석,더불어민주당,초선,지역구,남,Representative,0.1128634081839454,0.0
금태섭,0.0076256020188217,국회운영위원회,금태섭,금태섭,더불어민주당,초선,지역구,남,Representative,0.4645794902283139,0.0035426982985881867
이인영,0.000383774905078,국회운영위원회,이인영,이인영,더불어민주당,3선,지역구,남,Representative,0.1211476890856317,4.649344287925736e-05
이원욱,0.0027658556773666,국회운영위원회,이원욱,이원욱,더불어민주당,재선,지역구,남,Representative,0.3714494969930796,0.001027375700113277
박선숙,0.0,국회운영위원회,박선숙,박선숙,국민의당,재선,비례대표,여,Representative,1.2142537538570304,0.0
서형수,0.0015220809411812,국회운영위원회,서형수,서형수,더불어민주당,초선,지역구,남,Representative,0.5046603090328576,0.0007681338381495272
인재근,0.0015691120250431,국회운영위원회,인재근,인재근,더불어민주당,재선,지역구,여,Representative,0.4706617600587874,0.0007385210274361936
조응천,0.000160977961615,국회운영위원회,조응천,조응천,더불어민주당,초선,지역구,남,Representative,0.3625277926369529,5.8358985087482085e-05
곽상도,0.032091625408503,국회운영위원회,곽상도,곽상도,자유한국당,초선,지역구,남,Representative,0.1797207201934033,0.005767530030593079
경대수,0.0,국회운영위원회,경대수,경대수,자유한국당,재선,지역구,남,Representative,0.635460965905347,0.0
권성동,0.0,국회운영위원회,권성동,권성동,자유한국당,3선,지역구,남,Representative,0.4062466024090395,0.0
김광림,0.0,국회운영위원회,김광림,김광림,자유한국당,3선,지역구,남,Representative,0.2439500943098557,0.0
김기선,0.0,국회운영위원회,김기선,김기선,자유한국당,재선,지역구,남,Representative,0.2058944226376191,0.0
김도읍,0.0053404207988998,국회운영위원회,김도읍,김도읍,자유한국당,재선,지역구,남,Representative,0.0786043622449074,0.00041978037101695763
김선동,0.0,국회운영위원회,김선동,김선동,자유한국당,재선,지역구,남,Representative,0.1938810024934638,0.0
김성찬,0.0062488107045331,국회운영위원회,김성찬,김성찬,자유한국당,재선,지역구,남,Representative,0.6145298499661254,0.003840080704723444
김순례,0.0,국회운영위원회,김순례,김순례,자유한국당,초선,비례대표,여,Representative,0.2162730117184349,0.0
김재경,0.0006963406719838,국회운영위원회,김재경,김재경,자유한국당,4선,지역구,남,Representative,0.1491019221549866,0.00010382573266747961
김정훈,8.680804634405798e-06,국회운영위원회,김정훈,김정훈,자유한국당,4선,지역구,남,Representative,0.260541039338365,2.261705861741382e-06
김학용,0.0,국회운영위원회,김학용,김학용,자유한국당,3선,지역구,남,Representative,0.3347518226262136,0.0
나경원,0.0,국회운영위원회,나경원,나경원,자유한국당,4선,지역구,여,Representative,0.4570003286366014,0.0
문진국,0.0,국회운영위원회,문진국,문진국,자유한국당,초선,비례대표,남,Representative,0.6376962280009649,0.0
박대출,0.0024286171703199,국회운영위원회,박대출,박대출,자유한국당,재선,지역구,남,Representative,0.1666888897701005,0.0004048234997972272
박순자,0.0,국회운영위원회,박순자,박순자,자유한국당,3선,지역구,여,Representative,0.4713721881542825,0.0
박완수,0.0052742833489815,국회운영위원회,박완수,박완수,자유한국당,초선,지역구,남,Representative,0.320674965976727,0.0016913306334862604
백승주,0.0007730896991752,국회운영위원회,백승주,백승주,자유한국당,초선,지역구,남,Representative,0.1747219249951915,0.00013507572043384446
신보라,0.0273341583031854,국회운영위원회,신보라,신보라,자유한국당,초선,비례대표,여,Representative,0.2403514969713895,0.006569805866623547
신상진,0.0065981508339122,국회운영위원회,신상진,신상진,자유한국당,4선,지역구,남,Representative,0.5170961526344651,0.003411878410717886
엄용수,0.0031873760845297,국회운영위원회,엄용수,엄용수,자유한국당,초선,지역구,남,Representative,0.3660271027599738,0.0011666660336268355
여상규,0.0,국회운영위원회,여상규,여상규,자유한국당,3선,지역구,남,Representative,0.179755435767015,0.0
유기준,0.0,국회운영위원회,유기준,유기준,자유한국당,4선,지역구,남,Representative,0.2633017533080311,0.0
유민봉,0.0048353285177437,국회운영위원회,유민봉,유민봉,자유한국당,초선,비례대표,남,Representative,0.2816932534582966,0.0013620794217029056
유재중,0.0,국회운영위원회,유재중,유재중,자유한국당,3선,지역구,남,Representative,0.4969856333113908,0.0
윤영석,0.0,국회운영위원회,윤영석,윤영석,자유한국당,재선,지역구,남,Representative,0.3920069894662951,0.0
이은재,0.0,국회운영위원회,이은재,이은재,자유한국당,재선,지역구,여,Representative,0.0511753819484567,0.0
이장우,0.0,국회운영위원회,이장우,이장우,자유한국당,재선,지역구,남,Representative,0.2676638759131752,0.0
이종구,0.0,국회운영위원회,이종구,이종구,자유한국당,3선,지역구,남,Representative,0.5199034206107074,0.0
이종배,0.0023492181382462,국회운영위원회,이종배,이종배,자유한국당,재선,지역구,남,Representative,0.2546643617911198,0.0005982621378845911
이진복,0.0,국회운영위원회,이진복,이진복,자유한국당,3선,지역구,남,Representative,0.219085789524194,0.0
이철규,0.0,국회운영위원회,이철규,이철규,자유한국당,초선,지역구,남,Representative,0.4017209073035526,0.0
장제원,0.0021872786763024,국회운영위원회,장제원,장제원,자유한국당,재선,지역구,남,Representative,0.5900030223326368,0.0012905010297021451
전희경,0.0,국회운영위원회,전희경,전희경,자유한국당,초선,비례대표,여,Representative,0.0178870009551029,0.0
정양석,0.006007037166183,국회운영위원회,정양석,정양석,자유한국당,재선,지역구,남,Representative,0.3859603071668061,0.0023184779098224116
정종섭,0.0027148172860709,국회운영위원회,정종섭,정종섭,자유한국당,초선,지역구,남,Representative,0.3807594230574026,0.0010336922635506194
조경태,0.009531950174147,국회운영위원회,조경태,조경태,자유한국당,4선,지역구,남,Representative,0.9905363611314508,0.009441743239985869
조훈현,0.0,국회운영위원회,조훈현,조훈현,자유한국당,초선,비례대표,남,Representative,0.3604447460125601,0.0
주호영,0.0156692193685522,국회운영위원회,주호영,주호영,자유한국당,4선,지역구,남,Representative,0.3195534977330795,0.005007153855967771
최교일,0.0024620640708022,국회운영위원회,최교일,최교일,자유한국당,초선,지역구,남,Representative,0.095160296612104,0.00023429074725554158
한선교,0.0003885660650256,국회운영위원회,한선교,한선교,자유한국당,4선,지역구,남,Representative,0.1186880320068769,4.6118141562544627e-05
홍일표,0.0009759494008825,국회운영위원회,홍일표,홍일표,자유한국당,3선,지역구,남,Representative,0.7569146892318556,0.0007387104374749931
황영철,0.0,국회운영위원회,황영철,황영철,자유한국당,3선,지역구,남,Representative,0.3717335455385492,0.0
신경민,0.0026288593789026,국회운영위원회,신경민,신경민,더불어민주당,재선,지역구,남,Representative,0.2582677030896177,0.0006789494735347735
박주현,5.945280317575128e-05,국회운영위원회,박주현,박주현,국민의당,초선,비례대표,여,Representative,0.6812471540561623,4.050205296414173e-05
이용주,0.0,국회운영위원회,이용주,이용주,국민의당,초선,지역구,남,Representative,0.6566531230147329,0.0
권칠승,0.0036767215024384,국회운영위원회,권칠승,권칠승,더불어민주당,초선,지역구,남,Representative,0.3014891570605743,0.0011084916665166414
김영호,0.0014583660567544,국회운영위원회,김영호,김영호,더불어민주당,초선,지역구,남,Representative,0.4539708046944207,0.0006620556123238242
표창원,0.0033111015443996,국회운영위원회,표창원,표창원,더불어민주당,초선,지역구,남,Representative,0.4432466247795722,0.0014676345838575515
변재일,0.0047314562964144,국회운영위원회,변재일,변재일,더불어민주당,4선,지역구,남,Representative,0.629493870938658,0.0029784227392069874
안규백,0.0037759049676468,국회운영위원회,안규백,안규백,더불어민주당,3선,지역구,남,Representative,0.6009595071079386,0.0022691659882434377
이용호,0.0,국회운영위원회,이용호,이용호,국민의당,초선,지역구,남,Representative,0.9837359713108262,0.0
장정숙,0.0088477764026998,국회운영위원회,장정숙,장정숙,국민의당,초선,비례대표,여,Representative,1.0742364163183826,0.009504603615222585
최도자,0.0215966673733113,국회운영위원회,최도자,최도자,국민의당,초선,비례대표,여,Representative,1.2596089727347155,0.02720335600458999
홍익표,0.0008519888292918,국회운영위원회,홍익표,홍익표,더불어민주당,재선,지역구,남,Representative,0.1975395629671791,0.00016830150099122072
오영훈,0.0,국회운영위원회,오영훈,오영훈,더불어민주당,초선,지역구,남,Representative,0.7649594424293005,0.0
김부겸,0.0002329920142859,국회운영위원회,김부겸,김부겸,더불어민주당,4선,지역구,남,Representative,0.8571509059437675,0.0001997093161228224
신동근,0.0009818382289226,국회운영위원회,신동근,신동근,더불어민주당,초선,지역구,남,Representative,0.4356644688754545,0.0004277520305251814
김성수,0.0032175012860615,국회운영위원회,김성수,김성수,더불어민주당,초선,비례대표,남,Representative,0.6300024830232042,0.0020270337993490975
박완주,0.0022779337712837,국회운영위원회,박완주,박완주,더불어민주당,재선,지역구,남,Representative,0.7029909046961353,0.0016013667227126075
이수혁,0.0061185999057968,국회운영위원회,이수혁,이수혁,더불어민주당,초선,비례대표,남,Representative,0.3510840296934358,0.0021481427110090173
이혜훈,0.0,국회운영위원회,이혜훈,이혜훈,자유한국당,3선,지역구,여,Representative,1.4755924567120928,0.0
임재훈,0.0004136981076903,국회운영위원회,임재훈,임재훈,국민의당,초선,비례대표,남,Representative,1.0830349246445592,0.0004480494988879608
채이배,0.011667767591989,국회운영위원회,채이배,채이배,국민의당,초선,비례대표,남,Representative,1.231055717778328,0.014363672007826732
도종환,0.0,국회운영위원회,도종환,도종환,더불어민주당,재선,지역구,남,Representative,0.5493526775829224,0.0
주승용,0.010004787952019,국회운영위원회,주승용,주승용,국민의당,4선,지역구,남,Representative,1.1127518815412194,0.011132846618030065
정세균,0.0052026067545451,국회운영위원회,정세균,정세균,더불어민주당,6선,지역구,남,Representative,0.8298975517248326,0.0043176306081840555
황희,0.0012352830206862,국회운영위원회,황희,황희,더불어민주당,초선,지역구,남,Representative,0.2691269447247251,0.00033244794522760635
어기구,0.0018723773992077,국회운영위원회,어기구,어기구,더불어민주당,초선,지역구,남,Representative,0.386064465691427,0.0007228583801978244
이완영,0.0105924144196416,국회운영위원회,이완영,이완영,자유한국당,재선,지역구,남,Representative,0.3571997154092039,0.0037836074161923276
김관영,0.0202791910319143,국회운영위원회,김관영,김관영,국민의당,재선,지역구,남,Representative,1.1358758772529134,0.02303464390335507
박주선,0.0,국회운영위원회,박주선,박주선,국민의당,4선,지역구,남,Representative,1.0117643014135882,0.0
김중로,0.0045934070721644,국회운영위원회,김중로,김중로,국민의당,초선,비례대표,남,Representative,1.0195617327999331,0.004683262073951404
이정현,0.0003055051688037,국회운영위원회,이정현,이정현,자유한국당,3선,지역구,남,Representative,0.583583007550223,0.00017828762523260179
박병석,0.0001114530932432,국회운영위원회,박병석,박병석,더불어민주당,5선,지역구,남,Representative,0.4701074306076837,5.2394927297839345e-05
김종훈,0.001885511174188,국회운영위원회,김종훈,김종훈,더불어민주당,초선,지역구,남,Representative,1.5948540798459616,0.0030071151887488814
우상호,0.0005286891347471,국회운영위원회,우상호,우상호,더불어민주당,3선,지역구,남,Representative,0.950393725091267,0.0005024628361875752
권은희,0.001334163236599,국회운영위원회,권은희,권은희,국민의당,재선,지역구,여,Representative,0.9101311635551772,0.001214263538898389
이태규,0.0065783920492032,국회운영위원회,이태규,이태규,국민의당,초선,비례대표,남,Representative,1.2563599016081857,0.008264827987677003
박영선,0.0027165096634388,국회운영위원회,박영선,박영선,더불어민주당,4선,지역구,여,Representative,0.4472601336192084,0.0012149864750475086
진선미,0.0029918005358676,국회운영위원회,진선미,진선미,더불어민주당,재선,지역구,여,Representative,0.7038169878391717,0.002105680041369954
강길부,0.0,국회운영위원회,강길부,강길부,자유한국당,4선,지역구,남,Representative,1.011544857155329,0.0
서청원,0.0,국회운영위원회,서청원,서청원,자유한국당,8선,지역구,남,Representative,0.2133277142020287,0.0
조정식,0.0066833318257181,국회운영위원회,조정식,조정식,더불어민주당,4선,지역구,남,Representative,0.657600712329438,0.004394963769326225
이상돈,0.002114680192584,국회운영위원회,이상돈,이상돈,국민의당,초선,비례대표,남,Representative,1.606671771644464,0.0033975969714803915
오제세,0.0,국회운영위원회,오제세,오제세,더불어민주당,4선,지역구,남,Representative,1.1845693642879889,0.0
이해찬,0.0088356392130075,국회운영위원회,이해찬,이해찬,더불어민주당,7선,지역구,남,Representative,0.3925330774809683,0.0034682806517933543
유은혜,0.0054267338190479,국회운영위원회,유은혜,유은혜,더불어민주당,재선,지역구,여,Representative,0.4014353783153699,0.002178482943666306
추미애,0.0034647053919955,국회운영위원회,추미애,추미애,더불어민주당,5선,지역구,여,Representative,0.2576812972041676,0.0008927897798396745
노회찬,0.0012529375520151,국회운영위원회,노회찬,노회찬,정의당,3선,지역구,남,Representative,1.280547886443722,0.0016044465340789074
박용진,0.0024013945148292,국회운영위원회,박용진,박용진,더불어민주당,초선,지역구,남,Representative,0.6153148674123682,0.0014776137474969175
김경수,0.000316615374359,국회운영위원회,김경수,김경수,더불어민주당,초선,지역구,남,Representative,0.2933099446985726,9.286643794395614e-05
박남춘,0.0021064692775356,국회운영위원회,박남춘,박남춘,더불어민주당,재선,지역구,남,Representative,0.4605735800336737,0.0009701840963855175
오세정,0.0015974981601591,국회운영위원회,오세정,오세정,국민의당,초선,비례대표,남,Representative,1.1278834176360886,0.0018017916845476094
권석창,0.0,국회운영위원회,권석창,권석창,자유한국당,초선,지역구,남,Representative,0.2295248300116327,0.0
김성식,0.0,국회운영위원회,김성식,김성식,국민의당,재선,지역구,남,Representative,1.2630624263755816,0.0
양승조,0.0011412793958566,국회운영위원회,양승조,양승조,더불어민주당,4선,지역구,남,Representative,0.7857133708245717,0.0008967184811711199
박준영,0.0,국회운영위원회,박준영,박준영,국민의당,초선,지역구,남,Representative,0.8806716279052433,0.0
진영,0.0,국회운영위원회,진영,진영,더불어민주당,4선,지역구,남,Representative,0.930618422605128,0.0
윤종오,0.0,국회운영위원회,윤종오,윤종오,더불어민주당,초선,지역구,남,Representative,1.1947717620134848,0.0
송기석,0.0007140170228538,국회운영위원회,송기석,송기석,국민의당,초선,지역구,남,Representative,0.7845483731860012,0.0005601808937070606
최명길,0.0008871548847468,국회운영위원회,최명길,최명길,더불어민주당,초선,지역구,남,Representative,0.6829154638268365,0.0006058517896031047
박찬우,0.0,국회운영위원회,박찬우,박찬우,자유한국당,초선,지역구,남,Representative,0.453230298468986,0.0
이우현,0.0,국회운영위원회,이우현,이우현,자유한국당,재선,지역구,남,Representative,0.2335736215615007,0.0
이철우,0.0,국회운영위원회,이철우,이철우,자유한국당,3선,지역구,남,Representative,0.2619402628325249,0.0
배덕광,0.0,국회운영위원회,배덕광,배덕광,자유한국당,재선,지역구,남,Representative,0.1475526412690407,0.0
문미옥,0.0023363186404086,국회운영위원회,문미옥,문미옥,더불어민주당,초선,비례대표,여,Representative,0.3542828873224695,0.0008277177136292651
이군현,0.0,국회운영위원회,이군현,이군현,자유한국당,4선,지역구,남,Representative,0.5199038049730397,0.0
김현미,0.0017421768036659,국회운영위원회,김현미,김현미,더불어민주당,3선,지역구,여,Representative,0.5372955133516878,0.0009360637800750722
김진표,0.0091512807679748,국방위원회,김진표,김진표,더불어민주당,4선,지역구,남,Representative,0.9058736267791744,0.00828990389895984
권칠승,0.0077587434533757,국방위원회,권칠승,권칠승,더불어민주당,초선,지역구,남,Representative,0.3014891570605743,0.002339177023607489
김병기,0.0264585160385674,국방위원회,김병기,김병기,더불어민주당,초선,지역구,남,Representative,0.1877751940353654,0.004968252983029822
김영진,0.0,국방위원회,김영진,김영진,더불어민주당,초선,지역구,남,Representative,0.1323556283416291,0.0
김종민,0.0031193043868571,국방위원회,김종민,김종민,더불어민주당,초선,지역구,남,Representative,0.5934295202694789,0.0018510873058670899
남인순,0.0,국방위원회,남인순,남인순,더불어민주당,재선,지역구,여,Representative,0.6462902314628618,0.0
박광온,0.0028798233956987,국방위원회,박광온,박광온,더불어민주당,재선,지역구,남,Representative,0.2036686067716271,0.0005865296187502904
변재일,0.0027048201115584,국방위원회,변재일,변재일,더불어민주당,4선,지역구,남,Representative,0.629493870938658,0.00170266768221763
윤후덕,0.0022704938605331,국방위원회,윤후덕,윤후덕,더불어민주당,재선,지역구,남,Representative,0.3602653219661517,0.0008179802016871279
임종성,0.0,국방위원회,임종성,임종성,더불어민주당,초선,지역구,남,Representative,0.5180000225410992,0.0
조승래,0.0045982515531748,국방위원회,조승래,조승래,더불어민주당,초선,지역구,남,Representative,0.2088104943838757,0.0009601631801198541
홍영표,0.0022782054423557,국방위원회,홍영표,홍영표,더불어민주당,3선,지역구,남,Representative,0.7711565648093,0.0017568530828568731
안규백,0.0721306898959528,국방위원회,안규백,안규백,더불어민주당,3선,지역구,남,Representative,0.6009595071079386,0.04334762384722735
강훈식,0.001438819714017,국방위원회,강훈식,강훈식,더불어민주당,초선,지역구,남,Representative,0.371852456351433,0.0005350286449040878
기동민,0.0031258702042909,국방위원회,기동민,기동민,더불어민주당,초선,지역구,남,Representative,0.1406386680233549,0.00043961822194536445
김철민,0.0026413458122927,국방위원회,김철민,김철민,더불어민주당,초선,지역구,남,Representative,0.4943055978963909,0.0013056320209964712
백승주,0.0228530080779836,국방위원회,백승주,백승주,자유한국당,초선,지역구,남,Representative,0.1747219249951915,0.003992921563315956
우원식,0.0,국방위원회,우원식,우원식,더불어민주당,3선,지역구,남,Representative,0.2682558233303833,0.0
유동수,0.0128160640615172,국방위원회,유동수,유동수,더불어민주당,초선,지역구,남,Representative,0.8688043750278167,0.011134652527282914
유의동,0.0044951344628355,국방위원회,유의동,유의동,자유한국당,재선,지역구,남,Representative,1.0164179390168884,0.004568935306319047
윤관석,0.0,국방위원회,윤관석,윤관석,더불어민주당,재선,지역구,남,Representative,0.3522558143466113,0.0
이학영,0.0010016603929536,국방위원회,이학영,이학영,더불어민주당,재선,지역구,남,Representative,0.3212334061727276,0.0003217667798567977
김성원,0.0061384082542485,국방위원회,김성원,김성원,자유한국당,초선,지역구,남,Representative,0.1487072947006423,0.0009128260852573869
경대수,0.0107705472299341,국방위원회,경대수,경대수,자유한국당,재선,지역구,남,Representative,0.635460965905347,0.006844262346063082
김명연,0.0001997337377965,국방위원회,김명연,김명연,자유한국당,재선,지역구,남,Representative,0.1923901370296166,3.842680118410615e-05
김순례,0.0,국방위원회,김순례,김순례,자유한국당,초선,비례대표,여,Representative,0.2162730117184349,0.0
김정재,0.0019770168887998,국방위원회,김정재,김정재,자유한국당,초선,지역구,여,Representative,0.2044480865242837,0.0004041973199413117
김종석,0.0,국방위원회,김종석,김종석,자유한국당,초선,비례대표,남,Representative,0.1902354048834826,0.0
윤상직,0.0,국방위원회,윤상직,윤상직,자유한국당,초선,지역구,남,Representative,0.3535025828741088,0.0
이은권,0.0,국방위원회,이은권,이은권,자유한국당,초선,지역구,남,Representative,0.2381916954337352,0.0
함진규,0.0,국방위원회,함진규,함진규,자유한국당,재선,지역구,남,Representative,0.2078582495326021,0.0
김종대,0.0210183508242104,국방위원회,김종대,김종대,정의당,초선,비례대표,남,Representative,1.4582975228087227,0.030651008940470702
강창일,0.0009293324567546,국방위원회,강창일,강창일,더불어민주당,4선,지역구,남,Representative,0.8418881333730888,0.0007823939673001569
설훈,0.0,국방위원회,설훈,설훈,더불어민주당,4선,지역구,남,Representative,0.2947522077855856,0.0
심상정,0.0,국방위원회,심상정,심상정,정의당,3선,지역구,여,Representative,1.4101172974735254,0.0
여영국,0.0,국방위원회,여영국,여영국,정의당,초선,지역구,남,Representative,1.4694207601469056,0.0
윤소하,0.0,국방위원회,윤소하,윤소하,정의당,초선,비례대표,남,Representative,1.501385577848504,0.0
이용득,0.0,국방위원회,이용득,이용득,더불어민주당,초선,비례대표,남,Representative,0.4820345550834095,0.0
이정미,0.0,국방위원회,이정미,이정미,정의당,초선,비례대표,여,Representative,1.419781284660404,0.0
인재근,0.000669565374201,국방위원회,인재근,인재근,더불어민주당,재선,지역구,여,Representative,0.4706617600587874,0.0003151388174958633
제윤경,0.0,국방위원회,제윤경,제윤경,더불어민주당,초선,비례대표,여,Representative,0.2928274618467911,0.0
조배숙,0.0,국방위원회,조배숙,조배숙,국민의당,4선,지역구,여,Representative,1.0458037986965076,0.0
추혜선,0.0,국방위원회,추혜선,추혜선,정의당,초선,비례대표,여,Representative,1.4776255797827655,0.0
조원진,0.0003432775407767,국방위원회,조원진,조원진,자유한국당,3선,지역구,남,Representative,0.1561314852952748,5.359643230997543e-05
김진태,0.0014943600105082,국방위원회,김진태,김진태,자유한국당,재선,지역구,남,Representative,0.0487572040542768,7.286081596289952e-05
민경욱,0.0028166121030447,국방위원회,민경욱,민경욱,자유한국당,초선,지역구,남,Representative,0.073326278826337,0.00020653168441349108
박덕흠,0.0,국방위원회,박덕흠,박덕흠,자유한국당,재선,지역구,남,Representative,0.3783016007215079,0.0
서청원,0.0069585184693149,국방위원회,서청원,서청원,자유한국당,8선,지역구,남,Representative,0.2133277142020287,0.0014844448392915472
원유철,0.0144350141089818,국방위원회,원유철,원유철,자유한국당,5선,지역구,남,Representative,0.4771525237688151,0.00688770341273912
윤상현,0.0,국방위원회,윤상현,윤상현,자유한국당,3선,지역구,남,Representative,0.2001655767502632,0.0
윤종필,0.0016185772462397,국방위원회,윤종필,윤종필,자유한국당,초선,비례대표,여,Representative,0.3873171504317463,0.0006269027267672236
이현재,0.0,국방위원회,이현재,이현재,자유한국당,재선,지역구,남,Representative,0.2081669972188319,0.0
김영호,0.0,국방위원회,김영호,김영호,더불어민주당,초선,지역구,남,Representative,0.4539708046944207,0.0
민홍철,0.0159886781343899,국방위원회,민홍철,민홍철,더불어민주당,재선,지역구,남,Representative,0.9609964146420744,0.015365062362014827
신창현,0.0,국방위원회,신창현,신창현,더불어민주당,초선,지역구,남,Representative,0.0854651307466251,0.0
이상헌,0.0,국방위원회,이상헌,이상헌,더불어민주당,초선,지역구,남,Representative,0.7296652103979866,0.0
정은혜,0.0,국방위원회,정은혜,정은혜,더불어민주당,초선,비례대표,여,Representative,0.6448259909434018,0.0
최운열,0.0,국방위원회,최운열,최운열,더불어민주당,초선,비례대표,남,Representative,0.459943821659768,0.0
한정애,0.0,국방위원회,한정애,한정애,더불어민주당,재선,지역구,여,Representative,0.4432117996184036,0.0
강석호,0.0,국방위원회,강석호,강석호,자유한국당,3선,지역구,남,Representative,0.4559473254820344,0.0
김정훈,0.0,국방위원회,김정훈,김정훈,자유한국당,4선,지역구,남,Representative,0.260541039338365,0.0
이언주,0.0045631093863588,국방위원회,이언주,이언주,더불어민주당,재선,지역구,여,Representative,1.5238762330035724,0.0069536139424676915
이학재,0.0,국방위원회,이학재,이학재,자유한국당,3선,지역구,남,Representative,1.0008889465537203,0.0
임이자,0.0,국방위원회,임이자,임이자,자유한국당,초선,비례대표,여,Representative,0.2625742813254558,0.0
하태경,0.0020416549720921,국방위원회,하태경,하태경,자유한국당,재선,지역구,남,Representative,1.492172082079166,0.0030465005505939504
김삼화,0.0013788233949809,국방위원회,김삼화,김삼화,국민의당,초선,비례대표,여,Representative,1.0477888116577914,0.0014447157265129987
오신환,0.0,국방위원회,오신환,오신환,자유한국당,재선,지역구,남,Representative,1.0828612536923172,0.0
유승민,0.0137283568259942,국방위원회,유승민,유승민,자유한국당,4선,지역구,남,Representative,1.0521010990735595,0.014443619305102502
이동섭,0.0,국방위원회,이동섭,이동섭,국민의당,초선,비례대표,남,Representative,1.3011529436280886,0.0
이혜훈,0.0,국방위원회,이혜훈,이혜훈,자유한국당,3선,지역구,여,Representative,1.4755924567120928,0.0
정병국,0.0,국방위원회,정병국,정병국,자유한국당,5선,지역구,남,Representative,1.1343779209474094,0.0
정운천,0.0,국방위원회,정운천,정운천,자유한국당,초선,지역구,남,Representative,1.205596444443113,0.0
지상욱,0.0,국방위원회,지상욱,지상욱,자유한국당,초선,지역구,남,Representative,0.7380939530534976,0.0
박찬대,0.0024642455919608,국방위원회,박찬대,박찬대,더불어민주당,초선,지역구,남,Representative,0.6056175521921311,0.0014923903834035488
김현권,0.0,국방위원회,김현권,김현권,더불어민주당,초선,비례대표,남,Representative,0.6106213595945515,0.0
맹성규,0.0,국방위원회,맹성규,맹성규,더불어민주당,초선,지역구,남,Representative,0.302559084695415,0.0
박홍근,0.009903892447877,국방위원회,박홍근,박홍근,더불어민주당,재선,지역구,남,Representative,0.4380480284960645,0.004338380561229582
서영교,0.0120847947444634,국방위원회,서영교,서영교,더불어민주당,재선,지역구,여,Representative,0.4822796444107599,0.005828250512136829
이찬열,0.0226647280927712,국방위원회,이찬열,이찬열,더불어민주당,3선,지역구,남,Representative,1.1746514826711774,0.026623156458512775
장정숙,0.0,국방위원회,장정숙,장정숙,국민의당,초선,비례대표,여,Representative,1.0742364163183826,0.0
정성호,0.0,국방위원회,정성호,정성호,더불어민주당,3선,지역구,남,Representative,0.9858607826855786,0.0
도종환,0.0004143334869289,국방위원회,도종환,도종환,더불어민주당,재선,지역구,남,Representative,0.5493526775829224,0.00022761521045666
강병원,0.0,국방위원회,강병원,강병원,더불어민주당,초선,지역구,남,Representative,0.3711053074374737,0.0
김태년,0.0006711364562031,국방위원회,김태년,김태년,더불어민주당,3선,지역구,남,Representative,0.3475258712280392,0.00023323728165488108
노웅래,0.0,국방위원회,노웅래,노웅래,더불어민주당,3선,지역구,남,Representative,0.7159401864066474,0.0
박재호,0.0,국방위원회,박재호,박재호,더불어민주당,초선,지역구,남,Representative,0.2524296630381502,0.0
오제세,0.0,국방위원회,오제세,오제세,더불어민주당,4선,지역구,남,Representative,1.1845693642879889,0.0
조정식,0.0,국방위원회,조정식,조정식,더불어민주당,4선,지역구,남,Representative,0.657600712329438,0.0
최인호,0.001040642181452,국방위원회,최인호,최인호,더불어민주당,초선,지역구,남,Representative,0.1459769861531162,0.00015190980931216724
최재성,0.003370972240216,국방위원회,최재성,최재성,더불어민주당,4선,지역구,남,Representative,0.0631784868170286,0.00021297292523905594
권은희,0.004080156967575,국방위원회,권은희,권은희,국민의당,재선,지역구,여,Representative,0.9101311635551772,0.003713478008386798
김수민,0.0,국방위원회,김수민,김수민,국민의당,초선,비례대표,여,Representative,1.362224448997969,0.0
신용현,0.006830414216896,국방위원회,신용현,신용현,국민의당,초선,지역구,여,Representative,0.9729453901363904,0.006645620025051026
심재철,0.0033532584151976,국방위원회,심재철,심재철,자유한국당,5선,지역구,남,Representative,0.2402035505413585,0.0008054645772131524
김광림,0.0,국방위원회,김광림,김광림,자유한국당,3선,지역구,남,Representative,0.2439500943098557,0.0
박대출,0.0009360557867331,국방위원회,박대출,박대출,자유한국당,재선,지역구,남,Representative,0.1666888897701005,0.0001560300998534184
여상규,0.0021403734173902,국방위원회,여상규,여상규,자유한국당,3선,지역구,남,Representative,0.179755435767015,0.00038474375634711054
유기준,0.0,국방위원회,유기준,유기준,자유한국당,4선,지역구,남,Representative,0.2633017533080311,0.0
정갑윤,0.0,국방위원회,정갑윤,정갑윤,자유한국당,5선,지역구,남,Representative,0.2887216846392271,0.0
정용기,0.0,국방위원회,정용기,정용기,자유한국당,재선,지역구,남,Representative,0.1798568900906483,0.0
김태흠,0.0,국방위원회,김태흠,김태흠,자유한국당,재선,지역구,남,Representative,0.74944812472639,0.0
송희경,0.0037747419357052,국방위원회,송희경,송희경,자유한국당,초선,비례대표,여,Representative,0.6136147509492222,0.0023162373327753312
조경태,0.0,국방위원회,조경태,조경태,자유한국당,4선,지역구,남,Representative,0.9905363611314508,0.0
이만희,0.0017521281137102,국방위원회,이만희,이만희,자유한국당,초선,지역구,남,Representative,0.3536107077628312,0.0006195712623802182
김승희,0.0,국방위원회,김승희,김승희,자유한국당,초선,비례대표,여,Representative,0.3319279231870295,0.0
송석준,0.0024182018374848,국방위원회,송석준,송석준,자유한국당,초선,지역구,남,Representative,0.8824103424051088,0.0021338463114196258
정점식,0.0,국방위원회,정점식,정점식,자유한국당,초선,지역구,남,Representative,-0.0,-0.0
최교일,0.0,국방위원회,최교일,최교일,자유한국당,초선,지역구,남,Representative,0.095160296612104,0.0
최연혜,0.0,국방위원회,최연혜,최연혜,자유한국당,초선,비례대표,여,Representative,0.0914081709115077,0.0
김정호,0.0,국방위원회,김정호,김정호,더불어민주당,초선,지역구,남,Representative,0.2510534798158137,0.0
김해영,0.0016492339502668,국방위원회,김해영,김해영,더불어민주당,초선,지역구,남,Representative,0.4741611749752225,0.0007820027076675336
서삼석,0.0,국방위원회,서삼석,서삼석,더불어민주당,초선,지역구,남,Representative,0.3135534965130757,0.0
송갑석,0.0049702120032137,국방위원회,송갑석,송갑석,더불어민주당,초선,지역구,남,Representative,0.1128634081839454,0.0005609550660794528
윤영일,0.0,국방위원회,윤영일,윤영일,국민의당,초선,지역구,남,Representative,1.2136308597582175,0.0
이개호,0.0117454606625394,국방위원회,이개호,이개호,더불어민주당,재선,지역구,남,Representative,0.9076344805120292,0.010660585086818422
이용주,0.0006628988581457,국방위원회,이용주,이용주,국민의당,초선,지역구,남,Representative,0.6566531230147329,0.0004352946054442743
이종걸,0.0054268854816859,국방위원회,이종걸,이종걸,더불어민주당,5선,지역구,남,Representative,1.0363897595497007,0.005624368539468212
최도자,0.0018429355495203,국방위원회,최도자,최도자,국민의당,초선,비례대표,여,Representative,1.2596089727347155,0.002321378154347553
김경협,0.0,국방위원회,김경협,김경협,더불어민주당,재선,지역구,남,Representative,0.2751830860421476,0.0
신동근,0.0,국방위원회,신동근,신동근,더불어민주당,초선,지역구,남,Representative,0.4356644688754545,0.0
김두관,0.0,국방위원회,김두관,김두관,더불어민주당,초선,지역구,남,Representative,0.4560581632169218,0.0
김정우,0.0,국방위원회,김정우,김정우,더불어민주당,초선,지역구,남,Representative,0.4417726916628472,0.0
윤일규,0.0,국방위원회,윤일규,윤일규,더불어민주당,초선,지역구,남,Representative,0.2463711717270404,0.0
이원욱,0.0,국방위원회,이원욱,이원욱,더불어민주당,재선,지역구,남,Representative,0.3714494969930796,0.0
이후삼,0.0,국방위원회,이후삼,이후삼,더불어민주당,초선,지역구,남,Representative,0.0401066425951788,0.0
오영훈,0.0,국방위원회,오영훈,오영훈,더불어민주당,초선,지역구,남,Representative,0.7649594424293005,0.0
위성곤,0.0,국방위원회,위성곤,위성곤,더불어민주당,초선,지역구,남,Representative,0.8913491139784591,0.0
이석현,0.0002831721656507,국방위원회,이석현,이석현,더불어민주당,6선,지역구,남,Representative,0.4261848158879266,0.00012068367728242904
김부겸,0.0,국방위원회,김부겸,김부겸,더불어민주당,4선,지역구,남,Representative,0.8571509059437675,0.0
백재현,0.0032227169637856,국방위원회,백재현,백재현,더불어민주당,3선,지역구,남,Representative,0.5536257649582159,0.001784179144319622
심재권,0.0011734241199394,국방위원회,심재권,심재권,더불어민주당,3선,지역구,남,Representative,0.5028645163718454,0.0005900733525723846
이상민,0.0,국방위원회,이상민,이상민,더불어민주당,4선,지역구,남,Representative,0.6302132597162741,0.0
이철희,0.0246413519372756,국방위원회,이철희,이철희,더불어민주당,초선,비례대표,남,Representative,0.8472933004468098,0.020878452410405635
조응천,0.0018954886675217,국방위원회,조응천,조응천,더불어민주당,초선,지역구,남,Representative,0.3625277926369529,0.000687167322605001
진선미,0.0,국방위원회,진선미,진선미,더불어민주당,재선,지역구,여,Representative,0.7038169878391717,0.0
김상희,0.0016092796988112,국방위원회,김상희,김상희,더불어민주당,3선,지역구,여,Representative,0.549508602610133,0.0008843130385025982
이춘석,0.0024014713373846,국방위원회,이춘석,이춘석,더불어민주당,3선,지역구,남,Representative,0.5338027552115759,0.0012819120164575275
정재호,0.0,국방위원회,정재호,정재호,더불어민주당,초선,지역구,남,Representative,0.2574447104853001,0.0
금태섭,0.0024549650773227,국방위원회,금태섭,금태섭,더불어민주당,초선,지역구,남,Representative,0.4645794902283139,0.001140526424150893
박지원,0.0,국방위원회,박지원,박지원,국민의당,4선,지역구,남,Representative,0.7565970138970873,0.0
백혜련,0.004129721636147,국방위원회,백혜련,백혜련,더불어민주당,초선,지역구,여,Representative,0.2873528638507782,0.0011866873390533618
안민석,0.0,국방위원회,안민석,안민석,더불어민주당,4선,지역구,남,Representative,0.6831934548821521,0.0
원혜영,0.0033397123104345,국방위원회,원혜영,원혜영,더불어민주당,5선,지역구,남,Representative,0.8199263539696501,0.002738318138002116
고용진,0.0,국방위원회,고용진,고용진,더불어민주당,초선,지역구,남,Representative,0.4239737881662508,0.0
박정,0.0071735887407853,국방위원회,박정,박정,더불어민주당,초선,지역구,남,Representative,0.2968827671690504,0.0021297148758970836
윤준호,0.0,국방위원회,윤준호,윤준호,더불어민주당,초선,지역구,남,Representative,0.8409997210125054,0.0
이규희,0.0,국방위원회,이규희,이규희,더불어민주당,초선,지역구,남,Representative,0.3036400552435822,0.0
박선숙,0.0,국방위원회,박선숙,박선숙,국민의당,재선,비례대표,여,Representative,1.2142537538570304,0.0
안호영,0.0,국방위원회,안호영,안호영,더불어민주당,초선,지역구,남,Representative,0.3178846521149758,0.0
정세균,0.0,국방위원회,정세균,정세균,더불어민주당,6선,지역구,남,Representative,0.8298975517248326,0.0
서형수,0.0,국방위원회,서형수,서형수,더불어민주당,초선,지역구,남,Representative,0.5046603090328576,0.0
정인화,0.0029257701500537,국방위원회,정인화,정인화,국민의당,초선,지역구,남,Representative,1.152650910093734,0.0033723916261844786
김규환,0.0009122814084126,국방위원회,김규환,김규환,자유한국당,초선,비례대표,남,Representative,0.4770049822009083,0.00043516277698207184
김기선,0.0062325422753138,국방위원회,김기선,김기선,자유한국당,재선,지역구,남,Representative,0.2058944226376191,0.0012832456933402877
김한표,0.0,국방위원회,김한표,김한표,자유한국당,재선,지역구,남,Representative,0.3879670316340894,0.0
김현아,0.0020066184970568,국방위원회,김현아,김현아,자유한국당,초선,비례대표,여,Representative,0.6541850288553541,0.0013126997793987902
이채익,0.0047353732336848,국방위원회,이채익,이채익,자유한국당,재선,지역구,남,Representative,0.415602928743905,0.0019680349846148987
정유섭,0.0,국방위원회,정유섭,정유섭,자유한국당,초선,지역구,남,Representative,0.4080188775728643,0.0
정양석,0.0014556270378072,국방위원회,정양석,정양석,자유한국당,재선,지역구,남,Representative,0.3859603071668061,0.0005618142586323751
김무성,0.0,국방위원회,김무성,김무성,자유한국당,6선,지역구,남,Representative,0.2993921614051784,0.0
김영우,0.0161655937161336,국방위원회,김영우,김영우,자유한국당,3선,지역구,남,Representative,0.6260518797021696,0.01012050033248702
김재경,0.0,국방위원회,김재경,김재경,자유한국당,4선,지역구,남,Representative,0.1491019221549866,0.0
유민봉,0.0062368722735644,국방위원회,유민봉,유민봉,자유한국당,초선,비례대표,남,Representative,0.2816932534582966,0.0017568848421441992
이정현,0.0,국방위원회,이정현,이정현,자유한국당,3선,지역구,남,Representative,0.583583007550223,0.0
이종명,0.0330963458899951,국방위원회,이종명,이종명,자유한국당,초선,비례대표,남,Representative,0.1302432569839321,0.004310575882979737
이주영,0.0019211771553733,국방위원회,이주영,이주영,자유한국당,5선,지역구,남,Representative,0.5651882414157886,0.0010858267378936227
정진석,0.0015298391443373,국방위원회,정진석,정진석,자유한국당,4선,지역구,남,Representative,0.2765017781360929,0.0004230032436714623
전재수,0.0,국방위원회,전재수,전재수,더불어민주당,초선,지역구,남,Representative,0.2424661719200068,0.0
이철규,0.0059387968960289,국방위원회,이철규,이철규,자유한국당,초선,지역구,남,Representative,0.4017209073035526,0.0023857388773642517
곽대훈,0.0,국방위원회,곽대훈,곽대훈,자유한국당,초선,지역구,남,Representative,0.1312626090957611,0.0
권성동,0.0,국방위원회,권성동,권성동,자유한국당,3선,지역구,남,Representative,0.4062466024090395,0.0
김도읍,0.0,국방위원회,김도읍,김도읍,자유한국당,재선,지역구,남,Representative,0.0786043622449074,0.0
김석기,0.0,국방위원회,김석기,김석기,자유한국당,초선,지역구,남,Representative,0.3618426593527747,0.0
문진국,0.0,국방위원회,문진국,문진국,자유한국당,초선,비례대표,남,Representative,0.6376962280009649,0.0
신보라,0.0007320650424462,국방위원회,신보라,신보라,자유한국당,초선,비례대표,여,Representative,0.2403514969713895,0.00017595292883236798
박완주,0.0,국방위원회,박완주,박완주,더불어민주당,재선,지역구,남,Representative,0.7029909046961353,0.0
박명재,0.0020892182531667,국방위원회,박명재,박명재,자유한국당,재선,지역구,남,Representative,0.5424317597732208,0.0011332583336155473
박인숙,0.0053100570272784,국방위원회,박인숙,박인숙,자유한국당,재선,지역구,여,Representative,0.5061732872045339,0.002687809020741043
성일종,0.0054923261732406,국방위원회,성일종,성일종,자유한국당,초선,지역구,남,Representative,0.2957858911419952,0.0016245525915944753
이명수,0.0005909593392239,국방위원회,이명수,이명수,자유한국당,3선,지역구,남,Representative,0.3282274440638352,0.00019396907345911366
이종배,0.0052789874162028,국방위원회,이종배,이종배,자유한국당,재선,지역구,남,Representative,0.2546643617911198,0.0013443699612506385
추경호,0.0,국방위원회,추경호,추경호,자유한국당,초선,지역구,남,Representative,0.1387872488569416,0.0
송옥주,0.0013225440534098,국방위원회,송옥주,송옥주,더불어민주당,초선,비례대표,여,Representative,0.5052940578089671,0.0006682736513785571
송언석,0.0,국방위원회,송언석,송언석,자유한국당,초선,지역구,남,Representative,0.1908856424447248,0.0
염동열,0.0,국방위원회,염동열,염동열,자유한국당,재선,지역구,남,Representative,0.2114928291135159,0.0
정태옥,0.0,국방위원회,정태옥,정태옥,자유한국당,초선,지역구,남,Representative,0.3062475812524373,0.0
김중로,0.0359721726545797,국방위원회,김중로,김중로,국민의당,초선,비례대표,남,Representative,1.0195617327999331,0.03667585068428165
김동철,0.0099087669280429,국방위원회,김동철,김동철,국민의당,4선,지역구,남,Representative,1.2078444006959184,0.011968248651837514
장병완,0.0,국방위원회,장병완,장병완,국민의당,3선,지역구,남,Representative,0.8364677546616743,0.0
황주홍,0.0261036323840264,국방위원회,황주홍,황주홍,국민의당,재선,지역구,남,Representative,1.2962987186817088,0.03383810521235178
이수혁,0.003333716502783,국방위원회,이수혁,이수혁,더불어민주당,초선,비례대표,남,Representative,0.3510840296934358,0.0011704146236525637
박경미,0.0,국방위원회,박경미,박경미,더불어민주당,초선,비례대표,여,Representative,0.5361234903354704,0.0
송영길,0.0,국방위원회,송영길,송영길,더불어민주당,4선,지역구,남,Representative,0.4968450830667373,0.0
이재정,0.0,국방위원회,이재정,이재정,더불어민주당,초선,비례대표,여,Representative,0.1297805327369249,0.0
우상호,0.0003431926049673,국방위원회,우상호,우상호,더불어민주당,3선,지역구,남,Representative,0.950393725091267,0.0003261680982586479
정춘숙,0.0,국방위원회,정춘숙,정춘숙,더불어민주당,초선,비례대표,여,Representative,0.6218718977568765,0.0
윤영석,0.0,국방위원회,윤영석,윤영석,자유한국당,재선,지역구,남,Representative,0.3920069894662951,0.0
이은재,0.0,국방위원회,이은재,이은재,자유한국당,재선,지역구,여,Representative,0.0511753819484567,0.0
이헌승,0.0,국방위원회,이헌승,이헌승,자유한국당,재선,지역구,남,Representative,0.1422055697125377,0.0
주광덕,0.0,국방위원회,주광덕,주광덕,자유한국당,재선,지역구,남,Representative,0.2195218361538728,0.0
전현희,0.0,국방위원회,전현희,전현희,더불어민주당,재선,지역구,여,Representative,0.2186320857698749,0.0
황영철,0.0012439145346537,국방위원회,황영철,황영철,자유한국당,3선,지역구,남,Representative,0.3717335455385492,0.0004624047603137545
소병훈,0.0,국방위원회,소병훈,소병훈,더불어민주당,초선,지역구,남,Representative,0.5375988645747761,0.0
전해철,0.000999706110137,국방위원회,전해철,전해철,더불어민주당,재선,지역구,남,Representative,0.1604451590533877,0.00016039800584757448
표창원,0.0,국방위원회,표창원,표창원,더불어민주당,초선,지역구,남,Representative,0.4432466247795722,0.0
김상훈,0.0004864560932359,국방위원회,김상훈,김상훈,자유한국당,재선,지역구,남,Representative,0.1847431044523968,8.986940884418475e-05
김성찬,0.0114225660411541,국방위원회,김성찬,김성찬,자유한국당,재선,지역구,남,Representative,0.6145298499661254,0.0070195077954985875
김용태,0.0010052910848783,국방위원회,김용태,김용태,자유한국당,3선,지역구,남,Representative,0.121605698183563,0.00012224912425433718
신상진,0.0019814152885929,국방위원회,신상진,신상진,자유한국당,4선,지역구,남,Representative,0.5170961526344651,0.0010245822225024967
강석진,0.0,국방위원회,강석진,강석진,자유한국당,초선,지역구,남,Representative,0.6089939732328231,0.0
정동영,0.0099420644199614,국방위원회,정동영,정동영,국민의당,4선,지역구,남,Representative,1.1063278234248168,0.01099918249008521
전혜숙,0.0107444940990733,국방위원회,전혜숙,전혜숙,더불어민주당,재선,지역구,여,Representative,0.717807959122133,0.007712483381055607
황희,0.0,국방위원회,황희,황희,더불어민주당,초선,지역구,남,Representative,0.2691269447247251,0.0
장제원,0.0012199420999083,국방위원회,장제원,장제원,자유한국당,재선,지역구,남,Representative,0.5900030223326368,0.0007197695260167206
김선동,0.0,국방위원회,김선동,김선동,자유한국당,재선,지역구,남,Representative,0.1938810024934638,0.0
이완영,0.0,국방위원회,이완영,이완영,자유한국당,재선,지역구,남,Representative,0.3571997154092039,0.0
주호영,0.0,국방위원회,주호영,주호영,자유한국당,4선,지역구,남,Representative,0.3195534977330795,0.0
채이배,0.0,국방위원회,채이배,채이배,국민의당,초선,비례대표,남,Representative,1.231055717778328,0.0
유승희,0.001942517604486,국방위원회,유승희,유승희,더불어민주당,3선,지역구,여,Representative,0.5469890607717001,0.00106253588001029
권미혁,0.0,국방위원회,권미혁,권미혁,더불어민주당,초선,지역구,여,Representative,0.4592713852034786,0.0
김경진,0.0067695275060663,국방위원회,김경진,김경진,국민의당,초선,지역구,남,Representative,1.3711841868583572,0.009282269068820802
박주선,0.0,국방위원회,박주선,박주선,국민의당,4선,지역구,남,Representative,1.0117643014135882,0.0
주승용,0.0043577956449062,국방위원회,주승용,주승용,국민의당,4선,지역구,남,Representative,1.1127518815412194,0.004849145303241506
천정배,0.0,국방위원회,천정배,천정배,국민의당,6선,지역구,남,Representative,0.9572737450190898,0.0
김성수,0.0,국방위원회,김성수,김성수,더불어민주당,초선,비례대표,남,Representative,0.6300024830232042,0.0
김영춘,0.0,국방위원회,김영춘,김영춘,더불어민주당,3선,지역구,남,Representative,0.6816995899942737,0.0
민병두,0.002605053574832,국방위원회,민병두,민병두,더불어민주당,3선,지역구,남,Representative,0.4585025107011514,0.0011944236045714819
김영주,0.0,국방위원회,김영주,김영주,더불어민주당,3선,지역구,여,Representative,0.5066585031839548,0.0
김관영,0.0050969048165662,국방위원회,김관영,김관영,국민의당,재선,지역구,남,Representative,1.1358758772529134,0.005789451229791733
홍철호,0.0056075341309876,국방위원회,홍철호,홍철호,자유한국당,재선,지역구,남,Representative,0.4481695399588016,0.002513125991787991
박맹우,0.0,국방위원회,박맹우,박맹우,자유한국당,재선,지역구,남,Representative,0.2150211852210185,0.0
정종섭,0.0021383720110497,국방위원회,정종섭,정종섭,자유한국당,초선,지역구,남,Representative,0.3807594230574026,0.0008142052932093816
유성엽,0.0,국방위원회,유성엽,유성엽,국민의당,3선,지역구,남,Representative,1.0788643249197116,0.0
홍문표,0.0,국방위원회,홍문표,홍문표,자유한국당,3선,지역구,남,Representative,1.0738729958258912,0.0
송기헌,0.0,국방위원회,송기헌,송기헌,더불어민주당,초선,지역구,남,Representative,0.3192665277817301,0.0
윤호중,0.0,국방위원회,윤호중,윤호중,더불어민주당,3선,지역구,남,Representative,0.3826215742444835,0.0
신경민,0.0011718166836893,국방위원회,신경민,신경민,더불어민주당,재선,지역구,남,Representative,0.2582677030896177,0.00030264240333852864
이인영,0.0,국방위원회,이인영,이인영,더불어민주당,3선,지역구,남,Representative,0.1211476890856317,0.0
김세연,0.0,국방위원회,김세연,김세연,자유한국당,3선,지역구,남,Representative,1.016616967853162,0.0
김재원,0.0020417040918786,국방위원회,김재원,김재원,자유한국당,3선,지역구,남,Representative,0.215473832424108,0.00043993380535306504
박성중,0.0,국방위원회,박성중,박성중,자유한국당,초선,지역구,남,Representative,0.1599671130327059,0.0
장석춘,0.0,국방위원회,장석춘,장석춘,자유한국당,초선,지역구,남,Representative,0.1436037583640525,0.0
조훈현,0.0,국방위원회,조훈현,조훈현,자유한국당,초선,비례대표,남,Representative,0.3604447460125601,0.0
박완수,0.0043233920785985,국방위원회,박완수,박완수,자유한국당,초선,지역구,남,Representative,0.320674965976727,0.001386403607708625
윤한홍,0.0,국방위원회,윤한홍,윤한홍,자유한국당,초선,지역구,남,Representative,0.2622782919078764,0.0
홍문종,0.0,국방위원회,홍문종,홍문종,자유한국당,4선,지역구,남,Representative,0.1754129276773165,0.0
홍익표,0.0002434684218686,국방위원회,홍익표,홍익표,더불어민주당,재선,지역구,남,Representative,0.1975395629671791,4.8094645652232034e-05
윤재옥,0.0,국방위원회,윤재옥,윤재옥,자유한국당,재선,지역구,남,Representative,0.1344948665442003,0.0
김학용,0.0080097870599168,국방위원회,김학용,김학용,자유한국당,3선,지역구,남,Representative,0.3347518226262136,0.0026812908171550097
어기구,0.0,국방위원회,어기구,어기구,더불어민주당,초선,지역구,남,Representative,0.386064465691427,0.0
홍일표,0.0,국방위원회,홍일표,홍일표,자유한국당,3선,지역구,남,Representative,0.7569146892318556,0.0
김병관,0.0,국방위원회,김병관,김병관,더불어민주당,초선,지역구,남,Representative,0.4357562473746135,0.0
임재훈,0.0,국방위원회,임재훈,임재훈,국민의당,초선,비례대표,남,Representative,1.0830349246445592,0.0
엄용수,0.0,국방위원회,엄용수,엄용수,자유한국당,초선,지역구,남,Representative,0.3660271027599738,0.0
박영선,0.0,국방위원회,박영선,박영선,더불어민주당,4선,지역구,여,Representative,0.4472601336192084,0.0
이훈,0.0,국방위원회,이훈,이훈,더불어민주당,초선,지역구,남,Representative,0.4457924997779086,0.0
박주민,0.0027777357478085,국방위원회,박주민,박주민,더불어민주당,초선,지역구,남,Representative,0.6441785729603295,0.0017893578500841733
김종회,0.0018401387603237,국방위원회,김종회,김종회,국민의당,초선,지역구,남,Representative,1.05317158253419,0.0019379818502926137
손금주,0.00251557467915,국방위원회,손금주,손금주,국민의당,초선,지역구,남,Representative,1.3417577348471896,0.00337529178333525
나경원,0.0,국방위원회,나경원,나경원,자유한국당,4선,지역구,여,Representative,0.4570003286366014,0.0
이장우,0.0,국방위원회,이장우,이장우,자유한국당,재선,지역구,남,Representative,0.2676638759131752,0.0
이진복,0.0,국방위원회,이진복,이진복,자유한국당,3선,지역구,남,Representative,0.219085789524194,0.0
김민기,0.0,국방위원회,김민기,김민기,더불어민주당,재선,지역구,남,Representative,0.1891638569535047,0.0
곽상도,0.0,국방위원회,곽상도,곽상도,자유한국당,초선,지역구,남,Representative,0.1797207201934033,0.0
박주현,0.0010927350883251,국방위원회,박주현,박주현,국민의당,초선,비례대표,여,Representative,0.6812471540561623,0.0007444226690587834
유재중,0.0,국방위원회,유재중,유재중,자유한국당,3선,지역구,남,Representative,0.4969856333113908,0.0
김종훈,0.0017979056409284,국방위원회,김종훈,김종훈,더불어민주당,초선,지역구,남,Representative,1.5948540798459616,0.0028673971466127274
김광수,0.0017023221992573,국방위원회,김광수,김광수,국민의당,초선,지역구,남,Representative,0.7050580980902613,0.0012002360521451828
이용호,0.0,국방위원회,이용호,이용호,국민의당,초선,지역구,남,Representative,0.9837359713108262,0.0
이태규,0.0007576312279521,국방위원회,이태규,이태규,국민의당,초선,비례대표,남,Representative,1.2563599016081857,0.0009518574950051893
이양수,0.0,국방위원회,이양수,이양수,자유한국당,초선,지역구,남,Representative,0.8099604387683925,0.0
강효상,0.0,국방위원회,강효상,강효상,자유한국당,초선,비례대표,남,Representative,0.2888513821081876,0.0
한선교,0.0,국방위원회,한선교,한선교,자유한국당,4선,지역구,남,Representative,0.1186880320068769,0.0
홍의락,0.0003862175509155,국방위원회,홍의락,홍의락,더불어민주당,재선,지역구,남,Representative,0.5274233799288646,0.00020370016609170136
박용진,0.0,국방위원회,박용진,박용진,더불어민주당,초선,지역구,남,Representative,0.6153148674123682,0.0
김성식,0.0,국방위원회,김성식,김성식,국민의당,재선,지역구,남,Representative,1.2630624263755816,0.0
추미애,0.0,국방위원회,추미애,추미애,더불어민주당,5선,지역구,여,Representative,0.2576812972041676,0.0
박순자,0.0,국방위원회,박순자,박순자,자유한국당,3선,지역구,여,Representative,0.4713721881542825,0.0
강길부,0.0,국방위원회,강길부,강길부,자유한국당,4선,지역구,남,Representative,1.011544857155329,0.0
오세정,0.0004217857078381,국방위원회,오세정,오세정,국민의당,초선,비례대표,남,Representative,1.1278834176360886,0.000475725105666493
유은혜,0.0,국방위원회,유은혜,유은혜,더불어민주당,재선,지역구,여,Representative,0.4014353783153699,0.0
노회찬,0.0,국방위원회,노회찬,노회찬,정의당,3선,지역구,남,Representative,1.280547886443722,0.0
손혜원,0.0,국방위원회,손혜원,손혜원,더불어민주당,초선,지역구,여,Representative,0.8635365284530971,0.0
이종구,0.0,국방위원회,이종구,이종구,자유한국당,3선,지역구,남,Representative,0.5199034206107074,0.0
이군현,0.0,국방위원회,이군현,이군현,자유한국당,4선,지역구,남,Representative,0.5199038049730397,0.0
안상수,0.0007608132198339,국방위원회,안상수,안상수,자유한국당,3선,지역구,남,Representative,0.6645956077847494,0.0005056331242461829
박범계,0.0,국방위원회,박범계,박범계,더불어민주당,재선,지역구,남,Representative,0.5376962952563203,0.0
이상돈,0.0,국방위원회,이상돈,이상돈,국민의당,초선,비례대표,남,Representative,1.606671771644464,0.0
심기준,0.0,국방위원회,심기준,심기준,더불어민주당,초선,비례대표,남,Representative,0.3265883675668164,0.0
박찬우,0.0,국방위원회,박찬우,박찬우,자유한국당,초선,지역구,남,Representative,0.453230298468986,0.0
전희경,0.0,국방위원회,전희경,전희경,자유한국당,초선,비례대표,여,Representative,0.0178870009551029,0.0
송기석,0.0002229968529646,국방위원회,송기석,송기석,국민의당,초선,지역구,남,Representative,0.7845483731860012,0.00017495181821897485
이해찬,0.0,국방위원회,이해찬,이해찬,더불어민주당,7선,지역구,남,Representative,0.3925330774809683,0.0
박준영,0.0,국방위원회,박준영,박준영,국민의당,초선,지역구,남,Representative,0.8806716279052433,0.0
김한정,0.0,국방위원회,김한정,김한정,더불어민주당,초선,지역구,남,Representative,0.475581724187707,0.0
문희상,0.0001644822022607,국방위원회,문희상,문희상,더불어민주당,6선,지역구,남,Representative,0.6351751444405559,0.00010447500657884086
이철우,0.0,국방위원회,이철우,이철우,자유한국당,3선,지역구,남,Representative,0.2619402628325249,0.0
김경수,0.0,국방위원회,김경수,김경수,더불어민주당,초선,지역구,남,Representative,0.2933099446985726,0.0
김현미,0.0,국방위원회,김현미,김현미,더불어민주당,3선,지역구,여,Representative,0.5372955133516878,0.0
박남춘,0.0,국방위원회,박남춘,박남춘,더불어민주당,재선,지역구,남,Representative,0.4605735800336737,0.0
박병석,1.5629959087643992e-05,국방위원회,박병석,박병석,더불어민주당,5선,지역구,남,Representative,0.4701074306076837,7.347759907195533e-06
양승조,0.0,국방위원회,양승조,양승조,더불어민주당,4선,지역구,남,Representative,0.7857133708245717,0.0
진영,0.0017418113586516,국방위원회,진영,진영,더불어민주당,4선,지역구,남,Representative,0.930618422605128,0.0016209617390640467
권석창,0.0,국방위원회,권석창,권석창,자유한국당,초선,지역구,남,Representative,0.2295248300116327,0.0
최명길,4.9268748055181e-06,국방위원회,최명길,최명길,더불어민주당,초선,지역구,남,Representative,0.6829154638268365,3.364638993027148e-06
배덕광,0.0,국방위원회,배덕광,배덕광,자유한국당,재선,지역구,남,Representative,0.1475526412690407,0.0
윤종오,0.0,국방위원회,윤종오,윤종오,더불어민주당,초선,지역구,남,Representative,1.1947717620134848,0.0
이우현,0.0,국방위원회,이우현,이우현,자유한국당,재선,지역구,남,Representative,0.2335736215615007,0.0
문미옥,0.0021843738817368,국방위원회,문미옥,문미옥,더불어민주당,초선,비례대표,여,Representative,0.3542828873224695,0.000773886285813504
김종인,0.0,국방위원회,김종인,김종인,더불어민주당,5선,비례대표,남,Representative,0.5695817734956851,0.0
김종태,0.0036700770810266,국방위원회,김종태,김종태,자유한국당,재선,지역구,남,Representative,0.4863851342735198,0.0017850709338492904
정우택,0.0,국방위원회,정우택,정우택,자유한국당,4선,지역구,남,Representative,0.5140939839979815,0.0
권미혁,0.0175056980474326,여성가족위원회,권미혁,권미혁,더불어민주당,초선,지역구,여,Representative,0.4592713852034786,0.008039866191198201
김병관,0.0009121473433589,여성가족위원회,김병관,김병관,더불어민주당,초선,지역구,남,Representative,0.4357562473746135,0.00039747390339479736
김병기,0.0055171986991925,여성가족위원회,김병기,김병기,더불어민주당,초선,지역구,남,Representative,0.1877751940353654,0.0010359930562725372
김상희,0.0048364869021205,여성가족위원회,김상희,김상희,더불어민주당,3선,지역구,여,Representative,0.549508602610133,0.002657691159126447
김영주,0.0,여성가족위원회,김영주,김영주,더불어민주당,3선,지역구,여,Representative,0.5066585031839548,0.0
남인순,0.0092086153396029,여성가족위원회,남인순,남인순,더불어민주당,재선,지역구,여,Representative,0.6462902314628618,0.005951438139284417
맹성규,0.0,여성가족위원회,맹성규,맹성규,더불어민주당,초선,지역구,남,Representative,0.302559084695415,0.0
유승희,0.0084110889371611,여성가족위원회,유승희,유승희,더불어민주당,3선,지역구,여,Representative,0.5469890607717001,0.004600773637804987
인재근,0.0173862624311413,여성가족위원회,인재근,인재근,더불어민주당,재선,지역구,여,Representative,0.4706617600587874,0.008183048876684937
한정애,0.0024910868805294,여성가족위원회,한정애,한정애,더불어민주당,재선,지역구,여,Representative,0.4432117996184036,0.0011040790993252305
홍익표,0.0012465482041623,여성가족위원회,홍익표,홍익표,더불어민주당,재선,지역구,남,Representative,0.1975395629671791,0.00024624258746774267
정춘숙,0.0171678152350457,여성가족위원회,정춘숙,정춘숙,더불어민주당,초선,비례대표,여,Representative,0.6218718977568765,0.010676181840557287
강훈식,0.0,여성가족위원회,강훈식,강훈식,더불어민주당,초선,지역구,남,Representative,0.371852456351433,0.0
김영진,0.003023768761252,여성가족위원회,김영진,김영진,더불어민주당,초선,지역구,남,Representative,0.1323556283416291,0.00040021281435529787
백혜련,0.0084492699050048,여성가족위원회,백혜련,백혜련,더불어민주당,초선,지역구,여,Representative,0.2873528638507782,0.002427921904651322
송옥주,0.0045074305103559,여성가족위원회,송옥주,송옥주,더불어민주당,초선,비례대표,여,Representative,0.5052940578089671,0.0022775778528696757
이용득,0.0,여성가족위원회,이용득,이용득,더불어민주당,초선,비례대표,남,Representative,0.4820345550834095,0.0
임종성,0.0013954729849932,여성가족위원회,임종성,임종성,더불어민주당,초선,지역구,남,Representative,0.5180000225410992,0.0007228550376819727
허윤정,0.0,여성가족위원회,허윤정,허윤정,더불어민주당,초선,비례대표,여,Representative,-0.0,-0.0
강병원,0.0,여성가족위원회,강병원,강병원,더불어민주당,초선,지역구,남,Representative,0.3711053074374737,0.0
기동민,0.0,여성가족위원회,기동민,기동민,더불어민주당,초선,지역구,남,Representative,0.1406386680233549,0.0
김정우,0.0,여성가족위원회,김정우,김정우,더불어민주당,초선,지역구,남,Representative,0.4417726916628472,0.0
김종민,0.000425361643609,여성가족위원회,김종민,김종민,더불어민주당,초선,지역구,남,Representative,0.5934295202694789,0.00025242215610792593
박경미,0.0239353092034863,여성가족위원회,박경미,박경미,더불어민주당,초선,비례대표,여,Representative,0.5361234903354704,0.012832281512431782
박홍근,0.0027865033201632,여성가족위원회,박홍근,박홍근,더불어민주당,재선,지역구,남,Representative,0.4380480284960645,0.0012206222857952277
서영교,0.0242351481321254,여성가족위원회,서영교,서영교,더불어민주당,재선,지역구,여,Representative,0.4822796444107599,0.01168811862340353
손금주,0.0112176733400079,여성가족위원회,손금주,손금주,국민의당,초선,지역구,남,Representative,1.3417577348471896,0.015051399970944707
윤준호,0.0025680265806004,여성가족위원회,윤준호,윤준호,더불어민주당,초선,지역구,남,Representative,0.8409997210125054,0.002159709637837635
제윤경,0.0,여성가족위원회,제윤경,제윤경,더불어민주당,초선,비례대표,여,Representative,0.2928274618467911,0.0
진선미,0.0068379255946028,여성가족위원회,진선미,진선미,더불어민주당,재선,지역구,여,Representative,0.7038169878391717,0.0048126481950617195
김경협,0.0064583337064283,여성가족위원회,김경협,김경협,더불어민주당,재선,지역구,남,Representative,0.2751830860421476,0.0017772242000249608
김성환,0.0,여성가족위원회,김성환,김성환,더불어민주당,초선,지역구,남,Representative,0.4284341213691399,0.0
박영선,0.0,여성가족위원회,박영선,박영선,더불어민주당,4선,지역구,여,Representative,0.4472601336192084,0.0
정성호,0.0,여성가족위원회,정성호,정성호,더불어민주당,3선,지역구,남,Representative,0.9858607826855786,0.0
박대출,0.0029789182072965,여성가족위원회,박대출,박대출,자유한국당,재선,지역구,남,Representative,0.1666888897701005,0.0004965525686901917
김석기,0.0,여성가족위원회,김석기,김석기,자유한국당,초선,지역구,남,Representative,0.3618426593527747,0.0
김재경,0.0,여성가족위원회,김재경,김재경,자유한국당,4선,지역구,남,Representative,0.1491019221549866,0.0
송희경,0.0584075370872024,여성가족위원회,송희경,송희경,자유한국당,초선,비례대표,여,Representative,0.6136147509492222,0.035839726323321164
염동열,0.0,여성가족위원회,염동열,염동열,자유한국당,재선,지역구,남,Representative,0.2114928291135159,0.0
이은권,0.0,여성가족위원회,이은권,이은권,자유한국당,초선,지역구,남,Representative,0.2381916954337352,0.0
이진복,0.0,여성가족위원회,이진복,이진복,자유한국당,3선,지역구,남,Representative,0.219085789524194,0.0
정갑윤,0.0,여성가족위원회,정갑윤,정갑윤,자유한국당,5선,지역구,남,Representative,0.2887216846392271,0.0
최교일,0.0034355448695285,여성가족위원회,최교일,최교일,자유한국당,초선,지역구,남,Representative,0.095160296612104,0.0003269274688085242
최연혜,0.0,여성가족위원회,최연혜,최연혜,자유한국당,초선,비례대표,여,Representative,0.0914081709115077,0.0
김승희,0.0052299288164803,여성가족위원회,김승희,김승희,자유한국당,초선,비례대표,여,Representative,0.3319279231870295,0.0017359594104703051
김정재,0.0160081425359801,여성가족위원회,김정재,김정재,자유한국당,초선,지역구,여,Representative,0.2044480865242837,0.003272834110289126
김현아,0.0,여성가족위원회,김현아,김현아,자유한국당,초선,비례대표,여,Representative,0.6541850288553541,0.0
박성중,0.0040553228194396,여성가족위원회,박성중,박성중,자유한국당,초선,지역구,남,Representative,0.1599671130327059,0.000648718283841406
신보라,0.010516868291746,여성가족위원회,신보라,신보라,자유한국당,초선,비례대표,여,Representative,0.2403514969713895,0.0025277450373720907
윤상직,0.0,여성가족위원회,윤상직,윤상직,자유한국당,초선,지역구,남,Representative,0.3535025828741088,0.0
윤종필,0.0462511777978667,여성가족위원회,윤종필,윤종필,자유한국당,초선,비례대표,여,Representative,0.3873171504317463,0.01791387438878178
이종명,0.004102299049315,여성가족위원회,이종명,이종명,자유한국당,초선,비례대표,남,Representative,0.1302432569839321,0.0005342967893048739
임이자,0.004696985128014,여성가족위원회,임이자,임이자,자유한국당,초선,비례대표,여,Representative,0.2625742813254558,0.0012333074943846301
정병국,0.0,여성가족위원회,정병국,정병국,자유한국당,5선,지역구,남,Representative,1.1343779209474094,0.0
김철민,0.0031688255339922,여성가족위원회,김철민,김철민,더불어민주당,초선,지역구,남,Representative,0.4943055978963909,0.0015663682002093646
민병두,0.0,여성가족위원회,민병두,민병두,더불어민주당,3선,지역구,남,Representative,0.4585025107011514,0.0
박주민,0.0058475081343955,여성가족위원회,박주민,박주민,더불어민주당,초선,지역구,남,Representative,0.6441785729603295,0.0037668394453888123
송갑석,0.0,여성가족위원회,송갑석,송갑석,더불어민주당,초선,지역구,남,Representative,0.1128634081839454,0.0
송영길,0.0,여성가족위원회,송영길,송영길,더불어민주당,4선,지역구,남,Representative,0.4968450830667373,0.0
윤후덕,0.0022238863360891,여성가족위원회,윤후덕,윤후덕,더불어민주당,재선,지역구,남,Representative,0.3602653219661517,0.0008011891268872651
김성원,0.0067061657362453,여성가족위원회,김성원,김성원,자유한국당,초선,지역구,남,Representative,0.1487072947006423,0.0009972557644511797
김태흠,0.0,여성가족위원회,김태흠,김태흠,자유한국당,재선,지역구,남,Representative,0.74944812472639,0.0
박덕흠,0.0,여성가족위원회,박덕흠,박덕흠,자유한국당,재선,지역구,남,Representative,0.3783016007215079,0.0
박명재,0.0,여성가족위원회,박명재,박명재,자유한국당,재선,지역구,남,Representative,0.5424317597732208,0.0
서청원,0.0,여성가족위원회,서청원,서청원,자유한국당,8선,지역구,남,Representative,0.2133277142020287,0.0
원유철,0.0045757409329683,여성가족위원회,원유철,원유철,자유한국당,5선,지역구,남,Representative,0.4771525237688151,0.002183326334278097
이만희,0.0,여성가족위원회,이만희,이만희,자유한국당,초선,지역구,남,Representative,0.3536107077628312,0.0
이은재,0.0,여성가족위원회,이은재,이은재,자유한국당,재선,지역구,여,Representative,0.0511753819484567,0.0
노웅래,0.0041429934046569,여성가족위원회,노웅래,노웅래,더불어민주당,3선,지역구,남,Representative,0.7159401864066474,0.0029661354704115716
신창현,0.0055868640275251,여성가족위원회,신창현,신창현,더불어민주당,초선,지역구,남,Representative,0.0854651307466251,0.00047748206457604915
안규백,0.0,여성가족위원회,안규백,안규백,더불어민주당,3선,지역구,남,Representative,0.6009595071079386,0.0
이상헌,0.0,여성가족위원회,이상헌,이상헌,더불어민주당,초선,지역구,남,Representative,0.7296652103979866,0.0
이찬열,0.0129514891877851,여성가족위원회,이찬열,이찬열,더불어민주당,3선,지역구,남,Representative,1.1746514826711774,0.01521348597723149
전현희,0.0,여성가족위원회,전현희,전현희,더불어민주당,재선,지역구,여,Representative,0.2186320857698749,0.0
정은혜,0.0003320271124792,여성가족위원회,정은혜,정은혜,더불어민주당,초선,비례대표,여,Representative,0.6448259909434018,0.00021409971182447644
백재현,0.0014699772864558,여성가족위원회,백재현,백재현,더불어민주당,3선,지역구,남,Representative,0.5536257649582159,0.0008138172996852947
소병훈,0.0080553714888224,여성가족위원회,소병훈,소병훈,더불어민주당,초선,지역구,남,Representative,0.5375988645747761,0.004330558566118946
유동수,0.0,여성가족위원회,유동수,유동수,더불어민주당,초선,지역구,남,Representative,0.8688043750278167,0.0
전혜숙,0.0142867940552816,여성가족위원회,전혜숙,전혜숙,더불어민주당,재선,지역구,여,Representative,0.717807959122133,0.010255174483219909
천정배,0.0008082325909301,여성가족위원회,천정배,천정배,국민의당,6선,지역구,남,Representative,0.9572737450190898,0.0007736998391661388
최인호,0.001669106179949,여성가족위원회,최인호,최인호,더불어민주당,초선,지역구,남,Representative,0.1459769861531162,0.00024365108971849582
김삼화,0.0244916726538956,여성가족위원회,김삼화,김삼화,국민의당,초선,비례대표,여,Representative,1.0477888116577914,0.025662100585536897
박선숙,0.0010355101353012,여성가족위원회,박선숙,박선숙,국민의당,재선,비례대표,여,Representative,1.2142537538570304,0.0012573720689464836
신경민,0.0041655376034681,여성가족위원회,신경민,신경민,더불어민주당,재선,지역구,남,Representative,0.2582677030896177,0.0010758238289811368
우원식,0.0024108288064326,여성가족위원회,우원식,우원식,더불어민주당,3선,지역구,남,Representative,0.2682558233303833,0.0006467188663781823
윤소하,0.0,여성가족위원회,윤소하,윤소하,정의당,초선,비례대표,남,Representative,1.501385577848504,0.0
이규희,0.0,여성가족위원회,이규희,이규희,더불어민주당,초선,지역구,남,Representative,0.3036400552435822,0.0
강석진,0.0,여성가족위원회,강석진,강석진,자유한국당,초선,지역구,남,Representative,0.6089939732328231,0.0
박인숙,0.0182922591419058,여성가족위원회,박인숙,박인숙,자유한국당,재선,지역구,여,Representative,0.5061732872045339,0.009259052940255646
송언석,0.0,여성가족위원회,송언석,송언석,자유한국당,초선,지역구,남,Representative,0.1908856424447248,0.0
안상수,0.0,여성가족위원회,안상수,안상수,자유한국당,3선,지역구,남,Representative,0.6645956077847494,0.0
이동섭,0.0123482529949473,여성가족위원회,이동섭,이동섭,국민의당,초선,비례대표,남,Representative,1.3011529436280886,0.01606696573304004
장석춘,0.0,여성가족위원회,장석춘,장석춘,자유한국당,초선,지역구,남,Representative,0.1436037583640525,0.0
정유섭,0.0,여성가족위원회,정유섭,정유섭,자유한국당,초선,지역구,남,Representative,0.4080188775728643,0.0
오영훈,0.0006292085221894,여성가족위원회,오영훈,오영훈,더불어민주당,초선,지역구,남,Representative,0.7649594424293005,0.0004813190003057676
김종회,0.0020204237137526,여성가족위원회,김종회,김종회,국민의당,초선,지역구,남,Representative,1.05317158253419,0.0021278528400024313
김경진,0.0228091755140729,여성가족위원회,김경진,김경진,국민의당,초선,지역구,남,Representative,1.3711841868583572,0.031275580780173604
김관영,0.0018413207288665,여성가족위원회,김관영,김관영,국민의당,재선,지역구,남,Representative,1.1358758772529134,0.0020915117982052097
박지원,0.0,여성가족위원회,박지원,박지원,국민의당,4선,지역구,남,Representative,0.7565970138970873,0.0
안호영,0.0,여성가족위원회,안호영,안호영,더불어민주당,초선,지역구,남,Representative,0.3178846521149758,0.0
유성엽,0.0,여성가족위원회,유성엽,유성엽,국민의당,3선,지역구,남,Representative,1.0788643249197116,0.0
장병완,0.0,여성가족위원회,장병완,장병완,국민의당,3선,지역구,남,Representative,0.8364677546616743,0.0
장정숙,0.0029495295059164,여성가족위원회,장정숙,장정숙,국민의당,초선,비례대표,여,Representative,1.0742364163183826,0.0031684920062609633
정운천,0.0,여성가족위원회,정운천,정운천,자유한국당,초선,지역구,남,Representative,1.205596444443113,0.0
조배숙,0.0,여성가족위원회,조배숙,조배숙,국민의당,4선,지역구,여,Representative,1.0458037986965076,0.0
정인화,0.0026629286731654,여성가족위원회,정인화,정인화,국민의당,초선,지역구,남,Representative,1.152650910093734,0.003069427158638798
윤영석,0.0098145404078147,여성가족위원회,윤영석,윤영석,자유한국당,재선,지역구,남,Representative,0.3920069894662951,0.0038473684382627446
강길부,0.0,여성가족위원회,강길부,강길부,자유한국당,4선,지역구,남,Representative,1.011544857155329,0.0
김광림,0.0,여성가족위원회,김광림,김광림,자유한국당,3선,지역구,남,Representative,0.2439500943098557,0.0
김상훈,0.0016479681870582,여성가족위원회,김상훈,김상훈,자유한국당,재선,지역구,남,Representative,0.1847431044523968,0.00030445075891592
김수민,0.0195784102962778,여성가족위원회,김수민,김수민,국민의당,초선,비례대표,여,Representative,1.362224448997969,0.026670189178103185
김순례,0.0,여성가족위원회,김순례,김순례,자유한국당,초선,비례대표,여,Representative,0.2162730117184349,0.0
윤한홍,0.0,여성가족위원회,윤한홍,윤한홍,자유한국당,초선,지역구,남,Representative,0.2622782919078764,0.0
강창일,0.0057904518935402,여성가족위원회,강창일,강창일,더불어민주당,4선,지역구,남,Representative,0.8418881333730888,0.004874912736039226
권칠승,0.0,여성가족위원회,권칠승,권칠승,더불어민주당,초선,지역구,남,Representative,0.3014891570605743,0.0
서삼석,0.0,여성가족위원회,서삼석,서삼석,더불어민주당,초선,지역구,남,Representative,0.3135534965130757,0.0
설훈,0.0,여성가족위원회,설훈,설훈,더불어민주당,4선,지역구,남,Representative,0.2947522077855856,0.0
이개호,0.0,여성가족위원회,이개호,이개호,더불어민주당,재선,지역구,남,Representative,0.9076344805120292,0.0
이종걸,0.0,여성가족위원회,이종걸,이종걸,더불어민주당,5선,지역구,남,Representative,1.0363897595497007,0.0
전재수,0.0006696641868644,여성가족위원회,전재수,전재수,더불어민주당,초선,지역구,남,Representative,0.2424661719200068,0.00016237091186093515
권성동,0.0,여성가족위원회,권성동,권성동,자유한국당,3선,지역구,남,Representative,0.4062466024090395,0.0
윤상현,0.0014133410808991,여성가족위원회,윤상현,윤상현,자유한국당,3선,지역구,남,Representative,0.2001655767502632,0.00028290223260300876
이채익,0.0,여성가족위원회,이채익,이채익,자유한국당,재선,지역구,남,Representative,0.415602928743905,0.0
정점식,0.0,여성가족위원회,정점식,정점식,자유한국당,초선,지역구,남,Representative,-0.0,-0.0
강석호,0.0008289121812713,여성가족위원회,강석호,강석호,자유한국당,3선,지역구,남,Representative,0.4559473254820344,0.0003779402921101285
곽대훈,0.0014265448341821,여성가족위원회,곽대훈,곽대훈,자유한국당,초선,지역구,남,Representative,0.1312626090957611,0.00018725199692682233
문진국,0.016462876596474,여성가족위원회,문진국,문진국,자유한국당,초선,비례대표,남,Representative,0.6376962280009649,0.010498314307616833
윤재옥,0.0,여성가족위원회,윤재옥,윤재옥,자유한국당,재선,지역구,남,Representative,0.1344948665442003,0.0
정종섭,0.0,여성가족위원회,정종섭,정종섭,자유한국당,초선,지역구,남,Representative,0.3807594230574026,0.0
정태옥,0.0,여성가족위원회,정태옥,정태옥,자유한국당,초선,지역구,남,Representative,0.3062475812524373,0.0
추경호,0.0,여성가족위원회,추경호,추경호,자유한국당,초선,지역구,남,Representative,0.1387872488569416,0.0
김민기,0.0056419845920518,여성가족위원회,김민기,김민기,더불어민주당,재선,지역구,남,Representative,0.1891638569535047,0.0010672595663047642
김성찬,0.0017220562647719,여성가족위원회,김성찬,김성찬,자유한국당,재선,지역구,남,Representative,0.6145298499661254,0.001058254978023502
박맹우,0.0,여성가족위원회,박맹우,박맹우,자유한국당,재선,지역구,남,Representative,0.2150211852210185,0.0
유기준,0.0,여성가족위원회,유기준,유기준,자유한국당,4선,지역구,남,Representative,0.2633017533080311,0.0
고용진,0.0028007430248032,여성가족위원회,고용진,고용진,더불어민주당,초선,지역구,남,Representative,0.4239737881662508,0.0011874416299060165
박정,0.0048674927222348,여성가족위원회,박정,박정,더불어민주당,초선,지역구,남,Representative,0.2968827671690504,0.0014450747085522813
이정미,0.0022462439969391,여성가족위원회,이정미,이정미,정의당,초선,비례대표,여,Representative,1.419781284660404,0.003189175187634916
윤일규,0.0,여성가족위원회,윤일규,윤일규,더불어민주당,초선,지역구,남,Representative,0.2463711717270404,0.0
표창원,0.003359717044463,여성가족위원회,표창원,표창원,더불어민주당,초선,지역구,남,Representative,0.4432466247795722,0.0014891832401726247
김두관,0.0,여성가족위원회,김두관,김두관,더불어민주당,초선,지역구,남,Representative,0.4560581632169218,0.0
김정호,0.0,여성가족위원회,김정호,김정호,더불어민주당,초선,지역구,남,Representative,0.2510534798158137,0.0
최재성,0.0,여성가족위원회,최재성,최재성,더불어민주당,4선,지역구,남,Representative,0.0631784868170286,0.0
금태섭,0.003347384623011,여성가족위원회,금태섭,금태섭,더불어민주당,초선,지역구,남,Representative,0.4645794902283139,0.001555126241756547
변재일,0.0,여성가족위원회,변재일,변재일,더불어민주당,4선,지역구,남,Representative,0.629493870938658,0.0
심기준,0.0,여성가족위원회,심기준,심기준,더불어민주당,초선,비례대표,남,Representative,0.3265883675668164,0.0
원혜영,0.0,여성가족위원회,원혜영,원혜영,더불어민주당,5선,지역구,남,Representative,0.8199263539696501,0.0
윤관석,0.0,여성가족위원회,윤관석,윤관석,더불어민주당,재선,지역구,남,Representative,0.3522558143466113,0.0
정재호,0.0,여성가족위원회,정재호,정재호,더불어민주당,초선,지역구,남,Representative,0.2574447104853001,0.0
민홍철,0.0,여성가족위원회,민홍철,민홍철,더불어민주당,재선,지역구,남,Representative,0.9609964146420744,0.0
박재호,0.0012943233166956,여성가족위원회,박재호,박재호,더불어민주당,초선,지역구,남,Representative,0.2524296630381502,0.00032672559869589124
황주홍,0.0247117078678615,여성가족위원회,황주홍,황주홍,국민의당,재선,지역구,남,Representative,1.2962987186817088,0.03203375524554557
신용현,0.0448101894853461,여성가족위원회,신용현,신용현,국민의당,초선,지역구,여,Representative,0.9729453901363904,0.04359786729090564
이철희,0.0,여성가족위원회,이철희,이철희,더불어민주당,초선,비례대표,남,Representative,0.8472933004468098,0.0
김동철,0.0030652612933668,여성가족위원회,김동철,김동철,국민의당,4선,지역구,남,Representative,1.2078444006959184,0.0037023586898630185
박주선,0.0,여성가족위원회,박주선,박주선,국민의당,4선,지역구,남,Representative,1.0117643014135882,0.0
정동영,0.0,여성가족위원회,정동영,정동영,국민의당,4선,지역구,남,Representative,1.1063278234248168,0.0
채이배,0.0,여성가족위원회,채이배,채이배,국민의당,초선,비례대표,남,Representative,1.231055717778328,0.0
홍의락,0.0,여성가족위원회,홍의락,홍의락,더불어민주당,재선,지역구,남,Representative,0.5274233799288646,0.0
권은희,0.0,여성가족위원회,권은희,권은희,국민의당,재선,지역구,여,Representative,0.9101311635551772,0.0
김광수,0.0024482484151361,여성가족위원회,김광수,김광수,국민의당,초선,지역구,남,Representative,0.7050580980902613,0.0017261573712283552
김영호,0.0019434202915748,여성가족위원회,김영호,김영호,더불어민주당,초선,지역구,남,Representative,0.4539708046944207,0.0008822560736256777
김현권,0.0,여성가족위원회,김현권,김현권,더불어민주당,초선,비례대표,남,Representative,0.6106213595945515,0.0
정세균,0.0,여성가족위원회,정세균,정세균,더불어민주당,6선,지역구,남,Representative,0.8298975517248326,0.0
박찬대,0.0007137174048089,여성가족위원회,박찬대,박찬대,더불어민주당,초선,지역구,남,Representative,0.6056175521921311,0.0004322397876572864
이학영,0.0024276249141718,여성가족위원회,이학영,이학영,더불어민주당,재선,지역구,남,Representative,0.3212334061727276,0.0007798342200891829
조승래,0.0,여성가족위원회,조승래,조승래,더불어민주당,초선,지역구,남,Representative,0.2088104943838757,0.0
오신환,0.0008895368694521,여성가족위원회,오신환,오신환,자유한국당,재선,지역구,남,Representative,1.0828612536923172,0.00096324500966044
유의동,0.0019484903794144,여성가족위원회,유의동,유의동,자유한국당,재선,지역구,남,Representative,1.0164179390168884,0.0019804805756386194
지상욱,0.0,여성가족위원회,지상욱,지상욱,자유한국당,초선,지역구,남,Representative,0.7380939530534976,0.0
여영국,0.0,여성가족위원회,여영국,여영국,정의당,초선,지역구,남,Representative,1.4694207601469056,0.0
윤영일,0.0,여성가족위원회,윤영일,윤영일,국민의당,초선,지역구,남,Representative,1.2136308597582175,0.0
홍문표,0.0,여성가족위원회,홍문표,홍문표,자유한국당,3선,지역구,남,Representative,1.0738729958258912,0.0
김성수,0.0,여성가족위원회,김성수,김성수,더불어민주당,초선,비례대표,남,Representative,0.6300024830232042,0.0
성일종,0.0,여성가족위원회,성일종,성일종,자유한국당,초선,지역구,남,Representative,0.2957858911419952,0.0
이양수,0.0039363667873105,여성가족위원회,이양수,이양수,자유한국당,초선,지역구,남,Representative,0.8099604387683925,0.0031883013702033404
서형수,0.0,여성가족위원회,서형수,서형수,더불어민주당,초선,지역구,남,Representative,0.5046603090328576,0.0
함진규,0.0103908874802003,여성가족위원회,함진규,함진규,자유한국당,재선,지역구,남,Representative,0.2078582495326021,0.0021598316827246646
박순자,0.0,여성가족위원회,박순자,박순자,자유한국당,3선,지역구,여,Representative,0.4713721881542825,0.0
이종구,0.0,여성가족위원회,이종구,이종구,자유한국당,3선,지역구,남,Representative,0.5199034206107074,0.0
이현재,0.0,여성가족위원회,이현재,이현재,자유한국당,재선,지역구,남,Representative,0.2081669972188319,0.0
이철규,0.0002403991998723,여성가족위원회,이철규,이철규,자유한국당,초선,지역구,남,Representative,0.4017209073035526,9.657338468774844e-05
김선동,0.0013202816055057,여성가족위원회,김선동,김선동,자유한국당,재선,지역구,남,Representative,0.1938810024934638,0.00025597752124912503
김영춘,0.0,여성가족위원회,김영춘,김영춘,더불어민주당,3선,지역구,남,Representative,0.6816995899942737,0.0
강효상,0.0005094661445026,여성가족위원회,강효상,강효상,자유한국당,초선,비례대표,남,Representative,0.2888513821081876,0.00014715999997690562
김무성,0.0,여성가족위원회,김무성,김무성,자유한국당,6선,지역구,남,Representative,0.2993921614051784,0.0
김영우,0.0,여성가족위원회,김영우,김영우,자유한국당,3선,지역구,남,Representative,0.6260518797021696,0.0
박완수,0.0,여성가족위원회,박완수,박완수,자유한국당,초선,지역구,남,Representative,0.320674965976727,0.0
백승주,0.0,여성가족위원회,백승주,백승주,자유한국당,초선,지역구,남,Representative,0.1747219249951915,0.0
송석준,0.0025269983092979,여성가족위원회,송석준,송석준,자유한국당,초선,지역구,남,Representative,0.8824103424051088,0.002229849443364691
주광덕,0.0,여성가족위원회,주광덕,주광덕,자유한국당,재선,지역구,남,Representative,0.2195218361538728,0.0
김태년,0.0,여성가족위원회,김태년,김태년,더불어민주당,3선,지역구,남,Representative,0.3475258712280392,0.0
김부겸,0.0,여성가족위원회,김부겸,김부겸,더불어민주당,4선,지역구,남,Representative,0.8571509059437675,0.0
송기헌,0.0020439462645297,여성가족위원회,송기헌,송기헌,더불어민주당,초선,지역구,남,Representative,0.3192665277817301,0.0006525636268488349
도종환,0.0,여성가족위원회,도종환,도종환,더불어민주당,재선,지역구,남,Representative,0.5493526775829224,0.0
윤호중,0.0006244228604245,여성가족위원회,윤호중,윤호중,더불어민주당,3선,지역구,남,Representative,0.3826215742444835,0.0002389176578498656
이석현,0.0,여성가족위원회,이석현,이석현,더불어민주당,6선,지역구,남,Representative,0.4261848158879266,0.0
정양석,0.0,여성가족위원회,정양석,정양석,자유한국당,재선,지역구,남,Representative,0.3859603071668061,0.0
우상호,0.0,여성가족위원회,우상호,우상호,더불어민주당,3선,지역구,남,Representative,0.950393725091267,0.0
조응천,0.0,여성가족위원회,조응천,조응천,더불어민주당,초선,지역구,남,Representative,0.3625277926369529,0.0
신동근,0.0,여성가족위원회,신동근,신동근,더불어민주당,초선,지역구,남,Representative,0.4356644688754545,0.0
이수혁,0.0,여성가족위원회,이수혁,이수혁,더불어민주당,초선,비례대표,남,Representative,0.3510840296934358,0.0
경대수,0.0,여성가족위원회,경대수,경대수,자유한국당,재선,지역구,남,Representative,0.635460965905347,0.0
김용태,0.0,여성가족위원회,김용태,김용태,자유한국당,3선,지역구,남,Representative,0.121605698183563,0.0
김중로,0.0,여성가족위원회,김중로,김중로,국민의당,초선,비례대표,남,Representative,1.0195617327999331,0.0
이완영,0.0074367031333272,여성가족위원회,이완영,이완영,자유한국당,재선,지역구,남,Representative,0.3571997154092039,0.002656388242807211
조원진,0.0008257583612234,여성가족위원회,조원진,조원진,자유한국당,3선,지역구,남,Representative,0.1561314852952748,0.0001289268794328015
김해영,0.0028388372986835,여성가족위원회,김해영,김해영,더불어민주당,초선,지역구,남,Representative,0.4741611749752225,0.001346066429107255
오제세,0.0,여성가족위원회,오제세,오제세,더불어민주당,4선,지역구,남,Representative,1.1845693642879889,0.0
이재정,0.0006171986147996,여성가족위원회,이재정,이재정,더불어민주당,초선,비례대표,여,Representative,0.1297805327369249,8.010036503318418e-05
엄용수,0.0,여성가족위원회,엄용수,엄용수,자유한국당,초선,지역구,남,Representative,0.3660271027599738,0.0
홍철호,0.0,여성가족위원회,홍철호,홍철호,자유한국당,재선,지역구,남,Representative,0.4481695399588016,0.0
김기선,0.0030320073761242,여성가족위원회,김기선,김기선,자유한국당,재선,지역구,남,Representative,0.2058944226376191,0.0006242734081400946
김명연,0.0024155082675811,여성가족위원회,김명연,김명연,자유한국당,재선,지역구,남,Representative,0.1923901370296166,0.0004647199665960996
김세연,0.0,여성가족위원회,김세연,김세연,자유한국당,3선,지역구,남,Representative,1.016616967853162,0.0
민경욱,0.0037422773614995,여성가족위원회,민경욱,민경욱,자유한국당,초선,지역구,남,Representative,0.073326278826337,0.00027440727325480106
신상진,0.0025991183102351,여성가족위원회,신상진,신상진,자유한국당,4선,지역구,남,Representative,0.5170961526344651,0.0013439940784643622
김도읍,0.0,여성가족위원회,김도읍,김도읍,자유한국당,재선,지역구,남,Representative,0.0786043622449074,0.0
이종배,0.0039527688232688,여성가족위원회,이종배,이종배,자유한국당,재선,지역구,남,Representative,0.2546643617911198,0.0010066293496855845
이원욱,0.0,여성가족위원회,이원욱,이원욱,더불어민주당,재선,지역구,남,Representative,0.3714494969930796,0.0
이후삼,0.0,여성가족위원회,이후삼,이후삼,더불어민주당,초선,지역구,남,Representative,0.0401066425951788,0.0
안민석,0.0,여성가족위원회,안민석,안민석,더불어민주당,4선,지역구,남,Representative,0.6831934548821521,0.0
어기구,0.0,여성가족위원회,어기구,어기구,더불어민주당,초선,지역구,남,Representative,0.386064465691427,0.0
박광온,0.0043916283108835,여성가족위원회,박광온,박광온,더불어민주당,재선,지역구,남,Representative,0.2036686067716271,0.0008944368195364765
전해철,0.0007841133348982,여성가족위원회,전해철,전해철,더불어민주당,재선,지역구,남,Representative,0.1604451590533877,0.00012580718873362394
최운열,0.0,여성가족위원회,최운열,최운열,더불어민주당,초선,비례대표,남,Representative,0.459943821659768,0.0
임재훈,0.0001387872989838,여성가족위원회,임재훈,임재훈,국민의당,초선,비례대표,남,Representative,1.0830349246445592,0.00015031149189654176
주승용,0.00164316060878,여성가족위원회,주승용,주승용,국민의당,4선,지역구,남,Representative,1.1127518815412194,0.0018284300590943605
최도자,0.0067337720709468,여성가족위원회,최도자,최도자,국민의당,초선,비례대표,여,Representative,1.2596089727347155,0.008481919720915018
이혜훈,0.004518812405723,여성가족위원회,이혜훈,이혜훈,자유한국당,3선,지역구,여,Representative,1.4755924567120928,0.006667925499181884
하태경,0.0,여성가족위원회,하태경,하태경,자유한국당,재선,지역구,남,Representative,1.492172082079166,0.0
김진태,0.0,여성가족위원회,김진태,김진태,자유한국당,재선,지역구,남,Representative,0.0487572040542768,0.0
전희경,0.0003285266382094,여성가족위원회,전희경,전희경,자유한국당,초선,비례대표,여,Representative,0.0178870009551029,5.876356291428282e-06
김종훈,0.0,여성가족위원회,김종훈,김종훈,더불어민주당,초선,지역구,남,Representative,1.5948540798459616,0.0
이용주,0.0,여성가족위원회,이용주,이용주,국민의당,초선,지역구,남,Representative,0.6566531230147329,0.0
이용호,0.0010067885025128,여성가족위원회,이용호,이용호,국민의당,초선,지역구,남,Representative,0.9837359713108262,0.0009904140654240015
조훈현,0.0,여성가족위원회,조훈현,조훈현,자유한국당,초선,비례대표,남,Representative,0.3604447460125601,0.0
위성곤,0.0007604251380469,여성가족위원회,위성곤,위성곤,더불어민주당,초선,지역구,남,Representative,0.8913491139784591,0.0006778042730450517
박주현,0.0,여성가족위원회,박주현,박주현,국민의당,초선,비례대표,여,Representative,0.6812471540561623,0.0
이명수,0.0043130974757097,여성가족위원회,이명수,이명수,자유한국당,3선,지역구,남,Representative,0.3282274440638352,0.0014156769604503744
홍문종,0.0,여성가족위원회,홍문종,홍문종,자유한국당,4선,지역구,남,Representative,0.1754129276773165,0.0
김규환,0.0,여성가족위원회,김규환,김규환,자유한국당,초선,비례대표,남,Representative,0.4770049822009083,0.0
김학용,0.0,여성가족위원회,김학용,김학용,자유한국당,3선,지역구,남,Representative,0.3347518226262136,0.0
유승민,0.0,여성가족위원회,유승민,유승민,자유한국당,4선,지역구,남,Representative,1.0521010990735595,0.0
유재중,0.0,여성가족위원회,유재중,유재중,자유한국당,3선,지역구,남,Representative,0.4969856333113908,0.0
정우택,0.0022501787269708,여성가족위원회,정우택,정우택,자유한국당,4선,지역구,남,Representative,0.5140939839979815,0.0011568033464559248
김종대,0.0,여성가족위원회,김종대,김종대,정의당,초선,비례대표,남,Representative,1.4582975228087227,0.0
이주영,0.0092887223215508,여성가족위원회,이주영,이주영,자유한국당,5선,지역구,남,Representative,0.5651882414157886,0.005249876633916879
여상규,0.0,여성가족위원회,여상규,여상규,자유한국당,3선,지역구,남,Representative,0.179755435767015,0.0
홍일표,0.0,여성가족위원회,홍일표,홍일표,자유한국당,3선,지역구,남,Representative,0.7569146892318556,0.0
심재권,0.005377518446624,여성가족위원회,심재권,심재권,더불어민주당,3선,지역구,남,Representative,0.5028645163718454,0.0027041632129422553
이인영,0.0006386253671454,여성가족위원회,이인영,이인영,더불어민주당,3선,지역구,남,Representative,0.1211476890856317,7.736798742112831e-05
심상정,0.0,여성가족위원회,심상정,심상정,정의당,3선,지역구,여,Representative,1.4101172974735254,0.0
추혜선,0.0,여성가족위원회,추혜선,추혜선,정의당,초선,비례대표,여,Representative,1.4776255797827655,0.0
이춘석,0.0020542163624496,여성가족위원회,이춘석,이춘석,더불어민주당,3선,지역구,남,Representative,0.5338027552115759,0.001096546354076298
심재철,0.0,여성가족위원회,심재철,심재철,자유한국당,5선,지역구,남,Representative,0.2402035505413585,0.0
주호영,0.0,여성가족위원회,주호영,주호영,자유한국당,4선,지역구,남,Representative,0.3195534977330795,0.0
이언주,0.0,여성가족위원회,이언주,이언주,더불어민주당,재선,지역구,여,Representative,1.5238762330035724,0.0
황희,0.0,여성가족위원회,황희,황희,더불어민주당,초선,지역구,남,Representative,0.2691269447247251,0.0
이학재,0.0,여성가족위원회,이학재,이학재,자유한국당,3선,지역구,남,Representative,1.0008889465537203,0.0
박범계,0.0,여성가족위원회,박범계,박범계,더불어민주당,재선,지역구,남,Representative,0.5376962952563203,0.0
유은혜,0.0098959679747587,여성가족위원회,유은혜,유은혜,더불어민주당,재선,지역구,여,Representative,0.4014353783153699,0.0039725916477440434
조정식,0.0,여성가족위원회,조정식,조정식,더불어민주당,4선,지역구,남,Representative,0.657600712329438,0.0
김한표,0.0,여성가족위원회,김한표,김한표,자유한국당,재선,지역구,남,Representative,0.3879670316340894,0.0
나경원,0.0023521359501965,여성가족위원회,나경원,나경원,자유한국당,4선,지역구,여,Representative,0.4570003286366014,0.001074926902237765
손혜원,0.0,여성가족위원회,손혜원,손혜원,더불어민주당,초선,지역구,여,Representative,0.8635365284530971,0.0
오세정,0.0,여성가족위원회,오세정,오세정,국민의당,초선,비례대표,남,Representative,1.1278834176360886,0.0
유민봉,0.0,여성가족위원회,유민봉,유민봉,자유한국당,초선,비례대표,남,Representative,0.2816932534582966,0.0
김진표,0.0,여성가족위원회,김진표,김진표,더불어민주당,4선,지역구,남,Representative,0.9058736267791744,0.0
조경태,0.0,여성가족위원회,조경태,조경태,자유한국당,4선,지역구,남,Representative,0.9905363611314508,0.0
이군현,0.0,여성가족위원회,이군현,이군현,자유한국당,4선,지역구,남,Representative,0.5199038049730397,0.0
양승조,0.0003700174540153,여성가족위원회,양승조,양승조,더불어민주당,4선,지역구,남,Representative,0.7857133708245717,0.00029072766105828733
홍영표,0.0,여성가족위원회,홍영표,홍영표,더불어민주당,3선,지역구,남,Representative,0.7711565648093,0.0
권석창,0.0,여성가족위원회,권석창,권석창,자유한국당,초선,지역구,남,Representative,0.2295248300116327,0.0
이해찬,0.0,여성가족위원회,이해찬,이해찬,더불어민주당,7선,지역구,남,Representative,0.3925330774809683,0.0
곽상도,0.0,여성가족위원회,곽상도,곽상도,자유한국당,초선,지역구,남,Representative,0.1797207201934033,0.0
한선교,0.0,여성가족위원회,한선교,한선교,자유한국당,4선,지역구,남,Representative,0.1186880320068769,0.0
박완주,0.0002479951115476,여성가족위원회,박완주,박완주,더불어민주당,재선,지역구,남,Representative,0.7029909046961353,0.0001743383078270663
추미애,0.0,여성가족위원회,추미애,추미애,더불어민주당,5선,지역구,여,Representative,0.2576812972041676,0.0
문희상,0.0,여성가족위원회,문희상,문희상,더불어민주당,6선,지역구,남,Representative,0.6351751444405559,0.0
김성식,0.0,여성가족위원회,김성식,김성식,국민의당,재선,지역구,남,Representative,1.2630624263755816,0.0
이태규,0.0,여성가족위원회,이태규,이태규,국민의당,초선,비례대표,남,Representative,1.2563599016081857,0.0
김정훈,0.0,여성가족위원회,김정훈,김정훈,자유한국당,4선,지역구,남,Representative,0.260541039338365,0.0
이상돈,0.0,여성가족위원회,이상돈,이상돈,국민의당,초선,비례대표,남,Representative,1.606671771644464,0.0
이훈,0.0,여성가족위원회,이훈,이훈,더불어민주당,초선,지역구,남,Representative,0.4457924997779086,0.0
박찬우,0.0,여성가족위원회,박찬우,박찬우,자유한국당,초선,지역구,남,Representative,0.453230298468986,0.0
박남춘,0.0,여성가족위원회,박남춘,박남춘,더불어민주당,재선,지역구,남,Representative,0.4605735800336737,0.0
송기석,0.0,여성가족위원회,송기석,송기석,국민의당,초선,지역구,남,Representative,0.7845483731860012,0.0
최명길,0.0,여성가족위원회,최명길,최명길,더불어민주당,초선,지역구,남,Representative,0.6829154638268365,0.0
박준영,0.0,여성가족위원회,박준영,박준영,국민의당,초선,지역구,남,Representative,0.8806716279052433,0.0
정진석,0.0,여성가족위원회,정진석,정진석,자유한국당,4선,지역구,남,Representative,0.2765017781360929,0.0
이우현,0.0,여성가족위원회,이우현,이우현,자유한국당,재선,지역구,남,Representative,0.2335736215615007,0.0
이헌승,0.0,여성가족위원회,이헌승,이헌승,자유한국당,재선,지역구,남,Representative,0.1422055697125377,0.0
장제원,0.0,여성가족위원회,장제원,장제원,자유한국당,재선,지역구,남,Representative,0.5900030223326368,0.0
정용기,0.0,여성가족위원회,정용기,정용기,자유한국당,재선,지역구,남,Representative,0.1798568900906483,0.0
김경수,0.0,여성가족위원회,김경수,김경수,더불어민주당,초선,지역구,남,Representative,0.2933099446985726,0.0
문미옥,0.0013916324111993,여성가족위원회,문미옥,문미옥,더불어민주당,초선,비례대표,여,Representative,0.3542828873224695,0.0004930315487312181
배덕광,0.0,여성가족위원회,배덕광,배덕광,자유한국당,재선,지역구,남,Representative,0.1475526412690407,0.0
윤종오,0.0,여성가족위원회,윤종오,윤종오,더불어민주당,초선,지역구,남,Representative,1.1947717620134848,0.0
김종석,0.0,여성가족위원회,김종석,김종석,자유한국당,초선,비례대표,남,Representative,0.1902354048834826,0.0
김현미,0.0,여성가족위원회,김현미,김현미,더불어민주당,3선,지역구,여,Representative,0.5372955133516878,0.0
김한정,0.0,여성가족위원회,김한정,김한정,더불어민주당,초선,지역구,남,Representative,0.475581724187707,0.0
이철우,0.0,여성가족위원회,이철우,이철우,자유한국당,3선,지역구,남,Representative,0.2619402628325249,0.0
황영철,0.0,여성가족위원회,황영철,황영철,자유한국당,3선,지역구,남,Representative,0.3717335455385492,0.0
박용진,0.0,여성가족위원회,박용진,박용진,더불어민주당,초선,지역구,남,Representative,0.6153148674123682,0.0
정병국,0.019759148684845,외교통일위원회,정병국,정병국,자유한국당,5선,지역구,남,Representative,1.1343779209474094,0.022414342004805212
권성동,0.0,외교통일위원회,권성동,권성동,자유한국당,3선,지역구,남,Representative,0.4062466024090395,0.0
김무성,0.0073474630297714,외교통일위원회,김무성,김무성,자유한국당,6선,지역구,남,Representative,0.2993921614051784,0.0021997728373279
김삼화,0.0078516397916096,외교통일위원회,김삼화,김삼화,국민의당,초선,비례대표,여,Representative,1.0477888116577914,0.008226860326815652
유의동,0.0,외교통일위원회,유의동,유의동,자유한국당,재선,지역구,남,Representative,1.0164179390168884,0.0
윤영일,0.0031318559464165,외교통일위원회,윤영일,윤영일,국민의당,초선,지역구,남,Representative,1.2136308597582175,0.003800917024888343
이언주,0.0451939742603712,외교통일위원회,이언주,이언주,더불어민주당,재선,지역구,여,Representative,1.5238762330035724,0.06887002325035488
정운천,0.0,외교통일위원회,정운천,정운천,자유한국당,초선,지역구,남,Representative,1.205596444443113,0.0
하태경,0.0098573194666906,외교통일위원회,하태경,하태경,자유한국당,재선,지역구,남,Representative,1.492172082079166,0.014708816912331205
홍문표,0.0,외교통일위원회,홍문표,홍문표,자유한국당,3선,지역구,남,Representative,1.0738729958258912,0.0
홍일표,0.006882835716807,외교통일위원회,홍일표,홍일표,자유한국당,3선,지역구,남,Representative,0.7569146892318556,0.005209719457620886
강효상,0.0,외교통일위원회,강효상,강효상,자유한국당,초선,비례대표,남,Representative,0.2888513821081876,0.0
김성찬,0.0096195516570603,외교통일위원회,김성찬,김성찬,자유한국당,재선,지역구,남,Representative,0.6145298499661254,0.005911501636554659
김세연,0.0,외교통일위원회,김세연,김세연,자유한국당,3선,지역구,남,Representative,1.016616967853162,0.0
김재경,0.0122342018766695,외교통일위원회,김재경,김재경,자유한국당,4선,지역구,남,Representative,0.1491019221549866,0.0018241430158435668
송희경,0.0,외교통일위원회,송희경,송희경,자유한국당,초선,비례대표,여,Representative,0.6136147509492222,0.0
여상규,0.0,외교통일위원회,여상규,여상규,자유한국당,3선,지역구,남,Representative,0.179755435767015,0.0
유민봉,0.0,외교통일위원회,유민봉,유민봉,자유한국당,초선,비례대표,남,Representative,0.2816932534582966,0.0
이주영,0.0053969990011192,외교통일위원회,이주영,이주영,자유한국당,5선,지역구,남,Representative,0.5651882414157886,0.0030503203743653283
정양석,0.0229970839315133,외교통일위원회,정양석,정양석,자유한국당,재선,지역구,남,Representative,0.3859603071668061,0.008875961578147695
김용태,0.0017272122660816,외교통일위원회,김용태,김용태,자유한국당,3선,지역구,남,Representative,0.121605698183563,0.00021003885352806695
김태흠,0.0,외교통일위원회,김태흠,김태흠,자유한국당,재선,지역구,남,Representative,0.74944812472639,0.0
성일종,0.0,외교통일위원회,성일종,성일종,자유한국당,초선,지역구,남,Representative,0.2957858911419952,0.0
이명수,0.00231527711417,외교통일위원회,이명수,이명수,자유한국당,3선,지역구,남,Representative,0.3282274440638352,0.0007599374894835115
이종명,0.010283385913941,외교통일위원회,이종명,이종명,자유한국당,초선,비례대표,남,Representative,0.1302432569839321,0.0013393416742543652
정태옥,0.0,외교통일위원회,정태옥,정태옥,자유한국당,초선,지역구,남,Representative,0.3062475812524373,0.0
박찬대,0.0016819752423378,외교통일위원회,박찬대,박찬대,더불어민주당,초선,지역구,남,Representative,0.6056175521921311,0.001018633729112385
강훈식,0.0,외교통일위원회,강훈식,강훈식,더불어민주당,초선,지역구,남,Representative,0.371852456351433,0.0
김영호,0.0,외교통일위원회,김영호,김영호,더불어민주당,초선,지역구,남,Representative,0.4539708046944207,0.0
김현권,0.0,외교통일위원회,김현권,김현권,더불어민주당,초선,비례대표,남,Representative,0.6106213595945515,0.0
맹성규,0.0,외교통일위원회,맹성규,맹성규,더불어민주당,초선,지역구,남,Representative,0.302559084695415,0.0
박홍근,0.0,외교통일위원회,박홍근,박홍근,더불어민주당,재선,지역구,남,Representative,0.4380480284960645,0.0
서영교,0.0,외교통일위원회,서영교,서영교,더불어민주당,재선,지역구,여,Representative,0.4822796444107599,0.0
윤관석,0.0,외교통일위원회,윤관석,윤관석,더불어민주당,재선,지역구,남,Representative,0.3522558143466113,0.0
이찬열,0.024480824080497,외교통일위원회,이찬열,이찬열,더불어민주당,3선,지역구,남,Representative,1.1746514826711774,0.028756436303168063
장정숙,0.0,외교통일위원회,장정숙,장정숙,국민의당,초선,비례대표,여,Representative,1.0742364163183826,0.0
전재수,0.0032067096553242,외교통일위원회,전재수,전재수,더불어민주당,초선,지역구,남,Representative,0.2424661719200068,0.0007775186145853833
김정호,0.0,외교통일위원회,김정호,김정호,더불어민주당,초선,지역구,남,Representative,0.2510534798158137,0.0
김종민,0.0,외교통일위원회,김종민,김종민,더불어민주당,초선,지역구,남,Representative,0.5934295202694789,0.0
김철민,0.0136141515870682,외교통일위원회,김철민,김철민,더불어민주당,초선,지역구,남,Representative,0.4943055978963909,0.006729551340097845
신동근,0.0,외교통일위원회,신동근,신동근,더불어민주당,초선,지역구,남,Representative,0.4356644688754545,0.0
윤준호,0.0,외교통일위원회,윤준호,윤준호,더불어민주당,초선,지역구,남,Representative,0.8409997210125054,0.0
이종걸,0.0,외교통일위원회,이종걸,이종걸,더불어민주당,5선,지역구,남,Representative,1.0363897595497007,0.0
정은혜,0.0,외교통일위원회,정은혜,정은혜,더불어민주당,초선,비례대표,여,Representative,0.6448259909434018,0.0
정재호,0.0,외교통일위원회,정재호,정재호,더불어민주당,초선,지역구,남,Representative,0.2574447104853001,0.0
강석호,0.0018816468699484,외교통일위원회,강석호,강석호,자유한국당,3선,지역구,남,Representative,0.4559473254820344,0.0008579318578546144
김수민,0.0,외교통일위원회,김수민,김수민,국민의당,초선,비례대표,여,Representative,1.362224448997969,0.0
김학용,0.0020436478242515,외교통일위원회,김학용,김학용,자유한국당,3선,지역구,남,Representative,0.3347518226262136,0.0006841148339742855
신상진,0.0025086243895191,외교통일위원회,신상진,신상진,자유한국당,4선,지역구,남,Representative,0.5170961526344651,0.0012972000202253102
원유철,0.0,외교통일위원회,원유철,원유철,자유한국당,5선,지역구,남,Representative,0.4771525237688151,0.0
유기준,0.0,외교통일위원회,유기준,유기준,자유한국당,4선,지역구,남,Representative,0.2633017533080311,0.0
유승민,0.0,외교통일위원회,유승민,유승민,자유한국당,4선,지역구,남,Representative,1.0521010990735595,0.0
이정현,0.0,외교통일위원회,이정현,이정현,자유한국당,3선,지역구,남,Representative,0.583583007550223,0.0
정진석,0.0007995887040052,외교통일위원회,정진석,정진석,자유한국당,4선,지역구,남,Representative,0.2765017781360929,0.00022108769843497185
원혜영,0.0229488211937859,외교통일위원회,원혜영,원혜영,더불어민주당,5선,지역구,남,Representative,0.8199263539696501,0.01881634328932231
강창일,0.0059138959298315,외교통일위원회,강창일,강창일,더불어민주당,4선,지역구,남,Representative,0.8418881333730888,0.004978838805328549
김경협,0.0131524366204402,외교통일위원회,김경협,김경협,더불어민주당,재선,지역구,남,Representative,0.2751830860421476,0.0036193280981864882
김부겸,6.933345839236646e-05,외교통일위원회,김부겸,김부겸,더불어민주당,4선,지역구,남,Representative,0.8571509059437675,5.9429236673231424e-05
김상희,0.0,외교통일위원회,김상희,김상희,더불어민주당,3선,지역구,여,Representative,0.549508602610133,0.0
김정우,0.0042478413087656,외교통일위원회,김정우,김정우,더불어민주당,초선,지역구,남,Representative,0.4417726916628472,0.001876580288730011
박정,0.0096357099329391,외교통일위원회,박정,박정,더불어민주당,초선,지역구,남,Representative,0.2968827671690504,0.002860676228529265
송영길,0.0011745459115152,외교통일위원회,송영길,송영길,더불어민주당,4선,지역구,남,Representative,0.4968450830667373,0.0005835673609724662
이석현,0.0068563036426484,외교통일위원회,이석현,이석현,더불어민주당,6선,지역구,남,Representative,0.4261848158879266,0.002922052505613829
전혜숙,0.0014963218384358,외교통일위원회,전혜숙,전혜숙,더불어민주당,재선,지역구,여,Representative,0.717807959122133,0.0010740717250374797
추미애,0.0063353216142179,외교통일위원회,추미애,추미애,더불어민주당,5선,지역구,여,Representative,0.2576812972041676,0.0016324938917572696
곽대훈,0.002355649927592,외교통일위원회,곽대훈,곽대훈,자유한국당,초선,지역구,남,Representative,0.1312626090957611,0.00030920875561196666
김석기,0.0,외교통일위원회,김석기,김석기,자유한국당,초선,지역구,남,Representative,0.3618426593527747,0.0
김정재,0.0,외교통일위원회,김정재,김정재,자유한국당,초선,지역구,여,Representative,0.2044480865242837,0.0
박대출,0.0,외교통일위원회,박대출,박대출,자유한국당,재선,지역구,남,Representative,0.1666888897701005,0.0
윤상직,0.0,외교통일위원회,윤상직,윤상직,자유한국당,초선,지역구,남,Representative,0.3535025828741088,0.0
임이자,0.0,외교통일위원회,임이자,임이자,자유한국당,초선,비례대표,여,Representative,0.2625742813254558,0.0
박재호,0.0,외교통일위원회,박재호,박재호,더불어민주당,초선,지역구,남,Representative,0.2524296630381502,0.0
신창현,0.0,외교통일위원회,신창현,신창현,더불어민주당,초선,지역구,남,Representative,0.0854651307466251,0.0
유성엽,0.0,외교통일위원회,유성엽,유성엽,국민의당,3선,지역구,남,Representative,1.0788643249197116,0.0
최인호,0.0,외교통일위원회,최인호,최인호,더불어민주당,초선,지역구,남,Representative,0.1459769861531162,0.0
고용진,0.0,외교통일위원회,고용진,고용진,더불어민주당,초선,지역구,남,Representative,0.4239737881662508,0.0
권칠승,0.0,외교통일위원회,권칠승,권칠승,더불어민주당,초선,지역구,남,Representative,0.3014891570605743,0.0
변재일,0.0,외교통일위원회,변재일,변재일,더불어민주당,4선,지역구,남,Representative,0.629493870938658,0.0
임종성,0.0028310405679076,외교통일위원회,임종성,임종성,더불어민주당,초선,지역구,남,Representative,0.5180000225410992,0.0014664790779909031
천정배,0.0024232756648107,외교통일위원회,천정배,천정배,국민의당,6선,지역구,남,Representative,0.9572737450190898,0.0023197381708669634
김병관,0.0,외교통일위원회,김병관,김병관,더불어민주당,초선,지역구,남,Representative,0.4357562473746135,0.0
김진표,0.0,외교통일위원회,김진표,김진표,더불어민주당,4선,지역구,남,Representative,0.9058736267791744,0.0
김태년,0.0,외교통일위원회,김태년,김태년,더불어민주당,3선,지역구,남,Representative,0.3475258712280392,0.0
백재현,0.0,외교통일위원회,백재현,백재현,더불어민주당,3선,지역구,남,Representative,0.5536257649582159,0.0
이원욱,0.0,외교통일위원회,이원욱,이원욱,더불어민주당,재선,지역구,남,Representative,0.3714494969930796,0.0
최재성,0.0,외교통일위원회,최재성,최재성,더불어민주당,4선,지역구,남,Representative,0.0631784868170286,0.0
이인영,0.0069391524067367,외교통일위원회,이인영,이인영,더불어민주당,3선,지역구,남,Representative,0.1211476890856317,0.0008406622782891507
서삼석,0.0,외교통일위원회,서삼석,서삼석,더불어민주당,초선,지역구,남,Representative,0.3135534965130757,0.0
송갑석,0.0043394059331421,외교통일위원회,송갑석,송갑석,더불어민주당,초선,지역구,남,Representative,0.1128634081839454,0.0004897601431080513
윤후덕,0.0263183136335331,외교통일위원회,윤후덕,윤후덕,더불어민주당,재선,지역구,남,Representative,0.3602653219661517,0.009481575734790961
정춘숙,0.0,외교통일위원회,정춘숙,정춘숙,더불어민주당,초선,비례대표,여,Representative,0.6218718977568765,0.0
제윤경,0.0,외교통일위원회,제윤경,제윤경,더불어민주당,초선,비례대표,여,Representative,0.2928274618467911,0.0
김영진,0.0,외교통일위원회,김영진,김영진,더불어민주당,초선,지역구,남,Representative,0.1323556283416291,0.0
이규희,0.0,외교통일위원회,이규희,이규희,더불어민주당,초선,지역구,남,Representative,0.3036400552435822,0.0
이춘석,0.0047948478966194,외교통일위원회,이춘석,이춘석,더불어민주당,3선,지역구,남,Representative,0.5338027552115759,0.002559503018035865
금태섭,0.0,외교통일위원회,금태섭,금태섭,더불어민주당,초선,지역구,남,Representative,0.4645794902283139,0.0
기동민,0.0,외교통일위원회,기동민,기동민,더불어민주당,초선,지역구,남,Representative,0.1406386680233549,0.0
김두관,0.0026835062399437,외교통일위원회,김두관,김두관,더불어민주당,초선,지역구,남,Representative,0.4560581632169218,0.001223834926769872
박지원,0.002757656788681,외교통일위원회,박지원,박지원,국민의당,4선,지역구,남,Representative,0.7565970138970873,0.0020864348916690757
백혜련,0.0,외교통일위원회,백혜련,백혜련,더불어민주당,초선,지역구,여,Representative,0.2873528638507782,0.0
안민석,0.0,외교통일위원회,안민석,안민석,더불어민주당,4선,지역구,남,Representative,0.6831934548821521,0.0
이학영,0.0017772157044106,외교통일위원회,이학영,이학영,더불어민주당,재선,지역구,남,Representative,0.3212334061727276,0.0005709010542314805
김병기,0.0013310035792447,외교통일위원회,김병기,김병기,더불어민주당,초선,지역구,남,Representative,0.1877751940353654,0.0002499294553544394
도종환,0.0,외교통일위원회,도종환,도종환,더불어민주당,재선,지역구,남,Representative,0.5493526775829224,0.0
안호영,0.0,외교통일위원회,안호영,안호영,더불어민주당,초선,지역구,남,Representative,0.3178846521149758,0.0
유승희,0.0018627584386559,외교통일위원회,유승희,유승희,더불어민주당,3선,지역구,여,Representative,0.5469890607717001,0.0010189084888049492
윤일규,0.0,외교통일위원회,윤일규,윤일규,더불어민주당,초선,지역구,남,Representative,0.2463711717270404,0.0
전현희,0.004185962013133,외교통일위원회,전현희,전현희,더불어민주당,재선,지역구,여,Representative,0.2186320857698749,0.0009151856058847324
정세균,0.0,외교통일위원회,정세균,정세균,더불어민주당,6선,지역구,남,Representative,0.8298975517248326,0.0
조승래,0.0,외교통일위원회,조승래,조승래,더불어민주당,초선,지역구,남,Representative,0.2088104943838757,0.0
홍영표,0.0,외교통일위원회,홍영표,홍영표,더불어민주당,3선,지역구,남,Representative,0.7711565648093,0.0
박병석,0.0008390067833023,외교통일위원회,박병석,박병석,더불어민주당,5선,지역구,남,Representative,0.4701074306076837,0.0003944233231606619
김관영,0.0041457273788847,외교통일위원회,김관영,김관영,국민의당,재선,지역구,남,Representative,1.1358758772529134,0.00470903172334208
남인순,0.0028986981037862,외교통일위원회,남인순,남인순,더불어민주당,재선,지역구,여,Representative,0.6462902314628618,0.0018734002684369418
노웅래,0.021710222059597,외교통일위원회,노웅래,노웅래,더불어민주당,3선,지역구,남,Representative,0.7159401864066474,0.015543220428277583
설훈,0.0059781713198256,외교통일위원회,설훈,설훈,더불어민주당,4선,지역구,남,Representative,0.2947522077855856,0.0017620791950390636
이용득,0.0,외교통일위원회,이용득,이용득,더불어민주당,초선,비례대표,남,Representative,0.4820345550834095,0.0
심재권,0.0463427464619549,외교통일위원회,심재권,심재권,더불어민주당,3선,지역구,남,Representative,0.5028645163718454,0.023304122786934
김영춘,0.0,외교통일위원회,김영춘,김영춘,더불어민주당,3선,지역구,남,Representative,0.6816995899942737,0.0
심기준,0.0,외교통일위원회,심기준,심기준,더불어민주당,초선,비례대표,남,Representative,0.3265883675668164,0.0
김명연,0.004198493434092,외교통일위원회,김명연,김명연,자유한국당,재선,지역구,남,Representative,0.1923901370296166,0.0008077487271029055
송언석,0.0362289582884722,외교통일위원회,송언석,송언석,자유한국당,초선,지역구,남,Representative,0.1908856424447248,0.006915587977998154
이채익,0.0,외교통일위원회,이채익,이채익,자유한국당,재선,지역구,남,Representative,0.415602928743905,0.0
주호영,0.0,외교통일위원회,주호영,주호영,자유한국당,4선,지역구,남,Representative,0.3195534977330795,0.0
추경호,0.0067448918300771,외교통일위원회,추경호,추경호,자유한국당,초선,지역구,남,Representative,0.1387872488569416,0.0009361049809340628
황영철,0.0,외교통일위원회,황영철,황영철,자유한국당,3선,지역구,남,Representative,0.3717335455385492,0.0
소병훈,0.0021461728210574,외교통일위원회,소병훈,소병훈,더불어민주당,초선,지역구,남,Representative,0.5375988645747761,0.0011537800717817024
안규백,0.0065705382496458,외교통일위원회,안규백,안규백,더불어민주당,3선,지역구,남,Representative,0.6009595071079386,0.0039486274279409974
김광림,0.0,외교통일위원회,김광림,김광림,자유한국당,3선,지역구,남,Representative,0.2439500943098557,0.0
김상훈,0.0,외교통일위원회,김상훈,김상훈,자유한국당,재선,지역구,남,Representative,0.1847431044523968,0.0
김선동,0.0,외교통일위원회,김선동,김선동,자유한국당,재선,지역구,남,Representative,0.1938810024934638,0.0
김진태,0.0,외교통일위원회,김진태,김진태,자유한국당,재선,지역구,남,Representative,0.0487572040542768,0.0
김현아,0.0,외교통일위원회,김현아,김현아,자유한국당,초선,비례대표,여,Representative,0.6541850288553541,0.0
박덕흠,0.0,외교통일위원회,박덕흠,박덕흠,자유한국당,재선,지역구,남,Representative,0.3783016007215079,0.0
박맹우,0.0,외교통일위원회,박맹우,박맹우,자유한국당,재선,지역구,남,Representative,0.2150211852210185,0.0
박명재,0.0048125633661772,외교통일위원회,박명재,박명재,자유한국당,재선,지역구,남,Representative,0.5424317597732208,0.0026104872157356337
신보라,0.0052285977710895,외교통일위원회,신보라,신보라,자유한국당,초선,비례대표,여,Representative,0.2403514969713895,0.0012567013013426319
윤종필,0.0069350970723836,외교통일위원회,윤종필,윤종필,자유한국당,초선,비례대표,여,Representative,0.3873171504317463,0.002686082036043162
이학재,0.0167764056260449,외교통일위원회,이학재,이학재,자유한국당,3선,지역구,남,Representative,1.0008889465537203,0.01679131895400999
경대수,0.0,외교통일위원회,경대수,경대수,자유한국당,재선,지역구,남,Representative,0.635460965905347,0.0
김영우,0.0,외교통일위원회,김영우,김영우,자유한국당,3선,지역구,남,Representative,0.6260518797021696,0.0
박성중,0.0,외교통일위원회,박성중,박성중,자유한국당,초선,지역구,남,Representative,0.1599671130327059,0.0
박인숙,0.0,외교통일위원회,박인숙,박인숙,자유한국당,재선,지역구,여,Representative,0.5061732872045339,0.0
조훈현,0.0,외교통일위원회,조훈현,조훈현,자유한국당,초선,비례대표,남,Representative,0.3604447460125601,0.0
김순례,0.0,외교통일위원회,김순례,김순례,자유한국당,초선,비례대표,여,Representative,0.2162730117184349,0.0
이종배,0.0,외교통일위원회,이종배,이종배,자유한국당,재선,지역구,남,Representative,0.2546643617911198,0.0
장석춘,0.0,외교통일위원회,장석춘,장석춘,자유한국당,초선,지역구,남,Representative,0.1436037583640525,0.0
박광온,0.0022033257975947,외교통일위원회,박광온,박광온,더불어민주당,재선,지역구,남,Representative,0.2036686067716271,0.00044874829546009655
이후삼,0.0,외교통일위원회,이후삼,이후삼,더불어민주당,초선,지역구,남,Representative,0.0401066425951788,0.0
조정식,0.0,외교통일위원회,조정식,조정식,더불어민주당,4선,지역구,남,Representative,0.657600712329438,0.0
박완주,0.0,외교통일위원회,박완주,박완주,더불어민주당,재선,지역구,남,Representative,0.7029909046961353,0.0
유동수,0.0,외교통일위원회,유동수,유동수,더불어민주당,초선,지역구,남,Representative,0.8688043750278167,0.0
전해철,0.0041942580173309,외교통일위원회,전해철,전해철,더불어민주당,재선,지역구,남,Representative,0.1604451590533877,0.0006729483947016027
김성수,0.0,외교통일위원회,김성수,김성수,더불어민주당,초선,비례대표,남,Representative,0.6300024830232042,0.0
박용진,0.0,외교통일위원회,박용진,박용진,더불어민주당,초선,지역구,남,Representative,0.6153148674123682,0.0
백승주,0.0,외교통일위원회,백승주,백승주,자유한국당,초선,지역구,남,Representative,0.1747219249951915,0.0
서형수,0.0,외교통일위원회,서형수,서형수,더불어민주당,초선,지역구,남,Representative,0.5046603090328576,0.0
신용현,0.0021643717042035,외교통일위원회,신용현,신용현,국민의당,초선,지역구,여,Representative,0.9729453901363904,0.0021058154721464387
이현재,0.0,외교통일위원회,이현재,이현재,자유한국당,재선,지역구,남,Representative,0.2081669972188319,0.0
함진규,0.0050900842679226,외교통일위원회,함진규,함진규,자유한국당,재선,지역구,남,Representative,0.2078582495326021,0.001058016005903828
홍의락,0.0,외교통일위원회,홍의락,홍의락,더불어민주당,재선,지역구,남,Representative,0.5274233799288646,0.0
이상민,0.0,외교통일위원회,이상민,이상민,더불어민주당,4선,지역구,남,Representative,0.6302132597162741,0.0
어기구,0.0,외교통일위원회,어기구,어기구,더불어민주당,초선,지역구,남,Representative,0.386064465691427,0.0
위성곤,0.0,외교통일위원회,위성곤,위성곤,더불어민주당,초선,지역구,남,Representative,0.8913491139784591,0.0
이철희,0.0,외교통일위원회,이철희,이철희,더불어민주당,초선,비례대표,남,Representative,0.8472933004468098,0.0
채이배,0.0,외교통일위원회,채이배,채이배,국민의당,초선,비례대표,남,Representative,1.231055717778328,0.0
이수혁,0.0042477376483468,외교통일위원회,이수혁,이수혁,더불어민주당,초선,비례대표,남,Representative,0.3510840296934358,0.001491312850662113
이재정,0.0005270976997477,외교통일위원회,이재정,이재정,더불어민주당,초선,비례대표,여,Representative,0.1297805327369249,6.840702027766419e-05
김종대,0.0,외교통일위원회,김종대,김종대,정의당,초선,비례대표,남,Representative,1.4582975228087227,0.0
박경미,0.0018921839258766,외교통일위원회,박경미,박경미,더불어민주당,초선,비례대표,여,Representative,0.5361234903354704,0.0010144442506976356
송기헌,0.0,외교통일위원회,송기헌,송기헌,더불어민주당,초선,지역구,남,Representative,0.3192665277817301,0.0
이훈,0.0,외교통일위원회,이훈,이훈,더불어민주당,초선,지역구,남,Representative,0.4457924997779086,0.0
최운열,0.0,외교통일위원회,최운열,최운열,더불어민주당,초선,비례대표,남,Representative,0.459943821659768,0.0
심재철,0.0029958565549955,외교통일위원회,심재철,심재철,자유한국당,5선,지역구,남,Representative,0.2402035505413585,0.0007196153814225218
엄용수,0.0,외교통일위원회,엄용수,엄용수,자유한국당,초선,지역구,남,Representative,0.3660271027599738,0.0
최교일,0.0,외교통일위원회,최교일,최교일,자유한국당,초선,지역구,남,Representative,0.095160296612104,0.0
박선숙,0.0042937005338922,외교통일위원회,박선숙,박선숙,국민의당,재선,비례대표,여,Representative,1.2142537538570304,0.005213641991216539
김동철,0.0113692970373748,외교통일위원회,김동철,김동철,국민의당,4선,지역구,남,Representative,1.2078444006959184,0.013732341766441846
인재근,0.0031164175489266,외교통일위원회,인재근,인재근,더불어민주당,재선,지역구,여,Representative,0.4706617600587874,0.0014667785686558858
장병완,0.0007908438264864,외교통일위원회,장병완,장병완,국민의당,3선,지역구,남,Representative,0.8364677546616743,0.0006615153598291258
정동영,0.0,외교통일위원회,정동영,정동영,국민의당,4선,지역구,남,Representative,1.1063278234248168,0.0
주승용,0.0099195016182736,외교통일위원회,주승용,주승용,국민의당,4선,지역구,남,Representative,1.1127518815412194,0.011037944089685118
윤상현,0.0049866157112542,외교통일위원회,윤상현,윤상현,자유한국당,3선,지역구,남,Representative,0.2001655767502632,0.0009981488098751209
김성원,0.0133326482931788,외교통일위원회,김성원,김성원,자유한국당,초선,지역구,남,Representative,0.1487072947006423,0.0019826620588737553
서청원,0.0012831001684539,외교통일위원회,서청원,서청원,자유한국당,8선,지역구,남,Representative,0.2133277142020287,0.0002737208260285085
이완영,0.0,외교통일위원회,이완영,이완영,자유한국당,재선,지역구,남,Representative,0.3571997154092039,0.0
이은권,0.0,외교통일위원회,이은권,이은권,자유한국당,초선,지역구,남,Representative,0.2381916954337352,0.0
정유섭,0.0,외교통일위원회,정유섭,정유섭,자유한국당,초선,지역구,남,Representative,0.4080188775728643,0.0
김경진,0.0,외교통일위원회,김경진,김경진,국민의당,초선,지역구,남,Representative,1.3711841868583572,0.0
김광수,0.0,외교통일위원회,김광수,김광수,국민의당,초선,지역구,남,Representative,0.7050580980902613,0.0
정인화,0.0,외교통일위원회,정인화,정인화,국민의당,초선,지역구,남,Representative,1.152650910093734,0.0
조배숙,0.0014586088149935,외교통일위원회,조배숙,조배숙,국민의당,4선,지역구,여,Representative,1.0458037986965076,0.0015254186395324137
민병두,0.0,외교통일위원회,민병두,민병두,더불어민주당,3선,지역구,남,Representative,0.4585025107011514,0.0
송옥주,0.0,외교통일위원회,송옥주,송옥주,더불어민주당,초선,비례대표,여,Representative,0.5052940578089671,0.0
김영주,0.0,외교통일위원회,김영주,김영주,더불어민주당,3선,지역구,여,Representative,0.5066585031839548,0.0
우원식,0.0,외교통일위원회,우원식,우원식,더불어민주당,3선,지역구,남,Representative,0.2682558233303833,0.0
윤재옥,0.0,외교통일위원회,윤재옥,윤재옥,자유한국당,재선,지역구,남,Representative,0.1344948665442003,0.0
문진국,0.0,외교통일위원회,문진국,문진국,자유한국당,초선,비례대표,남,Representative,0.6376962280009649,0.0
정갑윤,0.0,외교통일위원회,정갑윤,정갑윤,자유한국당,5선,지역구,남,Representative,0.2887216846392271,0.0
임재훈,0.0021408934792334,외교통일위원회,임재훈,임재훈,국민의당,초선,비례대표,남,Representative,1.0830349246445592,0.0023186624079535737
이동섭,0.0086538057449161,외교통일위원회,이동섭,이동섭,국민의당,초선,비례대표,남,Representative,1.3011529436280886,0.011259924818583247
최도자,0.0129404445348232,외교통일위원회,최도자,최도자,국민의당,초선,비례대표,여,Representative,1.2596089727347155,0.016299900047239215
이철규,0.0007651888800144,외교통일위원회,이철규,이철규,자유한국당,초선,지역구,남,Representative,0.4017209073035526,0.000307392371137974
김규환,0.0,외교통일위원회,김규환,김규환,자유한국당,초선,비례대표,남,Representative,0.4770049822009083,0.0
염동열,0.0,외교통일위원회,염동열,염동열,자유한국당,재선,지역구,남,Representative,0.2114928291135159,0.0
이은재,0.0,외교통일위원회,이은재,이은재,자유한국당,재선,지역구,여,Representative,0.0511753819484567,0.0
민경욱,0.0028300598690778,외교통일위원회,민경욱,민경욱,자유한국당,초선,지역구,남,Representative,0.073326278826337,0.00020751775905522552
윤영석,0.0035084722830767,외교통일위원회,윤영석,윤영석,자유한국당,재선,지역구,남,Representative,0.3920069894662951,0.0013753456573148363
이만희,0.0,외교통일위원회,이만희,이만희,자유한국당,초선,지역구,남,Representative,0.3536107077628312,0.0
조원진,0.0001511719873454,외교통일위원회,조원진,조원진,자유한국당,3선,지역구,남,Representative,0.1561314852952748,2.3602706919275788e-05
오영훈,0.0,외교통일위원회,오영훈,오영훈,더불어민주당,초선,지역구,남,Representative,0.7649594424293005,0.0
권은희,0.0,외교통일위원회,권은희,권은희,국민의당,재선,지역구,여,Representative,0.9101311635551772,0.0
김민기,0.0,외교통일위원회,김민기,김민기,더불어민주당,재선,지역구,남,Representative,0.1891638569535047,0.0
김한정,0.0,외교통일위원회,김한정,김한정,더불어민주당,초선,지역구,남,Representative,0.475581724187707,0.0
이개호,0.0,외교통일위원회,이개호,이개호,더불어민주당,재선,지역구,남,Representative,0.9076344805120292,0.0
김종석,0.0,외교통일위원회,김종석,김종석,자유한국당,초선,비례대표,남,Representative,0.1902354048834826,0.0
이장우,0.0,외교통일위원회,이장우,이장우,자유한국당,재선,지역구,남,Representative,0.2676638759131752,0.0
김종훈,0.0,외교통일위원회,김종훈,김종훈,더불어민주당,초선,지역구,남,Representative,1.5948540798459616,0.0
박주선,0.0052497949571307,외교통일위원회,박주선,박주선,국민의당,4선,지역구,남,Representative,1.0117643014135882,0.005311555127365921
한정애,0.0037784676794218,외교통일위원회,한정애,한정애,더불어민주당,재선,지역구,여,Representative,0.4432117996184036,0.0016746614599965092
강석진,0.0,외교통일위원회,강석진,강석진,자유한국당,초선,지역구,남,Representative,0.6089939732328231,0.0
곽상도,0.0,외교통일위원회,곽상도,곽상도,자유한국당,초선,지역구,남,Representative,0.1797207201934033,0.0
김기선,0.0101003922151801,외교통일위원회,김기선,김기선,자유한국당,재선,지역구,남,Representative,0.2058944226376191,0.002079614423558009
김도읍,0.007757101809028,외교통일위원회,김도읍,김도읍,자유한국당,재선,지역구,남,Representative,0.0786043622449074,0.0006097420405674634
김승희,0.0058827279981627,외교통일위원회,김승희,김승희,자유한국당,초선,비례대표,여,Representative,0.3319279231870295,0.0019526416871043365
김재원,0.0,외교통일위원회,김재원,김재원,자유한국당,3선,지역구,남,Representative,0.215473832424108,0.0
김정훈,0.0011961726378788,외교통일위원회,김정훈,김정훈,자유한국당,4선,지역구,남,Representative,0.260541039338365,0.00031165206230105623
김한표,0.0001118265662053,외교통일위원회,김한표,김한표,자유한국당,재선,지역구,남,Representative,0.3879670316340894,4.338502094850322e-05
나경원,0.0021483954996477,외교통일위원회,나경원,나경원,자유한국당,4선,지역구,여,Representative,0.4570003286366014,0.0009818174493803943
박순자,0.0,외교통일위원회,박순자,박순자,자유한국당,3선,지역구,여,Representative,0.4713721881542825,0.0
박완수,0.0,외교통일위원회,박완수,박완수,자유한국당,초선,지역구,남,Representative,0.320674965976727,0.0
송석준,0.0,외교통일위원회,송석준,송석준,자유한국당,초선,지역구,남,Representative,0.8824103424051088,0.0
안상수,0.0,외교통일위원회,안상수,안상수,자유한국당,3선,지역구,남,Representative,0.6645956077847494,0.0
유재중,0.0,외교통일위원회,유재중,유재중,자유한국당,3선,지역구,남,Representative,0.4969856333113908,0.0
윤한홍,0.0,외교통일위원회,윤한홍,윤한홍,자유한국당,초선,지역구,남,Representative,0.2622782919078764,0.0
이양수,0.0045943969909165,외교통일위원회,이양수,이양수,자유한국당,초선,지역구,남,Representative,0.8099604387683925,0.0037212798026389103
이우현,0.0,외교통일위원회,이우현,이우현,자유한국당,재선,지역구,남,Representative,0.2335736215615007,0.0
이종구,0.0,외교통일위원회,이종구,이종구,자유한국당,3선,지역구,남,Representative,0.5199034206107074,0.0
이진복,0.0,외교통일위원회,이진복,이진복,자유한국당,3선,지역구,남,Representative,0.219085789524194,0.0
이헌승,0.0,외교통일위원회,이헌승,이헌승,자유한국당,재선,지역구,남,Representative,0.1422055697125377,0.0
장제원,0.0,외교통일위원회,장제원,장제원,자유한국당,재선,지역구,남,Representative,0.5900030223326368,0.0
전희경,0.0,외교통일위원회,전희경,전희경,자유한국당,초선,비례대표,여,Representative,0.0178870009551029,0.0
정용기,0.0,외교통일위원회,정용기,정용기,자유한국당,재선,지역구,남,Representative,0.1798568900906483,0.0
정우택,0.0006718603879473,외교통일위원회,정우택,정우택,자유한국당,4선,지역구,남,Representative,0.5140939839979815,0.00034539938353025685
정종섭,0.0,외교통일위원회,정종섭,정종섭,자유한국당,초선,지역구,남,Representative,0.3807594230574026,0.0
조경태,0.0098113354838161,외교통일위원회,조경태,조경태,자유한국당,4선,지역구,남,Representative,0.9905363611314508,0.009718484547979082
주광덕,0.0,외교통일위원회,주광덕,주광덕,자유한국당,재선,지역구,남,Representative,0.2195218361538728,0.0
최연혜,0.0,외교통일위원회,최연혜,최연혜,자유한국당,초선,비례대표,여,Representative,0.0914081709115077,0.0
한선교,0.0,외교통일위원회,한선교,한선교,자유한국당,4선,지역구,남,Representative,0.1186880320068769,0.0
홍문종,0.0,외교통일위원회,홍문종,홍문종,자유한국당,4선,지역구,남,Representative,0.1754129276773165,0.0
홍철호,0.0122467161494767,외교통일위원회,홍철호,홍철호,자유한국당,재선,지역구,남,Representative,0.4481695399588016,0.0054886051427169985
박주민,0.0059235413096547,외교통일위원회,박주민,박주민,더불어민주당,초선,지역구,남,Representative,0.6441785729603295,0.0038158183877249263
이상헌,0.0,외교통일위원회,이상헌,이상헌,더불어민주당,초선,지역구,남,Representative,0.7296652103979866,0.0
표창원,0.0,외교통일위원회,표창원,표창원,더불어민주당,초선,지역구,남,Representative,0.4432466247795722,0.0
황희,0.0,외교통일위원회,황희,황희,더불어민주당,초선,지역구,남,Representative,0.2691269447247251,0.0
김중로,0.0012882926829333,외교통일위원회,김중로,김중로,국민의당,초선,비례대표,남,Representative,1.0195617327999331,0.0013134939201649503
김해영,0.0033453233139238,외교통일위원회,김해영,김해영,더불어민주당,초선,지역구,남,Representative,0.4741611749752225,0.0015862224332021141
황주홍,0.0302380689621919,외교통일위원회,황주홍,황주홍,국민의당,재선,지역구,남,Representative,1.2962987186817088,0.03919757005109851
박주현,0.0,외교통일위원회,박주현,박주현,국민의당,초선,비례대표,여,Representative,0.6812471540561623,0.0
이용주,0.0,외교통일위원회,이용주,이용주,국민의당,초선,지역구,남,Representative,0.6566531230147329,0.0
김종회,0.0,외교통일위원회,김종회,김종회,국민의당,초선,지역구,남,Representative,1.05317158253419,0.0
윤소하,0.0,외교통일위원회,윤소하,윤소하,정의당,초선,비례대표,남,Representative,1.501385577848504,0.0
이태규,0.0,외교통일위원회,이태규,이태규,국민의당,초선,비례대표,남,Representative,1.2563599016081857,0.0
오신환,0.0,외교통일위원회,오신환,오신환,자유한국당,재선,지역구,남,Representative,1.0828612536923172,0.0
강병원,0.0,외교통일위원회,강병원,강병원,더불어민주당,초선,지역구,남,Representative,0.3711053074374737,0.0
이용호,0.0049612811395795,외교통일위원회,이용호,이용호,국민의당,초선,지역구,남,Representative,0.9837359713108262,0.004880590720790323
손혜원,0.0,외교통일위원회,손혜원,손혜원,더불어민주당,초선,지역구,여,Representative,0.8635365284530971,0.0
신경민,0.000343902584377,외교통일위원회,신경민,신경민,더불어민주당,재선,지역구,남,Representative,0.2582677030896177,8.881893055363124e-05
우상호,0.0004348717744811,외교통일위원회,우상호,우상호,더불어민주당,3선,지역구,남,Representative,0.950393725091267,0.000413299405686142
박범계,0.0,외교통일위원회,박범계,박범계,더불어민주당,재선,지역구,남,Representative,0.5376962952563203,0.0
진선미,0.0,외교통일위원회,진선미,진선미,더불어민주당,재선,지역구,여,Representative,0.7038169878391717,0.0
오세정,0.0,외교통일위원회,오세정,오세정,국민의당,초선,비례대표,남,Representative,1.1278834176360886,0.0
유은혜,0.0,외교통일위원회,유은혜,유은혜,더불어민주당,재선,지역구,여,Representative,0.4014353783153699,0.0
손금주,0.0,외교통일위원회,손금주,손금주,국민의당,초선,지역구,남,Representative,1.3417577348471896,0.0
정성호,0.0,외교통일위원회,정성호,정성호,더불어민주당,3선,지역구,남,Representative,0.9858607826855786,0.0
이정미,0.0,외교통일위원회,이정미,이정미,정의당,초선,비례대표,여,Representative,1.419781284660404,0.0
문희상,0.0014825354297755,외교통일위원회,문희상,문희상,더불어민주당,6선,지역구,남,Representative,0.6351751444405559,0.0009416696557458949
홍익표,0.0007306254860042,외교통일위원회,홍익표,홍익표,더불어민주당,재선,지역구,남,Representative,0.1975395629671791,0.0001443274391979525
권석창,0.0,외교통일위원회,권석창,권석창,자유한국당,초선,지역구,남,Representative,0.2295248300116327,0.0
권미혁,0.0,외교통일위원회,권미혁,권미혁,더불어민주당,초선,지역구,여,Representative,0.4592713852034786,0.0
김성식,0.0,외교통일위원회,김성식,김성식,국민의당,재선,지역구,남,Representative,1.2630624263755816,0.0
이혜훈,0.0,외교통일위원회,이혜훈,이혜훈,자유한국당,3선,지역구,여,Representative,1.4755924567120928,0.0
지상욱,0.0,외교통일위원회,지상욱,지상욱,자유한국당,초선,지역구,남,Representative,0.7380939530534976,0.0
박준영,0.0019146929891665,외교통일위원회,박준영,박준영,국민의당,초선,지역구,남,Representative,0.8806716279052433,0.001686215791708018
송기석,0.0,외교통일위원회,송기석,송기석,국민의당,초선,지역구,남,Representative,0.7845483731860012,0.0
이해찬,0.0,외교통일위원회,이해찬,이해찬,더불어민주당,7선,지역구,남,Representative,0.3925330774809683,0.0
민홍철,0.0,외교통일위원회,민홍철,민홍철,더불어민주당,재선,지역구,남,Representative,0.9609964146420744,0.0
오제세,0.0,외교통일위원회,오제세,오제세,더불어민주당,4선,지역구,남,Representative,1.1845693642879889,0.0
윤호중,0.0,외교통일위원회,윤호중,윤호중,더불어민주당,3선,지역구,남,Representative,0.3826215742444835,0.0
박찬우,0.0,외교통일위원회,박찬우,박찬우,자유한국당,초선,지역구,남,Representative,0.453230298468986,0.0
이군현,0.0,외교통일위원회,이군현,이군현,자유한국당,4선,지역구,남,Representative,0.5199038049730397,0.0
박남춘,0.0,외교통일위원회,박남춘,박남춘,더불어민주당,재선,지역구,남,Representative,0.4605735800336737,0.0
윤종오,0.0,외교통일위원회,윤종오,윤종오,더불어민주당,초선,지역구,남,Representative,1.1947717620134848,0.0
추혜선,0.0022084824820083,외교통일위원회,추혜선,추혜선,정의당,초선,비례대표,여,Representative,1.4776255797827655,0.003263310207917595
최명길,0.0,외교통일위원회,최명길,최명길,더불어민주당,초선,지역구,남,Representative,0.6829154638268365,0.0
김경수,0.0,외교통일위원회,김경수,김경수,더불어민주당,초선,지역구,남,Representative,0.2933099446985726,0.0
배덕광,0.0,외교통일위원회,배덕광,배덕광,자유한국당,재선,지역구,남,Representative,0.1475526412690407,0.0
양승조,0.0,외교통일위원회,양승조,양승조,더불어민주당,4선,지역구,남,Representative,0.7857133708245717,0.0
김현미,0.0012733759055818,외교통일위원회,김현미,김현미,더불어민주당,3선,지역구,여,Representative,0.5372955133516878,0.0006841791608792436
문미옥,0.0,외교통일위원회,문미옥,문미옥,더불어민주당,초선,비례대표,여,Representative,0.3542828873224695,0.0
박영선,0.0,외교통일위원회,박영선,박영선,더불어민주당,4선,지역구,여,Representative,0.4472601336192084,0.0
노회찬,0.0,외교통일위원회,노회찬,노회찬,정의당,3선,지역구,남,Representative,1.280547886443722,0.0
심상정,0.0,외교통일위원회,심상정,심상정,정의당,3선,지역구,여,Representative,1.4101172974735254,0.0
이상돈,0.0,외교통일위원회,이상돈,이상돈,국민의당,초선,비례대표,남,Representative,1.606671771644464,0.0
이철우,0.0,외교통일위원회,이철우,이철우,자유한국당,3선,지역구,남,Representative,0.2619402628325249,0.0
김종태,0.0,외교통일위원회,김종태,김종태,자유한국당,재선,지역구,남,Representative,0.4863851342735198,0.0
김민기,0.000441524037088,정보위원회,김민기,김민기,더불어민주당,재선,지역구,남,Representative,0.1891638569535047,8.352038979324834e-05
김병기,0.0023753560328632,정보위원회,김병기,김병기,더불어민주당,초선,지역구,남,Representative,0.1877751940353654,0.0004460329399739632
김영호,0.0,정보위원회,김영호,김영호,더불어민주당,초선,지역구,남,Representative,0.4539708046944207,0.0
김철민,0.0,정보위원회,김철민,김철민,더불어민주당,초선,지역구,남,Representative,0.4943055978963909,0.0
박정,0.0,정보위원회,박정,박정,더불어민주당,초선,지역구,남,Representative,0.2968827671690504,0.0
서삼석,0.0,정보위원회,서삼석,서삼석,더불어민주당,초선,지역구,남,Representative,0.3135534965130757,0.0
송기헌,0.0,정보위원회,송기헌,송기헌,더불어민주당,초선,지역구,남,Representative,0.3192665277817301,0.0
윤관석,0.0,정보위원회,윤관석,윤관석,더불어민주당,재선,지역구,남,Representative,0.3522558143466113,0.0
윤준호,0.0,정보위원회,윤준호,윤준호,더불어민주당,초선,지역구,남,Representative,0.8409997210125054,0.0
이원욱,0.0003549506964825,정보위원회,이원욱,이원욱,더불어민주당,재선,지역구,남,Representative,0.3714494969930796,0.0001318462576657679
임종성,0.0,정보위원회,임종성,임종성,더불어민주당,초선,지역구,남,Representative,0.5180000225410992,0.0
전해철,0.0,정보위원회,전해철,전해철,더불어민주당,재선,지역구,남,Representative,0.1604451590533877,0.0
조승래,0.0,정보위원회,조승래,조승래,더불어민주당,초선,지역구,남,Representative,0.2088104943838757,0.0
홍영표,0.0,정보위원회,홍영표,홍영표,더불어민주당,3선,지역구,남,Representative,0.7711565648093,0.0
고용진,0.0,정보위원회,고용진,고용진,더불어민주당,초선,지역구,남,Representative,0.4239737881662508,0.0
김성수,0.0,정보위원회,김성수,김성수,더불어민주당,초선,비례대표,남,Representative,0.6300024830232042,0.0
김정우,0.0,정보위원회,김정우,김정우,더불어민주당,초선,지역구,남,Representative,0.4417726916628472,0.0
맹성규,0.0,정보위원회,맹성규,맹성규,더불어민주당,초선,지역구,남,Representative,0.302559084695415,0.0
박경미,0.0,정보위원회,박경미,박경미,더불어민주당,초선,비례대표,여,Representative,0.5361234903354704,0.0
신동근,0.0,정보위원회,신동근,신동근,더불어민주당,초선,지역구,남,Representative,0.4356644688754545,0.0
이인영,0.0,정보위원회,이인영,이인영,더불어민주당,3선,지역구,남,Representative,0.1211476890856317,0.0
정춘숙,0.0,정보위원회,정춘숙,정춘숙,더불어민주당,초선,비례대표,여,Representative,0.6218718977568765,0.0
조정식,0.0,정보위원회,조정식,조정식,더불어민주당,4선,지역구,남,Representative,0.657600712329438,0.0
최운열,0.0,정보위원회,최운열,최운열,더불어민주당,초선,비례대표,남,Representative,0.459943821659768,0.0
한정애,0.0,정보위원회,한정애,한정애,더불어민주당,재선,지역구,여,Representative,0.4432117996184036,0.0
홍의락,0.0,정보위원회,홍의락,홍의락,더불어민주당,재선,지역구,남,Representative,0.5274233799288646,0.0
이춘석,0.0009339099117817,정보위원회,이춘석,이춘석,더불어민주당,3선,지역구,남,Representative,0.5338027552115759,0.0004985236840284713
금태섭,0.0,정보위원회,금태섭,금태섭,더불어민주당,초선,지역구,남,Representative,0.4645794902283139,0.0
기동민,0.0,정보위원회,기동민,기동민,더불어민주당,초선,지역구,남,Representative,0.1406386680233549,0.0
김두관,0.0,정보위원회,김두관,김두관,더불어민주당,초선,지역구,남,Representative,0.4560581632169218,0.0
박지원,0.0,정보위원회,박지원,박지원,국민의당,4선,지역구,남,Representative,0.7565970138970873,0.0
백혜련,0.0,정보위원회,백혜련,백혜련,더불어민주당,초선,지역구,여,Representative,0.2873528638507782,0.0
안민석,0.0,정보위원회,안민석,안민석,더불어민주당,4선,지역구,남,Representative,0.6831934548821521,0.0
원혜영,0.0,정보위원회,원혜영,원혜영,더불어민주당,5선,지역구,남,Representative,0.8199263539696501,0.0
이학영,0.0,정보위원회,이학영,이학영,더불어민주당,재선,지역구,남,Representative,0.3212334061727276,0.0
최재성,0.0,정보위원회,최재성,최재성,더불어민주당,4선,지역구,남,Representative,0.0631784868170286,0.0
이은재,1.2986001090824092e-05,정보위원회,이은재,이은재,자유한국당,재선,지역구,여,Representative,0.0511753819484567,6.645635658059983e-07
곽대훈,0.0,정보위원회,곽대훈,곽대훈,자유한국당,초선,지역구,남,Representative,0.1312626090957611,0.0
곽상도,0.0,정보위원회,곽상도,곽상도,자유한국당,초선,지역구,남,Representative,0.1797207201934033,0.0
김성원,0.0001168740098174,정보위원회,김성원,김성원,자유한국당,초선,지역구,남,Representative,0.1487072947006423,1.7380017820761864e-05
박성중,0.0,정보위원회,박성중,박성중,자유한국당,초선,지역구,남,Representative,0.1599671130327059,0.0
윤한홍,0.0,정보위원회,윤한홍,윤한홍,자유한국당,초선,지역구,남,Representative,0.2622782919078764,0.0
이양수,0.0,정보위원회,이양수,이양수,자유한국당,초선,지역구,남,Representative,0.8099604387683925,0.0
이종배,0.0,정보위원회,이종배,이종배,자유한국당,재선,지역구,남,Representative,0.2546643617911198,0.0
이진복,0.0,정보위원회,이진복,이진복,자유한국당,3선,지역구,남,Representative,0.219085789524194,0.0
이채익,0.0,정보위원회,이채익,이채익,자유한국당,재선,지역구,남,Representative,0.415602928743905,0.0
이철규,0.0,정보위원회,이철규,이철규,자유한국당,초선,지역구,남,Representative,0.4017209073035526,0.0
임이자,0.0,정보위원회,임이자,임이자,자유한국당,초선,비례대표,여,Representative,0.2625742813254558,0.0
정유섭,0.0,정보위원회,정유섭,정유섭,자유한국당,초선,지역구,남,Representative,0.4080188775728643,0.0
한선교,0.0,정보위원회,한선교,한선교,자유한국당,4선,지역구,남,Representative,0.1186880320068769,0.0
송갑석,0.0,정보위원회,송갑석,송갑석,더불어민주당,초선,지역구,남,Representative,0.1128634081839454,0.0
박광온,0.0013884199499606,정보위원회,박광온,박광온,더불어민주당,재선,지역구,남,Representative,0.2036686067716271,0.00028277755682240763
박홍근,0.0066683115601381,정보위원회,박홍근,박홍근,더불어민주당,재선,지역구,남,Representative,0.4380480284960645,0.0029210407323160105
설훈,0.0,정보위원회,설훈,설훈,더불어민주당,4선,지역구,남,Representative,0.2947522077855856,0.0
신경민,0.0,정보위원회,신경민,신경민,더불어민주당,재선,지역구,남,Representative,0.2582677030896177,0.0
이훈,0.0,정보위원회,이훈,이훈,더불어민주당,초선,지역구,남,Representative,0.4457924997779086,0.0
인재근,0.0,정보위원회,인재근,인재근,더불어민주당,재선,지역구,여,Representative,0.4706617600587874,0.0
홍익표,0.0,정보위원회,홍익표,홍익표,더불어민주당,재선,지역구,남,Representative,0.1975395629671791,0.0
홍철호,0.0004545100381788,정보위원회,홍철호,홍철호,자유한국당,재선,지역구,남,Representative,0.4481695399588016,0.00020369755471725016
권성동,0.0,정보위원회,권성동,권성동,자유한국당,3선,지역구,남,Representative,0.4062466024090395,0.0
김재경,0.0,정보위원회,김재경,김재경,자유한국당,4선,지역구,남,Representative,0.1491019221549866,0.0
박대출,0.0,정보위원회,박대출,박대출,자유한국당,재선,지역구,남,Representative,0.1666888897701005,0.0
박선숙,0.0004674960392696,정보위원회,박선숙,박선숙,국민의당,재선,비례대표,여,Representative,1.2142537538570304,0.0005676588205964055
송언석,0.0,정보위원회,송언석,송언석,자유한국당,초선,지역구,남,Representative,0.1908856424447248,0.0
이종명,0.0,정보위원회,이종명,이종명,자유한국당,초선,비례대표,남,Representative,0.1302432569839321,0.0
정갑윤,0.0,정보위원회,정갑윤,정갑윤,자유한국당,5선,지역구,남,Representative,0.2887216846392271,0.0
조훈현,0.0,정보위원회,조훈현,조훈현,자유한국당,초선,비례대표,남,Representative,0.3604447460125601,0.0
추경호,0.0,정보위원회,추경호,추경호,자유한국당,초선,지역구,남,Representative,0.1387872488569416,0.0
장제원,0.0,정보위원회,장제원,장제원,자유한국당,재선,지역구,남,Representative,0.5900030223326368,0.0
김선동,0.0,정보위원회,김선동,김선동,자유한국당,재선,지역구,남,Representative,0.1938810024934638,0.0
성일종,0.0,정보위원회,성일종,성일종,자유한국당,초선,지역구,남,Representative,0.2957858911419952,0.0
여상규,0.0,정보위원회,여상규,여상규,자유한국당,3선,지역구,남,Representative,0.179755435767015,0.0
염동열,0.0,정보위원회,염동열,염동열,자유한국당,재선,지역구,남,Representative,0.2114928291135159,0.0
장석춘,0.0,정보위원회,장석춘,장석춘,자유한국당,초선,지역구,남,Representative,0.1436037583640525,0.0
정태옥,0.0,정보위원회,정태옥,정태옥,자유한국당,초선,지역구,남,Representative,0.3062475812524373,0.0
이완영,0.000883048074176,정보위원회,이완영,이완영,자유한국당,재선,지역구,남,Representative,0.3571997154092039,0.0003154245207883128
강길부,0.0,정보위원회,강길부,강길부,자유한국당,4선,지역구,남,Representative,1.011544857155329,0.0
강석진,0.0,정보위원회,강석진,강석진,자유한국당,초선,지역구,남,Representative,0.6089939732328231,0.0
강석호,2.5972002181648184e-05,정보위원회,강석호,강석호,자유한국당,3선,지역구,남,Representative,0.4559473254820344,1.1841864932136052e-05
권석창,0.0,정보위원회,권석창,권석창,자유한국당,초선,지역구,남,Representative,0.2295248300116327,0.0
김광림,0.0,정보위원회,김광림,김광림,자유한국당,3선,지역구,남,Representative,0.2439500943098557,0.0
김기선,0.0,정보위원회,김기선,김기선,자유한국당,재선,지역구,남,Representative,0.2058944226376191,0.0
김무성,0.0,정보위원회,김무성,김무성,자유한국당,6선,지역구,남,Representative,0.2993921614051784,0.0
김상훈,0.0,정보위원회,김상훈,김상훈,자유한국당,재선,지역구,남,Representative,0.1847431044523968,0.0
김성찬,0.0,정보위원회,김성찬,김성찬,자유한국당,재선,지역구,남,Representative,0.6145298499661254,0.0
김승희,0.0,정보위원회,김승희,김승희,자유한국당,초선,비례대표,여,Representative,0.3319279231870295,0.0
김정재,0.0,정보위원회,김정재,김정재,자유한국당,초선,지역구,여,Representative,0.2044480865242837,0.0
김종석,0.0,정보위원회,김종석,김종석,자유한국당,초선,비례대표,남,Representative,0.1902354048834826,0.0
김태흠,0.0,정보위원회,김태흠,김태흠,자유한국당,재선,지역구,남,Representative,0.74944812472639,0.0
김한표,0.0,정보위원회,김한표,김한표,자유한국당,재선,지역구,남,Representative,0.3879670316340894,0.0
박덕흠,0.0,정보위원회,박덕흠,박덕흠,자유한국당,재선,지역구,남,Representative,0.3783016007215079,0.0
박맹우,0.0,정보위원회,박맹우,박맹우,자유한국당,재선,지역구,남,Representative,0.2150211852210185,0.0
박명재,0.0,정보위원회,박명재,박명재,자유한국당,재선,지역구,남,Representative,0.5424317597732208,0.0
박인숙,0.0,정보위원회,박인숙,박인숙,자유한국당,재선,지역구,여,Representative,0.5061732872045339,0.0
송석준,0.0,정보위원회,송석준,송석준,자유한국당,초선,지역구,남,Representative,0.8824103424051088,0.0
송희경,0.0,정보위원회,송희경,송희경,자유한국당,초선,비례대표,여,Representative,0.6136147509492222,0.0
신상진,0.0,정보위원회,신상진,신상진,자유한국당,4선,지역구,남,Representative,0.5170961526344651,0.0
심재철,0.0,정보위원회,심재철,심재철,자유한국당,5선,지역구,남,Representative,0.2402035505413585,0.0
안상수,0.0,정보위원회,안상수,안상수,자유한국당,3선,지역구,남,Representative,0.6645956077847494,0.0
엄용수,0.0,정보위원회,엄용수,엄용수,자유한국당,초선,지역구,남,Representative,0.3660271027599738,0.0
유기준,0.0,정보위원회,유기준,유기준,자유한국당,4선,지역구,남,Representative,0.2633017533080311,0.0
유민봉,0.0,정보위원회,유민봉,유민봉,자유한국당,초선,비례대표,남,Representative,0.2816932534582966,0.0
유재중,0.0,정보위원회,유재중,유재중,자유한국당,3선,지역구,남,Representative,0.4969856333113908,0.0
윤상직,0.0,정보위원회,윤상직,윤상직,자유한국당,초선,지역구,남,Representative,0.3535025828741088,0.0
윤상현,0.0,정보위원회,윤상현,윤상현,자유한국당,3선,지역구,남,Representative,0.2001655767502632,0.0
이만희,0.0,정보위원회,이만희,이만희,자유한국당,초선,지역구,남,Representative,0.3536107077628312,0.0
이명수,7.791600654494455e-05,정보위원회,이명수,이명수,자유한국당,3선,지역구,남,Representative,0.3282274440638352,2.5574171679908204e-05
이주영,0.0,정보위원회,이주영,이주영,자유한국당,5선,지역구,남,Representative,0.5651882414157886,0.0
이헌승,0.0,정보위원회,이헌승,이헌승,자유한국당,재선,지역구,남,Representative,0.1422055697125377,0.0
이현재,0.0,정보위원회,이현재,이현재,자유한국당,재선,지역구,남,Representative,0.2081669972188319,0.0
전희경,0.0,정보위원회,전희경,전희경,자유한국당,초선,비례대표,여,Representative,0.0178870009551029,0.0
정우택,0.0,정보위원회,정우택,정우택,자유한국당,4선,지역구,남,Representative,0.5140939839979815,0.0
정종섭,0.0,정보위원회,정종섭,정종섭,자유한국당,초선,지역구,남,Representative,0.3807594230574026,0.0
정진석,0.0,정보위원회,정진석,정진석,자유한국당,4선,지역구,남,Representative,0.2765017781360929,0.0
최교일,0.0,정보위원회,최교일,최교일,자유한국당,초선,지역구,남,Representative,0.095160296612104,0.0
함진규,0.0,정보위원회,함진규,함진규,자유한국당,재선,지역구,남,Representative,0.2078582495326021,0.0
홍일표,0.0,정보위원회,홍일표,홍일표,자유한국당,3선,지역구,남,Representative,0.7569146892318556,0.0
황영철,0.0,정보위원회,황영철,황영철,자유한국당,3선,지역구,남,Representative,0.3717335455385492,0.0
김관영,0.0,정보위원회,김관영,김관영,국민의당,재선,지역구,남,Representative,1.1358758772529134,0.0
김광수,0.0,정보위원회,김광수,김광수,국민의당,초선,지역구,남,Representative,0.7050580980902613,0.0
신용현,0.0,정보위원회,신용현,신용현,국민의당,초선,지역구,여,Representative,0.9729453901363904,0.0
오세정,0.0,정보위원회,오세정,오세정,국민의당,초선,비례대표,남,Representative,1.1278834176360886,0.0
윤영일,0.0,정보위원회,윤영일,윤영일,국민의당,초선,지역구,남,Representative,1.2136308597582175,0.0
이찬열,0.0,정보위원회,이찬열,이찬열,더불어민주당,3선,지역구,남,Representative,1.1746514826711774,0.0
장정숙,0.0,정보위원회,장정숙,장정숙,국민의당,초선,비례대표,여,Representative,1.0742364163183826,0.0
채이배,0.0,정보위원회,채이배,채이배,국민의당,초선,비례대표,남,Representative,1.231055717778328,0.0
문진국,0.0,정보위원회,문진국,문진국,자유한국당,초선,비례대표,남,Representative,0.6376962280009649,0.0
원유철,0.0,정보위원회,원유철,원유철,자유한국당,5선,지역구,남,Representative,0.4771525237688151,0.0
노회찬,0.0004610030387242,정보위원회,노회찬,노회찬,정의당,3선,지역구,남,Representative,1.280547886443722,0.0005903364668824076
김종대,0.0,정보위원회,김종대,김종대,정의당,초선,비례대표,남,Representative,1.4582975228087227,0.0
김종훈,0.0,정보위원회,김종훈,김종훈,더불어민주당,초선,지역구,남,Representative,1.5948540798459616,0.0
심상정,0.0,정보위원회,심상정,심상정,정의당,3선,지역구,여,Representative,1.4101172974735254,0.0
윤소하,0.0,정보위원회,윤소하,윤소하,정의당,초선,비례대표,남,Representative,1.501385577848504,0.0
이정미,0.0,정보위원회,이정미,이정미,정의당,초선,비례대표,여,Representative,1.419781284660404,0.0
정동영,0.0,정보위원회,정동영,정동영,국민의당,4선,지역구,남,Representative,1.1063278234248168,0.0
진선미,0.0013148326104459,정보위원회,진선미,진선미,더불어민주당,재선,지역구,여,Representative,0.7038169878391717,0.0009254015273967483
추혜선,0.0,정보위원회,추혜선,추혜선,정의당,초선,비례대표,여,Representative,1.4776255797827655,0.0
추미애,0.007769957319343,정보위원회,추미애,추미애,더불어민주당,5선,지역구,여,Representative,0.2576812972041676,0.002002172681269321
강훈식,0.0,정보위원회,강훈식,강훈식,더불어민주당,초선,지역구,남,Representative,0.371852456351433,0.0
권미혁,0.0,정보위원회,권미혁,권미혁,더불어민주당,초선,지역구,여,Representative,0.4592713852034786,0.0
권칠승,0.0,정보위원회,권칠승,권칠승,더불어민주당,초선,지역구,남,Representative,0.3014891570605743,0.0
김경협,0.0,정보위원회,김경협,김경협,더불어민주당,재선,지역구,남,Representative,0.2751830860421476,0.0
김상희,0.0,정보위원회,김상희,김상희,더불어민주당,3선,지역구,여,Representative,0.549508602610133,0.0
김종민,0.0,정보위원회,김종민,김종민,더불어민주당,초선,지역구,남,Representative,0.5934295202694789,0.0
김진표,0.0,정보위원회,김진표,김진표,더불어민주당,4선,지역구,남,Representative,0.9058736267791744,0.0
김한정,0.0,정보위원회,김한정,김한정,더불어민주당,초선,지역구,남,Representative,0.475581724187707,0.0
김해영,0.0034218112874321,정보위원회,김해영,김해영,더불어민주당,초선,지역구,남,Representative,0.4741611749752225,0.0016224900605922832
김현권,0.0,정보위원회,김현권,김현권,더불어민주당,초선,비례대표,남,Representative,0.6106213595945515,0.0
남인순,0.0,정보위원회,남인순,남인순,더불어민주당,재선,지역구,여,Representative,0.6462902314628618,0.0
노웅래,0.0,정보위원회,노웅래,노웅래,더불어민주당,3선,지역구,남,Representative,0.7159401864066474,0.0
문희상,0.0,정보위원회,문희상,문희상,더불어민주당,6선,지역구,남,Representative,0.6351751444405559,0.0
민병두,0.0,정보위원회,민병두,민병두,더불어민주당,3선,지역구,남,Representative,0.4585025107011514,0.0
민홍철,0.0,정보위원회,민홍철,민홍철,더불어민주당,재선,지역구,남,Representative,0.9609964146420744,0.0
박남춘,0.0,정보위원회,박남춘,박남춘,더불어민주당,재선,지역구,남,Representative,0.4605735800336737,0.0
박범계,0.0,정보위원회,박범계,박범계,더불어민주당,재선,지역구,남,Representative,0.5376962952563203,0.0
박영선,0.0,정보위원회,박영선,박영선,더불어민주당,4선,지역구,여,Representative,0.4472601336192084,0.0
박완주,0.0,정보위원회,박완주,박완주,더불어민주당,재선,지역구,남,Representative,0.7029909046961353,0.0
박주민,0.0,정보위원회,박주민,박주민,더불어민주당,초선,지역구,남,Representative,0.6441785729603295,0.0
박찬대,0.0003030066921192,정보위원회,박찬대,박찬대,더불어민주당,초선,지역구,남,Representative,0.6056175521921311,0.0001835061711790646
백재현,0.0,정보위원회,백재현,백재현,더불어민주당,3선,지역구,남,Representative,0.5536257649582159,0.0
변재일,0.0,정보위원회,변재일,변재일,더불어민주당,4선,지역구,남,Representative,0.629493870938658,0.0
서영교,0.0,정보위원회,서영교,서영교,더불어민주당,재선,지역구,여,Representative,0.4822796444107599,0.0
서형수,0.0,정보위원회,서형수,서형수,더불어민주당,초선,지역구,남,Representative,0.5046603090328576,0.0
소병훈,0.0,정보위원회,소병훈,소병훈,더불어민주당,초선,지역구,남,Representative,0.5375988645747761,0.0
손혜원,0.0,정보위원회,손혜원,손혜원,더불어민주당,초선,지역구,여,Representative,0.8635365284530971,0.0
송옥주,0.0,정보위원회,송옥주,송옥주,더불어민주당,초선,비례대표,여,Representative,0.5052940578089671,0.0
신창현,0.0,정보위원회,신창현,신창현,더불어민주당,초선,지역구,남,Representative,0.0854651307466251,0.0
심기준,0.0,정보위원회,심기준,심기준,더불어민주당,초선,비례대표,남,Representative,0.3265883675668164,0.0
안호영,0.0,정보위원회,안호영,안호영,더불어민주당,초선,지역구,남,Representative,0.3178846521149758,0.0
어기구,0.0,정보위원회,어기구,어기구,더불어민주당,초선,지역구,남,Representative,0.386064465691427,0.0
오영훈,0.0,정보위원회,오영훈,오영훈,더불어민주당,초선,지역구,남,Representative,0.7649594424293005,0.0
오제세,0.0,정보위원회,오제세,오제세,더불어민주당,4선,지역구,남,Representative,1.1845693642879889,0.0
우상호,0.0,정보위원회,우상호,우상호,더불어민주당,3선,지역구,남,Representative,0.950393725091267,0.0
우원식,0.0,정보위원회,우원식,우원식,더불어민주당,3선,지역구,남,Representative,0.2682558233303833,0.0
유동수,0.0,정보위원회,유동수,유동수,더불어민주당,초선,지역구,남,Representative,0.8688043750278167,0.0
유승희,0.0,정보위원회,유승희,유승희,더불어민주당,3선,지역구,여,Representative,0.5469890607717001,0.0
유은혜,0.0,정보위원회,유은혜,유은혜,더불어민주당,재선,지역구,여,Representative,0.4014353783153699,0.0
이석현,0.0,정보위원회,이석현,이석현,더불어민주당,6선,지역구,남,Representative,0.4261848158879266,0.0
이수혁,0.0,정보위원회,이수혁,이수혁,더불어민주당,초선,비례대표,남,Representative,0.3510840296934358,0.0
이용득,0.0,정보위원회,이용득,이용득,더불어민주당,초선,비례대표,남,Representative,0.4820345550834095,0.0
이재정,0.0,정보위원회,이재정,이재정,더불어민주당,초선,비례대표,여,Representative,0.1297805327369249,0.0
이종걸,0.0,정보위원회,이종걸,이종걸,더불어민주당,5선,지역구,남,Representative,1.0363897595497007,0.0
이해찬,0.0,정보위원회,이해찬,이해찬,더불어민주당,7선,지역구,남,Representative,0.3925330774809683,0.0
전현희,0.0,정보위원회,전현희,전현희,더불어민주당,재선,지역구,여,Representative,0.2186320857698749,0.0
전혜숙,0.0,정보위원회,전혜숙,전혜숙,더불어민주당,재선,지역구,여,Representative,0.717807959122133,0.0
정재호,0.0,정보위원회,정재호,정재호,더불어민주당,초선,지역구,남,Representative,0.2574447104853001,0.0
제윤경,0.0,정보위원회,제윤경,제윤경,더불어민주당,초선,비례대표,여,Representative,0.2928274618467911,0.0
조배숙,0.0,정보위원회,조배숙,조배숙,국민의당,4선,지역구,여,Representative,1.0458037986965076,0.0
진영,0.0,정보위원회,진영,진영,더불어민주당,4선,지역구,남,Representative,0.930618422605128,0.0
최인호,0.0,정보위원회,최인호,최인호,더불어민주당,초선,지역구,남,Representative,0.1459769861531162,0.0
표창원,0.0,정보위원회,표창원,표창원,더불어민주당,초선,지역구,남,Representative,0.4432466247795722,0.0
황희,0.0,정보위원회,황희,황희,더불어민주당,초선,지역구,남,Representative,0.2691269447247251,0.0
강병원,0.0,정보위원회,강병원,강병원,더불어민주당,초선,지역구,남,Representative,0.3711053074374737,0.0
김경수,0.0,정보위원회,김경수,김경수,더불어민주당,초선,지역구,남,Representative,0.2933099446985726,0.0
김병관,0.0,정보위원회,김병관,김병관,더불어민주당,초선,지역구,남,Representative,0.4357562473746135,0.0
김영진,0.0,정보위원회,김영진,김영진,더불어민주당,초선,지역구,남,Representative,0.1323556283416291,0.0
김태년,0.0,정보위원회,김태년,김태년,더불어민주당,3선,지역구,남,Representative,0.3475258712280392,0.0
박병석,0.0,정보위원회,박병석,박병석,더불어민주당,5선,지역구,남,Representative,0.4701074306076837,0.0
박재호,0.0,정보위원회,박재호,박재호,더불어민주당,초선,지역구,남,Representative,0.2524296630381502,0.0
심재권,0.0,정보위원회,심재권,심재권,더불어민주당,3선,지역구,남,Representative,0.5028645163718454,0.0
양승조,0.0,정보위원회,양승조,양승조,더불어민주당,4선,지역구,남,Representative,0.7857133708245717,0.0
위성곤,0.0,정보위원회,위성곤,위성곤,더불어민주당,초선,지역구,남,Representative,0.8913491139784591,0.0
윤호중,0.0,정보위원회,윤호중,윤호중,더불어민주당,3선,지역구,남,Representative,0.3826215742444835,0.0
윤후덕,0.0,정보위원회,윤후덕,윤후덕,더불어민주당,재선,지역구,남,Representative,0.3602653219661517,0.0
이개호,0.0,정보위원회,이개호,이개호,더불어민주당,재선,지역구,남,Representative,0.9076344805120292,0.0
이철희,0.0,정보위원회,이철희,이철희,더불어민주당,초선,비례대표,남,Representative,0.8472933004468098,0.0
전재수,0.0,정보위원회,전재수,전재수,더불어민주당,초선,지역구,남,Representative,0.2424661719200068,0.0
이태규,0.0,정보위원회,이태규,이태규,국민의당,초선,비례대표,남,Representative,1.2563599016081857,0.0
김경진,0.0,정보위원회,김경진,김경진,국민의당,초선,지역구,남,Representative,1.3711841868583572,0.0
김종회,0.0,정보위원회,김종회,김종회,국민의당,초선,지역구,남,Representative,1.05317158253419,0.0
송기석,0.0,정보위원회,송기석,송기석,국민의당,초선,지역구,남,Representative,0.7845483731860012,0.0
이동섭,0.0,정보위원회,이동섭,이동섭,국민의당,초선,비례대표,남,Representative,1.3011529436280886,0.0
천정배,9.090200763576864e-05,정보위원회,천정배,천정배,국민의당,6선,지역구,남,Representative,0.9572737450190898,8.701810527924614e-05
하태경,0.0,정보위원회,하태경,하태경,자유한국당,재선,지역구,남,Representative,1.492172082079166,0.0
김영우,0.0,정보위원회,김영우,김영우,자유한국당,3선,지역구,남,Representative,0.6260518797021696,0.0
신보라,0.0,정보위원회,신보라,신보라,자유한국당,초선,비례대표,여,Representative,0.2403514969713895,0.0
윤종필,0.0,정보위원회,윤종필,윤종필,자유한국당,초선,비례대표,여,Representative,0.3873171504317463,0.0
조원진,0.0,정보위원회,조원진,조원진,자유한국당,3선,지역구,남,Representative,0.1561314852952748,0.0
경대수,0.0,정보위원회,경대수,경대수,자유한국당,재선,지역구,남,Representative,0.635460965905347,0.0
이정현,0.0,정보위원회,이정현,이정현,자유한국당,3선,지역구,남,Representative,0.583583007550223,0.0
홍문표,0.0,정보위원회,홍문표,홍문표,자유한국당,3선,지역구,남,Representative,1.0738729958258912,0.0
박준영,0.0,정보위원회,박준영,박준영,국민의당,초선,지역구,남,Representative,0.8806716279052433,0.0
최명길,0.0,정보위원회,최명길,최명길,더불어민주당,초선,지역구,남,Representative,0.6829154638268365,0.0
김수민,0.0006817650572682,정보위원회,김수민,김수민,국민의당,초선,비례대표,여,Representative,1.362224448997969,0.0009287170294832425
김영주,0.0,정보위원회,김영주,김영주,더불어민주당,3선,지역구,여,Representative,0.5066585031839548,0.0
권은희,0.0,정보위원회,권은희,권은희,국민의당,재선,지역구,여,Representative,0.9101311635551772,0.0
박주현,0.0,정보위원회,박주현,박주현,국민의당,초선,비례대표,여,Representative,0.6812471540561623,0.0
정성호,0.0,정보위원회,정성호,정성호,더불어민주당,3선,지역구,남,Representative,0.9858607826855786,0.0
윤종오,0.0009479780796301,정보위원회,윤종오,윤종오,더불어민주당,초선,지역구,남,Representative,1.1947717620134848,0.0011326174405498141
김도읍,0.0,정보위원회,김도읍,김도읍,자유한국당,재선,지역구,남,Representative,0.0786043622449074,0.0
김학용,0.0,정보위원회,김학용,김학용,자유한국당,3선,지역구,남,Representative,0.3347518226262136,0.0
서청원,0.0,정보위원회,서청원,서청원,자유한국당,8선,지역구,남,Representative,0.2133277142020287,0.0
유의동,0.0,정보위원회,유의동,유의동,자유한국당,재선,지역구,남,Representative,1.0164179390168884,0.0
이우현,0.0,정보위원회,이우현,이우현,자유한국당,재선,지역구,남,Representative,0.2335736215615007,0.0
이은권,0.0,정보위원회,이은권,이은권,자유한국당,초선,지역구,남,Representative,0.2381916954337352,0.0
손금주,0.0,정보위원회,손금주,손금주,국민의당,초선,지역구,남,Representative,1.3417577348471896,0.0
이용주,0.0,정보위원회,이용주,이용주,국민의당,초선,지역구,남,Representative,0.6566531230147329,0.0
장병완,0.0,정보위원회,장병완,장병완,국민의당,3선,지역구,남,Representative,0.8364677546616743,0.0
정인화,0.0,정보위원회,정인화,정인화,국민의당,초선,지역구,남,Representative,1.152650910093734,0.0
강창일,0.0,정보위원회,강창일,강창일,더불어민주당,4선,지역구,남,Representative,0.8418881333730888,0.0
김현미,0.0,정보위원회,김현미,김현미,더불어민주당,3선,지역구,여,Representative,0.5372955133516878,0.0
이언주,0.0,정보위원회,이언주,이언주,더불어민주당,재선,지역구,여,Representative,1.5238762330035724,0.0
주승용,0.0,정보위원회,주승용,주승용,국민의당,4선,지역구,남,Representative,1.1127518815412194,0.0
이철우,0.0,정보위원회,이철우,이철우,자유한국당,3선,지역구,남,Representative,0.2619402628325249,0.0
강효상,0.0,정보위원회,강효상,강효상,자유한국당,초선,비례대표,남,Representative,0.2888513821081876,0.0
김규환,0.0,정보위원회,김규환,김규환,자유한국당,초선,비례대표,남,Representative,0.4770049822009083,0.0
김명연,0.0,정보위원회,김명연,김명연,자유한국당,재선,지역구,남,Representative,0.1923901370296166,0.0
김석기,0.0,정보위원회,김석기,김석기,자유한국당,초선,지역구,남,Representative,0.3618426593527747,0.0
김세연,0.0,정보위원회,김세연,김세연,자유한국당,3선,지역구,남,Representative,1.016616967853162,0.0
김순례,0.0,정보위원회,김순례,김순례,자유한국당,초선,비례대표,여,Representative,0.2162730117184349,0.0
김용태,0.0,정보위원회,김용태,김용태,자유한국당,3선,지역구,남,Representative,0.121605698183563,0.0
김정훈,0.0,정보위원회,김정훈,김정훈,자유한국당,4선,지역구,남,Representative,0.260541039338365,0.0
김종태,0.0,정보위원회,김종태,김종태,자유한국당,재선,지역구,남,Representative,0.4863851342735198,0.0
김진태,0.0,정보위원회,김진태,김진태,자유한국당,재선,지역구,남,Representative,0.0487572040542768,0.0
김현아,0.0,정보위원회,김현아,김현아,자유한국당,초선,비례대표,여,Representative,0.6541850288553541,0.0
나경원,0.0,정보위원회,나경원,나경원,자유한국당,4선,지역구,여,Representative,0.4570003286366014,0.0
민경욱,0.0,정보위원회,민경욱,민경욱,자유한국당,초선,지역구,남,Representative,0.073326278826337,0.0
박순자,0.0,정보위원회,박순자,박순자,자유한국당,3선,지역구,여,Representative,0.4713721881542825,0.0
박완수,0.0,정보위원회,박완수,박완수,자유한국당,초선,지역구,남,Representative,0.320674965976727,0.0
박찬우,0.0,정보위원회,박찬우,박찬우,자유한국당,초선,지역구,남,Representative,0.453230298468986,0.0
배덕광,0.0,정보위원회,배덕광,배덕광,자유한국당,재선,지역구,남,Representative,0.1475526412690407,0.0
백승주,0.0,정보위원회,백승주,백승주,자유한국당,초선,지역구,남,Representative,0.1747219249951915,0.0
오신환,0.0,정보위원회,오신환,오신환,자유한국당,재선,지역구,남,Representative,1.0828612536923172,0.0
윤영석,0.0,정보위원회,윤영석,윤영석,자유한국당,재선,지역구,남,Representative,0.3920069894662951,0.0
윤재옥,0.0,정보위원회,윤재옥,윤재옥,자유한국당,재선,지역구,남,Representative,0.1344948665442003,0.0
이군현,0.0,정보위원회,이군현,이군현,자유한국당,4선,지역구,남,Representative,0.5199038049730397,0.0
이장우,0.0,정보위원회,이장우,이장우,자유한국당,재선,지역구,남,Representative,0.2676638759131752,0.0
이종구,0.0,정보위원회,이종구,이종구,자유한국당,3선,지역구,남,Representative,0.5199034206107074,0.0
이학재,0.0,정보위원회,이학재,이학재,자유한국당,3선,지역구,남,Representative,1.0008889465537203,0.0
이혜훈,0.0,정보위원회,이혜훈,이혜훈,자유한국당,3선,지역구,여,Representative,1.4755924567120928,0.0
정병국,0.0,정보위원회,정병국,정병국,자유한국당,5선,지역구,남,Representative,1.1343779209474094,0.0
정양석,0.0,정보위원회,정양석,정양석,자유한국당,재선,지역구,남,Representative,0.3859603071668061,0.0
정용기,0.0,정보위원회,정용기,정용기,자유한국당,재선,지역구,남,Representative,0.1798568900906483,0.0
정운천,0.0,정보위원회,정운천,정운천,자유한국당,초선,지역구,남,Representative,1.205596444443113,0.0
조경태,0.0,정보위원회,조경태,조경태,자유한국당,4선,지역구,남,Representative,0.9905363611314508,0.0
주광덕,0.0,정보위원회,주광덕,주광덕,자유한국당,재선,지역구,남,Representative,0.2195218361538728,0.0
지상욱,0.0,정보위원회,지상욱,지상욱,자유한국당,초선,지역구,남,Representative,0.7380939530534976,0.0
최연혜,0.0,정보위원회,최연혜,최연혜,자유한국당,초선,비례대표,여,Representative,0.0914081709115077,0.0
홍문종,0.0,정보위원회,홍문종,홍문종,자유한국당,4선,지역구,남,Representative,0.1754129276773165,0.0
